Data_source,Study_name,Year_clean,Total_PAH,Lat,Long,Common_name,Scientific_name,Species_standard,Taxonomic_group,Layman_group,Sample_motivation,Source_sampleID,SumPAHCount,Units_standardized,Basis_standardized,Sum_Method,Tissue_type_standardized_grouped,Detection_limit_standardized,Reporting_limit_standardized,Qualifier_code,Moisture_pct,Lab_ID,Notes,F_____,Study_name_clean,Study_name_cleaner,Region
ERM,ERM NorthSlope Subsistence Study 2014 2015,2014,0.000000000000000,70.478149999999999,-150.778480000000002,Arctic Cisco,Coregonus autumnalis,anadromous/freshwater fish,Chordata (Actinopterygii),Fish,Background biomonitoring,ACIS-2014-001,17,ng/g,wet,Calculated,Whole Body,,,,,,,anadromous/freshwater fish,NorthSlope Subsistence Study,NorthSlope Subsistence Study,North
ERM,ERM NorthSlope Subsistence Study 2014 2015,2014,0.000000000000000,70.478149999999999,-150.778480000000002,Arctic Cisco,Coregonus autumnalis,anadromous/freshwater fish,Chordata (Actinopterygii),Fish,Background biomonitoring,ACIS-2014-002,17,ng/g,wet,Calculated,Whole Body,,,,,,,anadromous/freshwater fish,NorthSlope Subsistence Study,NorthSlope Subsistence Study,North
ERM,ERM NorthSlope Subsistence Study 2014 2015,2014,0.000000000000000,70.478149999999999,-150.778480000000002,Arctic Cisco,Coregonus autumnalis,anadromous/freshwater fish,Chordata (Actinopterygii),Fish,Background biomonitoring,ACIS-2014-003,17,ng/g,wet,Calculated,Whole Body,,,,,,,anadromous/freshwater fish,NorthSlope Subsistence Study,NorthSlope Subsistence Study,North
ERM,ERM NorthSlope Subsistence Study 2014 2015,2014,0.000000000000000,70.478149999999999,-150.778480000000002,Arctic Cisco,Coregonus autumnalis,anadromous/freshwater fish,Chordata (Actinopterygii),Fish,Background biomonitoring,ACIS-2014-004,17,ng/g,wet,Calculated,Whole Body,,,,,,,anadromous/freshwater fish,NorthSlope Subsistence Study,NorthSlope Subsistence Study,North
ERM,ERM NorthSlope Subsistence Study 2014 2015,2014,0.000000000000000,70.478149999999999,-150.778480000000002,Arctic Cisco,Coregonus autumnalis,anadromous/freshwater fish,Chordata (Actinopterygii),Fish,Background biomonitoring,ACIS-2014-005,17,ng/g,wet,Calculated,Whole Body,,,,,,,anadromous/freshwater fish,NorthSlope Subsistence Study,NorthSlope Subsistence Study,North
ERM,ERM NorthSlope Subsistence Study 2014 2015,2014,0.000000000000000,70.478149999999999,-150.778480000000002,Arctic Cisco,Coregonus autumnalis,anadromous/freshwater fish,Chordata (Actinopterygii),Fish,Background biomonitoring,ACIS-2014-006,17,ng/g,wet,Calculated,Whole Body,,,,,,,anadromous/freshwater fish,NorthSlope Subsistence Study,NorthSlope Subsistence Study,North
ERM,ERM NorthSlope Subsistence Study 2014 2015,2014,0.000000000000000,70.478149999999999,-150.778480000000002,Arctic Cisco,Coregonus autumnalis,anadromous/freshwater fish,Chordata (Actinopterygii),Fish,Background biomonitoring,ACIS-2014-007,17,ng/g,wet,Calculated,Whole Body,,,,,,,anadromous/freshwater fish,NorthSlope Subsistence Study,NorthSlope Subsistence Study,North
ERM,ERM NorthSlope Subsistence Study 2014 2015,2014,0.000000000000000,70.478149999999999,-150.778480000000002,Arctic Cisco,Coregonus autumnalis,anadromous/freshwater fish,Chordata (Actinopterygii),Fish,Background biomonitoring,ACIS-2014-008,17,ng/g,wet,Calculated,Whole Body,,,,,,,anadromous/freshwater fish,NorthSlope Subsistence Study,NorthSlope Subsistence Study,North
ERM,ERM NorthSlope Subsistence Study 2014 2015,2014,0.000000000000000,70.478149999999999,-150.778480000000002,Arctic Cisco,Coregonus autumnalis,anadromous/freshwater fish,Chordata (Actinopterygii),Fish,Background biomonitoring,ACIS-2014-009,17,ng/g,wet,Calculated,Whole Body,,,,,,,anadromous/freshwater fish,NorthSlope Subsistence Study,NorthSlope Subsistence Study,North
ERM,ERM NorthSlope Subsistence Study 2014 2015,2014,0.000000000000000,70.478149999999999,-150.778480000000002,Arctic Cisco,Coregonus autumnalis,anadromous/freshwater fish,Chordata (Actinopterygii),Fish,Background biomonitoring,ACIS-2014-010,17,ng/g,wet,Calculated,Whole Body,,,,,,,anadromous/freshwater fish,NorthSlope Subsistence Study,NorthSlope Subsistence Study,North
ERM,ERM NorthSlope Subsistence Study 2014 2015,2014,0.000000000000000,70.478149999999999,-150.778480000000002,Arctic Cisco,Coregonus autumnalis,anadromous/freshwater fish,Chordata (Actinopterygii),Fish,Background biomonitoring,ACIS-2014-011,17,ng/g,wet,Calculated,Whole Body,,,,,,,anadromous/freshwater fish,NorthSlope Subsistence Study,NorthSlope Subsistence Study,North
ERM,ERM NorthSlope Subsistence Study 2014 2015,2014,0.000000000000000,70.478149999999999,-150.778480000000002,Arctic Cisco,Coregonus autumnalis,anadromous/freshwater fish,Chordata (Actinopterygii),Fish,Background biomonitoring,ACIS-2014-012,17,ng/g,wet,Calculated,Whole Body,,,,,,,anadromous/freshwater fish,NorthSlope Subsistence Study,NorthSlope Subsistence Study,North
ERM,ERM NorthSlope Subsistence Study 2014 2015,2014,0.000000000000000,70.478149999999999,-150.778480000000002,Arctic Cisco,Coregonus autumnalis,anadromous/freshwater fish,Chordata (Actinopterygii),Fish,Background biomonitoring,ACIS-2014-013,17,ng/g,wet,Calculated,Whole Body,,,,,,,anadromous/freshwater fish,NorthSlope Subsistence Study,NorthSlope Subsistence Study,North
ERM,ERM NorthSlope Subsistence Study 2014 2015,2014,0.000000000000000,70.478149999999999,-150.778480000000002,Arctic Cisco,Coregonus autumnalis,anadromous/freshwater fish,Chordata (Actinopterygii),Fish,Background biomonitoring,ACIS-2014-014,17,ng/g,wet,Calculated,Whole Body,,,,,,,anadromous/freshwater fish,NorthSlope Subsistence Study,NorthSlope Subsistence Study,North
ERM,ERM NorthSlope Subsistence Study 2014 2015,2014,0.000000000000000,70.478149999999999,-150.778480000000002,Arctic Cisco,Coregonus autumnalis,anadromous/freshwater fish,Chordata (Actinopterygii),Fish,Background biomonitoring,ACIS-2014-015,17,ng/g,wet,Calculated,Whole Body,,,,,,,anadromous/freshwater fish,NorthSlope Subsistence Study,NorthSlope Subsistence Study,North
ERM,ERM NorthSlope Subsistence Study 2014 2015,2014,0.000000000000000,70.478149999999999,-150.778480000000002,Arctic Cisco,Coregonus autumnalis,anadromous/freshwater fish,Chordata (Actinopterygii),Fish,Background biomonitoring,ACIS-2014-016,17,ng/g,wet,Calculated,Whole Body,,,,,,,anadromous/freshwater fish,NorthSlope Subsistence Study,NorthSlope Subsistence Study,North
ERM,ERM NorthSlope Subsistence Study 2014 2015,2014,0.000000000000000,70.478149999999999,-150.778480000000002,Arctic Cisco,Coregonus autumnalis,anadromous/freshwater fish,Chordata (Actinopterygii),Fish,Background biomonitoring,ACIS-2014-017,17,ng/g,wet,Calculated,Whole Body,,,,,,,anadromous/freshwater fish,NorthSlope Subsistence Study,NorthSlope Subsistence Study,North
ERM,ERM NorthSlope Subsistence Study 2014 2015,2014,0.000000000000000,70.478149999999999,-150.778480000000002,Arctic Cisco,Coregonus autumnalis,anadromous/freshwater fish,Chordata (Actinopterygii),Fish,Background biomonitoring,ACIS-2014-018,17,ng/g,wet,Calculated,Whole Body,,,,,,,anadromous/freshwater fish,NorthSlope Subsistence Study,NorthSlope Subsistence Study,North
ERM,ERM NorthSlope Subsistence Study 2014 2015,2014,0.000000000000000,70.478149999999999,-150.778480000000002,Arctic Cisco,Coregonus autumnalis,anadromous/freshwater fish,Chordata (Actinopterygii),Fish,Background biomonitoring,ACIS-2014-019,17,ng/g,wet,Calculated,Whole Body,,,,,,,anadromous/freshwater fish,NorthSlope Subsistence Study,NorthSlope Subsistence Study,North
ERM,ERM NorthSlope Subsistence Study 2014 2015,2014,0.000000000000000,70.478149999999999,-150.778480000000002,Arctic Cisco,Coregonus autumnalis,anadromous/freshwater fish,Chordata (Actinopterygii),Fish,Background biomonitoring,ACIS-2014-020,17,ng/g,wet,Calculated,Whole Body,,,,,,,anadromous/freshwater fish,NorthSlope Subsistence Study,NorthSlope Subsistence Study,North
ERM,ERM NorthSlope Subsistence Study 2014 2015,2014,0.000000000000000,70.478149999999999,-150.778480000000002,Arctic Cisco,Coregonus autumnalis,anadromous/freshwater fish,Chordata (Actinopterygii),Fish,Background biomonitoring,ACIS-2014-021,17,ng/g,wet,Calculated,Whole Body,,,,,,,anadromous/freshwater fish,NorthSlope Subsistence Study,NorthSlope Subsistence Study,North
ERM,ERM NorthSlope Subsistence Study 2014 2015,2014,0.000000000000000,70.478149999999999,-150.778480000000002,Arctic Cisco,Coregonus autumnalis,anadromous/freshwater fish,Chordata (Actinopterygii),Fish,Background biomonitoring,ACIS-2014-022,17,ng/g,wet,Calculated,Whole Body,,,,,,,anadromous/freshwater fish,NorthSlope Subsistence Study,NorthSlope Subsistence Study,North
ERM,ERM NorthSlope Subsistence Study 2014 2015,2014,0.000000000000000,70.478149999999999,-150.778480000000002,Arctic Cisco,Coregonus autumnalis,anadromous/freshwater fish,Chordata (Actinopterygii),Fish,Background biomonitoring,ACIS-2014-023,17,ng/g,wet,Calculated,Whole Body,,,,,,,anadromous/freshwater fish,NorthSlope Subsistence Study,NorthSlope Subsistence Study,North
ERM,ERM NorthSlope Subsistence Study 2014 2015,2014,0.000000000000000,70.478149999999999,-150.778480000000002,Arctic Cisco,Coregonus autumnalis,anadromous/freshwater fish,Chordata (Actinopterygii),Fish,Background biomonitoring,ACIS-2014-024,17,ng/g,wet,Calculated,Whole Body,,,,,,,anadromous/freshwater fish,NorthSlope Subsistence Study,NorthSlope Subsistence Study,North
ERM,ERM NorthSlope Subsistence Study 2014 2015,2014,0.000000000000000,70.478149999999999,-150.778480000000002,Arctic Cisco,Coregonus autumnalis,anadromous/freshwater fish,Chordata (Actinopterygii),Fish,Background biomonitoring,ACIS-2014-025,17,ng/g,wet,Calculated,Whole Body,,,,,,,anadromous/freshwater fish,NorthSlope Subsistence Study,NorthSlope Subsistence Study,North
ERM,ERM NorthSlope Subsistence Study 2014 2015,2014,0.000000000000000,70.478149999999999,-150.778480000000002,Arctic Cisco,Coregonus autumnalis,anadromous/freshwater fish,Chordata (Actinopterygii),Fish,Background biomonitoring,ACIS-2014-026,17,ng/g,wet,Calculated,Whole Body,,,,,,,anadromous/freshwater fish,NorthSlope Subsistence Study,NorthSlope Subsistence Study,North
ERM,ERM NorthSlope Subsistence Study 2014 2015,2014,0.000000000000000,70.478149999999999,-150.778480000000002,Arctic Cisco,Coregonus autumnalis,anadromous/freshwater fish,Chordata (Actinopterygii),Fish,Background biomonitoring,ACIS-2014-027,17,ng/g,wet,Calculated,Whole Body,,,,,,,anadromous/freshwater fish,NorthSlope Subsistence Study,NorthSlope Subsistence Study,North
ERM,ERM NorthSlope Subsistence Study 2014 2015,2014,0.000000000000000,70.478149999999999,-150.778480000000002,Arctic Cisco,Coregonus autumnalis,anadromous/freshwater fish,Chordata (Actinopterygii),Fish,Background biomonitoring,ACIS-2014-028,17,ng/g,wet,Calculated,Whole Body,,,,,,,anadromous/freshwater fish,NorthSlope Subsistence Study,NorthSlope Subsistence Study,North
ERM,ERM NorthSlope Subsistence Study 2014 2015,2014,0.000000000000000,70.478149999999999,-150.778480000000002,Arctic Cisco,Coregonus autumnalis,anadromous/freshwater fish,Chordata (Actinopterygii),Fish,Background biomonitoring,ACIS-2014-029,17,ng/g,wet,Calculated,Whole Body,,,,,,,anadromous/freshwater fish,NorthSlope Subsistence Study,NorthSlope Subsistence Study,North
ERM,ERM NorthSlope Subsistence Study 2014 2015,2014,0.000000000000000,70.478149999999999,-150.778480000000002,Arctic Cisco,Coregonus autumnalis,anadromous/freshwater fish,Chordata (Actinopterygii),Fish,Background biomonitoring,ACIS-2014-030,17,ng/g,wet,Calculated,Whole Body,,,,,,,anadromous/freshwater fish,NorthSlope Subsistence Study,NorthSlope Subsistence Study,North
ERM,ERM NorthSlope Subsistence Study 2014 2015,2015,0.000000000000000,70.478149999999999,-150.778480000000002,Arctic Cisco,Coregonus autumnalis,anadromous/freshwater fish,Chordata (Actinopterygii),Fish,Background biomonitoring,ACIS-2015-01,17,ng/g,wet,Calculated,Whole Body,,,,,,,anadromous/freshwater fish,NorthSlope Subsistence Study,NorthSlope Subsistence Study,North
ERM,ERM NorthSlope Subsistence Study 2014 2015,2015,0.000000000000000,70.478149999999999,-150.778480000000002,Arctic Cisco,Coregonus autumnalis,anadromous/freshwater fish,Chordata (Actinopterygii),Fish,Background biomonitoring,ACIS-2015-02,17,ng/g,wet,Calculated,Whole Body,,,,,,,anadromous/freshwater fish,NorthSlope Subsistence Study,NorthSlope Subsistence Study,North
ERM,ERM NorthSlope Subsistence Study 2014 2015,2015,0.000000000000000,70.478149999999999,-150.778480000000002,Arctic Cisco,Coregonus autumnalis,anadromous/freshwater fish,Chordata (Actinopterygii),Fish,Background biomonitoring,ACIS-2015-03,17,ng/g,wet,Calculated,Whole Body,,,,,,,anadromous/freshwater fish,NorthSlope Subsistence Study,NorthSlope Subsistence Study,North
ERM,ERM NorthSlope Subsistence Study 2014 2015,2015,0.000000000000000,70.478149999999999,-150.778480000000002,Arctic Cisco,Coregonus autumnalis,anadromous/freshwater fish,Chordata (Actinopterygii),Fish,Background biomonitoring,ACIS-2015-04,17,ng/g,wet,Calculated,Whole Body,,,,,,,anadromous/freshwater fish,NorthSlope Subsistence Study,NorthSlope Subsistence Study,North
ERM,ERM NorthSlope Subsistence Study 2014 2015,2015,0.000000000000000,70.478149999999999,-150.778480000000002,Arctic Cisco,Coregonus autumnalis,anadromous/freshwater fish,Chordata (Actinopterygii),Fish,Background biomonitoring,ACIS-2015-05,17,ng/g,wet,Calculated,Whole Body,,,,,,,anadromous/freshwater fish,NorthSlope Subsistence Study,NorthSlope Subsistence Study,North
ERM,ERM NorthSlope Subsistence Study 2014 2015,2015,0.000000000000000,70.478149999999999,-150.778480000000002,Arctic Cisco,Coregonus autumnalis,anadromous/freshwater fish,Chordata (Actinopterygii),Fish,Background biomonitoring,ACIS-2015-06,17,ng/g,wet,Calculated,Whole Body,,,,,,,anadromous/freshwater fish,NorthSlope Subsistence Study,NorthSlope Subsistence Study,North
ERM,ERM NorthSlope Subsistence Study 2014 2015,2015,0.000000000000000,70.478149999999999,-150.778480000000002,Arctic Cisco,Coregonus autumnalis,anadromous/freshwater fish,Chordata (Actinopterygii),Fish,Background biomonitoring,ACIS-2015-07,17,ng/g,wet,Calculated,Whole Body,,,,,,,anadromous/freshwater fish,NorthSlope Subsistence Study,NorthSlope Subsistence Study,North
ERM,ERM NorthSlope Subsistence Study 2014 2015,2015,0.000000000000000,70.478149999999999,-150.778480000000002,Arctic Cisco,Coregonus autumnalis,anadromous/freshwater fish,Chordata (Actinopterygii),Fish,Background biomonitoring,ACIS-2015-08,17,ng/g,wet,Calculated,Whole Body,,,,,,,anadromous/freshwater fish,NorthSlope Subsistence Study,NorthSlope Subsistence Study,North
ERM,ERM NorthSlope Subsistence Study 2014 2015,2015,0.000000000000000,70.478149999999999,-150.778480000000002,Arctic Cisco,Coregonus autumnalis,anadromous/freshwater fish,Chordata (Actinopterygii),Fish,Background biomonitoring,ACIS-2015-09,17,ng/g,wet,Calculated,Whole Body,,,,,,,anadromous/freshwater fish,NorthSlope Subsistence Study,NorthSlope Subsistence Study,North
ERM,ERM NorthSlope Subsistence Study 2014 2015,2015,0.000000000000000,70.478149999999999,-150.778480000000002,Arctic Cisco,Coregonus autumnalis,anadromous/freshwater fish,Chordata (Actinopterygii),Fish,Background biomonitoring,ACIS-2015-10,17,ng/g,wet,Calculated,Whole Body,,,,,,,anadromous/freshwater fish,NorthSlope Subsistence Study,NorthSlope Subsistence Study,North
ERM,ERM NorthSlope Subsistence Study 2014 2015,2015,0.000000000000000,70.478149999999999,-150.778480000000002,Arctic Cisco,Coregonus autumnalis,anadromous/freshwater fish,Chordata (Actinopterygii),Fish,Background biomonitoring,ACIS-2015-11,17,ng/g,wet,Calculated,Whole Body,,,,,,,anadromous/freshwater fish,NorthSlope Subsistence Study,NorthSlope Subsistence Study,North
ERM,ERM NorthSlope Subsistence Study 2014 2015,2015,0.000000000000000,70.478149999999999,-150.778480000000002,Arctic Cisco,Coregonus autumnalis,anadromous/freshwater fish,Chordata (Actinopterygii),Fish,Background biomonitoring,ACIS-2015-12,17,ng/g,wet,Calculated,Whole Body,,,,,,,anadromous/freshwater fish,NorthSlope Subsistence Study,NorthSlope Subsistence Study,North
ERM,ERM NorthSlope Subsistence Study 2014 2015,2015,0.000000000000000,70.478149999999999,-150.778480000000002,Arctic Cisco,Coregonus autumnalis,anadromous/freshwater fish,Chordata (Actinopterygii),Fish,Background biomonitoring,ACIS-2015-13,17,ng/g,wet,Calculated,Whole Body,,,,,,,anadromous/freshwater fish,NorthSlope Subsistence Study,NorthSlope Subsistence Study,North
ERM,ERM NorthSlope Subsistence Study 2014 2015,2015,0.000000000000000,70.478149999999999,-150.778480000000002,Arctic Cisco,Coregonus autumnalis,anadromous/freshwater fish,Chordata (Actinopterygii),Fish,Background biomonitoring,ACIS-2015-14,17,ng/g,wet,Calculated,Whole Body,,,,,,,anadromous/freshwater fish,NorthSlope Subsistence Study,NorthSlope Subsistence Study,North
ERM,ERM NorthSlope Subsistence Study 2014 2015,2015,0.000000000000000,70.478149999999999,-150.778480000000002,Arctic Cisco,Coregonus autumnalis,anadromous/freshwater fish,Chordata (Actinopterygii),Fish,Background biomonitoring,ACIS-2015-15,17,ng/g,wet,Calculated,Whole Body,,,,,,,anadromous/freshwater fish,NorthSlope Subsistence Study,NorthSlope Subsistence Study,North
ERM,ERM NorthSlope Subsistence Study 2014 2015,2015,0.000000000000000,70.478149999999999,-150.778480000000002,Arctic Cisco,Coregonus autumnalis,anadromous/freshwater fish,Chordata (Actinopterygii),Fish,Background biomonitoring,ACIS-2015-16,17,ng/g,wet,Calculated,Whole Body,,,,,,,anadromous/freshwater fish,NorthSlope Subsistence Study,NorthSlope Subsistence Study,North
ERM,ERM NorthSlope Subsistence Study 2014 2015,2015,0.000000000000000,70.478149999999999,-150.778480000000002,Arctic Cisco,Coregonus autumnalis,anadromous/freshwater fish,Chordata (Actinopterygii),Fish,Background biomonitoring,ACIS-2015-17,17,ng/g,wet,Calculated,Whole Body,,,,,,,anadromous/freshwater fish,NorthSlope Subsistence Study,NorthSlope Subsistence Study,North
ERM,ERM NorthSlope Subsistence Study 2014 2015,2015,0.000000000000000,70.478149999999999,-150.778480000000002,Arctic Cisco,Coregonus autumnalis,anadromous/freshwater fish,Chordata (Actinopterygii),Fish,Background biomonitoring,ACIS-2015-18,17,ng/g,wet,Calculated,Whole Body,,,,,,,anadromous/freshwater fish,NorthSlope Subsistence Study,NorthSlope Subsistence Study,North
ERM,ERM NorthSlope Subsistence Study 2014 2015,2015,0.000000000000000,70.478149999999999,-150.778480000000002,Arctic Cisco,Coregonus autumnalis,anadromous/freshwater fish,Chordata (Actinopterygii),Fish,Background biomonitoring,ACIS-2015-19,17,ng/g,wet,Calculated,Whole Body,,,,,,,anadromous/freshwater fish,NorthSlope Subsistence Study,NorthSlope Subsistence Study,North
ERM,ERM NorthSlope Subsistence Study 2014 2015,2015,0.000000000000000,70.478149999999999,-150.778480000000002,Arctic Cisco,Coregonus autumnalis,anadromous/freshwater fish,Chordata (Actinopterygii),Fish,Background biomonitoring,ACIS-2015-20,17,ng/g,wet,Calculated,Whole Body,,,,,,,anadromous/freshwater fish,NorthSlope Subsistence Study,NorthSlope Subsistence Study,North
ERM,ERM NorthSlope Subsistence Study 2014 2015,2015,0.000000000000000,70.478149999999999,-150.778480000000002,Arctic Cisco,Coregonus autumnalis,anadromous/freshwater fish,Chordata (Actinopterygii),Fish,Background biomonitoring,ACIS-2015-21,17,ng/g,wet,Calculated,Whole Body,,,,,,,anadromous/freshwater fish,NorthSlope Subsistence Study,NorthSlope Subsistence Study,North
ERM,ERM NorthSlope Subsistence Study 2014 2015,2015,0.000000000000000,70.478149999999999,-150.778480000000002,Arctic Cisco,Coregonus autumnalis,anadromous/freshwater fish,Chordata (Actinopterygii),Fish,Background biomonitoring,ACIS-2015-22,17,ng/g,wet,Calculated,Whole Body,,,,,,,anadromous/freshwater fish,NorthSlope Subsistence Study,NorthSlope Subsistence Study,North
ERM,ERM NorthSlope Subsistence Study 2014 2015,2015,0.000000000000000,70.478149999999999,-150.778480000000002,Arctic Cisco,Coregonus autumnalis,anadromous/freshwater fish,Chordata (Actinopterygii),Fish,Background biomonitoring,ACIS-2015-23,17,ng/g,wet,Calculated,Whole Body,,,,,,,anadromous/freshwater fish,NorthSlope Subsistence Study,NorthSlope Subsistence Study,North
ERM,ERM NorthSlope Subsistence Study 2014 2015,2015,0.000000000000000,70.478149999999999,-150.778480000000002,Arctic Cisco,Coregonus autumnalis,anadromous/freshwater fish,Chordata (Actinopterygii),Fish,Background biomonitoring,ACIS-2015-24,17,ng/g,wet,Calculated,Whole Body,,,,,,,anadromous/freshwater fish,NorthSlope Subsistence Study,NorthSlope Subsistence Study,North
ERM,ERM NorthSlope Subsistence Study 2014 2015,2015,0.000000000000000,70.478149999999999,-150.778480000000002,Arctic Cisco,Coregonus autumnalis,anadromous/freshwater fish,Chordata (Actinopterygii),Fish,Background biomonitoring,ACIS-2015-25,17,ng/g,wet,Calculated,Whole Body,,,,,,,anadromous/freshwater fish,NorthSlope Subsistence Study,NorthSlope Subsistence Study,North
ERM,ERM NorthSlope Subsistence Study 2014 2015,2015,0.000000000000000,70.478149999999999,-150.778480000000002,Arctic Cisco,Coregonus autumnalis,anadromous/freshwater fish,Chordata (Actinopterygii),Fish,Background biomonitoring,ACIS-2015-26,17,ng/g,wet,Calculated,Whole Body,,,,,,,anadromous/freshwater fish,NorthSlope Subsistence Study,NorthSlope Subsistence Study,North
ERM,ERM NorthSlope Subsistence Study 2014 2015,2015,0.000000000000000,70.478149999999999,-150.778480000000002,Arctic Cisco,Coregonus autumnalis,anadromous/freshwater fish,Chordata (Actinopterygii),Fish,Background biomonitoring,ACIS-2015-27,17,ng/g,wet,Calculated,Whole Body,,,,,,,anadromous/freshwater fish,NorthSlope Subsistence Study,NorthSlope Subsistence Study,North
ERM,ERM NorthSlope Subsistence Study 2014 2015,2015,0.000000000000000,70.478149999999999,-150.778480000000002,Arctic Cisco,Coregonus autumnalis,anadromous/freshwater fish,Chordata (Actinopterygii),Fish,Background biomonitoring,ACIS-2015-28,17,ng/g,wet,Calculated,Whole Body,,,,,,,anadromous/freshwater fish,NorthSlope Subsistence Study,NorthSlope Subsistence Study,North
ERM,ERM NorthSlope Subsistence Study 2014 2015,2015,0.000000000000000,70.478149999999999,-150.778480000000002,Arctic Cisco,Coregonus autumnalis,anadromous/freshwater fish,Chordata (Actinopterygii),Fish,Background biomonitoring,ACIS-2015-29,17,ng/g,wet,Calculated,Whole Body,,,,,,,anadromous/freshwater fish,NorthSlope Subsistence Study,NorthSlope Subsistence Study,North
ERM,ERM NorthSlope Subsistence Study 2014 2015,2015,0.000000000000000,70.478149999999999,-150.778480000000002,Arctic Cisco,Coregonus autumnalis,anadromous/freshwater fish,Chordata (Actinopterygii),Fish,Background biomonitoring,ACIS-2015-30,17,ng/g,wet,Calculated,Whole Body,,,,,,,anadromous/freshwater fish,NorthSlope Subsistence Study,NorthSlope Subsistence Study,North
PWSRCAC,LTEMP,2002,243.890050500000001,59.879170000000002,-149.656900000000007,Blue Mussel,Mytilus trossulus,mussel,Bivalvia,Mussels,Background biomonitoring / Post-oil spill assessment,AIB-B-02-2-1,37,ng/g,dry,Calculated,Whole Body,38.644067800000002,,BD,,AlphaAnalytics,,mussel,Prince William Sound Regional Citizens' Advisory Council Monitoring Program,Prince William Sound Regional Citizens' Advisory Council Monitoring Program,SCAK
PWSRCAC,LTEMP,2002,93.775096919999996,59.879170000000002,-149.656900000000007,Blue Mussel,Mytilus trossulus,mussel,Bivalvia,Mussels,Background biomonitoring / Post-oil spill assessment,AIB-B-02-2-2,37,ng/g,dry,Calculated,Whole Body,38.644067800000002,,BD,,AlphaAnalytics,,mussel,Prince William Sound Regional Citizens' Advisory Council Monitoring Program,Prince William Sound Regional Citizens' Advisory Council Monitoring Program,SCAK
PWSRCAC,LTEMP,2002,41.766434779999997,59.879170000000002,-149.656900000000007,Blue Mussel,Mytilus trossulus,mussel,Bivalvia,Mussels,Background biomonitoring / Post-oil spill assessment,AIB-B-02-2-3,37,ng/g,dry,Calculated,Whole Body,18.842975209999999,,BD,,AlphaAnalytics,,mussel,Prince William Sound Regional Citizens' Advisory Council Monitoring Program,Prince William Sound Regional Citizens' Advisory Council Monitoring Program,SCAK
PWSRCAC,LTEMP,2003,18.842083070000001,59.879170000000002,-149.656900000000007,Blue Mussel,Mytilus trossulus,mussel,Bivalvia,Mussels,Background biomonitoring / Post-oil spill assessment,AIB-B-03-1-1,37,ng/g,dry,Calculated,Whole Body,31.232876709999999,,BD,,AlphaAnalytics,,mussel,Prince William Sound Regional Citizens' Advisory Council Monitoring Program,Prince William Sound Regional Citizens' Advisory Council Monitoring Program,SCAK
PWSRCAC,LTEMP,2003,9.648992161000001,59.879170000000002,-149.656900000000007,Blue Mussel,Mytilus trossulus,mussel,Bivalvia,Mussels,Background biomonitoring / Post-oil spill assessment,AIB-B-03-1-2,37,ng/g,dry,Calculated,Whole Body,26.823529409999999,,BD,,AlphaAnalytics,,mussel,Prince William Sound Regional Citizens' Advisory Council Monitoring Program,Prince William Sound Regional Citizens' Advisory Council Monitoring Program,SCAK
PWSRCAC,LTEMP,2003,20.658986779999999,59.879170000000002,-149.656900000000007,Blue Mussel,Mytilus trossulus,mussel,Bivalvia,Mussels,Background biomonitoring / Post-oil spill assessment,AIB-B-03-1-3,37,ng/g,dry,Calculated,Whole Body,32.571428570000002,,BD,,AlphaAnalytics,,mussel,Prince William Sound Regional Citizens' Advisory Council Monitoring Program,Prince William Sound Regional Citizens' Advisory Council Monitoring Program,SCAK
PWSRCAC,LTEMP,2003,12.410000000000000,59.879170000000002,-149.656900000000007,Blue Mussel,Mytilus trossulus,mussel,Bivalvia,Mussels,Background biomonitoring / Post-oil spill assessment,AIB-B-03-2-1,39,ng/g,dry,Calculated,Whole Body,0.450000000000000,,b,,AlphaAnalytics,,mussel,Prince William Sound Regional Citizens' Advisory Council Monitoring Program,Prince William Sound Regional Citizens' Advisory Council Monitoring Program,SCAK
PWSRCAC,LTEMP,2003,20.750000000000000,59.879170000000002,-149.656900000000007,Blue Mussel,Mytilus trossulus,mussel,Bivalvia,Mussels,Background biomonitoring / Post-oil spill assessment,AIB-B-03-2-2,39,ng/g,dry,Calculated,Whole Body,0.450000000000000,,b,,AlphaAnalytics,,mussel,Prince William Sound Regional Citizens' Advisory Council Monitoring Program,Prince William Sound Regional Citizens' Advisory Council Monitoring Program,SCAK
PWSRCAC,LTEMP,2003,31.440000000000001,59.879170000000002,-149.656900000000007,Blue Mussel,Mytilus trossulus,mussel,Bivalvia,Mussels,Background biomonitoring / Post-oil spill assessment,AIB-B-03-2-3,39,ng/g,dry,Calculated,Whole Body,0.450000000000000,,b,,AlphaAnalytics,,mussel,Prince William Sound Regional Citizens' Advisory Council Monitoring Program,Prince William Sound Regional Citizens' Advisory Council Monitoring Program,SCAK
PWSRCAC,LTEMP,2004,81.109999999999999,59.879170000000002,-149.656900000000007,Blue Mussel,Mytilus trossulus,mussel,Bivalvia,Mussels,Background biomonitoring / Post-oil spill assessment,AIB-B-04-1-1,39,ng/g,dry,Calculated,Whole Body,5.180000000000000,,b,,AlphaAnalytics,,mussel,Prince William Sound Regional Citizens' Advisory Council Monitoring Program,Prince William Sound Regional Citizens' Advisory Council Monitoring Program,SCAK
PWSRCAC,LTEMP,2004,40.210000000000001,59.879170000000002,-149.656900000000007,Blue Mussel,Mytilus trossulus,mussel,Bivalvia,Mussels,Background biomonitoring / Post-oil spill assessment,AIB-B-04-1-2,39,ng/g,dry,Calculated,Whole Body,5.180000000000000,,b,,AlphaAnalytics,,mussel,Prince William Sound Regional Citizens' Advisory Council Monitoring Program,Prince William Sound Regional Citizens' Advisory Council Monitoring Program,SCAK
PWSRCAC,LTEMP,2004,21.359999999999999,59.879170000000002,-149.656900000000007,Blue Mussel,Mytilus trossulus,mussel,Bivalvia,Mussels,Background biomonitoring / Post-oil spill assessment,AIB-B-04-1-3,39,ng/g,dry,Calculated,Whole Body,5.120000000000000,,b,,AlphaAnalytics,,mussel,Prince William Sound Regional Citizens' Advisory Council Monitoring Program,Prince William Sound Regional Citizens' Advisory Council Monitoring Program,SCAK
PWSRCAC,LTEMP,2004,27.590000000000000,59.879170000000002,-149.656900000000007,Blue Mussel,Mytilus trossulus,mussel,Bivalvia,Mussels,Background biomonitoring / Post-oil spill assessment,AIB-B-04-2-1-R2,39,ng/g,dry,Calculated,Whole Body,8.000000000000000,,b,,AlphaAnalytics,,mussel,Prince William Sound Regional Citizens' Advisory Council Monitoring Program,Prince William Sound Regional Citizens' Advisory Council Monitoring Program,SCAK
PWSRCAC,LTEMP,2004,17.149999999999999,59.879170000000002,-149.656900000000007,Blue Mussel,Mytilus trossulus,mussel,Bivalvia,Mussels,Background biomonitoring / Post-oil spill assessment,AIB-B-04-2-2-R2,39,ng/g,dry,Calculated,Whole Body,8.000000000000000,,b,,AlphaAnalytics,,mussel,Prince William Sound Regional Citizens' Advisory Council Monitoring Program,Prince William Sound Regional Citizens' Advisory Council Monitoring Program,SCAK
PWSRCAC,LTEMP,2004,9.230000000000000,59.879170000000002,-149.656900000000007,Blue Mussel,Mytilus trossulus,mussel,Bivalvia,Mussels,Background biomonitoring / Post-oil spill assessment,AIB-B-04-2-3-R2,39,ng/g,dry,Calculated,Whole Body,7.900000000000000,,b,,AlphaAnalytics,,mussel,Prince William Sound Regional Citizens' Advisory Council Monitoring Program,Prince William Sound Regional Citizens' Advisory Council Monitoring Program,SCAK
PWSRCAC,LTEMP,2005,15.470000000000001,59.879170000000002,-149.656900000000007,Blue Mussel,Mytilus trossulus,mussel,Bivalvia,Mussels,Background biomonitoring / Post-oil spill assessment,AIB-B-05-1-1,39,ng/g,dry,Calculated,Whole Body,0.468000000000000,,b,,AlphaAnalytics,,mussel,Prince William Sound Regional Citizens' Advisory Council Monitoring Program,Prince William Sound Regional Citizens' Advisory Council Monitoring Program,SCAK
PWSRCAC,LTEMP,2005,9.840000000000000,59.879170000000002,-149.656900000000007,Blue Mussel,Mytilus trossulus,mussel,Bivalvia,Mussels,Background biomonitoring / Post-oil spill assessment,AIB-B-05-1-2-R2,39,ng/g,dry,Calculated,Whole Body,8.000000000000000,,b,,AlphaAnalytics,,mussel,Prince William Sound Regional Citizens' Advisory Council Monitoring Program,Prince William Sound Regional Citizens' Advisory Council Monitoring Program,SCAK
PWSRCAC,LTEMP,2005,42.189999999999998,59.879170000000002,-149.656900000000007,Blue Mussel,Mytilus trossulus,mussel,Bivalvia,Mussels,Background biomonitoring / Post-oil spill assessment,AIB-B-05-1-3,39,ng/g,dry,Calculated,Whole Body,0.479000000000000,,b,,AlphaAnalytics,,mussel,Prince William Sound Regional Citizens' Advisory Council Monitoring Program,Prince William Sound Regional Citizens' Advisory Council Monitoring Program,SCAK
PWSRCAC,LTEMP,2005,21.070000000000000,59.879170000000002,-149.656900000000007,Blue Mussel,Mytilus trossulus,mussel,Bivalvia,Mussels,Background biomonitoring / Post-oil spill assessment,AIB-B-05-2-1,39,ng/g,dry,Calculated,Whole Body,7.860000000000000,,b,,AlphaAnalytics,,mussel,Prince William Sound Regional Citizens' Advisory Council Monitoring Program,Prince William Sound Regional Citizens' Advisory Council Monitoring Program,SCAK
PWSRCAC,LTEMP,2005,40.960000000000001,59.879170000000002,-149.656900000000007,Blue Mussel,Mytilus trossulus,mussel,Bivalvia,Mussels,Background biomonitoring / Post-oil spill assessment,AIB-B-05-2-2,39,ng/g,dry,Calculated,Whole Body,7.240000000000000,,b,,AlphaAnalytics,,mussel,Prince William Sound Regional Citizens' Advisory Council Monitoring Program,Prince William Sound Regional Citizens' Advisory Council Monitoring Program,SCAK
PWSRCAC,LTEMP,2005,15.090000000000000,59.879170000000002,-149.656900000000007,Blue Mussel,Mytilus trossulus,mussel,Bivalvia,Mussels,Background biomonitoring / Post-oil spill assessment,AIB-B-05-2-3,39,ng/g,dry,Calculated,Whole Body,6.610000000000000,,b,,AlphaAnalytics,,mussel,Prince William Sound Regional Citizens' Advisory Council Monitoring Program,Prince William Sound Regional Citizens' Advisory Council Monitoring Program,SCAK
PWSRCAC,LTEMP,2006,24.609999999999999,59.879170000000002,-149.656900000000007,Blue Mussel,Mytilus trossulus,mussel,Bivalvia,Mussels,Background biomonitoring / Post-oil spill assessment,AIB-B-06-1-1,39,ng/g,dry,Calculated,Whole Body,4.900000000000000,,b,,AlphaAnalytics,,mussel,Prince William Sound Regional Citizens' Advisory Council Monitoring Program,Prince William Sound Regional Citizens' Advisory Council Monitoring Program,SCAK
PWSRCAC,LTEMP,2006,28.719999999999999,59.879170000000002,-149.656900000000007,Blue Mussel,Mytilus trossulus,mussel,Bivalvia,Mussels,Background biomonitoring / Post-oil spill assessment,AIB-B-06-1-2,39,ng/g,dry,Calculated,Whole Body,5.920000000000000,,b,,AlphaAnalytics,,mussel,Prince William Sound Regional Citizens' Advisory Council Monitoring Program,Prince William Sound Regional Citizens' Advisory Council Monitoring Program,SCAK
PWSRCAC,LTEMP,2006,22.640000000000001,59.879170000000002,-149.656900000000007,Blue Mussel,Mytilus trossulus,mussel,Bivalvia,Mussels,Background biomonitoring / Post-oil spill assessment,AIB-B-06-1-3,39,ng/g,dry,Calculated,Whole Body,4.220000000000000,,b,,AlphaAnalytics,,mussel,Prince William Sound Regional Citizens' Advisory Council Monitoring Program,Prince William Sound Regional Citizens' Advisory Council Monitoring Program,SCAK
PWSRCAC,LTEMP,2006,33.409831439999998,59.879170000000002,-149.656900000000007,Blue Mussel,Mytilus trossulus,mussel,Bivalvia,Mussels,Background biomonitoring / Post-oil spill assessment,AIB-B-06-2-1,38,ng/g,dry,Calculated,Whole Body,4.145454546000000,,,,AlphaAnalytics,,mussel,Prince William Sound Regional Citizens' Advisory Council Monitoring Program,Prince William Sound Regional Citizens' Advisory Council Monitoring Program,SCAK
PWSRCAC,LTEMP,2006,11.527957890000000,59.879170000000002,-149.656900000000007,Blue Mussel,Mytilus trossulus,mussel,Bivalvia,Mussels,Background biomonitoring / Post-oil spill assessment,AIB-B-06-2-2,38,ng/g,dry,Calculated,Whole Body,4.384615385000000,,,,AlphaAnalytics,,mussel,Prince William Sound Regional Citizens' Advisory Council Monitoring Program,Prince William Sound Regional Citizens' Advisory Council Monitoring Program,SCAK
PWSRCAC,LTEMP,2006,6.529753092000000,59.879170000000002,-149.656900000000007,Blue Mussel,Mytilus trossulus,mussel,Bivalvia,Mussels,Background biomonitoring / Post-oil spill assessment,AIB-B-06-2-3,38,ng/g,dry,Calculated,Whole Body,3.590551181000000,,,,AlphaAnalytics,,mussel,Prince William Sound Regional Citizens' Advisory Council Monitoring Program,Prince William Sound Regional Citizens' Advisory Council Monitoring Program,SCAK
PWSRCAC,LTEMP,2007,16.113006700000000,59.879170000000002,-149.656900000000007,Blue Mussel,Mytilus trossulus,mussel,Bivalvia,Mussels,Background biomonitoring / Post-oil spill assessment,AIB-B-07-1-1,38,ng/g,dry,Calculated,Whole Body,5.123595506000000,,,,AlphaAnalytics,,mussel,Prince William Sound Regional Citizens' Advisory Council Monitoring Program,Prince William Sound Regional Citizens' Advisory Council Monitoring Program,SCAK
PWSRCAC,LTEMP,2007,56.011159460000002,59.879170000000002,-149.656900000000007,Blue Mussel,Mytilus trossulus,mussel,Bivalvia,Mussels,Background biomonitoring / Post-oil spill assessment,AIB-B-07-1-2,38,ng/g,dry,Calculated,Whole Body,5.302325581000000,,,,AlphaAnalytics,,mussel,Prince William Sound Regional Citizens' Advisory Council Monitoring Program,Prince William Sound Regional Citizens' Advisory Council Monitoring Program,SCAK
PWSRCAC,LTEMP,2007,58.945395759999997,59.879170000000002,-149.656900000000007,Blue Mussel,Mytilus trossulus,mussel,Bivalvia,Mussels,Background biomonitoring / Post-oil spill assessment,AIB-B-07-1-3,38,ng/g,dry,Calculated,Whole Body,5.493975904000000,,,,AlphaAnalytics,,mussel,Prince William Sound Regional Citizens' Advisory Council Monitoring Program,Prince William Sound Regional Citizens' Advisory Council Monitoring Program,SCAK
PWSRCAC,LTEMP,2007,13.279176630000000,59.879170000000002,-149.656900000000007,Blue Mussel,Mytilus trossulus,mussel,Bivalvia,Mussels,Background biomonitoring / Post-oil spill assessment,AIB-B-07-2-1,38,ng/g,dry,Calculated,Whole Body,5.560975610000000,,,,AlphaAnalytics,,mussel,Prince William Sound Regional Citizens' Advisory Council Monitoring Program,Prince William Sound Regional Citizens' Advisory Council Monitoring Program,SCAK
PWSRCAC,LTEMP,2007,10.971894900000001,59.879170000000002,-149.656900000000007,Blue Mussel,Mytilus trossulus,mussel,Bivalvia,Mussels,Background biomonitoring / Post-oil spill assessment,AIB-B-07-2-2,38,ng/g,dry,Calculated,Whole Body,6.246575343000000,,,,AlphaAnalytics,,mussel,Prince William Sound Regional Citizens' Advisory Council Monitoring Program,Prince William Sound Regional Citizens' Advisory Council Monitoring Program,SCAK
PWSRCAC,LTEMP,2007,8.101540420999999,59.879170000000002,-149.656900000000007,Blue Mussel,Mytilus trossulus,mussel,Bivalvia,Mussels,Background biomonitoring / Post-oil spill assessment,AIB-B-07-2-3,38,ng/g,dry,Calculated,Whole Body,6.000000000000000,,,,AlphaAnalytics,,mussel,Prince William Sound Regional Citizens' Advisory Council Monitoring Program,Prince William Sound Regional Citizens' Advisory Council Monitoring Program,SCAK
PWSRCAC,LTEMP,2008,11.300338040000000,59.879170000000002,-149.656900000000007,Blue Mussel,Mytilus trossulus,mussel,Bivalvia,Mussels,Background biomonitoring / Post-oil spill assessment,AIB-B-08-2-1,38,ng/g,dry,Calculated,Whole Body,1.961010047000000,,a,,AlphaAnalytics,,mussel,Prince William Sound Regional Citizens' Advisory Council Monitoring Program,Prince William Sound Regional Citizens' Advisory Council Monitoring Program,SCAK
PWSRCAC,LTEMP,2008,9.498694124000000,59.879170000000002,-149.656900000000007,Blue Mussel,Mytilus trossulus,mussel,Bivalvia,Mussels,Background biomonitoring / Post-oil spill assessment,AIB-B-08-2-2,38,ng/g,dry,Calculated,Whole Body,1.955446898000000,,a,,AlphaAnalytics,,mussel,Prince William Sound Regional Citizens' Advisory Council Monitoring Program,Prince William Sound Regional Citizens' Advisory Council Monitoring Program,SCAK
PWSRCAC,LTEMP,2008,12.023205300000001,59.879170000000002,-149.656900000000007,Blue Mussel,Mytilus trossulus,mussel,Bivalvia,Mussels,Background biomonitoring / Post-oil spill assessment,AIB-B-08-2-3,38,ng/g,dry,Calculated,Whole Body,1.952677143000000,,a,,AlphaAnalytics,,mussel,Prince William Sound Regional Citizens' Advisory Council Monitoring Program,Prince William Sound Regional Citizens' Advisory Council Monitoring Program,SCAK
PWSRCAC,LTEMP,2009,4.759265585000000,59.879170000000002,-149.656900000000007,Blue Mussel,Mytilus trossulus,mussel,Bivalvia,Mussels,Background biomonitoring / Post-oil spill assessment,AIB-B-09-1-1,38,ng/g,dry,Calculated,Whole Body,1.604877839000000,,a,,AlphaAnalytics,,mussel,Prince William Sound Regional Citizens' Advisory Council Monitoring Program,Prince William Sound Regional Citizens' Advisory Council Monitoring Program,SCAK
PWSRCAC,LTEMP,2009,17.240987990000001,59.879170000000002,-149.656900000000007,Blue Mussel,Mytilus trossulus,mussel,Bivalvia,Mussels,Background biomonitoring / Post-oil spill assessment,AIB-B-09-1-2,38,ng/g,dry,Calculated,Whole Body,1.604877839000000,,a,,AlphaAnalytics,,mussel,Prince William Sound Regional Citizens' Advisory Council Monitoring Program,Prince William Sound Regional Citizens' Advisory Council Monitoring Program,SCAK
PWSRCAC,LTEMP,2009,5.638687784000000,59.879170000000002,-149.656900000000007,Blue Mussel,Mytilus trossulus,mussel,Bivalvia,Mussels,Background biomonitoring / Post-oil spill assessment,AIB-B-09-1-3,38,ng/g,dry,Calculated,Whole Body,1.591905385000000,,a,,AlphaAnalytics,,mussel,Prince William Sound Regional Citizens' Advisory Council Monitoring Program,Prince William Sound Regional Citizens' Advisory Council Monitoring Program,SCAK
PWSRCAC,LTEMP,2013,18.462586300000002,59.879170000000002,-149.656900000000007,Blue Mussel,Mytilus trossulus,mussel,Bivalvia,Mussels,Background biomonitoring / Post-oil spill assessment,AIB-B-13-2-1,38,ng/g,dry,Calculated,Whole Body,1.954954380000000,,a,,AlphaAnalytics,,mussel,Prince William Sound Regional Citizens' Advisory Council Monitoring Program,Prince William Sound Regional Citizens' Advisory Council Monitoring Program,SCAK
PWSRCAC,LTEMP,2013,7.987684765000000,59.879170000000002,-149.656900000000007,Blue Mussel,Mytilus trossulus,mussel,Bivalvia,Mussels,Background biomonitoring / Post-oil spill assessment,AIB-B-13-2-2,38,ng/g,dry,Calculated,Whole Body,1.977392881000000,,a,,AlphaAnalytics,,mussel,Prince William Sound Regional Citizens' Advisory Council Monitoring Program,Prince William Sound Regional Citizens' Advisory Council Monitoring Program,SCAK
PWSRCAC,LTEMP,2013,8.136734022000001,59.879170000000002,-149.656900000000007,Blue Mussel,Mytilus trossulus,mussel,Bivalvia,Mussels,Background biomonitoring / Post-oil spill assessment,AIB-B-13-2-3,38,ng/g,dry,Calculated,Whole Body,2.026827703000000,,a,,AlphaAnalytics,,mussel,Prince William Sound Regional Citizens' Advisory Council Monitoring Program,Prince William Sound Regional Citizens' Advisory Council Monitoring Program,SCAK
PWSRCAC,LTEMP,2018,20.640000000000001,59.879170000000002,-149.656900000000007,Blue Mussel,Mytilus trossulus,mussel,Bivalvia,Mussels,Background biomonitoring / Post-oil spill assessment,AIB-B-18-2-1,41,ng/g,dry,Calculated,Whole Body,5.700000000000000,13.2,JB,85,AlphaAnalytics,,mussel,Prince William Sound Regional Citizens' Advisory Council Monitoring Program,Prince William Sound Regional Citizens' Advisory Council Monitoring Program,SCAK
PWSRCAC,LTEMP,2018,20.942857140000001,59.879170000000002,-149.656900000000007,Blue Mussel,Mytilus trossulus,mussel,Bivalvia,Mussels,Background biomonitoring / Post-oil spill assessment,AIB-B-18-2-2,41,ng/g,dry,Calculated,Whole Body,5.900000000000000,13.71428571,JB,86,AlphaAnalytics,,mussel,Prince William Sound Regional Citizens' Advisory Council Monitoring Program,Prince William Sound Regional Citizens' Advisory Council Monitoring Program,SCAK
PWSRCAC,LTEMP,2018,32.361538459999998,59.879170000000002,-149.656900000000007,Blue Mussel,Mytilus trossulus,mussel,Bivalvia,Mussels,Background biomonitoring / Post-oil spill assessment,AIB-B-18-2-3,41,ng/g,dry,Calculated,Whole Body,6.415384615000000,14.84615385,JB,87,AlphaAnalytics,,mussel,Prince William Sound Regional Citizens' Advisory Council Monitoring Program,Prince William Sound Regional Citizens' Advisory Council Monitoring Program,SCAK
PWSRCAC,LTEMP,2024,60.576000000000001,59.879170000000002,-149.656900000000007,Blue Mussel,Mytilus trossulus,mussel,Bivalvia,Mussels,Background biomonitoring / Post-oil spill assessment,AIB-B-24-1,41,ng/g,wet,Calculated,Whole Body,0.754000000000000,1.75,JB,0,AlphaAnalytics,,mussel,Prince William Sound Regional Citizens' Advisory Council Monitoring Program,Prince William Sound Regional Citizens' Advisory Council Monitoring Program,SCAK
PWSRCAC,LTEMP,2024,56.811999999999998,59.879170000000002,-149.656900000000007,Blue Mussel,Mytilus trossulus,mussel,Bivalvia,Mussels,Background biomonitoring / Post-oil spill assessment,AIB-B-24-2,41,ng/g,wet,Calculated,Whole Body,0.803000000000000,1.86,JB,0,AlphaAnalytics,,mussel,Prince William Sound Regional Citizens' Advisory Council Monitoring Program,Prince William Sound Regional Citizens' Advisory Council Monitoring Program,SCAK
PWSRCAC,LTEMP,2024,59.607999999999997,59.879170000000002,-149.656900000000007,Blue Mussel,Mytilus trossulus,mussel,Bivalvia,Mussels,Background biomonitoring / Post-oil spill assessment,AIB-B-24-3,41,ng/g,wet,Calculated,Whole Body,0.804000000000000,1.86,JB,0,AlphaAnalytics,,mussel,Prince William Sound Regional Citizens' Advisory Council Monitoring Program,Prince William Sound Regional Citizens' Advisory Council Monitoring Program,SCAK
PWSRCAC,LTEMP,2002,95.370149690000005,61.091670000000001,-146.405300000000011,Blue Mussel,Mytilus trossulus,mussel,Bivalvia,Mussels,Background biomonitoring / Post-oil spill assessment,AMT-B-02-2-1,37,ng/g,dry,Calculated,Whole Body,37.377049180000000,,BD,,AlphaAnalytics,,mussel,Prince William Sound Regional Citizens' Advisory Council Monitoring Program,Prince William Sound Regional Citizens' Advisory Council Monitoring Program,SCAK
PWSRCAC,LTEMP,2002,68.768458150000001,61.091670000000001,-146.405300000000011,Blue Mussel,Mytilus trossulus,mussel,Bivalvia,Mussels,Background biomonitoring / Post-oil spill assessment,AMT-B-02-2-2,37,ng/g,dry,Calculated,Whole Body,40.000000000000000,,BD,,AlphaAnalytics,,mussel,Prince William Sound Regional Citizens' Advisory Council Monitoring Program,Prince William Sound Regional Citizens' Advisory Council Monitoring Program,SCAK
PWSRCAC,LTEMP,2002,76.221293579999994,61.091670000000001,-146.405300000000011,Blue Mussel,Mytilus trossulus,mussel,Bivalvia,Mussels,Background biomonitoring / Post-oil spill assessment,AMT-B-02-2-3,37,ng/g,dry,Calculated,Whole Body,36.190476189999998,,,,AlphaAnalytics,,mussel,Prince William Sound Regional Citizens' Advisory Council Monitoring Program,Prince William Sound Regional Citizens' Advisory Council Monitoring Program,SCAK
PWSRCAC,LTEMP,2002,59.268264950000003,61.091670000000001,-146.405300000000011,Blue Mussel,Mytilus trossulus,mussel,Bivalvia,Mussels,Background biomonitoring / Post-oil spill assessment,AMT-B-02-3-1,37,ng/g,dry,Calculated,Whole Body,29.230769230000000,,BD,,AlphaAnalytics,,mussel,Prince William Sound Regional Citizens' Advisory Council Monitoring Program,Prince William Sound Regional Citizens' Advisory Council Monitoring Program,SCAK
PWSRCAC,LTEMP,2002,62.139732410000001,61.091670000000001,-146.405300000000011,Blue Mussel,Mytilus trossulus,mussel,Bivalvia,Mussels,Background biomonitoring / Post-oil spill assessment,AMT-B-02-3-2,37,ng/g,dry,Calculated,Whole Body,37.377049180000000,,BD,,AlphaAnalytics,,mussel,Prince William Sound Regional Citizens' Advisory Council Monitoring Program,Prince William Sound Regional Citizens' Advisory Council Monitoring Program,SCAK
PWSRCAC,LTEMP,2002,54.972234049999997,61.091670000000001,-146.405300000000011,Blue Mussel,Mytilus trossulus,mussel,Bivalvia,Mussels,Background biomonitoring / Post-oil spill assessment,AMT-B-02-3-3,37,ng/g,dry,Calculated,Whole Body,26.511627910000001,,BD,,AlphaAnalytics,,mussel,Prince William Sound Regional Citizens' Advisory Council Monitoring Program,Prince William Sound Regional Citizens' Advisory Council Monitoring Program,SCAK
PWSRCAC,LTEMP,2003,117.357888700000004,61.091670000000001,-146.405300000000011,Blue Mussel,Mytilus trossulus,mussel,Bivalvia,Mussels,Background biomonitoring / Post-oil spill assessment,AMT-B-03-1-1,74,ng/g,dry,Calculated,Whole Body,39.310344829999998,,BD,,AlphaAnalytics,,mussel,Prince William Sound Regional Citizens' Advisory Council Monitoring Program,Prince William Sound Regional Citizens' Advisory Council Monitoring Program,SCAK
PWSRCAC,LTEMP,2003,60.639894259999998,61.091670000000001,-146.405300000000011,Blue Mussel,Mytilus trossulus,mussel,Bivalvia,Mussels,Background biomonitoring / Post-oil spill assessment,AMT-B-03-1-2,37,ng/g,dry,Calculated,Whole Body,36.774193550000000,,BD,,AlphaAnalytics,,mussel,Prince William Sound Regional Citizens' Advisory Council Monitoring Program,Prince William Sound Regional Citizens' Advisory Council Monitoring Program,SCAK
PWSRCAC,LTEMP,2003,64.643792500000004,61.091670000000001,-146.405300000000011,Blue Mussel,Mytilus trossulus,mussel,Bivalvia,Mussels,Background biomonitoring / Post-oil spill assessment,AMT-B-03-1-3,37,ng/g,dry,Calculated,Whole Body,38.000000000000000,,BD,,AlphaAnalytics,,mussel,Prince William Sound Regional Citizens' Advisory Council Monitoring Program,Prince William Sound Regional Citizens' Advisory Council Monitoring Program,SCAK
PWSRCAC,LTEMP,2003,88.159999999999997,61.091670000000001,-146.405300000000011,Blue Mussel,Mytilus trossulus,mussel,Bivalvia,Mussels,Background biomonitoring / Post-oil spill assessment,AMT-B-03-2-1,39,ng/g,dry,Calculated,Whole Body,7.860000000000000,,b,,AlphaAnalytics,,mussel,Prince William Sound Regional Citizens' Advisory Council Monitoring Program,Prince William Sound Regional Citizens' Advisory Council Monitoring Program,SCAK
PWSRCAC,LTEMP,2003,45.820000000000000,61.091670000000001,-146.405300000000011,Blue Mussel,Mytilus trossulus,mussel,Bivalvia,Mussels,Background biomonitoring / Post-oil spill assessment,AMT-B-03-2-2,39,ng/g,dry,Calculated,Whole Body,8.440000000000000,,b,,AlphaAnalytics,,mussel,Prince William Sound Regional Citizens' Advisory Council Monitoring Program,Prince William Sound Regional Citizens' Advisory Council Monitoring Program,SCAK
PWSRCAC,LTEMP,2003,45.049999999999997,61.091670000000001,-146.405300000000011,Blue Mussel,Mytilus trossulus,mussel,Bivalvia,Mussels,Background biomonitoring / Post-oil spill assessment,AMT-B-03-2-3,39,ng/g,dry,Calculated,Whole Body,9.310000000000000,,b,,AlphaAnalytics,,mussel,Prince William Sound Regional Citizens' Advisory Council Monitoring Program,Prince William Sound Regional Citizens' Advisory Council Monitoring Program,SCAK
PWSRCAC,LTEMP,2003,46.109999999999999,61.091670000000001,-146.405300000000011,Blue Mussel,Mytilus trossulus,mussel,Bivalvia,Mussels,Background biomonitoring / Post-oil spill assessment,AMT-B-03-3-1,39,ng/g,dry,Calculated,Whole Body,7.350000000000000,,b,,AlphaAnalytics,,mussel,Prince William Sound Regional Citizens' Advisory Council Monitoring Program,Prince William Sound Regional Citizens' Advisory Council Monitoring Program,SCAK
PWSRCAC,LTEMP,2003,59.630000000000003,61.091670000000001,-146.405300000000011,Blue Mussel,Mytilus trossulus,mussel,Bivalvia,Mussels,Background biomonitoring / Post-oil spill assessment,AMT-B-03-3-2,39,ng/g,dry,Calculated,Whole Body,7.240000000000000,,b,,AlphaAnalytics,,mussel,Prince William Sound Regional Citizens' Advisory Council Monitoring Program,Prince William Sound Regional Citizens' Advisory Council Monitoring Program,SCAK
PWSRCAC,LTEMP,2003,45.939999999999998,61.091670000000001,-146.405300000000011,Blue Mussel,Mytilus trossulus,mussel,Bivalvia,Mussels,Background biomonitoring / Post-oil spill assessment,AMT-B-03-3-3,39,ng/g,dry,Calculated,Whole Body,7.480000000000000,,b,,AlphaAnalytics,,mussel,Prince William Sound Regional Citizens' Advisory Council Monitoring Program,Prince William Sound Regional Citizens' Advisory Council Monitoring Program,SCAK
PWSRCAC,LTEMP,2004,118.349999999999994,61.091670000000001,-146.405300000000011,Blue Mussel,Mytilus trossulus,mussel,Bivalvia,Mussels,Background biomonitoring / Post-oil spill assessment,AMT-B-04-1-1,39,ng/g,dry,Calculated,Whole Body,6.000000000000000,,b,,AlphaAnalytics,,mussel,Prince William Sound Regional Citizens' Advisory Council Monitoring Program,Prince William Sound Regional Citizens' Advisory Council Monitoring Program,SCAK
PWSRCAC,LTEMP,2004,52.609999999999999,61.091670000000001,-146.405300000000011,Blue Mussel,Mytilus trossulus,mussel,Bivalvia,Mussels,Background biomonitoring / Post-oil spill assessment,AMT-B-04-1-2,39,ng/g,dry,Calculated,Whole Body,6.610000000000000,,b,,AlphaAnalytics,,mussel,Prince William Sound Regional Citizens' Advisory Council Monitoring Program,Prince William Sound Regional Citizens' Advisory Council Monitoring Program,SCAK
PWSRCAC,LTEMP,2004,39.100000000000001,61.091670000000001,-146.405300000000011,Blue Mussel,Mytilus trossulus,mussel,Bivalvia,Mussels,Background biomonitoring / Post-oil spill assessment,AMT-B-04-1-3,39,ng/g,dry,Calculated,Whole Body,6.810000000000000,,b,,AlphaAnalytics,,mussel,Prince William Sound Regional Citizens' Advisory Council Monitoring Program,Prince William Sound Regional Citizens' Advisory Council Monitoring Program,SCAK
PWSRCAC,LTEMP,2004,68.239999999999995,61.091670000000001,-146.405300000000011,Blue Mussel,Mytilus trossulus,mussel,Bivalvia,Mussels,Background biomonitoring / Post-oil spill assessment,AMT-B-04-2-1,39,ng/g,dry,Calculated,Whole Body,0.485000000000000,,b,,AlphaAnalytics,,mussel,Prince William Sound Regional Citizens' Advisory Council Monitoring Program,Prince William Sound Regional Citizens' Advisory Council Monitoring Program,SCAK
PWSRCAC,LTEMP,2004,36.689999999999998,61.091670000000001,-146.405300000000011,Blue Mussel,Mytilus trossulus,mussel,Bivalvia,Mussels,Background biomonitoring / Post-oil spill assessment,AMT-B-04-2-2,39,ng/g,dry,Calculated,Whole Body,0.487000000000000,,b,,AlphaAnalytics,,mussel,Prince William Sound Regional Citizens' Advisory Council Monitoring Program,Prince William Sound Regional Citizens' Advisory Council Monitoring Program,SCAK
PWSRCAC,LTEMP,2004,70.969999999999999,61.091670000000001,-146.405300000000011,Blue Mussel,Mytilus trossulus,mussel,Bivalvia,Mussels,Background biomonitoring / Post-oil spill assessment,AMT-B-04-2-3,39,ng/g,dry,Calculated,Whole Body,0.492000000000000,,b,,AlphaAnalytics,,mussel,Prince William Sound Regional Citizens' Advisory Council Monitoring Program,Prince William Sound Regional Citizens' Advisory Council Monitoring Program,SCAK
PWSRCAC,LTEMP,2004,59.670000000000002,61.091670000000001,-146.405300000000011,Blue Mussel,Mytilus trossulus,mussel,Bivalvia,Mussels,Background biomonitoring / Post-oil spill assessment,AMT-B-04-3-1,39,ng/g,dry,Calculated,Whole Body,0.497000000000000,,b,,AlphaAnalytics,,mussel,Prince William Sound Regional Citizens' Advisory Council Monitoring Program,Prince William Sound Regional Citizens' Advisory Council Monitoring Program,SCAK
PWSRCAC,LTEMP,2004,52.859999999999999,61.091670000000001,-146.405300000000011,Blue Mussel,Mytilus trossulus,mussel,Bivalvia,Mussels,Background biomonitoring / Post-oil spill assessment,AMT-B-04-3-2,39,ng/g,dry,Calculated,Whole Body,0.502000000000000,,b,,AlphaAnalytics,,mussel,Prince William Sound Regional Citizens' Advisory Council Monitoring Program,Prince William Sound Regional Citizens' Advisory Council Monitoring Program,SCAK
PWSRCAC,LTEMP,2004,55.280000000000001,61.091670000000001,-146.405300000000011,Blue Mussel,Mytilus trossulus,mussel,Bivalvia,Mussels,Background biomonitoring / Post-oil spill assessment,AMT-B-04-3-3,39,ng/g,dry,Calculated,Whole Body,0.496000000000000,,b,,AlphaAnalytics,,mussel,Prince William Sound Regional Citizens' Advisory Council Monitoring Program,Prince William Sound Regional Citizens' Advisory Council Monitoring Program,SCAK
PWSRCAC,LTEMP,2005,42.420000000000002,61.091670000000001,-146.405300000000011,Blue Mussel,Mytilus trossulus,mussel,Bivalvia,Mussels,Background biomonitoring / Post-oil spill assessment,AMT-B-05-1-1-R2,39,ng/g,dry,Calculated,Whole Body,3.970000000000000,,b,,AlphaAnalytics,,mussel,Prince William Sound Regional Citizens' Advisory Council Monitoring Program,Prince William Sound Regional Citizens' Advisory Council Monitoring Program,SCAK
PWSRCAC,LTEMP,2005,99.920000000000002,61.091670000000001,-146.405300000000011,Blue Mussel,Mytilus trossulus,mussel,Bivalvia,Mussels,Background biomonitoring / Post-oil spill assessment,AMT-B-05-1-2-R2,39,ng/g,dry,Calculated,Whole Body,8.400000000000000,,b,,AlphaAnalytics,,mussel,Prince William Sound Regional Citizens' Advisory Council Monitoring Program,Prince William Sound Regional Citizens' Advisory Council Monitoring Program,SCAK
PWSRCAC,LTEMP,2005,39.820000000000000,61.091670000000001,-146.405300000000011,Blue Mussel,Mytilus trossulus,mussel,Bivalvia,Mussels,Background biomonitoring / Post-oil spill assessment,AMT-B-05-1-3-R2,39,ng/g,dry,Calculated,Whole Body,7.860000000000000,,b,,AlphaAnalytics,,mussel,Prince William Sound Regional Citizens' Advisory Council Monitoring Program,Prince William Sound Regional Citizens' Advisory Council Monitoring Program,SCAK
PWSRCAC,LTEMP,2005,25.120000000000001,61.091670000000001,-146.405300000000011,Blue Mussel,Mytilus trossulus,mussel,Bivalvia,Mussels,Background biomonitoring / Post-oil spill assessment,AMT-B-05-2-1,39,ng/g,dry,Calculated,Whole Body,7.730000000000000,,b,,AlphaAnalytics,,mussel,Prince William Sound Regional Citizens' Advisory Council Monitoring Program,Prince William Sound Regional Citizens' Advisory Council Monitoring Program,SCAK
PWSRCAC,LTEMP,2005,35.039999999999999,61.091670000000001,-146.405300000000011,Blue Mussel,Mytilus trossulus,mussel,Bivalvia,Mussels,Background biomonitoring / Post-oil spill assessment,AMT-B-05-2-2,39,ng/g,dry,Calculated,Whole Body,8.940000000000000,,b,,AlphaAnalytics,,mussel,Prince William Sound Regional Citizens' Advisory Council Monitoring Program,Prince William Sound Regional Citizens' Advisory Council Monitoring Program,SCAK
PWSRCAC,LTEMP,2005,23.570000000000000,61.091670000000001,-146.405300000000011,Blue Mussel,Mytilus trossulus,mussel,Bivalvia,Mussels,Background biomonitoring / Post-oil spill assessment,AMT-B-05-2-3,39,ng/g,dry,Calculated,Whole Body,8.140000000000001,,b,,AlphaAnalytics,,mussel,Prince William Sound Regional Citizens' Advisory Council Monitoring Program,Prince William Sound Regional Citizens' Advisory Council Monitoring Program,SCAK
PWSRCAC,LTEMP,2005,48.229999999999997,61.091670000000001,-146.405300000000011,Blue Mussel,Mytilus trossulus,mussel,Bivalvia,Mussels,Background biomonitoring / Post-oil spill assessment,AMT-B-05-3-1,39,ng/g,dry,Calculated,Whole Body,6.080000000000000,,b,,AlphaAnalytics,,mussel,Prince William Sound Regional Citizens' Advisory Council Monitoring Program,Prince William Sound Regional Citizens' Advisory Council Monitoring Program,SCAK
PWSRCAC,LTEMP,2005,35.680000000000000,61.091670000000001,-146.405300000000011,Blue Mussel,Mytilus trossulus,mussel,Bivalvia,Mussels,Background biomonitoring / Post-oil spill assessment,AMT-B-05-3-2,39,ng/g,dry,Calculated,Whole Body,8.000000000000000,,b,,AlphaAnalytics,,mussel,Prince William Sound Regional Citizens' Advisory Council Monitoring Program,Prince William Sound Regional Citizens' Advisory Council Monitoring Program,SCAK
PWSRCAC,LTEMP,2005,48.990000000000002,61.091670000000001,-146.405300000000011,Blue Mussel,Mytilus trossulus,mussel,Bivalvia,Mussels,Background biomonitoring / Post-oil spill assessment,AMT-B-05-3-3,39,ng/g,dry,Calculated,Whole Body,7.600000000000000,,b,,AlphaAnalytics,,mussel,Prince William Sound Regional Citizens' Advisory Council Monitoring Program,Prince William Sound Regional Citizens' Advisory Council Monitoring Program,SCAK
PWSRCAC,LTEMP,2006,58.899999999999999,61.091670000000001,-146.405300000000011,Blue Mussel,Mytilus trossulus,mussel,Bivalvia,Mussels,Background biomonitoring / Post-oil spill assessment,AMT-B-06-1-1,39,ng/g,dry,Calculated,Whole Body,6.810000000000000,,b,,AlphaAnalytics,,mussel,Prince William Sound Regional Citizens' Advisory Council Monitoring Program,Prince William Sound Regional Citizens' Advisory Council Monitoring Program,SCAK
PWSRCAC,LTEMP,2006,47.799999999999997,61.091670000000001,-146.405300000000011,Blue Mussel,Mytilus trossulus,mussel,Bivalvia,Mussels,Background biomonitoring / Post-oil spill assessment,AMT-B-06-1-2,39,ng/g,dry,Calculated,Whole Body,6.810000000000000,,b,,AlphaAnalytics,,mussel,Prince William Sound Regional Citizens' Advisory Council Monitoring Program,Prince William Sound Regional Citizens' Advisory Council Monitoring Program,SCAK
PWSRCAC,LTEMP,2006,53.740000000000002,61.091670000000001,-146.405300000000011,Blue Mussel,Mytilus trossulus,mussel,Bivalvia,Mussels,Background biomonitoring / Post-oil spill assessment,AMT-B-06-1-3,39,ng/g,dry,Calculated,Whole Body,7.130000000000000,,b,,AlphaAnalytics,,mussel,Prince William Sound Regional Citizens' Advisory Council Monitoring Program,Prince William Sound Regional Citizens' Advisory Council Monitoring Program,SCAK
PWSRCAC,LTEMP,2006,38.201976999999999,61.091670000000001,-146.405300000000011,Blue Mussel,Mytilus trossulus,mussel,Bivalvia,Mussels,Background biomonitoring / Post-oil spill assessment,AMT-B-06-2-1,38,ng/g,dry,Calculated,Whole Body,7.475409836000000,,,,AlphaAnalytics,,mussel,Prince William Sound Regional Citizens' Advisory Council Monitoring Program,Prince William Sound Regional Citizens' Advisory Council Monitoring Program,SCAK
PWSRCAC,LTEMP,2006,60.420622999999999,61.091670000000001,-146.405300000000011,Blue Mussel,Mytilus trossulus,mussel,Bivalvia,Mussels,Background biomonitoring / Post-oil spill assessment,AMT-B-06-2-2,38,ng/g,dry,Calculated,Whole Body,8.941176471000000,,,,AlphaAnalytics,,mussel,Prince William Sound Regional Citizens' Advisory Council Monitoring Program,Prince William Sound Regional Citizens' Advisory Council Monitoring Program,SCAK
PWSRCAC,LTEMP,2006,34.586116900000000,61.091670000000001,-146.405300000000011,Blue Mussel,Mytilus trossulus,mussel,Bivalvia,Mussels,Background biomonitoring / Post-oil spill assessment,AMT-B-06-2-3,38,ng/g,dry,Calculated,Whole Body,8.000000000000000,,,,AlphaAnalytics,,mussel,Prince William Sound Regional Citizens' Advisory Council Monitoring Program,Prince William Sound Regional Citizens' Advisory Council Monitoring Program,SCAK
PWSRCAC,LTEMP,2006,53.924626500000002,61.091670000000001,-146.405300000000011,Blue Mussel,Mytilus trossulus,mussel,Bivalvia,Mussels,Background biomonitoring / Post-oil spill assessment,AMT-B-06-3-1,38,ng/g,dry,Calculated,Whole Body,7.728813559000000,,,,AlphaAnalytics,,mussel,Prince William Sound Regional Citizens' Advisory Council Monitoring Program,Prince William Sound Regional Citizens' Advisory Council Monitoring Program,SCAK
PWSRCAC,LTEMP,2006,60.001896100000003,61.091670000000001,-146.405300000000011,Blue Mussel,Mytilus trossulus,mussel,Bivalvia,Mussels,Background biomonitoring / Post-oil spill assessment,AMT-B-06-3-2,38,ng/g,dry,Calculated,Whole Body,5.629629630000000,,,,AlphaAnalytics,,mussel,Prince William Sound Regional Citizens' Advisory Council Monitoring Program,Prince William Sound Regional Citizens' Advisory Council Monitoring Program,SCAK
PWSRCAC,LTEMP,2006,53.901786000000001,61.091670000000001,-146.405300000000011,Blue Mussel,Mytilus trossulus,mussel,Bivalvia,Mussels,Background biomonitoring / Post-oil spill assessment,AMT-B-06-3-3,38,ng/g,dry,Calculated,Whole Body,7.728813559000000,,,,AlphaAnalytics,,mussel,Prince William Sound Regional Citizens' Advisory Council Monitoring Program,Prince William Sound Regional Citizens' Advisory Council Monitoring Program,SCAK
PWSRCAC,LTEMP,2007,43.810324999999999,61.091670000000001,-146.405300000000011,Blue Mussel,Mytilus trossulus,mussel,Bivalvia,Mussels,Background biomonitoring / Post-oil spill assessment,AMT-B-07-1-1,38,ng/g,dry,Calculated,Whole Body,8.142857143000001,,,,AlphaAnalytics,,mussel,Prince William Sound Regional Citizens' Advisory Council Monitoring Program,Prince William Sound Regional Citizens' Advisory Council Monitoring Program,SCAK
PWSRCAC,LTEMP,2007,53.541987200000001,61.091670000000001,-146.405300000000011,Blue Mussel,Mytilus trossulus,mussel,Bivalvia,Mussels,Background biomonitoring / Post-oil spill assessment,AMT-B-07-1-2,38,ng/g,dry,Calculated,Whole Body,8.000000000000000,,,,AlphaAnalytics,,mussel,Prince William Sound Regional Citizens' Advisory Council Monitoring Program,Prince William Sound Regional Citizens' Advisory Council Monitoring Program,SCAK
PWSRCAC,LTEMP,2007,46.739877700000001,61.091670000000001,-146.405300000000011,Blue Mussel,Mytilus trossulus,mussel,Bivalvia,Mussels,Background biomonitoring / Post-oil spill assessment,AMT-B-07-1-3,38,ng/g,dry,Calculated,Whole Body,8.290909091000000,,,,AlphaAnalytics,,mussel,Prince William Sound Regional Citizens' Advisory Council Monitoring Program,Prince William Sound Regional Citizens' Advisory Council Monitoring Program,SCAK
PWSRCAC,LTEMP,2007,58.308139900000000,61.091670000000001,-146.405300000000011,Blue Mussel,Mytilus trossulus,mussel,Bivalvia,Mussels,Background biomonitoring / Post-oil spill assessment,AMT-B-07-2-1,38,ng/g,dry,Calculated,Whole Body,6.000000000000000,,,,AlphaAnalytics,,mussel,Prince William Sound Regional Citizens' Advisory Council Monitoring Program,Prince William Sound Regional Citizens' Advisory Council Monitoring Program,SCAK
PWSRCAC,LTEMP,2007,46.792883400000001,61.091670000000001,-146.405300000000011,Blue Mussel,Mytilus trossulus,mussel,Bivalvia,Mussels,Background biomonitoring / Post-oil spill assessment,AMT-B-07-2-2,38,ng/g,dry,Calculated,Whole Body,6.000000000000000,,,,AlphaAnalytics,,mussel,Prince William Sound Regional Citizens' Advisory Council Monitoring Program,Prince William Sound Regional Citizens' Advisory Council Monitoring Program,SCAK
PWSRCAC,LTEMP,2007,46.282868100000002,61.091670000000001,-146.405300000000011,Blue Mussel,Mytilus trossulus,mussel,Bivalvia,Mussels,Background biomonitoring / Post-oil spill assessment,AMT-B-07-2-3,38,ng/g,dry,Calculated,Whole Body,9.306122449000000,,,,AlphaAnalytics,,mussel,Prince William Sound Regional Citizens' Advisory Council Monitoring Program,Prince William Sound Regional Citizens' Advisory Council Monitoring Program,SCAK
PWSRCAC,LTEMP,2007,23.221083199999999,61.091670000000001,-146.405300000000011,Blue Mussel,Mytilus trossulus,mussel,Bivalvia,Mussels,Background biomonitoring / Post-oil spill assessment,AMT-B-07-3-1,38,ng/g,dry,Calculated,Whole Body,7.238095238000000,,,,AlphaAnalytics,,mussel,Prince William Sound Regional Citizens' Advisory Council Monitoring Program,Prince William Sound Regional Citizens' Advisory Council Monitoring Program,SCAK
PWSRCAC,LTEMP,2007,30.225659300000000,61.091670000000001,-146.405300000000011,Blue Mussel,Mytilus trossulus,mussel,Bivalvia,Mussels,Background biomonitoring / Post-oil spill assessment,AMT-B-07-3-2,38,ng/g,dry,Calculated,Whole Body,6.705882353000000,,,,AlphaAnalytics,,mussel,Prince William Sound Regional Citizens' Advisory Council Monitoring Program,Prince William Sound Regional Citizens' Advisory Council Monitoring Program,SCAK
PWSRCAC,LTEMP,2007,87.597102100000001,61.091670000000001,-146.405300000000011,Blue Mussel,Mytilus trossulus,mussel,Bivalvia,Mussels,Background biomonitoring / Post-oil spill assessment,AMT-B-07-3-3,38,ng/g,dry,Calculated,Whole Body,6.608695652000000,,,,AlphaAnalytics,,mussel,Prince William Sound Regional Citizens' Advisory Council Monitoring Program,Prince William Sound Regional Citizens' Advisory Council Monitoring Program,SCAK
PWSRCAC,LTEMP,2008,48.375781900000000,61.091670000000001,-146.405300000000011,Blue Mussel,Mytilus trossulus,mussel,Bivalvia,Mussels,Background biomonitoring / Post-oil spill assessment,AMT-B-08-2-1,38,ng/g,dry,Calculated,Whole Body,1.961010000000000,,a,,AlphaAnalytics,,mussel,Prince William Sound Regional Citizens' Advisory Council Monitoring Program,Prince William Sound Regional Citizens' Advisory Council Monitoring Program,SCAK
PWSRCAC,LTEMP,2008,36.910145800000002,61.091670000000001,-146.405300000000011,Blue Mussel,Mytilus trossulus,mussel,Bivalvia,Mussels,Background biomonitoring / Post-oil spill assessment,AMT-B-08-2-2,38,ng/g,dry,Calculated,Whole Body,1.963804000000000,,a,,AlphaAnalytics,,mussel,Prince William Sound Regional Citizens' Advisory Council Monitoring Program,Prince William Sound Regional Citizens' Advisory Council Monitoring Program,SCAK
PWSRCAC,LTEMP,2008,30.425855200000001,61.091670000000001,-146.405300000000011,Blue Mussel,Mytilus trossulus,mussel,Bivalvia,Mussels,Background biomonitoring / Post-oil spill assessment,AMT-B-08-2-3,38,ng/g,dry,Calculated,Whole Body,1.966605000000000,,a,,AlphaAnalytics,,mussel,Prince William Sound Regional Citizens' Advisory Council Monitoring Program,Prince William Sound Regional Citizens' Advisory Council Monitoring Program,SCAK
PWSRCAC,LTEMP,2008,16.830897300000000,61.091670000000001,-146.405300000000011,Blue Mussel,Mytilus trossulus,mussel,Bivalvia,Mussels,Background biomonitoring / Post-oil spill assessment,AMT-B-08-3-1,38,ng/g,dry,Calculated,Whole Body,1.961010000000000,,a,,AlphaAnalytics,,mussel,Prince William Sound Regional Citizens' Advisory Council Monitoring Program,Prince William Sound Regional Citizens' Advisory Council Monitoring Program,SCAK
PWSRCAC,LTEMP,2008,22.591401000000001,61.091670000000001,-146.405300000000011,Blue Mussel,Mytilus trossulus,mussel,Bivalvia,Mussels,Background biomonitoring / Post-oil spill assessment,AMT-B-08-3-2,38,ng/g,dry,Calculated,Whole Body,1.958225000000000,,a,,AlphaAnalytics,,mussel,Prince William Sound Regional Citizens' Advisory Council Monitoring Program,Prince William Sound Regional Citizens' Advisory Council Monitoring Program,SCAK
PWSRCAC,LTEMP,2008,17.954070200000000,61.091670000000001,-146.405300000000011,Blue Mussel,Mytilus trossulus,mussel,Bivalvia,Mussels,Background biomonitoring / Post-oil spill assessment,AMT-B-08-3-3,38,ng/g,dry,Calculated,Whole Body,1.969414000000000,,a,,AlphaAnalytics,,mussel,Prince William Sound Regional Citizens' Advisory Council Monitoring Program,Prince William Sound Regional Citizens' Advisory Council Monitoring Program,SCAK
PWSRCAC,LTEMP,2009,90.469696799999994,61.091670000000001,-146.405300000000011,Blue Mussel,Mytilus trossulus,mussel,Bivalvia,Mussels,Background biomonitoring / Post-oil spill assessment,AMT-B-09-1-1,76,ng/g,dry,Calculated,Whole Body,1.624733000000000,,a,,AlphaAnalytics,,mussel,Prince William Sound Regional Citizens' Advisory Council Monitoring Program,Prince William Sound Regional Citizens' Advisory Council Monitoring Program,SCAK
PWSRCAC,LTEMP,2009,24.093948000000001,61.091670000000001,-146.405300000000011,Blue Mussel,Mytilus trossulus,mussel,Bivalvia,Mussels,Background biomonitoring / Post-oil spill assessment,AMT-B-09-1-2,38,ng/g,dry,Calculated,Whole Body,1.621871000000000,,a,,AlphaAnalytics,,mussel,Prince William Sound Regional Citizens' Advisory Council Monitoring Program,Prince William Sound Regional Citizens' Advisory Council Monitoring Program,SCAK
PWSRCAC,LTEMP,2009,44.183798000000003,61.091670000000001,-146.405300000000011,Blue Mussel,Mytilus trossulus,mussel,Bivalvia,Mussels,Background biomonitoring / Post-oil spill assessment,AMT-B-09-1-3,38,ng/g,dry,Calculated,Whole Body,1.614274000000000,,a,,AlphaAnalytics,,mussel,Prince William Sound Regional Citizens' Advisory Council Monitoring Program,Prince William Sound Regional Citizens' Advisory Council Monitoring Program,SCAK
PWSRCAC,LTEMP,2009,31.424795199999998,61.091670000000001,-146.405300000000011,Blue Mussel,Mytilus trossulus,mussel,Bivalvia,Mussels,Background biomonitoring / Post-oil spill assessment,AMT-B-09-2-1,76,ng/g,dry,Calculated,Whole Body,1.514098000000000,,a,,AlphaAnalytics,,mussel,Prince William Sound Regional Citizens' Advisory Council Monitoring Program,Prince William Sound Regional Citizens' Advisory Council Monitoring Program,SCAK
PWSRCAC,LTEMP,2009,15.628001700000000,61.091670000000001,-146.405300000000011,Blue Mussel,Mytilus trossulus,mussel,Bivalvia,Mussels,Background biomonitoring / Post-oil spill assessment,AMT-B-09-2-2,38,ng/g,dry,Calculated,Whole Body,1.518271000000000,,a,,AlphaAnalytics,,mussel,Prince William Sound Regional Citizens' Advisory Council Monitoring Program,Prince William Sound Regional Citizens' Advisory Council Monitoring Program,SCAK
PWSRCAC,LTEMP,2009,13.903872300000000,61.091670000000001,-146.405300000000011,Blue Mussel,Mytilus trossulus,mussel,Bivalvia,Mussels,Background biomonitoring / Post-oil spill assessment,AMT-B-09-2-3,38,ng/g,dry,Calculated,Whole Body,1.485550000000000,,a,,AlphaAnalytics,,mussel,Prince William Sound Regional Citizens' Advisory Council Monitoring Program,Prince William Sound Regional Citizens' Advisory Council Monitoring Program,SCAK
PWSRCAC,LTEMP,2010,27.614606200000001,61.091670000000001,-146.405300000000011,Blue Mussel,Mytilus trossulus,mussel,Bivalvia,Mussels,Background biomonitoring / Post-oil spill assessment,AMT-B-10-2-1,76,ng/g,dry,Calculated,Whole Body,1.997453000000000,,a,,AlphaAnalytics,,mussel,Prince William Sound Regional Citizens' Advisory Council Monitoring Program,Prince William Sound Regional Citizens' Advisory Council Monitoring Program,SCAK
PWSRCAC,LTEMP,2010,15.788716800000000,61.091670000000001,-146.405300000000011,Blue Mussel,Mytilus trossulus,mussel,Bivalvia,Mussels,Background biomonitoring / Post-oil spill assessment,AMT-B-10-2-2,38,ng/g,dry,Calculated,Whole Body,2.297071000000000,,a,,AlphaAnalytics,,mussel,Prince William Sound Regional Citizens' Advisory Council Monitoring Program,Prince William Sound Regional Citizens' Advisory Council Monitoring Program,SCAK
PWSRCAC,LTEMP,2010,12.602961160000000,61.091670000000001,-146.405300000000011,Blue Mussel,Mytilus trossulus,mussel,Bivalvia,Mussels,Background biomonitoring / Post-oil spill assessment,AMT-B-10-2-3,38,ng/g,dry,Calculated,Whole Body,1.914226000000000,,a,,AlphaAnalytics,,mussel,Prince William Sound Regional Citizens' Advisory Council Monitoring Program,Prince William Sound Regional Citizens' Advisory Council Monitoring Program,SCAK
PWSRCAC,LTEMP,2011,37.606329100000004,61.091670000000001,-146.405300000000011,Blue Mussel,Mytilus trossulus,mussel,Bivalvia,Mussels,Background biomonitoring / Post-oil spill assessment,AMT-B-11-2-1,38,ng/g,dry,Calculated,Whole Body,2.932432000000000,,b,,AlphaAnalytics,,mussel,Prince William Sound Regional Citizens' Advisory Council Monitoring Program,Prince William Sound Regional Citizens' Advisory Council Monitoring Program,SCAK
PWSRCAC,LTEMP,2011,35.875163700000002,61.091670000000001,-146.405300000000011,Blue Mussel,Mytilus trossulus,mussel,Bivalvia,Mussels,Background biomonitoring / Post-oil spill assessment,AMT-B-11-2-2,38,ng/g,dry,Calculated,Whole Body,3.626955000000000,,b,,AlphaAnalytics,,mussel,Prince William Sound Regional Citizens' Advisory Council Monitoring Program,Prince William Sound Regional Citizens' Advisory Council Monitoring Program,SCAK
PWSRCAC,LTEMP,2011,40.696561699999997,61.091670000000001,-146.405300000000011,Blue Mussel,Mytilus trossulus,mussel,Bivalvia,Mussels,Background biomonitoring / Post-oil spill assessment,AMT-B-11-2-3,38,ng/g,dry,Calculated,Whole Body,3.533956000000000,,b,,AlphaAnalytics,,mussel,Prince William Sound Regional Citizens' Advisory Council Monitoring Program,Prince William Sound Regional Citizens' Advisory Council Monitoring Program,SCAK
PWSRCAC,LTEMP,2012,34.492527400000000,61.091670000000001,-146.405300000000011,Blue Mussel,Mytilus trossulus,mussel,Bivalvia,Mussels,Background biomonitoring / Post-oil spill assessment,AMT-B-12-2-1,38,ng/g,dry,Calculated,Whole Body,2.989681000000000,,a,,AlphaAnalytics,,mussel,Prince William Sound Regional Citizens' Advisory Council Monitoring Program,Prince William Sound Regional Citizens' Advisory Council Monitoring Program,SCAK
PWSRCAC,LTEMP,2012,40.210934600000002,61.091670000000001,-146.405300000000011,Blue Mussel,Mytilus trossulus,mussel,Bivalvia,Mussels,Background biomonitoring / Post-oil spill assessment,AMT-B-12-2-2,38,ng/g,dry,Calculated,Whole Body,3.125267000000000,,a,,AlphaAnalytics,,mussel,Prince William Sound Regional Citizens' Advisory Council Monitoring Program,Prince William Sound Regional Citizens' Advisory Council Monitoring Program,SCAK
PWSRCAC,LTEMP,2012,29.153168900000001,61.091670000000001,-146.405300000000011,Blue Mussel,Mytilus trossulus,mussel,Bivalvia,Mussels,Background biomonitoring / Post-oil spill assessment,AMT-B-12-2-3,38,ng/g,dry,Calculated,Whole Body,2.976766000000000,,a,,AlphaAnalytics,,mussel,Prince William Sound Regional Citizens' Advisory Council Monitoring Program,Prince William Sound Regional Citizens' Advisory Council Monitoring Program,SCAK
PWSRCAC,LTEMP,2013,18.072555000000001,61.091670000000001,-146.405300000000011,Blue Mussel,Mytilus trossulus,mussel,Bivalvia,Mussels,Background biomonitoring / Post-oil spill assessment,AMT-B-13-2-1,38,ng/g,dry,Calculated,Whole Body,2.263125000000000,,a,,AlphaAnalytics,,mussel,Prince William Sound Regional Citizens' Advisory Council Monitoring Program,Prince William Sound Regional Citizens' Advisory Council Monitoring Program,SCAK
PWSRCAC,LTEMP,2013,25.209789399999998,61.091670000000001,-146.405300000000011,Blue Mussel,Mytilus trossulus,mussel,Bivalvia,Mussels,Background biomonitoring / Post-oil spill assessment,AMT-B-13-2-2,38,ng/g,dry,Calculated,Whole Body,2.435058000000000,,a,,AlphaAnalytics,,mussel,Prince William Sound Regional Citizens' Advisory Council Monitoring Program,Prince William Sound Regional Citizens' Advisory Council Monitoring Program,SCAK
PWSRCAC,LTEMP,2013,30.461733100000000,61.091670000000001,-146.405300000000011,Blue Mussel,Mytilus trossulus,mussel,Bivalvia,Mussels,Background biomonitoring / Post-oil spill assessment,AMT-B-13-2-3,38,ng/g,dry,Calculated,Whole Body,2.859425000000000,,a,,AlphaAnalytics,,mussel,Prince William Sound Regional Citizens' Advisory Council Monitoring Program,Prince William Sound Regional Citizens' Advisory Council Monitoring Program,SCAK
PWSRCAC,LTEMP,2015,41.655078000000003,61.091670000000001,-146.405300000000011,Blue Mussel,Mytilus trossulus,mussel,Bivalvia,Mussels,Background biomonitoring / Post-oil spill assessment,AMT-B-15-2-1,38,ng/g,dry,Calculated,Whole Body,2.762010000000000,,a,,AlphaAnalytics,,mussel,Prince William Sound Regional Citizens' Advisory Council Monitoring Program,Prince William Sound Regional Citizens' Advisory Council Monitoring Program,SCAK
PWSRCAC,LTEMP,2015,117.543021999999993,61.091670000000001,-146.405300000000011,Blue Mussel,Mytilus trossulus,mussel,Bivalvia,Mussels,Background biomonitoring / Post-oil spill assessment,AMT-B-15-2-2,76,ng/g,dry,Calculated,Whole Body,3.533956000000000,,a,,AlphaAnalytics,,mussel,Prince William Sound Regional Citizens' Advisory Council Monitoring Program,Prince William Sound Regional Citizens' Advisory Council Monitoring Program,SCAK
PWSRCAC,LTEMP,2015,36.250172999999997,61.091670000000001,-146.405300000000011,Blue Mussel,Mytilus trossulus,mussel,Bivalvia,Mussels,Background biomonitoring / Post-oil spill assessment,AMT-B-15-2-3,38,ng/g,dry,Calculated,Whole Body,3.533956000000000,,a,,AlphaAnalytics,,mussel,Prince William Sound Regional Citizens' Advisory Council Monitoring Program,Prince William Sound Regional Citizens' Advisory Council Monitoring Program,SCAK
PWSRCAC,LTEMP,2016,46.039729399999999,61.091670000000001,-146.405300000000011,Blue Mussel,Mytilus trossulus,mussel,Bivalvia,Mussels,Background biomonitoring / Post-oil spill assessment,AMT-B-16-2-1,41,ng/g,dry,Calculated,Whole Body,4.961961000000000,4.961961,JB,88.17,AlphaAnalytics,,mussel,Prince William Sound Regional Citizens' Advisory Council Monitoring Program,Prince William Sound Regional Citizens' Advisory Council Monitoring Program,SCAK
PWSRCAC,LTEMP,2016,52.015405899999998,61.091670000000001,-146.405300000000011,Blue Mussel,Mytilus trossulus,mussel,Bivalvia,Mussels,Background biomonitoring / Post-oil spill assessment,AMT-B-16-2-2,41,ng/g,dry,Calculated,Whole Body,4.493106000000000,4.493106,JB,87.67,AlphaAnalytics,,mussel,Prince William Sound Regional Citizens' Advisory Council Monitoring Program,Prince William Sound Regional Citizens' Advisory Council Monitoring Program,SCAK
PWSRCAC,LTEMP,2016,100.969986300000002,61.091670000000001,-146.405300000000011,Blue Mussel,Mytilus trossulus,mussel,Bivalvia,Mussels,Background biomonitoring / Post-oil spill assessment,AMT-B-16-2-2-DUP,41,ng/g,dry,Calculated,Whole Body,4.420114000000000,4.420114,JB,87.67,AlphaAnalytics,,mussel,Prince William Sound Regional Citizens' Advisory Council Monitoring Program,Prince William Sound Regional Citizens' Advisory Council Monitoring Program,SCAK
PWSRCAC,LTEMP,2016,120.705607200000003,61.091670000000001,-146.405300000000011,Blue Mussel,Mytilus trossulus,mussel,Bivalvia,Mussels,Background biomonitoring / Post-oil spill assessment,AMT-B-16-2-3,41,ng/g,dry,Calculated,Whole Body,4.752636000000000,4.752636,JB,87.67,AlphaAnalytics,,mussel,Prince William Sound Regional Citizens' Advisory Council Monitoring Program,Prince William Sound Regional Citizens' Advisory Council Monitoring Program,SCAK
PWSRCAC,LTEMP,2017,39.725066800000000,61.091670000000001,-146.405300000000011,Blue Mussel,Mytilus trossulus,mussel,Bivalvia,Mussels,Background biomonitoring / Post-oil spill assessment,AMT-B-17-2-1,41,ng/g,dry,Calculated,Whole Body,1.889764000000000,1.889764,JB,84.76,AlphaAnalytics,,mussel,Prince William Sound Regional Citizens' Advisory Council Monitoring Program,Prince William Sound Regional Citizens' Advisory Council Monitoring Program,SCAK
PWSRCAC,LTEMP,2017,42.641005100000001,61.091670000000001,-146.405300000000011,Blue Mussel,Mytilus trossulus,mussel,Bivalvia,Mussels,Background biomonitoring / Post-oil spill assessment,AMT-B-17-2-2,41,ng/g,dry,Calculated,Whole Body,2.301650000000000,2.30165,JB,87.27,AlphaAnalytics,,mussel,Prince William Sound Regional Citizens' Advisory Council Monitoring Program,Prince William Sound Regional Citizens' Advisory Council Monitoring Program,SCAK
PWSRCAC,LTEMP,2017,41.988672100000002,61.091670000000001,-146.405300000000011,Blue Mussel,Mytilus trossulus,mussel,Bivalvia,Mussels,Background biomonitoring / Post-oil spill assessment,AMT-B-17-2-3,41,ng/g,dry,Calculated,Whole Body,2.220544000000000,2.220544,JB,86.76,AlphaAnalytics,,mussel,Prince William Sound Regional Citizens' Advisory Council Monitoring Program,Prince William Sound Regional Citizens' Advisory Council Monitoring Program,SCAK
PWSRCAC,LTEMP,2018,19.464285499999999,61.091670000000001,-146.405300000000011,Blue Mussel,Mytilus trossulus,mussel,Bivalvia,Mussels,Background biomonitoring / Post-oil spill assessment,AMT-B-18-2-1,41,ng/g,dry,Calculated,Whole Body,5.742857000000000,13.28571,JB,86,AlphaAnalytics,,mussel,Prince William Sound Regional Citizens' Advisory Council Monitoring Program,Prince William Sound Regional Citizens' Advisory Council Monitoring Program,SCAK
PWSRCAC,LTEMP,2018,35.408332399999999,61.091670000000001,-146.405300000000011,Blue Mussel,Mytilus trossulus,mussel,Bivalvia,Mussels,Background biomonitoring / Post-oil spill assessment,AMT-B-18-2-2,41,ng/g,dry,Calculated,Whole Body,6.016667000000000,14,JB,88,AlphaAnalytics,,mussel,Prince William Sound Regional Citizens' Advisory Council Monitoring Program,Prince William Sound Regional Citizens' Advisory Council Monitoring Program,SCAK
PWSRCAC,LTEMP,2018,27.839999700000000,61.091670000000001,-146.405300000000011,Blue Mussel,Mytilus trossulus,mussel,Bivalvia,Mussels,Background biomonitoring / Post-oil spill assessment,AMT-B-18-2-3,41,ng/g,dry,Calculated,Whole Body,5.593333000000000,12.93333,JB,85,AlphaAnalytics,,mussel,Prince William Sound Regional Citizens' Advisory Council Monitoring Program,Prince William Sound Regional Citizens' Advisory Council Monitoring Program,SCAK
PWSRCAC,LTEMP,2019,38.755555000000001,61.091670000000001,-146.405300000000011,Blue Mussel,Mytilus trossulus,mussel,Bivalvia,Mussels,Background biomonitoring / Post-oil spill assessment,AMT-B-19-2-1,41,ng/g,dry,Calculated,Whole Body,8.377777999999999,19.44444,JB,91,AlphaAnalytics,,mussel,Prince William Sound Regional Citizens' Advisory Council Monitoring Program,Prince William Sound Regional Citizens' Advisory Council Monitoring Program,SCAK
PWSRCAC,LTEMP,2019,38.366664600000000,61.091670000000001,-146.405300000000011,Blue Mussel,Mytilus trossulus,mussel,Bivalvia,Mussels,Background biomonitoring / Post-oil spill assessment,AMT-B-19-2-1-DUP,41,ng/g,dry,Calculated,Whole Body,7.177778000000000,16.66667,JB,91,AlphaAnalytics,,mussel,Prince William Sound Regional Citizens' Advisory Council Monitoring Program,Prince William Sound Regional Citizens' Advisory Council Monitoring Program,SCAK
PWSRCAC,LTEMP,2019,23.757142699999999,61.091670000000001,-146.405300000000011,Blue Mussel,Mytilus trossulus,mussel,Bivalvia,Mussels,Background biomonitoring / Post-oil spill assessment,AMT-B-19-2-2,41,ng/g,dry,Calculated,Whole Body,6.014286000000000,13.97143,JB,93,AlphaAnalytics,,mussel,Prince William Sound Regional Citizens' Advisory Council Monitoring Program,Prince William Sound Regional Citizens' Advisory Council Monitoring Program,SCAK
PWSRCAC,LTEMP,2019,36.283337000000003,61.091670000000001,-146.405300000000011,Blue Mussel,Mytilus trossulus,mussel,Bivalvia,Mussels,Background biomonitoring / Post-oil spill assessment,AMT-B-19-2-3,41,ng/g,dry,Calculated,Whole Body,7.000000000000000,16.23333,JB,94,AlphaAnalytics,,mussel,Prince William Sound Regional Citizens' Advisory Council Monitoring Program,Prince William Sound Regional Citizens' Advisory Council Monitoring Program,SCAK
PWSRCAC,LTEMP,2020,61.223072500000001,61.091670000000001,-146.405300000000011,Blue Mussel,Mytilus trossulus,mussel,Bivalvia,Mussels,Background biomonitoring / Post-oil spill assessment,AMT-B-20-2-1,41,ng/g,dry,Calculated,Whole Body,6.000000000000000,13.92308,JB,87,AlphaAnalytics,,mussel,Prince William Sound Regional Citizens' Advisory Council Monitoring Program,Prince William Sound Regional Citizens' Advisory Council Monitoring Program,SCAK
PWSRCAC,LTEMP,2020,62.338463800000000,61.091670000000001,-146.405300000000011,Blue Mussel,Mytilus trossulus,mussel,Bivalvia,Mussels,Background biomonitoring / Post-oil spill assessment,AMT-B-20-2-1-DUP,41,ng/g,dry,Calculated,Whole Body,6.423077000000000,14.92308,JB,87,AlphaAnalytics,,mussel,Prince William Sound Regional Citizens' Advisory Council Monitoring Program,Prince William Sound Regional Citizens' Advisory Council Monitoring Program,SCAK
PWSRCAC,LTEMP,2020,60.553847200000000,61.091670000000001,-146.405300000000011,Blue Mussel,Mytilus trossulus,mussel,Bivalvia,Mussels,Background biomonitoring / Post-oil spill assessment,AMT-B-20-2-2,41,ng/g,dry,Calculated,Whole Body,3.223077000000000,7.476923,JB,87,AlphaAnalytics,,mussel,Prince William Sound Regional Citizens' Advisory Council Monitoring Program,Prince William Sound Regional Citizens' Advisory Council Monitoring Program,SCAK
PWSRCAC,LTEMP,2020,50.658337600000003,61.091670000000001,-146.405300000000011,Blue Mussel,Mytilus trossulus,mussel,Bivalvia,Mussels,Background biomonitoring / Post-oil spill assessment,AMT-B-20-2-3,41,ng/g,dry,Calculated,Whole Body,3.483333000000000,8.083333,JB,88,AlphaAnalytics,,mussel,Prince William Sound Regional Citizens' Advisory Council Monitoring Program,Prince William Sound Regional Citizens' Advisory Council Monitoring Program,SCAK
PWSRCAC,LTEMP,2023,64.742000000000004,61.091670000000001,-146.405300000000011,Blue Mussel,Mytilus trossulus,mussel,Bivalvia,Mussels,Background biomonitoring / Post-oil spill assessment,AMT-B-23-1,41,ng/g,wet,Calculated,Whole Body,0.816000000000000,1.89,JB,0,AlphaAnalytics,,mussel,Prince William Sound Regional Citizens' Advisory Council Monitoring Program,Prince William Sound Regional Citizens' Advisory Council Monitoring Program,SCAK
PWSRCAC,LTEMP,2023,63.215000000000003,61.091670000000001,-146.405300000000011,Blue Mussel,Mytilus trossulus,mussel,Bivalvia,Mussels,Background biomonitoring / Post-oil spill assessment,AMT-B-23-2,41,ng/g,wet,Calculated,Whole Body,0.823000000000000,1.91,JB,0,AlphaAnalytics,,mussel,Prince William Sound Regional Citizens' Advisory Council Monitoring Program,Prince William Sound Regional Citizens' Advisory Council Monitoring Program,SCAK
PWSRCAC,LTEMP,2023,62.978999999999999,61.091670000000001,-146.405300000000011,Blue Mussel,Mytilus trossulus,mussel,Bivalvia,Mussels,Background biomonitoring / Post-oil spill assessment,AMT-B-23-3,41,ng/g,wet,Calculated,Whole Body,0.854000000000000,1.98,JB,0,AlphaAnalytics,,mussel,Prince William Sound Regional Citizens' Advisory Council Monitoring Program,Prince William Sound Regional Citizens' Advisory Council Monitoring Program,SCAK
PWSRCAC,LTEMP,2024,62.545999999999999,61.091670000000001,-146.405300000000011,Blue Mussel,Mytilus trossulus,mussel,Bivalvia,Mussels,Background biomonitoring / Post-oil spill assessment,AMT-B-24-1,41,ng/g,wet,Calculated,Whole Body,0.826000000000000,1.92,JB,0,AlphaAnalytics,,mussel,Prince William Sound Regional Citizens' Advisory Council Monitoring Program,Prince William Sound Regional Citizens' Advisory Council Monitoring Program,SCAK
PWSRCAC,LTEMP,2024,71.292000000000002,61.091670000000001,-146.405300000000011,Blue Mussel,Mytilus trossulus,mussel,Bivalvia,Mussels,Background biomonitoring / Post-oil spill assessment,AMT-B-24-2,41,ng/g,wet,Calculated,Whole Body,0.847000000000000,1.96,JB,0,AlphaAnalytics,,mussel,Prince William Sound Regional Citizens' Advisory Council Monitoring Program,Prince William Sound Regional Citizens' Advisory Council Monitoring Program,SCAK
PWSRCAC,LTEMP,2024,67.596999999999994,61.091670000000001,-146.405300000000011,Blue Mussel,Mytilus trossulus,mussel,Bivalvia,Mussels,Background biomonitoring / Post-oil spill assessment,AMT-B-24-3,41,ng/g,wet,Calculated,Whole Body,0.847000000000000,1.96,JB,0,AlphaAnalytics,,mussel,Prince William Sound Regional Citizens' Advisory Council Monitoring Program,Prince William Sound Regional Citizens' Advisory Council Monitoring Program,SCAK
NCCOS,Kachemak Bay Bioeffects,2009,157.504999999999995,59.207149999999999,-151.815120000000007,Blue Mussel,Mytilus edulis,mussel,Bivalvia,Mussels,Background biomonitoring,BA2009CICBME,40,ng/g,dry,Calculated,Other,,,,,,,mussel,NOAA Kachemak Bay Bioeffects,NOAA Regional Studies,SCAK
NCCOS,Kachemak Bay Bioeffects,2009,455.661999999999978,59.423549999999999,-151.311180000000007,Blue Mussel,Mytilus edulis,mussel,Bivalvia,Mussels,Background biomonitoring,BA2009KBTBME,40,ng/g,dry,Calculated,Other,,,,,,,mussel,NOAA Kachemak Bay Bioeffects,NOAA Regional Studies,SCAK
NCCOS,Alaska Arctic Study,2015,113.561000000000007,70.852950000000007,-158.950150000000008,Arctic Flounder,Pleuronectes glacialis,flatfish,Chordata (Actinopterygii),Fish,Background biomonitoring,BA2015AKC-15-018-1AF,42,ng/g,dry,Calculated,Other,,,Below the MDL,,,,flatfish,NOAA Alaska Arctic Study,NOAA Regional Studies,North
NCCOS,Alaska Arctic Study,2015,52.646999999999998,70.852950000000007,-158.950150000000008,Arctic Flounder,Pleuronectes glacialis,flatfish,Chordata (Actinopterygii),Fish,Background biomonitoring,BA2015AKC-15-018-2AF,42,ng/g,dry,Calculated,Other,,,Not detected,,,,flatfish,NOAA Alaska Arctic Study,NOAA Regional Studies,North
NCCOS,Alaska Arctic Study,2015,98.869000000000000,70.905259999999998,-154.524769999999990,Arctic Cod,Boreogadus saida,forage fish,Chordata (Actinopterygii),Fish,Background biomonitoring,BA2015AKC-15-120-1AC,42,ng/g,dry,Calculated,Other,,,,,,,forage fish,NOAA Alaska Arctic Study,NOAA Regional Studies,North
NCCOS,Alaska Arctic Study,2015,94.186999999999998,70.905259999999998,-154.524769999999990,Arctic Cod,Boreogadus saida,forage fish,Chordata (Actinopterygii),Fish,Background biomonitoring,BA2015AKC-15-120-2AC,42,ng/g,dry,Calculated,Other,,,Below the MDL,,,,forage fish,NOAA Alaska Arctic Study,NOAA Regional Studies,North
ERM,ERM NorthSlope Subsistence Study 2014 2015,2014,0.000000000000000,70.478149999999999,-150.778480000000002,Broad Whitefish,Coregonus nasus,anadromous/freshwater fish,Chordata (Actinopterygii),Fish,Background biomonitoring,BDWF-2014-01,14,ng/g,wet,Calculated,Whole Body,,,,,,,anadromous/freshwater fish,NorthSlope Subsistence Study,NorthSlope Subsistence Study,North
ERM,ERM NorthSlope Subsistence Study 2014 2015,2014,0.000000000000000,70.478149999999999,-150.778480000000002,Broad Whitefish,Coregonus nasus,anadromous/freshwater fish,Chordata (Actinopterygii),Fish,Background biomonitoring,BDWF-2014-02,14,ng/g,wet,Calculated,Whole Body,,,,,,,anadromous/freshwater fish,NorthSlope Subsistence Study,NorthSlope Subsistence Study,North
ERM,ERM NorthSlope Subsistence Study 2014 2015,2014,0.000000000000000,70.478149999999999,-150.778480000000002,Broad Whitefish,Coregonus nasus,anadromous/freshwater fish,Chordata (Actinopterygii),Fish,Background biomonitoring,BDWF-2014-03,14,ng/g,wet,Calculated,Whole Body,,,,,,,anadromous/freshwater fish,NorthSlope Subsistence Study,NorthSlope Subsistence Study,North
ERM,ERM NorthSlope Subsistence Study 2014 2015,2014,0.000000000000000,70.478149999999999,-150.778480000000002,Broad Whitefish,Coregonus nasus,anadromous/freshwater fish,Chordata (Actinopterygii),Fish,Background biomonitoring,BDWF-2014-04,14,ng/g,wet,Calculated,Whole Body,,,,,,,anadromous/freshwater fish,NorthSlope Subsistence Study,NorthSlope Subsistence Study,North
ERM,ERM NorthSlope Subsistence Study 2014 2015,2014,0.000000000000000,70.478149999999999,-150.778480000000002,Broad Whitefish,Coregonus nasus,anadromous/freshwater fish,Chordata (Actinopterygii),Fish,Background biomonitoring,BDWF-2014-05,14,ng/g,wet,Calculated,Whole Body,,,,,,,anadromous/freshwater fish,NorthSlope Subsistence Study,NorthSlope Subsistence Study,North
ERM,ERM NorthSlope Subsistence Study 2014 2015,2014,0.000000000000000,70.478149999999999,-150.778480000000002,Broad Whitefish,Coregonus nasus,anadromous/freshwater fish,Chordata (Actinopterygii),Fish,Background biomonitoring,BDWF-2014-06,14,ng/g,wet,Calculated,Whole Body,,,,,,,anadromous/freshwater fish,NorthSlope Subsistence Study,NorthSlope Subsistence Study,North
ERM,ERM NorthSlope Subsistence Study 2014 2015,2014,0.000000000000000,70.478149999999999,-150.778480000000002,Broad Whitefish,Coregonus nasus,anadromous/freshwater fish,Chordata (Actinopterygii),Fish,Background biomonitoring,BDWF-2014-07,14,ng/g,wet,Calculated,Whole Body,,,,,,,anadromous/freshwater fish,NorthSlope Subsistence Study,NorthSlope Subsistence Study,North
ERM,ERM NorthSlope Subsistence Study 2014 2015,2014,0.000000000000000,70.478149999999999,-150.778480000000002,Broad Whitefish,Coregonus nasus,anadromous/freshwater fish,Chordata (Actinopterygii),Fish,Background biomonitoring,BDWF-2014-08,14,ng/g,wet,Calculated,Whole Body,,,,,,,anadromous/freshwater fish,NorthSlope Subsistence Study,NorthSlope Subsistence Study,North
ERM,ERM NorthSlope Subsistence Study 2014 2015,2014,0.000000000000000,70.478149999999999,-150.778480000000002,Broad Whitefish,Coregonus nasus,anadromous/freshwater fish,Chordata (Actinopterygii),Fish,Background biomonitoring,BDWF-2014-09,14,ng/g,wet,Calculated,Whole Body,,,,,,,anadromous/freshwater fish,NorthSlope Subsistence Study,NorthSlope Subsistence Study,North
ERM,ERM NorthSlope Subsistence Study 2014 2015,2014,0.000000000000000,70.478149999999999,-150.778480000000002,Broad Whitefish,Coregonus nasus,anadromous/freshwater fish,Chordata (Actinopterygii),Fish,Background biomonitoring,BDWF-2014-10,14,ng/g,wet,Calculated,Whole Body,,,,,,,anadromous/freshwater fish,NorthSlope Subsistence Study,NorthSlope Subsistence Study,North
ERM,ERM NorthSlope Subsistence Study 2014 2015,2014,0.000000000000000,70.478149999999999,-150.778480000000002,Broad Whitefish,Coregonus nasus,anadromous/freshwater fish,Chordata (Actinopterygii),Fish,Background biomonitoring,BDWF-2014-11,14,ng/g,wet,Calculated,Whole Body,,,,,,,anadromous/freshwater fish,NorthSlope Subsistence Study,NorthSlope Subsistence Study,North
ERM,ERM NorthSlope Subsistence Study 2014 2015,2014,0.000000000000000,70.478149999999999,-150.778480000000002,Broad Whitefish,Coregonus nasus,anadromous/freshwater fish,Chordata (Actinopterygii),Fish,Background biomonitoring,BDWF-2014-12,14,ng/g,wet,Calculated,Whole Body,,,,,,,anadromous/freshwater fish,NorthSlope Subsistence Study,NorthSlope Subsistence Study,North
ERM,ERM NorthSlope Subsistence Study 2014 2015,2014,0.000000000000000,70.478149999999999,-150.778480000000002,Broad Whitefish,Coregonus nasus,anadromous/freshwater fish,Chordata (Actinopterygii),Fish,Background biomonitoring,BDWF-2014-13,14,ng/g,wet,Calculated,Whole Body,,,,,,,anadromous/freshwater fish,NorthSlope Subsistence Study,NorthSlope Subsistence Study,North
ERM,ERM NorthSlope Subsistence Study 2014 2015,2014,0.000000000000000,70.478149999999999,-150.778480000000002,Broad Whitefish,Coregonus nasus,anadromous/freshwater fish,Chordata (Actinopterygii),Fish,Background biomonitoring,BDWF-2014-14,14,ng/g,wet,Calculated,Whole Body,,,,,,,anadromous/freshwater fish,NorthSlope Subsistence Study,NorthSlope Subsistence Study,North
ERM,ERM NorthSlope Subsistence Study 2014 2015,2014,0.000000000000000,70.478149999999999,-150.778480000000002,Broad Whitefish,Coregonus nasus,anadromous/freshwater fish,Chordata (Actinopterygii),Fish,Background biomonitoring,BDWF-2014-15,14,ng/g,wet,Calculated,Whole Body,,,,,,,anadromous/freshwater fish,NorthSlope Subsistence Study,NorthSlope Subsistence Study,North
ERM,ERM NorthSlope Subsistence Study 2014 2015,2014,0.000000000000000,70.478149999999999,-150.778480000000002,Broad Whitefish,Coregonus nasus,anadromous/freshwater fish,Chordata (Actinopterygii),Fish,Background biomonitoring,BDWF-2014-16,14,ng/g,wet,Calculated,Whole Body,,,,,,,anadromous/freshwater fish,NorthSlope Subsistence Study,NorthSlope Subsistence Study,North
ERM,ERM NorthSlope Subsistence Study 2014 2015,2014,0.000000000000000,70.478149999999999,-150.778480000000002,Broad Whitefish,Coregonus nasus,anadromous/freshwater fish,Chordata (Actinopterygii),Fish,Background biomonitoring,BDWF-2014-17,14,ng/g,wet,Calculated,Whole Body,,,,,,,anadromous/freshwater fish,NorthSlope Subsistence Study,NorthSlope Subsistence Study,North
ERM,ERM NorthSlope Subsistence Study 2014 2015,2014,0.000000000000000,70.478149999999999,-150.778480000000002,Broad Whitefish,Coregonus nasus,anadromous/freshwater fish,Chordata (Actinopterygii),Fish,Background biomonitoring,BDWF-2014-18,14,ng/g,wet,Calculated,Whole Body,,,,,,,anadromous/freshwater fish,NorthSlope Subsistence Study,NorthSlope Subsistence Study,North
ERM,ERM NorthSlope Subsistence Study 2014 2015,2014,0.000000000000000,70.478149999999999,-150.778480000000002,Broad Whitefish,Coregonus nasus,anadromous/freshwater fish,Chordata (Actinopterygii),Fish,Background biomonitoring,BDWF-2014-19,14,ng/g,wet,Calculated,Whole Body,,,,,,,anadromous/freshwater fish,NorthSlope Subsistence Study,NorthSlope Subsistence Study,North
ERM,ERM NorthSlope Subsistence Study 2014 2015,2014,0.000000000000000,70.478149999999999,-150.778480000000002,Broad Whitefish,Coregonus nasus,anadromous/freshwater fish,Chordata (Actinopterygii),Fish,Background biomonitoring,BDWF-2014-20,14,ng/g,wet,Calculated,Whole Body,,,,,,,anadromous/freshwater fish,NorthSlope Subsistence Study,NorthSlope Subsistence Study,North
ERM,ERM NorthSlope Subsistence Study 2014 2015,2015,0.000000000000000,70.478149999999999,-150.778480000000002,Broad Whitefish,Coregonus nasus,anadromous/freshwater fish,Chordata (Actinopterygii),Fish,Background biomonitoring,BDWF-2015-01,17,ng/g,wet,Calculated,Whole Body,,,,,,,anadromous/freshwater fish,NorthSlope Subsistence Study,NorthSlope Subsistence Study,North
ERM,ERM NorthSlope Subsistence Study 2014 2015,2015,0.000000000000000,70.478149999999999,-150.778480000000002,Broad Whitefish,Coregonus nasus,anadromous/freshwater fish,Chordata (Actinopterygii),Fish,Background biomonitoring,BDWF-2015-02,17,ng/g,wet,Calculated,Whole Body,,,,,,,anadromous/freshwater fish,NorthSlope Subsistence Study,NorthSlope Subsistence Study,North
ERM,ERM NorthSlope Subsistence Study 2014 2015,2015,0.000000000000000,70.478149999999999,-150.778480000000002,Broad Whitefish,Coregonus nasus,anadromous/freshwater fish,Chordata (Actinopterygii),Fish,Background biomonitoring,BDWF-2015-03,17,ng/g,wet,Calculated,Whole Body,,,,,,,anadromous/freshwater fish,NorthSlope Subsistence Study,NorthSlope Subsistence Study,North
ERM,ERM NorthSlope Subsistence Study 2014 2015,2015,0.000000000000000,70.478149999999999,-150.778480000000002,Broad Whitefish,Coregonus nasus,anadromous/freshwater fish,Chordata (Actinopterygii),Fish,Background biomonitoring,BDWF-2015-04,17,ng/g,wet,Calculated,Whole Body,,,,,,,anadromous/freshwater fish,NorthSlope Subsistence Study,NorthSlope Subsistence Study,North
ERM,ERM NorthSlope Subsistence Study 2014 2015,2015,0.000000000000000,70.478149999999999,-150.778480000000002,Broad Whitefish,Coregonus nasus,anadromous/freshwater fish,Chordata (Actinopterygii),Fish,Background biomonitoring,BDWF-2015-05,17,ng/g,wet,Calculated,Whole Body,,,,,,,anadromous/freshwater fish,NorthSlope Subsistence Study,NorthSlope Subsistence Study,North
ERM,ERM NorthSlope Subsistence Study 2014 2015,2015,0.000000000000000,70.478149999999999,-150.778480000000002,Broad Whitefish,Coregonus nasus,anadromous/freshwater fish,Chordata (Actinopterygii),Fish,Background biomonitoring,BDWF-2015-06,17,ng/g,wet,Calculated,Whole Body,,,,,,,anadromous/freshwater fish,NorthSlope Subsistence Study,NorthSlope Subsistence Study,North
ERM,ERM NorthSlope Subsistence Study 2014 2015,2015,0.000000000000000,70.478149999999999,-150.778480000000002,Broad Whitefish,Coregonus nasus,anadromous/freshwater fish,Chordata (Actinopterygii),Fish,Background biomonitoring,BDWF-2015-07,17,ng/g,wet,Calculated,Whole Body,,,,,,,anadromous/freshwater fish,NorthSlope Subsistence Study,NorthSlope Subsistence Study,North
ERM,ERM NorthSlope Subsistence Study 2014 2015,2015,0.000000000000000,70.478149999999999,-150.778480000000002,Broad Whitefish,Coregonus nasus,anadromous/freshwater fish,Chordata (Actinopterygii),Fish,Background biomonitoring,BDWF-2015-08,17,ng/g,wet,Calculated,Whole Body,,,,,,,anadromous/freshwater fish,NorthSlope Subsistence Study,NorthSlope Subsistence Study,North
ERM,ERM NorthSlope Subsistence Study 2014 2015,2015,0.000000000000000,70.478149999999999,-150.778480000000002,Broad Whitefish,Coregonus nasus,anadromous/freshwater fish,Chordata (Actinopterygii),Fish,Background biomonitoring,BDWF-2015-09,17,ng/g,wet,Calculated,Whole Body,,,,,,,anadromous/freshwater fish,NorthSlope Subsistence Study,NorthSlope Subsistence Study,North
ERM,ERM NorthSlope Subsistence Study 2014 2015,2015,0.000000000000000,70.478149999999999,-150.778480000000002,Broad Whitefish,Coregonus nasus,anadromous/freshwater fish,Chordata (Actinopterygii),Fish,Background biomonitoring,BDWF-2015-10,17,ng/g,wet,Calculated,Whole Body,,,,,,,anadromous/freshwater fish,NorthSlope Subsistence Study,NorthSlope Subsistence Study,North
ERM,ERM NorthSlope Subsistence Study 2014 2015,2015,0.000000000000000,70.478149999999999,-150.778480000000002,Broad Whitefish,Coregonus nasus,anadromous/freshwater fish,Chordata (Actinopterygii),Fish,Background biomonitoring,BDWF-2015-11,17,ng/g,wet,Calculated,Whole Body,,,,,,,anadromous/freshwater fish,NorthSlope Subsistence Study,NorthSlope Subsistence Study,North
ERM,ERM NorthSlope Subsistence Study 2014 2015,2015,0.000000000000000,70.478149999999999,-150.778480000000002,Broad Whitefish,Coregonus nasus,anadromous/freshwater fish,Chordata (Actinopterygii),Fish,Background biomonitoring,BDWF-2015-12,17,ng/g,wet,Calculated,Whole Body,,,,,,,anadromous/freshwater fish,NorthSlope Subsistence Study,NorthSlope Subsistence Study,North
ERM,ERM NorthSlope Subsistence Study 2014 2015,2015,0.000000000000000,70.478149999999999,-150.778480000000002,Broad Whitefish,Coregonus nasus,anadromous/freshwater fish,Chordata (Actinopterygii),Fish,Background biomonitoring,BDWF-2015-13,17,ng/g,wet,Calculated,Whole Body,,,,,,,anadromous/freshwater fish,NorthSlope Subsistence Study,NorthSlope Subsistence Study,North
ERM,ERM NorthSlope Subsistence Study 2014 2015,2015,0.000000000000000,70.478149999999999,-150.778480000000002,Broad Whitefish,Coregonus nasus,anadromous/freshwater fish,Chordata (Actinopterygii),Fish,Background biomonitoring,BDWF-2015-14,17,ng/g,wet,Calculated,Whole Body,,,,,,,anadromous/freshwater fish,NorthSlope Subsistence Study,NorthSlope Subsistence Study,North
ERM,ERM NorthSlope Subsistence Study 2014 2015,2015,0.000000000000000,70.478149999999999,-150.778480000000002,Broad Whitefish,Coregonus nasus,anadromous/freshwater fish,Chordata (Actinopterygii),Fish,Background biomonitoring,BDWF-2015-15,17,ng/g,wet,Calculated,Whole Body,,,,,,,anadromous/freshwater fish,NorthSlope Subsistence Study,NorthSlope Subsistence Study,North
ERM,ERM NorthSlope Subsistence Study 2014 2015,2015,0.000000000000000,70.478149999999999,-150.778480000000002,Broad Whitefish,Coregonus nasus,anadromous/freshwater fish,Chordata (Actinopterygii),Fish,Background biomonitoring,BDWF-2015-16,17,ng/g,wet,Calculated,Whole Body,,,,,,,anadromous/freshwater fish,NorthSlope Subsistence Study,NorthSlope Subsistence Study,North
ERM,ERM NorthSlope Subsistence Study 2014 2015,2015,0.000000000000000,70.478149999999999,-150.778480000000002,Broad Whitefish,Coregonus nasus,anadromous/freshwater fish,Chordata (Actinopterygii),Fish,Background biomonitoring,BDWF-2015-17,17,ng/g,wet,Calculated,Whole Body,,,,,,,anadromous/freshwater fish,NorthSlope Subsistence Study,NorthSlope Subsistence Study,North
ERM,ERM NorthSlope Subsistence Study 2014 2015,2015,0.000000000000000,70.478149999999999,-150.778480000000002,Broad Whitefish,Coregonus nasus,anadromous/freshwater fish,Chordata (Actinopterygii),Fish,Background biomonitoring,BDWF-2015-18,17,ng/g,wet,Calculated,Whole Body,,,,,,,anadromous/freshwater fish,NorthSlope Subsistence Study,NorthSlope Subsistence Study,North
ERM,ERM NorthSlope Subsistence Study 2014 2015,2015,0.000000000000000,70.478149999999999,-150.778480000000002,Broad Whitefish,Coregonus nasus,anadromous/freshwater fish,Chordata (Actinopterygii),Fish,Background biomonitoring,BDWF-2015-19,17,ng/g,wet,Calculated,Whole Body,,,,,,,anadromous/freshwater fish,NorthSlope Subsistence Study,NorthSlope Subsistence Study,North
ERM,ERM NorthSlope Subsistence Study 2014 2015,2015,0.000000000000000,70.478149999999999,-150.778480000000002,Broad Whitefish,Coregonus nasus,anadromous/freshwater fish,Chordata (Actinopterygii),Fish,Background biomonitoring,BDWF-2015-20,17,ng/g,wet,Calculated,Whole Body,,,,,,,anadromous/freshwater fish,NorthSlope Subsistence Study,NorthSlope Subsistence Study,North
ERM,ERM NorthSlope Subsistence Study 2014 2015,2015,0.000000000000000,70.478149999999999,-150.778480000000002,Broad Whitefish,Coregonus nasus,anadromous/freshwater fish,Chordata (Actinopterygii),Fish,Background biomonitoring,BDWF-2015-21,17,ng/g,wet,Calculated,Whole Body,,,,,,,anadromous/freshwater fish,NorthSlope Subsistence Study,NorthSlope Subsistence Study,North
ERM,ERM NorthSlope Subsistence Study 2014 2015,2015,0.000000000000000,70.478149999999999,-150.778480000000002,Broad Whitefish,Coregonus nasus,anadromous/freshwater fish,Chordata (Actinopterygii),Fish,Background biomonitoring,BDWF-2015-22,17,ng/g,wet,Calculated,Whole Body,,,,,,,anadromous/freshwater fish,NorthSlope Subsistence Study,NorthSlope Subsistence Study,North
ERM,ERM NorthSlope Subsistence Study 2014 2015,2015,0.000000000000000,70.478149999999999,-150.778480000000002,Broad Whitefish,Coregonus nasus,anadromous/freshwater fish,Chordata (Actinopterygii),Fish,Background biomonitoring,BDWF-2015-23,17,ng/g,wet,Calculated,Whole Body,,,,,,,anadromous/freshwater fish,NorthSlope Subsistence Study,NorthSlope Subsistence Study,North
ERM,ERM NorthSlope Subsistence Study 2014 2015,2015,0.000000000000000,70.478149999999999,-150.778480000000002,Broad Whitefish,Coregonus nasus,anadromous/freshwater fish,Chordata (Actinopterygii),Fish,Background biomonitoring,BDWF-2015-24,17,ng/g,wet,Calculated,Whole Body,,,,,,,anadromous/freshwater fish,NorthSlope Subsistence Study,NorthSlope Subsistence Study,North
ERM,ERM NorthSlope Subsistence Study 2014 2015,2015,0.000000000000000,70.478149999999999,-150.778480000000002,Broad Whitefish,Coregonus nasus,anadromous/freshwater fish,Chordata (Actinopterygii),Fish,Background biomonitoring,BDWF-2015-25,17,ng/g,wet,Calculated,Whole Body,,,,,,,anadromous/freshwater fish,NorthSlope Subsistence Study,NorthSlope Subsistence Study,North
ERM,ERM NorthSlope Subsistence Study 2014 2015,2015,0.000000000000000,70.478149999999999,-150.778480000000002,Broad Whitefish,Coregonus nasus,anadromous/freshwater fish,Chordata (Actinopterygii),Fish,Background biomonitoring,BDWF-2015-26,17,ng/g,wet,Calculated,Whole Body,,,,,,,anadromous/freshwater fish,NorthSlope Subsistence Study,NorthSlope Subsistence Study,North
ERM,ERM NorthSlope Subsistence Study 2014 2015,2015,0.000000000000000,70.478149999999999,-150.778480000000002,Broad Whitefish,Coregonus nasus,anadromous/freshwater fish,Chordata (Actinopterygii),Fish,Background biomonitoring,BDWF-2015-27,17,ng/g,wet,Calculated,Whole Body,,,,,,,anadromous/freshwater fish,NorthSlope Subsistence Study,NorthSlope Subsistence Study,North
ERM,ERM NorthSlope Subsistence Study 2014 2015,2015,0.000000000000000,70.478149999999999,-150.778480000000002,Broad Whitefish,Coregonus nasus,anadromous/freshwater fish,Chordata (Actinopterygii),Fish,Background biomonitoring,BDWF-2015-28,17,ng/g,wet,Calculated,Whole Body,,,,,,,anadromous/freshwater fish,NorthSlope Subsistence Study,NorthSlope Subsistence Study,North
ERM,ERM NorthSlope Subsistence Study 2014 2015,2015,0.000000000000000,70.478149999999999,-150.778480000000002,Broad Whitefish,Coregonus nasus,anadromous/freshwater fish,Chordata (Actinopterygii),Fish,Background biomonitoring,BDWF-2015-29,17,ng/g,wet,Calculated,Whole Body,,,,,,,anadromous/freshwater fish,NorthSlope Subsistence Study,NorthSlope Subsistence Study,North
ERM,ERM NorthSlope Subsistence Study 2014 2015,2015,0.000000000000000,70.478149999999999,-150.778480000000002,Broad Whitefish,Coregonus nasus,anadromous/freshwater fish,Chordata (Actinopterygii),Fish,Background biomonitoring,BDWF-2015-30,17,ng/g,wet,Calculated,Whole Body,,,,,,,anadromous/freshwater fish,NorthSlope Subsistence Study,NorthSlope Subsistence Study,North
PWSRCAC,LTEMP,2005,24.190000000000001,60.351019999999998,-146.665600000000012,Blue Mussel,Mytilus trossulus,mussel,Bivalvia,Mussels,Background biomonitoring / Post-oil spill assessment,COH-B-05-2-1,39,ng/g,dry,Calculated,Whole Body,5.700000000000000,,b,,AlphaAnalytics,,mussel,Prince William Sound Regional Citizens' Advisory Council Monitoring Program,Prince William Sound Regional Citizens' Advisory Council Monitoring Program,SCAK
PWSRCAC,LTEMP,2005,37.530000000000001,60.351019999999998,-146.665600000000012,Blue Mussel,Mytilus trossulus,mussel,Bivalvia,Mussels,Background biomonitoring / Post-oil spill assessment,COH-B-05-2-2,39,ng/g,dry,Calculated,Whole Body,6.000000000000000,,b,,AlphaAnalytics,,mussel,Prince William Sound Regional Citizens' Advisory Council Monitoring Program,Prince William Sound Regional Citizens' Advisory Council Monitoring Program,SCAK
PWSRCAC,LTEMP,2005,29.270000000000000,60.351019999999998,-146.665600000000012,Blue Mussel,Mytilus trossulus,mussel,Bivalvia,Mussels,Background biomonitoring / Post-oil spill assessment,COH-B-05-2-3,39,ng/g,dry,Calculated,Whole Body,5.920000000000000,,b,,AlphaAnalytics,,mussel,Prince William Sound Regional Citizens' Advisory Council Monitoring Program,Prince William Sound Regional Citizens' Advisory Council Monitoring Program,SCAK
PWSRCAC,LTEMP,2006,18.180000000000000,60.351019999999998,-146.665600000000012,Blue Mussel,Mytilus trossulus,mussel,Bivalvia,Mussels,Background biomonitoring / Post-oil spill assessment,COH-B-06-1-1,39,ng/g,dry,Calculated,Whole Body,4.380000000000000,,b,,AlphaAnalytics,,mussel,Prince William Sound Regional Citizens' Advisory Council Monitoring Program,Prince William Sound Regional Citizens' Advisory Council Monitoring Program,SCAK
PWSRCAC,LTEMP,2006,22.199999999999999,60.351019999999998,-146.665600000000012,Blue Mussel,Mytilus trossulus,mussel,Bivalvia,Mussels,Background biomonitoring / Post-oil spill assessment,COH-B-06-1-2,39,ng/g,dry,Calculated,Whole Body,4.470000000000000,,b,,AlphaAnalytics,,mussel,Prince William Sound Regional Citizens' Advisory Council Monitoring Program,Prince William Sound Regional Citizens' Advisory Council Monitoring Program,SCAK
PWSRCAC,LTEMP,2006,22.090000000000000,60.351019999999998,-146.665600000000012,Blue Mussel,Mytilus trossulus,mussel,Bivalvia,Mussels,Background biomonitoring / Post-oil spill assessment,COH-B-06-1-3,39,ng/g,dry,Calculated,Whole Body,4.380000000000000,,b,,AlphaAnalytics,,mussel,Prince William Sound Regional Citizens' Advisory Council Monitoring Program,Prince William Sound Regional Citizens' Advisory Council Monitoring Program,SCAK
PWSRCAC,LTEMP,2006,26.010885699999999,60.351019999999998,-146.665600000000012,Blue Mussel,Mytilus trossulus,mussel,Bivalvia,Mussels,Background biomonitoring / Post-oil spill assessment,COH-B-06-2-1,38,ng/g,dry,Calculated,Whole Body,4.342857000000000,,,,AlphaAnalytics,,mussel,Prince William Sound Regional Citizens' Advisory Council Monitoring Program,Prince William Sound Regional Citizens' Advisory Council Monitoring Program,SCAK
PWSRCAC,LTEMP,2006,36.651732029999998,60.351019999999998,-146.665600000000012,Blue Mussel,Mytilus trossulus,mussel,Bivalvia,Mussels,Background biomonitoring / Post-oil spill assessment,COH-B-06-2-2,38,ng/g,dry,Calculated,Whole Body,4.145455000000000,,,,AlphaAnalytics,,mussel,Prince William Sound Regional Citizens' Advisory Council Monitoring Program,Prince William Sound Regional Citizens' Advisory Council Monitoring Program,SCAK
PWSRCAC,LTEMP,2006,36.202692499999998,60.351019999999998,-146.665600000000012,Blue Mussel,Mytilus trossulus,mussel,Bivalvia,Mussels,Background biomonitoring / Post-oil spill assessment,COH-B-06-2-3,38,ng/g,dry,Calculated,Whole Body,4.301887000000000,,,,AlphaAnalytics,,mussel,Prince William Sound Regional Citizens' Advisory Council Monitoring Program,Prince William Sound Regional Citizens' Advisory Council Monitoring Program,SCAK
PWSRCAC,LTEMP,2007,25.420648300000000,60.351019999999998,-146.665600000000012,Blue Mussel,Mytilus trossulus,mussel,Bivalvia,Mussels,Background biomonitoring / Post-oil spill assessment,COH-B-07-2-1,38,ng/g,dry,Calculated,Whole Body,5.493976000000000,,,,AlphaAnalytics,,mussel,Prince William Sound Regional Citizens' Advisory Council Monitoring Program,Prince William Sound Regional Citizens' Advisory Council Monitoring Program,SCAK
PWSRCAC,LTEMP,2007,27.226792379999999,60.351019999999998,-146.665600000000012,Blue Mussel,Mytilus trossulus,mussel,Bivalvia,Mussels,Background biomonitoring / Post-oil spill assessment,COH-B-07-2-2,38,ng/g,dry,Calculated,Whole Body,5.302326000000000,,,,AlphaAnalytics,,mussel,Prince William Sound Regional Citizens' Advisory Council Monitoring Program,Prince William Sound Regional Citizens' Advisory Council Monitoring Program,SCAK
PWSRCAC,LTEMP,2007,22.758890030000000,60.351019999999998,-146.665600000000012,Blue Mussel,Mytilus trossulus,mussel,Bivalvia,Mussels,Background biomonitoring / Post-oil spill assessment,COH-B-07-2-3,38,ng/g,dry,Calculated,Whole Body,6.333333000000000,,,,AlphaAnalytics,,mussel,Prince William Sound Regional Citizens' Advisory Council Monitoring Program,Prince William Sound Regional Citizens' Advisory Council Monitoring Program,SCAK
PWSRCAC,LTEMP,2002,53.380467140000000,60.498609999999999,-147.658600000000007,Blue Mussel,Mytilus trossulus,mussel,Bivalvia,Mussels,Background biomonitoring / Post-oil spill assessment,DII-B-02-2-1,37,ng/g,dry,Calculated,Whole Body,28.148150000000001,,BD,,AlphaAnalytics,,mussel,Prince William Sound Regional Citizens' Advisory Council Monitoring Program,Prince William Sound Regional Citizens' Advisory Council Monitoring Program,SCAK
PWSRCAC,LTEMP,2002,35.810001800000002,60.498609999999999,-147.658600000000007,Blue Mussel,Mytilus trossulus,mussel,Bivalvia,Mussels,Background biomonitoring / Post-oil spill assessment,DII-B-02-2-2,37,ng/g,dry,Calculated,Whole Body,26.511630000000000,,BD,,AlphaAnalytics,,mussel,Prince William Sound Regional Citizens' Advisory Council Monitoring Program,Prince William Sound Regional Citizens' Advisory Council Monitoring Program,SCAK
PWSRCAC,LTEMP,2002,43.154977600000002,60.498609999999999,-147.658600000000007,Blue Mussel,Mytilus trossulus,mussel,Bivalvia,Mussels,Background biomonitoring / Post-oil spill assessment,DII-B-02-2-3,37,ng/g,dry,Calculated,Whole Body,24.255320000000001,,BD,,AlphaAnalytics,,mussel,Prince William Sound Regional Citizens' Advisory Council Monitoring Program,Prince William Sound Regional Citizens' Advisory Council Monitoring Program,SCAK
PWSRCAC,LTEMP,2003,13.404953400000000,60.498609999999999,-147.658600000000007,Blue Mussel,Mytilus trossulus,mussel,Bivalvia,Mussels,Background biomonitoring / Post-oil spill assessment,DII-B-03-1-1,37,ng/g,dry,Calculated,Whole Body,30.399999999999999,,BD,,AlphaAnalytics,,mussel,Prince William Sound Regional Citizens' Advisory Council Monitoring Program,Prince William Sound Regional Citizens' Advisory Council Monitoring Program,SCAK
PWSRCAC,LTEMP,2003,16.547377500000000,60.498609999999999,-147.658600000000007,Blue Mussel,Mytilus trossulus,mussel,Bivalvia,Mussels,Background biomonitoring / Post-oil spill assessment,DII-B-03-1-2,37,ng/g,dry,Calculated,Whole Body,28.148150000000001,,BD,,AlphaAnalytics,,mussel,Prince William Sound Regional Citizens' Advisory Council Monitoring Program,Prince William Sound Regional Citizens' Advisory Council Monitoring Program,SCAK
PWSRCAC,LTEMP,2003,25.109897499999999,60.498609999999999,-147.658600000000007,Blue Mussel,Mytilus trossulus,mussel,Bivalvia,Mussels,Background biomonitoring / Post-oil spill assessment,DII-B-03-1-2D,37,ng/g,dry,Calculated,Whole Body,28.500000000000000,,BD,,AlphaAnalytics,,mussel,Prince William Sound Regional Citizens' Advisory Council Monitoring Program,Prince William Sound Regional Citizens' Advisory Council Monitoring Program,SCAK
PWSRCAC,LTEMP,2003,23.386389699999999,60.498609999999999,-147.658600000000007,Blue Mussel,Mytilus trossulus,mussel,Bivalvia,Mussels,Background biomonitoring / Post-oil spill assessment,DII-B-03-1-3,37,ng/g,dry,Calculated,Whole Body,34.545450000000002,,BD,,AlphaAnalytics,,mussel,Prince William Sound Regional Citizens' Advisory Council Monitoring Program,Prince William Sound Regional Citizens' Advisory Council Monitoring Program,SCAK
PWSRCAC,LTEMP,2003,8.080000000000000,60.498609999999999,-147.658600000000007,Blue Mussel,Mytilus trossulus,mussel,Bivalvia,Mussels,Background biomonitoring / Post-oil spill assessment,DII-B-03-2-1,39,ng/g,dry,Calculated,Whole Body,6.420000000000000,,b,,AlphaAnalytics,,mussel,Prince William Sound Regional Citizens' Advisory Council Monitoring Program,Prince William Sound Regional Citizens' Advisory Council Monitoring Program,SCAK
PWSRCAC,LTEMP,2003,35.200000000000003,60.498609999999999,-147.658600000000007,Blue Mussel,Mytilus trossulus,mussel,Bivalvia,Mussels,Background biomonitoring / Post-oil spill assessment,DII-B-03-2-2,39,ng/g,dry,Calculated,Whole Body,6.420000000000000,,b,,AlphaAnalytics,,mussel,Prince William Sound Regional Citizens' Advisory Council Monitoring Program,Prince William Sound Regional Citizens' Advisory Council Monitoring Program,SCAK
PWSRCAC,LTEMP,2003,26.850000000000001,60.498609999999999,-147.658600000000007,Blue Mussel,Mytilus trossulus,mussel,Bivalvia,Mussels,Background biomonitoring / Post-oil spill assessment,DII-B-03-2-3,39,ng/g,dry,Calculated,Whole Body,6.610000000000000,,b,,AlphaAnalytics,,mussel,Prince William Sound Regional Citizens' Advisory Council Monitoring Program,Prince William Sound Regional Citizens' Advisory Council Monitoring Program,SCAK
PWSRCAC,LTEMP,2004,68.750000000000000,60.498609999999999,-147.658600000000007,Blue Mussel,Mytilus trossulus,mussel,Bivalvia,Mussels,Background biomonitoring / Post-oil spill assessment,DII-B-04-1-1,39,ng/g,dry,Calculated,Whole Body,6.080000000000000,,b,,AlphaAnalytics,,mussel,Prince William Sound Regional Citizens' Advisory Council Monitoring Program,Prince William Sound Regional Citizens' Advisory Council Monitoring Program,SCAK
PWSRCAC,LTEMP,2004,69.920000000000002,60.498609999999999,-147.658600000000007,Blue Mussel,Mytilus trossulus,mussel,Bivalvia,Mussels,Background biomonitoring / Post-oil spill assessment,DII-B-04-1-2,39,ng/g,dry,Calculated,Whole Body,5.240000000000000,,b,,AlphaAnalytics,,mussel,Prince William Sound Regional Citizens' Advisory Council Monitoring Program,Prince William Sound Regional Citizens' Advisory Council Monitoring Program,SCAK
PWSRCAC,LTEMP,2004,71.950000000000003,60.498609999999999,-147.658600000000007,Blue Mussel,Mytilus trossulus,mussel,Bivalvia,Mussels,Background biomonitoring / Post-oil spill assessment,DII-B-04-1-3,39,ng/g,dry,Calculated,Whole Body,5.120000000000000,,b,,AlphaAnalytics,,mussel,Prince William Sound Regional Citizens' Advisory Council Monitoring Program,Prince William Sound Regional Citizens' Advisory Council Monitoring Program,SCAK
PWSRCAC,LTEMP,2004,20.199999999999999,60.498609999999999,-147.658600000000007,Blue Mussel,Mytilus trossulus,mussel,Bivalvia,Mussels,Background biomonitoring / Post-oil spill assessment,DII-B-04-2-1-R2,39,ng/g,dry,Calculated,Whole Body,7.100000000000000,,b,,AlphaAnalytics,,mussel,Prince William Sound Regional Citizens' Advisory Council Monitoring Program,Prince William Sound Regional Citizens' Advisory Council Monitoring Program,SCAK
PWSRCAC,LTEMP,2004,28.340000000000000,60.498609999999999,-147.658600000000007,Blue Mussel,Mytilus trossulus,mussel,Bivalvia,Mussels,Background biomonitoring / Post-oil spill assessment,DII-B-04-2-2,39,ng/g,dry,Calculated,Whole Body,0.493000000000000,,b,,AlphaAnalytics,,mussel,Prince William Sound Regional Citizens' Advisory Council Monitoring Program,Prince William Sound Regional Citizens' Advisory Council Monitoring Program,SCAK
PWSRCAC,LTEMP,2004,33.759999999999998,60.498609999999999,-147.658600000000007,Blue Mussel,Mytilus trossulus,mussel,Bivalvia,Mussels,Background biomonitoring / Post-oil spill assessment,DII-B-04-2-3,39,ng/g,dry,Calculated,Whole Body,0.495000000000000,,b,,AlphaAnalytics,,mussel,Prince William Sound Regional Citizens' Advisory Council Monitoring Program,Prince William Sound Regional Citizens' Advisory Council Monitoring Program,SCAK
PWSRCAC,LTEMP,2005,31.050000000000001,60.498609999999999,-147.658600000000007,Blue Mussel,Mytilus trossulus,mussel,Bivalvia,Mussels,Background biomonitoring / Post-oil spill assessment,DII-B-05-1-1,39,ng/g,dry,Calculated,Whole Body,0.474000000000000,,b,,AlphaAnalytics,,mussel,Prince William Sound Regional Citizens' Advisory Council Monitoring Program,Prince William Sound Regional Citizens' Advisory Council Monitoring Program,SCAK
PWSRCAC,LTEMP,2005,44.619999999999997,60.498609999999999,-147.658600000000007,Blue Mussel,Mytilus trossulus,mussel,Bivalvia,Mussels,Background biomonitoring / Post-oil spill assessment,DII-B-05-1-2,39,ng/g,dry,Calculated,Whole Body,0.479000000000000,,b,,AlphaAnalytics,,mussel,Prince William Sound Regional Citizens' Advisory Council Monitoring Program,Prince William Sound Regional Citizens' Advisory Council Monitoring Program,SCAK
PWSRCAC,LTEMP,2005,25.059999999999999,60.498609999999999,-147.658600000000007,Blue Mussel,Mytilus trossulus,mussel,Bivalvia,Mussels,Background biomonitoring / Post-oil spill assessment,DII-B-05-1-3,39,ng/g,dry,Calculated,Whole Body,0.482000000000000,,b,,AlphaAnalytics,,mussel,Prince William Sound Regional Citizens' Advisory Council Monitoring Program,Prince William Sound Regional Citizens' Advisory Council Monitoring Program,SCAK
PWSRCAC,LTEMP,2005,41.890000000000001,60.498609999999999,-147.658600000000007,Blue Mussel,Mytilus trossulus,mussel,Bivalvia,Mussels,Background biomonitoring / Post-oil spill assessment,DII-B-05-2-1,39,ng/g,dry,Calculated,Whole Body,6.250000000000000,,b,,AlphaAnalytics,,mussel,Prince William Sound Regional Citizens' Advisory Council Monitoring Program,Prince William Sound Regional Citizens' Advisory Council Monitoring Program,SCAK
PWSRCAC,LTEMP,2005,38.789999999999999,60.498609999999999,-147.658600000000007,Blue Mussel,Mytilus trossulus,mussel,Bivalvia,Mussels,Background biomonitoring / Post-oil spill assessment,DII-B-05-2-2,39,ng/g,dry,Calculated,Whole Body,5.490000000000000,,b,,AlphaAnalytics,,mussel,Prince William Sound Regional Citizens' Advisory Council Monitoring Program,Prince William Sound Regional Citizens' Advisory Council Monitoring Program,SCAK
PWSRCAC,LTEMP,2005,65.459999999999994,60.498609999999999,-147.658600000000007,Blue Mussel,Mytilus trossulus,mussel,Bivalvia,Mussels,Background biomonitoring / Post-oil spill assessment,DII-B-05-2-3,39,ng/g,dry,Calculated,Whole Body,5.850000000000000,,b,,AlphaAnalytics,,mussel,Prince William Sound Regional Citizens' Advisory Council Monitoring Program,Prince William Sound Regional Citizens' Advisory Council Monitoring Program,SCAK
PWSRCAC,LTEMP,2006,53.549999999999997,60.498609999999999,-147.658600000000007,Blue Mussel,Mytilus trossulus,mussel,Bivalvia,Mussels,Background biomonitoring / Post-oil spill assessment,DII-B-06-1-1,39,ng/g,dry,Calculated,Whole Body,4.650000000000000,,b,,AlphaAnalytics,,mussel,Prince William Sound Regional Citizens' Advisory Council Monitoring Program,Prince William Sound Regional Citizens' Advisory Council Monitoring Program,SCAK
PWSRCAC,LTEMP,2006,103.769999999999996,60.498609999999999,-147.658600000000007,Blue Mussel,Mytilus trossulus,mussel,Bivalvia,Mussels,Background biomonitoring / Post-oil spill assessment,DII-B-06-1-2,39,ng/g,dry,Calculated,Whole Body,5.070000000000000,,b,,AlphaAnalytics,,mussel,Prince William Sound Regional Citizens' Advisory Council Monitoring Program,Prince William Sound Regional Citizens' Advisory Council Monitoring Program,SCAK
PWSRCAC,LTEMP,2006,44.460000000000001,60.498609999999999,-147.658600000000007,Blue Mussel,Mytilus trossulus,mussel,Bivalvia,Mussels,Background biomonitoring / Post-oil spill assessment,DII-B-06-1-3,39,ng/g,dry,Calculated,Whole Body,4.750000000000000,,b,,AlphaAnalytics,,mussel,Prince William Sound Regional Citizens' Advisory Council Monitoring Program,Prince William Sound Regional Citizens' Advisory Council Monitoring Program,SCAK
PWSRCAC,LTEMP,2006,40.423485900000003,60.498609999999999,-147.658600000000007,Blue Mussel,Mytilus trossulus,mussel,Bivalvia,Mussels,Background biomonitoring / Post-oil spill assessment,DII-B-06-2-1,38,ng/g,dry,Calculated,Whole Body,4.956522000000000,,,,AlphaAnalytics,,mussel,Prince William Sound Regional Citizens' Advisory Council Monitoring Program,Prince William Sound Regional Citizens' Advisory Council Monitoring Program,SCAK
PWSRCAC,LTEMP,2006,62.847130999999997,60.498609999999999,-147.658600000000007,Blue Mussel,Mytilus trossulus,mussel,Bivalvia,Mussels,Background biomonitoring / Post-oil spill assessment,DII-B-06-2-2,38,ng/g,dry,Calculated,Whole Body,5.846154000000000,,,,AlphaAnalytics,,mussel,Prince William Sound Regional Citizens' Advisory Council Monitoring Program,Prince William Sound Regional Citizens' Advisory Council Monitoring Program,SCAK
PWSRCAC,LTEMP,2006,20.798959000000000,60.498609999999999,-147.658600000000007,Blue Mussel,Mytilus trossulus,mussel,Bivalvia,Mussels,Background biomonitoring / Post-oil spill assessment,DII-B-06-2-3,38,ng/g,dry,Calculated,Whole Body,5.302326000000000,,,,AlphaAnalytics,,mussel,Prince William Sound Regional Citizens' Advisory Council Monitoring Program,Prince William Sound Regional Citizens' Advisory Council Monitoring Program,SCAK
PWSRCAC,LTEMP,2007,26.346129879999999,60.498609999999999,-147.658600000000007,Blue Mussel,Mytilus trossulus,mussel,Bivalvia,Mussels,Background biomonitoring / Post-oil spill assessment,DII-B-07-1-1,38,ng/g,dry,Calculated,Whole Body,4.514851000000000,,,,AlphaAnalytics,,mussel,Prince William Sound Regional Citizens' Advisory Council Monitoring Program,Prince William Sound Regional Citizens' Advisory Council Monitoring Program,SCAK
PWSRCAC,LTEMP,2007,48.263639699999999,60.498609999999999,-147.658600000000007,Blue Mussel,Mytilus trossulus,mussel,Bivalvia,Mussels,Background biomonitoring / Post-oil spill assessment,DII-B-07-1-2,38,ng/g,dry,Calculated,Whole Body,4.903226000000000,,,,AlphaAnalytics,,mussel,Prince William Sound Regional Citizens' Advisory Council Monitoring Program,Prince William Sound Regional Citizens' Advisory Council Monitoring Program,SCAK
PWSRCAC,LTEMP,2007,30.718070919999999,60.498609999999999,-147.658600000000007,Blue Mussel,Mytilus trossulus,mussel,Bivalvia,Mussels,Background biomonitoring / Post-oil spill assessment,DII-B-07-1-3,38,ng/g,dry,Calculated,Whole Body,4.851064000000000,,,,AlphaAnalytics,,mussel,Prince William Sound Regional Citizens' Advisory Council Monitoring Program,Prince William Sound Regional Citizens' Advisory Council Monitoring Program,SCAK
PWSRCAC,LTEMP,2007,32.057937699999997,60.498609999999999,-147.658600000000007,Blue Mussel,Mytilus trossulus,mussel,Bivalvia,Mussels,Background biomonitoring / Post-oil spill assessment,DII-B-07-2-1,38,ng/g,dry,Calculated,Whole Body,5.772152000000000,,,,AlphaAnalytics,,mussel,Prince William Sound Regional Citizens' Advisory Council Monitoring Program,Prince William Sound Regional Citizens' Advisory Council Monitoring Program,SCAK
PWSRCAC,LTEMP,2007,13.183874460000000,60.498609999999999,-147.658600000000007,Blue Mussel,Mytilus trossulus,mussel,Bivalvia,Mussels,Background biomonitoring / Post-oil spill assessment,DII-B-07-2-2,38,ng/g,dry,Calculated,Whole Body,5.364706000000000,,,,AlphaAnalytics,,mussel,Prince William Sound Regional Citizens' Advisory Council Monitoring Program,Prince William Sound Regional Citizens' Advisory Council Monitoring Program,SCAK
PWSRCAC,LTEMP,2007,15.023969700000000,60.498609999999999,-147.658600000000007,Blue Mussel,Mytilus trossulus,mussel,Bivalvia,Mussels,Background biomonitoring / Post-oil spill assessment,DII-B-07-2-3,38,ng/g,dry,Calculated,Whole Body,5.181818000000000,,,,AlphaAnalytics,,mussel,Prince William Sound Regional Citizens' Advisory Council Monitoring Program,Prince William Sound Regional Citizens' Advisory Council Monitoring Program,SCAK
PWSRCAC,LTEMP,2008,10.155697900000000,60.498609999999999,-147.658600000000007,Blue Mussel,Mytilus trossulus,mussel,Bivalvia,Mussels,Background biomonitoring / Post-oil spill assessment,DII-B-08-2-1,38,ng/g,dry,Calculated,Whole Body,1.963804000000000,,a,,AlphaAnalytics,,mussel,Prince William Sound Regional Citizens' Advisory Council Monitoring Program,Prince William Sound Regional Citizens' Advisory Council Monitoring Program,SCAK
PWSRCAC,LTEMP,2008,17.194094700000001,60.498609999999999,-147.658600000000007,Blue Mussel,Mytilus trossulus,mussel,Bivalvia,Mussels,Background biomonitoring / Post-oil spill assessment,DII-B-08-2-2,38,ng/g,dry,Calculated,Whole Body,1.969414000000000,,a,,AlphaAnalytics,,mussel,Prince William Sound Regional Citizens' Advisory Council Monitoring Program,Prince William Sound Regional Citizens' Advisory Council Monitoring Program,SCAK
PWSRCAC,LTEMP,2008,27.511908300000002,60.498609999999999,-147.658600000000007,Blue Mussel,Mytilus trossulus,mussel,Bivalvia,Mussels,Background biomonitoring / Post-oil spill assessment,DII-B-08-2-3,38,ng/g,dry,Calculated,Whole Body,1.955447000000000,,a,,AlphaAnalytics,,mussel,Prince William Sound Regional Citizens' Advisory Council Monitoring Program,Prince William Sound Regional Citizens' Advisory Council Monitoring Program,SCAK
PWSRCAC,LTEMP,2009,12.131436500000000,60.498609999999999,-147.658600000000007,Blue Mussel,Mytilus trossulus,mussel,Bivalvia,Mussels,Background biomonitoring / Post-oil spill assessment,DII-B-09-1-1,38,ng/g,dry,Calculated,Whole Body,1.619965000000000,,a,,AlphaAnalytics,,mussel,Prince William Sound Regional Citizens' Advisory Council Monitoring Program,Prince William Sound Regional Citizens' Advisory Council Monitoring Program,SCAK
PWSRCAC,LTEMP,2009,23.390671999999999,60.498609999999999,-147.658600000000007,Blue Mussel,Mytilus trossulus,mussel,Bivalvia,Mussels,Background biomonitoring / Post-oil spill assessment,DII-B-09-1-2,76,ng/g,dry,Calculated,Whole Body,1.616164000000000,,a,,AlphaAnalytics,,mussel,Prince William Sound Regional Citizens' Advisory Council Monitoring Program,Prince William Sound Regional Citizens' Advisory Council Monitoring Program,SCAK
PWSRCAC,LTEMP,2009,11.050473300000000,60.498609999999999,-147.658600000000007,Blue Mussel,Mytilus trossulus,mussel,Bivalvia,Mussels,Background biomonitoring / Post-oil spill assessment,DII-B-09-1-3,38,ng/g,dry,Calculated,Whole Body,1.608623000000000,,a,,AlphaAnalytics,,mussel,Prince William Sound Regional Citizens' Advisory Council Monitoring Program,Prince William Sound Regional Citizens' Advisory Council Monitoring Program,SCAK
PWSRCAC,LTEMP,2013,30.916079799999999,60.498609999999999,-147.658600000000007,Blue Mussel,Mytilus trossulus,mussel,Bivalvia,Mussels,Background biomonitoring / Post-oil spill assessment,DII-B-13-2-1,38,ng/g,dry,Calculated,Whole Body,1.806347000000000,,a,,AlphaAnalytics,,mussel,Prince William Sound Regional Citizens' Advisory Council Monitoring Program,Prince William Sound Regional Citizens' Advisory Council Monitoring Program,SCAK
PWSRCAC,LTEMP,2013,23.021562700000000,60.498609999999999,-147.658600000000007,Blue Mussel,Mytilus trossulus,mussel,Bivalvia,Mussels,Background biomonitoring / Post-oil spill assessment,DII-B-13-2-2,38,ng/g,dry,Calculated,Whole Body,1.801625000000000,,a,,AlphaAnalytics,,mussel,Prince William Sound Regional Citizens' Advisory Council Monitoring Program,Prince William Sound Regional Citizens' Advisory Council Monitoring Program,SCAK
PWSRCAC,LTEMP,2013,23.242872800000001,60.498609999999999,-147.658600000000007,Blue Mussel,Mytilus trossulus,mussel,Bivalvia,Mussels,Background biomonitoring / Post-oil spill assessment,DII-B-13-2-3,38,ng/g,dry,Calculated,Whole Body,1.977393000000000,,a,,AlphaAnalytics,,mussel,Prince William Sound Regional Citizens' Advisory Council Monitoring Program,Prince William Sound Regional Citizens' Advisory Council Monitoring Program,SCAK
PWSRCAC,LTEMP,2018,35.033332600000001,60.498609999999999,-147.658600000000007,Blue Mussel,Mytilus trossulus,mussel,Bivalvia,Mussels,Background biomonitoring / Post-oil spill assessment,DII-B-18-2-1,41,ng/g,dry,Calculated,Whole Body,9.333333000000000,21.66667,JB,91,AlphaAnalytics,,mussel,Prince William Sound Regional Citizens' Advisory Council Monitoring Program,Prince William Sound Regional Citizens' Advisory Council Monitoring Program,SCAK
PWSRCAC,LTEMP,2018,27.872729199999998,60.498609999999999,-147.658600000000007,Blue Mussel,Mytilus trossulus,mussel,Bivalvia,Mussels,Background biomonitoring / Post-oil spill assessment,DII-B-18-2-2,41,ng/g,dry,Calculated,Whole Body,7.481818000000000,17.36364,JB,89,AlphaAnalytics,,mussel,Prince William Sound Regional Citizens' Advisory Council Monitoring Program,Prince William Sound Regional Citizens' Advisory Council Monitoring Program,SCAK
PWSRCAC,LTEMP,2018,35.733332699999998,60.498609999999999,-147.658600000000007,Blue Mussel,Mytilus trossulus,mussel,Bivalvia,Mussels,Background biomonitoring / Post-oil spill assessment,DII-B-18-2-3,41,ng/g,dry,Calculated,Whole Body,8.144444000000000,18.88889,JB,91,AlphaAnalytics,,mussel,Prince William Sound Regional Citizens' Advisory Council Monitoring Program,Prince William Sound Regional Citizens' Advisory Council Monitoring Program,SCAK
PWSRCAC,LTEMP,2023,72.870000000000005,60.498609999999999,-147.658600000000007,Blue Mussel,Mytilus trossulus,mussel,Bivalvia,Mussels,Background biomonitoring / Post-oil spill assessment,DII-B-23-1,41,ng/g,wet,Calculated,Whole Body,0.845000000000000,1.96,JB,0,AlphaAnalytics,,mussel,Prince William Sound Regional Citizens' Advisory Council Monitoring Program,Prince William Sound Regional Citizens' Advisory Council Monitoring Program,SCAK
PWSRCAC,LTEMP,2023,65.826999999999998,60.498609999999999,-147.658600000000007,Blue Mussel,Mytilus trossulus,mussel,Bivalvia,Mussels,Background biomonitoring / Post-oil spill assessment,DII-B-23-2,41,ng/g,wet,Calculated,Whole Body,0.842000000000000,1.95,JB,0,AlphaAnalytics,,mussel,Prince William Sound Regional Citizens' Advisory Council Monitoring Program,Prince William Sound Regional Citizens' Advisory Council Monitoring Program,SCAK
PWSRCAC,LTEMP,2023,65.879999999999995,60.498609999999999,-147.658600000000007,Blue Mussel,Mytilus trossulus,mussel,Bivalvia,Mussels,Background biomonitoring / Post-oil spill assessment,DII-B-23-3,41,ng/g,wet,Calculated,Whole Body,0.823000000000000,1.91,JB,0,AlphaAnalytics,,mussel,Prince William Sound Regional Citizens' Advisory Council Monitoring Program,Prince William Sound Regional Citizens' Advisory Council Monitoring Program,SCAK
PWSRCAC,LTEMP,2020,138.373333099999996,61.124368199999999,-146.496141499999993,Blue Mussel,Mytilus trossulus,mussel,Bivalvia,Mussels,Background biomonitoring / Post-oil spill assessment,GOC M001,41,ng/g,dry,Calculated,Whole Body,5.693333000000000,13.2,JB,85,AlphaAnalytics,,mussel,Prince William Sound Regional Citizens' Advisory Council Monitoring Program,Prince William Sound Regional Citizens' Advisory Council Monitoring Program,SCAK
PWSRCAC,LTEMP,2020,160.376925900000003,61.124368199999999,-146.496141499999993,Blue Mussel,Mytilus trossulus,mussel,Bivalvia,Mussels,Background biomonitoring / Post-oil spill assessment,GOC M002,41,ng/g,dry,Calculated,Whole Body,6.161538000000000,14.30769,JB,87,AlphaAnalytics,,mussel,Prince William Sound Regional Citizens' Advisory Council Monitoring Program,Prince William Sound Regional Citizens' Advisory Council Monitoring Program,SCAK
PWSRCAC,LTEMP,2020,150.030769800000002,61.124368199999999,-146.496141499999993,Blue Mussel,Mytilus trossulus,mussel,Bivalvia,Mussels,Background biomonitoring / Post-oil spill assessment,GOC M002-DUP,41,ng/g,dry,Calculated,Whole Body,6.615385000000000,15.38462,JB,87,AlphaAnalytics,,mussel,Prince William Sound Regional Citizens' Advisory Council Monitoring Program,Prince William Sound Regional Citizens' Advisory Council Monitoring Program,SCAK
PWSRCAC,LTEMP,2020,146.683336999999995,61.124368199999999,-146.496141499999993,Blue Mussel,Mytilus trossulus,mussel,Bivalvia,Mussels,Background biomonitoring / Post-oil spill assessment,GOC M003,41,ng/g,dry,Calculated,Whole Body,7.033333000000000,16.33333,JB,88,AlphaAnalytics,,mussel,Prince William Sound Regional Citizens' Advisory Council Monitoring Program,Prince William Sound Regional Citizens' Advisory Council Monitoring Program,SCAK
PWSRCAC,LTEMP,2017,28.899999999999999,61.124368199999999,-146.496141499999993,Blue Mussel,Mytilus trossulus,mussel,Bivalvia,Mussels,Background biomonitoring / Post-oil spill assessment,GOC-1709-1,41,ng/g,dry,Calculated,Whole Body,6.086667000000000,14.13333,JB,85,AlphaAnalytics,,mussel,Prince William Sound Regional Citizens' Advisory Council Monitoring Program,Prince William Sound Regional Citizens' Advisory Council Monitoring Program,SCAK
PWSRCAC,LTEMP,2017,27.558333000000001,61.124368199999999,-146.496141499999993,Blue Mussel,Mytilus trossulus,mussel,Bivalvia,Mussels,Background biomonitoring / Post-oil spill assessment,GOC-1709-2,41,ng/g,dry,Calculated,Whole Body,6.116667000000000,14.16667,JB,88,AlphaAnalytics,,mussel,Prince William Sound Regional Citizens' Advisory Council Monitoring Program,Prince William Sound Regional Citizens' Advisory Council Monitoring Program,SCAK
PWSRCAC,LTEMP,2017,27.839998600000001,61.124368199999999,-146.496141499999993,Blue Mussel,Mytilus trossulus,mussel,Bivalvia,Mussels,Background biomonitoring / Post-oil spill assessment,GOC-1709-3,41,ng/g,dry,Calculated,Whole Body,4.953333000000000,11.46667,JB,85,AlphaAnalytics,,mussel,Prince William Sound Regional Citizens' Advisory Council Monitoring Program,Prince William Sound Regional Citizens' Advisory Council Monitoring Program,SCAK
PWSRCAC,LTEMP,2017,34.183334000000002,61.124368199999999,-146.496141499999993,Blue Mussel,Mytilus trossulus,mussel,Bivalvia,Mussels,Background biomonitoring / Post-oil spill assessment,GOC-1712-1,41,ng/g,dry,Calculated,Whole Body,6.425000000000000,14.91667,JB,88,AlphaAnalytics,,mussel,Prince William Sound Regional Citizens' Advisory Council Monitoring Program,Prince William Sound Regional Citizens' Advisory Council Monitoring Program,SCAK
PWSRCAC,LTEMP,2017,19.518183000000001,61.124368199999999,-146.496141499999993,Blue Mussel,Mytilus trossulus,mussel,Bivalvia,Mussels,Background biomonitoring / Post-oil spill assessment,GOC-1712-2,41,ng/g,dry,Calculated,Whole Body,7.100000000000000,16.45455,JB,89,AlphaAnalytics,,mussel,Prince William Sound Regional Citizens' Advisory Council Monitoring Program,Prince William Sound Regional Citizens' Advisory Council Monitoring Program,SCAK
PWSRCAC,LTEMP,2017,16.291667000000000,61.124368199999999,-146.496141499999993,Blue Mussel,Mytilus trossulus,mussel,Bivalvia,Mussels,Background biomonitoring / Post-oil spill assessment,GOC-1712-3,41,ng/g,dry,Calculated,Whole Body,6.891667000000000,16,U,88,AlphaAnalytics,,mussel,Prince William Sound Regional Citizens' Advisory Council Monitoring Program,Prince William Sound Regional Citizens' Advisory Council Monitoring Program,SCAK
PWSRCAC,LTEMP,2002,63.615280800000001,61.124368199999999,-146.496141499999993,Blue Mussel,Mytilus trossulus,mussel,Bivalvia,Mussels,Background biomonitoring / Post-oil spill assessment,GOC-B-02-2-1,37,ng/g,dry,Calculated,Whole Body,31.666670000000000,,BD,,AlphaAnalytics,,mussel,Prince William Sound Regional Citizens' Advisory Council Monitoring Program,Prince William Sound Regional Citizens' Advisory Council Monitoring Program,SCAK
PWSRCAC,LTEMP,2002,120.433233200000004,61.124368199999999,-146.496141499999993,Blue Mussel,Mytilus trossulus,mussel,Bivalvia,Mussels,Background biomonitoring / Post-oil spill assessment,GOC-B-02-2-2,74,ng/g,dry,Calculated,Whole Body,22.800000000000001,,BD,,AlphaAnalytics,,mussel,Prince William Sound Regional Citizens' Advisory Council Monitoring Program,Prince William Sound Regional Citizens' Advisory Council Monitoring Program,SCAK
PWSRCAC,LTEMP,2002,55.293342199999998,61.124368199999999,-146.496141499999993,Blue Mussel,Mytilus trossulus,mussel,Bivalvia,Mussels,Background biomonitoring / Post-oil spill assessment,GOC-B-02-2-3,37,ng/g,dry,Calculated,Whole Body,28.500000000000000,,BD,,AlphaAnalytics,,mussel,Prince William Sound Regional Citizens' Advisory Council Monitoring Program,Prince William Sound Regional Citizens' Advisory Council Monitoring Program,SCAK
PWSRCAC,LTEMP,2002,36.243292799999999,61.124368199999999,-146.496141499999993,Blue Mussel,Mytilus trossulus,mussel,Bivalvia,Mussels,Background biomonitoring / Post-oil spill assessment,GOC-B-02-3-1,37,ng/g,dry,Calculated,Whole Body,23.265309999999999,,BD,,AlphaAnalytics,,mussel,Prince William Sound Regional Citizens' Advisory Council Monitoring Program,Prince William Sound Regional Citizens' Advisory Council Monitoring Program,SCAK
PWSRCAC,LTEMP,2002,41.965179800000001,61.124368199999999,-146.496141499999993,Blue Mussel,Mytilus trossulus,mussel,Bivalvia,Mussels,Background biomonitoring / Post-oil spill assessment,GOC-B-02-3-2,37,ng/g,dry,Calculated,Whole Body,26.206900000000001,,BD,,AlphaAnalytics,,mussel,Prince William Sound Regional Citizens' Advisory Council Monitoring Program,Prince William Sound Regional Citizens' Advisory Council Monitoring Program,SCAK
PWSRCAC,LTEMP,2002,41.507757200000000,61.124368199999999,-146.496141499999993,Blue Mussel,Mytilus trossulus,mussel,Bivalvia,Mussels,Background biomonitoring / Post-oil spill assessment,GOC-B-02-3-3,37,ng/g,dry,Calculated,Whole Body,33.529409999999999,,BD,,AlphaAnalytics,,mussel,Prince William Sound Regional Citizens' Advisory Council Monitoring Program,Prince William Sound Regional Citizens' Advisory Council Monitoring Program,SCAK
PWSRCAC,LTEMP,2003,61.187468299999999,61.124368199999999,-146.496141499999993,Blue Mussel,Mytilus trossulus,mussel,Bivalvia,Mussels,Background biomonitoring / Post-oil spill assessment,GOC-B-03-1-1,37,ng/g,dry,Calculated,Whole Body,36.774189999999997,,BD,,AlphaAnalytics,,mussel,Prince William Sound Regional Citizens' Advisory Council Monitoring Program,Prince William Sound Regional Citizens' Advisory Council Monitoring Program,SCAK
PWSRCAC,LTEMP,2003,43.834353200000002,61.124368199999999,-146.496141499999993,Blue Mussel,Mytilus trossulus,mussel,Bivalvia,Mussels,Background biomonitoring / Post-oil spill assessment,GOC-B-03-1-2,37,ng/g,dry,Calculated,Whole Body,34.029850000000003,,BD,,AlphaAnalytics,,mussel,Prince William Sound Regional Citizens' Advisory Council Monitoring Program,Prince William Sound Regional Citizens' Advisory Council Monitoring Program,SCAK
PWSRCAC,LTEMP,2003,37.627634800000003,61.124368199999999,-146.496141499999993,Blue Mussel,Mytilus trossulus,mussel,Bivalvia,Mussels,Background biomonitoring / Post-oil spill assessment,GOC-B-03-1-3,37,ng/g,dry,Calculated,Whole Body,36.190480000000001,,BD,,AlphaAnalytics,,mussel,Prince William Sound Regional Citizens' Advisory Council Monitoring Program,Prince William Sound Regional Citizens' Advisory Council Monitoring Program,SCAK
PWSRCAC,LTEMP,2003,27.690000000000001,61.124368199999999,-146.496141499999993,Blue Mussel,Mytilus trossulus,mussel,Bivalvia,Mussels,Background biomonitoring / Post-oil spill assessment,GOC-B-03-2-1,39,ng/g,dry,Calculated,Whole Body,5.920000000000000,,b,,AlphaAnalytics,,mussel,Prince William Sound Regional Citizens' Advisory Council Monitoring Program,Prince William Sound Regional Citizens' Advisory Council Monitoring Program,SCAK
PWSRCAC,LTEMP,2003,36.890000000000001,61.124368199999999,-146.496141499999993,Blue Mussel,Mytilus trossulus,mussel,Bivalvia,Mussels,Background biomonitoring / Post-oil spill assessment,GOC-B-03-2-2,39,ng/g,dry,Calculated,Whole Body,5.770000000000000,,b,,AlphaAnalytics,,mussel,Prince William Sound Regional Citizens' Advisory Council Monitoring Program,Prince William Sound Regional Citizens' Advisory Council Monitoring Program,SCAK
PWSRCAC,LTEMP,2003,33.939999999999998,61.124368199999999,-146.496141499999993,Blue Mussel,Mytilus trossulus,mussel,Bivalvia,Mussels,Background biomonitoring / Post-oil spill assessment,GOC-B-03-2-3,39,ng/g,dry,Calculated,Whole Body,6.420000000000000,,b,,AlphaAnalytics,,mussel,Prince William Sound Regional Citizens' Advisory Council Monitoring Program,Prince William Sound Regional Citizens' Advisory Council Monitoring Program,SCAK
PWSRCAC,LTEMP,2003,56.210000000000001,61.124368199999999,-146.496141499999993,Blue Mussel,Mytilus trossulus,mussel,Bivalvia,Mussels,Background biomonitoring / Post-oil spill assessment,GOC-B-03-3-1,39,ng/g,dry,Calculated,Whole Body,5.180000000000000,,b,,AlphaAnalytics,,mussel,Prince William Sound Regional Citizens' Advisory Council Monitoring Program,Prince William Sound Regional Citizens' Advisory Council Monitoring Program,SCAK
PWSRCAC,LTEMP,2003,39.899999999999999,61.124368199999999,-146.496141499999993,Blue Mussel,Mytilus trossulus,mussel,Bivalvia,Mussels,Background biomonitoring / Post-oil spill assessment,GOC-B-03-3-2,39,ng/g,dry,Calculated,Whole Body,5.490000000000000,,b,,AlphaAnalytics,,mussel,Prince William Sound Regional Citizens' Advisory Council Monitoring Program,Prince William Sound Regional Citizens' Advisory Council Monitoring Program,SCAK
PWSRCAC,LTEMP,2003,39.930000000000000,61.124368199999999,-146.496141499999993,Blue Mussel,Mytilus trossulus,mussel,Bivalvia,Mussels,Background biomonitoring / Post-oil spill assessment,GOC-B-03-3-3,39,ng/g,dry,Calculated,Whole Body,6.000000000000000,,b,,AlphaAnalytics,,mussel,Prince William Sound Regional Citizens' Advisory Council Monitoring Program,Prince William Sound Regional Citizens' Advisory Council Monitoring Program,SCAK
PWSRCAC,LTEMP,2004,119.359999999999999,61.124368199999999,-146.496141499999993,Blue Mussel,Mytilus trossulus,mussel,Bivalvia,Mussels,Background biomonitoring / Post-oil spill assessment,GOC-B-04-1-1,39,ng/g,dry,Calculated,Whole Body,5.240000000000000,,b,,AlphaAnalytics,,mussel,Prince William Sound Regional Citizens' Advisory Council Monitoring Program,Prince William Sound Regional Citizens' Advisory Council Monitoring Program,SCAK
PWSRCAC,LTEMP,2004,90.079999999999998,61.124368199999999,-146.496141499999993,Blue Mussel,Mytilus trossulus,mussel,Bivalvia,Mussels,Background biomonitoring / Post-oil spill assessment,GOC-B-04-1-2,39,ng/g,dry,Calculated,Whole Body,5.490000000000000,,b,,AlphaAnalytics,,mussel,Prince William Sound Regional Citizens' Advisory Council Monitoring Program,Prince William Sound Regional Citizens' Advisory Council Monitoring Program,SCAK
PWSRCAC,LTEMP,2004,115.480000000000004,61.124368199999999,-146.496141499999993,Blue Mussel,Mytilus trossulus,mussel,Bivalvia,Mussels,Background biomonitoring / Post-oil spill assessment,GOC-B-04-1-3,39,ng/g,dry,Calculated,Whole Body,5.430000000000000,,b,,AlphaAnalytics,,mussel,Prince William Sound Regional Citizens' Advisory Council Monitoring Program,Prince William Sound Regional Citizens' Advisory Council Monitoring Program,SCAK
PWSRCAC,LTEMP,2004,26.320000000000000,61.124368199999999,-146.496141499999993,Blue Mussel,Mytilus trossulus,mussel,Bivalvia,Mussels,Background biomonitoring / Post-oil spill assessment,GOC-B-04-2-1-R2,39,ng/g,dry,Calculated,Whole Body,5.180000000000000,,b,,AlphaAnalytics,,mussel,Prince William Sound Regional Citizens' Advisory Council Monitoring Program,Prince William Sound Regional Citizens' Advisory Council Monitoring Program,SCAK
PWSRCAC,LTEMP,2004,57.340000000000003,61.124368199999999,-146.496141499999993,Blue Mussel,Mytilus trossulus,mussel,Bivalvia,Mussels,Background biomonitoring / Post-oil spill assessment,GOC-B-04-2-2-R2,39,ng/g,dry,Calculated,Whole Body,7.400000000000000,,b,,AlphaAnalytics,,mussel,Prince William Sound Regional Citizens' Advisory Council Monitoring Program,Prince William Sound Regional Citizens' Advisory Council Monitoring Program,SCAK
PWSRCAC,LTEMP,2004,35.659999999999997,61.124368199999999,-146.496141499999993,Blue Mussel,Mytilus trossulus,mussel,Bivalvia,Mussels,Background biomonitoring / Post-oil spill assessment,GOC-B-04-2-3-R2,39,ng/g,dry,Calculated,Whole Body,5.180000000000000,,b,,AlphaAnalytics,,mussel,Prince William Sound Regional Citizens' Advisory Council Monitoring Program,Prince William Sound Regional Citizens' Advisory Council Monitoring Program,SCAK
PWSRCAC,LTEMP,2004,520.559999999999945,61.124368199999999,-146.496141499999993,Blue Mussel,Mytilus trossulus,mussel,Bivalvia,Mussels,Background biomonitoring / Post-oil spill assessment,GOC-B-04-3-1,39,ng/g,dry,Calculated,Whole Body,0.499000000000000,,b,,AlphaAnalytics,,mussel,Prince William Sound Regional Citizens' Advisory Council Monitoring Program,Prince William Sound Regional Citizens' Advisory Council Monitoring Program,SCAK
PWSRCAC,LTEMP,2004,1034.369999999999891,61.124368199999999,-146.496141499999993,Blue Mussel,Mytilus trossulus,mussel,Bivalvia,Mussels,Background biomonitoring / Post-oil spill assessment,GOC-B-04-3-2,39,ng/g,dry,Calculated,Whole Body,0.494000000000000,,b,,AlphaAnalytics,,mussel,Prince William Sound Regional Citizens' Advisory Council Monitoring Program,Prince William Sound Regional Citizens' Advisory Council Monitoring Program,SCAK
PWSRCAC,LTEMP,2004,990.529999999999973,61.124368199999999,-146.496141499999993,Blue Mussel,Mytilus trossulus,mussel,Bivalvia,Mussels,Background biomonitoring / Post-oil spill assessment,GOC-B-04-3-3-R2,39,ng/g,dry,Calculated,Whole Body,6.700000000000000,,b,,AlphaAnalytics,,mussel,Prince William Sound Regional Citizens' Advisory Council Monitoring Program,Prince William Sound Regional Citizens' Advisory Council Monitoring Program,SCAK
PWSRCAC,LTEMP,2005,168.949999999999989,61.124368199999999,-146.496141499999993,Blue Mussel,Mytilus trossulus,mussel,Bivalvia,Mussels,Background biomonitoring / Post-oil spill assessment,GOC-B-05-1-1,39,ng/g,dry,Calculated,Whole Body,0.473000000000000,,b,,AlphaAnalytics,,mussel,Prince William Sound Regional Citizens' Advisory Council Monitoring Program,Prince William Sound Regional Citizens' Advisory Council Monitoring Program,SCAK
PWSRCAC,LTEMP,2005,168.919999999999987,61.124368199999999,-146.496141499999993,Blue Mussel,Mytilus trossulus,mussel,Bivalvia,Mussels,Background biomonitoring / Post-oil spill assessment,GOC-B-05-1-2-R2,39,ng/g,dry,Calculated,Whole Body,6.000000000000000,,b,,AlphaAnalytics,,mussel,Prince William Sound Regional Citizens' Advisory Council Monitoring Program,Prince William Sound Regional Citizens' Advisory Council Monitoring Program,SCAK
PWSRCAC,LTEMP,2005,136.729999999999990,61.124368199999999,-146.496141499999993,Blue Mussel,Mytilus trossulus,mussel,Bivalvia,Mussels,Background biomonitoring / Post-oil spill assessment,GOC-B-05-1-3,39,ng/g,dry,Calculated,Whole Body,0.476000000000000,,b,,AlphaAnalytics,,mussel,Prince William Sound Regional Citizens' Advisory Council Monitoring Program,Prince William Sound Regional Citizens' Advisory Council Monitoring Program,SCAK
PWSRCAC,LTEMP,2005,54.259999999999998,61.124368199999999,-146.496141499999993,Blue Mussel,Mytilus trossulus,mussel,Bivalvia,Mussels,Background biomonitoring / Post-oil spill assessment,GOC-B-05-2-1,39,ng/g,dry,Calculated,Whole Body,6.710000000000000,,b,,AlphaAnalytics,,mussel,Prince William Sound Regional Citizens' Advisory Council Monitoring Program,Prince William Sound Regional Citizens' Advisory Council Monitoring Program,SCAK
PWSRCAC,LTEMP,2005,55.570000000000000,61.124368199999999,-146.496141499999993,Blue Mussel,Mytilus trossulus,mussel,Bivalvia,Mussels,Background biomonitoring / Post-oil spill assessment,GOC-B-05-2-2,39,ng/g,dry,Calculated,Whole Body,6.420000000000000,,b,,AlphaAnalytics,,mussel,Prince William Sound Regional Citizens' Advisory Council Monitoring Program,Prince William Sound Regional Citizens' Advisory Council Monitoring Program,SCAK
PWSRCAC,LTEMP,2005,43.960000000000001,61.124368199999999,-146.496141499999993,Blue Mussel,Mytilus trossulus,mussel,Bivalvia,Mussels,Background biomonitoring / Post-oil spill assessment,GOC-B-05-2-3,39,ng/g,dry,Calculated,Whole Body,5.920000000000000,,b,,AlphaAnalytics,,mussel,Prince William Sound Regional Citizens' Advisory Council Monitoring Program,Prince William Sound Regional Citizens' Advisory Council Monitoring Program,SCAK
PWSRCAC,LTEMP,2005,41.000000000000000,61.124368199999999,-146.496141499999993,Blue Mussel,Mytilus trossulus,mussel,Bivalvia,Mussels,Background biomonitoring / Post-oil spill assessment,GOC-B-05-3-1,39,ng/g,dry,Calculated,Whole Body,6.330000000000000,,b,,AlphaAnalytics,,mussel,Prince William Sound Regional Citizens' Advisory Council Monitoring Program,Prince William Sound Regional Citizens' Advisory Council Monitoring Program,SCAK
PWSRCAC,LTEMP,2005,27.930000000000000,61.124368199999999,-146.496141499999993,Blue Mussel,Mytilus trossulus,mussel,Bivalvia,Mussels,Background biomonitoring / Post-oil spill assessment,GOC-B-05-3-2,39,ng/g,dry,Calculated,Whole Body,6.250000000000000,,b,,AlphaAnalytics,,mussel,Prince William Sound Regional Citizens' Advisory Council Monitoring Program,Prince William Sound Regional Citizens' Advisory Council Monitoring Program,SCAK
PWSRCAC,LTEMP,2005,25.430000000000000,61.124368199999999,-146.496141499999993,Blue Mussel,Mytilus trossulus,mussel,Bivalvia,Mussels,Background biomonitoring / Post-oil spill assessment,GOC-B-05-3-3,39,ng/g,dry,Calculated,Whole Body,6.000000000000000,,b,,AlphaAnalytics,,mussel,Prince William Sound Regional Citizens' Advisory Council Monitoring Program,Prince William Sound Regional Citizens' Advisory Council Monitoring Program,SCAK
PWSRCAC,LTEMP,2006,52.880000000000003,61.124368199999999,-146.496141499999993,Blue Mussel,Mytilus trossulus,mussel,Bivalvia,Mussels,Background biomonitoring / Post-oil spill assessment,GOC-B-06-1-1,39,ng/g,dry,Calculated,Whole Body,6.710000000000000,,b,,AlphaAnalytics,,mussel,Prince William Sound Regional Citizens' Advisory Council Monitoring Program,Prince William Sound Regional Citizens' Advisory Council Monitoring Program,SCAK
PWSRCAC,LTEMP,2006,56.680000000000000,61.124368199999999,-146.496141499999993,Blue Mussel,Mytilus trossulus,mussel,Bivalvia,Mussels,Background biomonitoring / Post-oil spill assessment,GOC-B-06-1-2,39,ng/g,dry,Calculated,Whole Body,7.130000000000000,,b,,AlphaAnalytics,,mussel,Prince William Sound Regional Citizens' Advisory Council Monitoring Program,Prince William Sound Regional Citizens' Advisory Council Monitoring Program,SCAK
PWSRCAC,LTEMP,2006,57.049999999999997,61.124368199999999,-146.496141499999993,Blue Mussel,Mytilus trossulus,mussel,Bivalvia,Mussels,Background biomonitoring / Post-oil spill assessment,GOC-B-06-1-3,40,ng/g,dry,Calculated,Whole Body,6.910000000000000,,b,,AlphaAnalytics,,mussel,Prince William Sound Regional Citizens' Advisory Council Monitoring Program,Prince William Sound Regional Citizens' Advisory Council Monitoring Program,SCAK
PWSRCAC,LTEMP,2006,44.183283000000003,61.124368199999999,-146.496141499999993,Blue Mussel,Mytilus trossulus,mussel,Bivalvia,Mussels,Background biomonitoring / Post-oil spill assessment,GOC-B-06-2-1,38,ng/g,dry,Calculated,Whole Body,7.125000000000000,,,,AlphaAnalytics,,mussel,Prince William Sound Regional Citizens' Advisory Council Monitoring Program,Prince William Sound Regional Citizens' Advisory Council Monitoring Program,SCAK
PWSRCAC,LTEMP,2006,39.651998599999999,61.124368199999999,-146.496141499999993,Blue Mussel,Mytilus trossulus,mussel,Bivalvia,Mussels,Background biomonitoring / Post-oil spill assessment,GOC-B-06-2-2,38,ng/g,dry,Calculated,Whole Body,6.162162000000000,,,,AlphaAnalytics,,mussel,Prince William Sound Regional Citizens' Advisory Council Monitoring Program,Prince William Sound Regional Citizens' Advisory Council Monitoring Program,SCAK
PWSRCAC,LTEMP,2006,43.317287100000001,61.124368199999999,-146.496141499999993,Blue Mussel,Mytilus trossulus,mussel,Bivalvia,Mussels,Background biomonitoring / Post-oil spill assessment,GOC-B-06-2-3,38,ng/g,dry,Calculated,Whole Body,5.560976000000000,,,,AlphaAnalytics,,mussel,Prince William Sound Regional Citizens' Advisory Council Monitoring Program,Prince William Sound Regional Citizens' Advisory Council Monitoring Program,SCAK
PWSRCAC,LTEMP,2006,36.201394600000000,61.124368199999999,-146.496141499999993,Blue Mussel,Mytilus trossulus,mussel,Bivalvia,Mussels,Background biomonitoring / Post-oil spill assessment,GOC-B-06-3-1,38,ng/g,dry,Calculated,Whole Body,6.246575000000000,,,,AlphaAnalytics,,mussel,Prince William Sound Regional Citizens' Advisory Council Monitoring Program,Prince William Sound Regional Citizens' Advisory Council Monitoring Program,SCAK
PWSRCAC,LTEMP,2006,36.183668099999998,61.124368199999999,-146.496141499999993,Blue Mussel,Mytilus trossulus,mussel,Bivalvia,Mussels,Background biomonitoring / Post-oil spill assessment,GOC-B-06-3-2,38,ng/g,dry,Calculated,Whole Body,5.493976000000000,,,,AlphaAnalytics,,mussel,Prince William Sound Regional Citizens' Advisory Council Monitoring Program,Prince William Sound Regional Citizens' Advisory Council Monitoring Program,SCAK
PWSRCAC,LTEMP,2006,37.363230999999999,61.124368199999999,-146.496141499999993,Blue Mussel,Mytilus trossulus,mussel,Bivalvia,Mussels,Background biomonitoring / Post-oil spill assessment,GOC-B-06-3-3,38,ng/g,dry,Calculated,Whole Body,5.241379000000000,,,,AlphaAnalytics,,mussel,Prince William Sound Regional Citizens' Advisory Council Monitoring Program,Prince William Sound Regional Citizens' Advisory Council Monitoring Program,SCAK
PWSRCAC,LTEMP,2007,72.081075900000002,61.124368199999999,-146.496141499999993,Blue Mussel,Mytilus trossulus,mussel,Bivalvia,Mussels,Background biomonitoring / Post-oil spill assessment,GOC-B-07-1-1,38,ng/g,dry,Calculated,Whole Body,7.600000000000000,,,,AlphaAnalytics,,mussel,Prince William Sound Regional Citizens' Advisory Council Monitoring Program,Prince William Sound Regional Citizens' Advisory Council Monitoring Program,SCAK
PWSRCAC,LTEMP,2007,54.612031399999999,61.124368199999999,-146.496141499999993,Blue Mussel,Mytilus trossulus,mussel,Bivalvia,Mussels,Background biomonitoring / Post-oil spill assessment,GOC-B-07-1-2,38,ng/g,dry,Calculated,Whole Body,7.354839000000000,,,,AlphaAnalytics,,mussel,Prince William Sound Regional Citizens' Advisory Council Monitoring Program,Prince William Sound Regional Citizens' Advisory Council Monitoring Program,SCAK
PWSRCAC,LTEMP,2007,70.886628599999995,61.124368199999999,-146.496141499999993,Blue Mussel,Mytilus trossulus,mussel,Bivalvia,Mussels,Background biomonitoring / Post-oil spill assessment,GOC-B-07-1-3,38,ng/g,dry,Calculated,Whole Body,8.603774000000000,,,,AlphaAnalytics,,mussel,Prince William Sound Regional Citizens' Advisory Council Monitoring Program,Prince William Sound Regional Citizens' Advisory Council Monitoring Program,SCAK
PWSRCAC,LTEMP,2007,55.790500199999997,61.124368199999999,-146.496141499999993,Blue Mussel,Mytilus trossulus,mussel,Bivalvia,Mussels,Background biomonitoring / Post-oil spill assessment,GOC-B-07-2-1,38,ng/g,dry,Calculated,Whole Body,6.000000000000000,,,,AlphaAnalytics,,mussel,Prince William Sound Regional Citizens' Advisory Council Monitoring Program,Prince William Sound Regional Citizens' Advisory Council Monitoring Program,SCAK
PWSRCAC,LTEMP,2007,61.304354600000003,61.124368199999999,-146.496141499999993,Blue Mussel,Mytilus trossulus,mussel,Bivalvia,Mussels,Background biomonitoring / Post-oil spill assessment,GOC-B-07-2-2,38,ng/g,dry,Calculated,Whole Body,4.956522000000000,,,,AlphaAnalytics,,mussel,Prince William Sound Regional Citizens' Advisory Council Monitoring Program,Prince William Sound Regional Citizens' Advisory Council Monitoring Program,SCAK
PWSRCAC,LTEMP,2007,66.734803700000001,61.124368199999999,-146.496141499999993,Blue Mussel,Mytilus trossulus,mussel,Bivalvia,Mussels,Background biomonitoring / Post-oil spill assessment,GOC-B-07-2-3,39,ng/g,dry,Calculated,Whole Body,4.427184000000000,,,,AlphaAnalytics,,mussel,Prince William Sound Regional Citizens' Advisory Council Monitoring Program,Prince William Sound Regional Citizens' Advisory Council Monitoring Program,SCAK
PWSRCAC,LTEMP,2007,37.861312699999999,61.124368199999999,-146.496141499999993,Blue Mussel,Mytilus trossulus,mussel,Bivalvia,Mussels,Background biomonitoring / Post-oil spill assessment,GOC-B-07-3-1,38,ng/g,dry,Calculated,Whole Body,9.913043000000000,,,,AlphaAnalytics,,mussel,Prince William Sound Regional Citizens' Advisory Council Monitoring Program,Prince William Sound Regional Citizens' Advisory Council Monitoring Program,SCAK
PWSRCAC,LTEMP,2007,21.833728499999999,61.124368199999999,-146.496141499999993,Blue Mussel,Mytilus trossulus,mussel,Bivalvia,Mussels,Background biomonitoring / Post-oil spill assessment,GOC-B-07-3-2,38,ng/g,dry,Calculated,Whole Body,8.769231000000000,,,,AlphaAnalytics,,mussel,Prince William Sound Regional Citizens' Advisory Council Monitoring Program,Prince William Sound Regional Citizens' Advisory Council Monitoring Program,SCAK
PWSRCAC,LTEMP,2007,19.289205100000000,61.124368199999999,-146.496141499999993,Blue Mussel,Mytilus trossulus,mussel,Bivalvia,Mussels,Background biomonitoring / Post-oil spill assessment,GOC-B-07-3-3,38,ng/g,dry,Calculated,Whole Body,8.290908999999999,,,,AlphaAnalytics,,mussel,Prince William Sound Regional Citizens' Advisory Council Monitoring Program,Prince William Sound Regional Citizens' Advisory Council Monitoring Program,SCAK
PWSRCAC,LTEMP,2008,69.634769800000001,61.124368199999999,-146.496141499999993,Blue Mussel,Mytilus trossulus,mussel,Bivalvia,Mussels,Background biomonitoring / Post-oil spill assessment,GOC-B-08-2-1,38,ng/g,dry,Calculated,Whole Body,1.955447000000000,,a,,AlphaAnalytics,,mussel,Prince William Sound Regional Citizens' Advisory Council Monitoring Program,Prince William Sound Regional Citizens' Advisory Council Monitoring Program,SCAK
PWSRCAC,LTEMP,2008,50.084387700000001,61.124368199999999,-146.496141499999993,Blue Mussel,Mytilus trossulus,mussel,Bivalvia,Mussels,Background biomonitoring / Post-oil spill assessment,GOC-B-08-2-2,38,ng/g,dry,Calculated,Whole Body,1.969414000000000,,a,,AlphaAnalytics,,mussel,Prince William Sound Regional Citizens' Advisory Council Monitoring Program,Prince William Sound Regional Citizens' Advisory Council Monitoring Program,SCAK
PWSRCAC,LTEMP,2008,53.419707299999999,61.124368199999999,-146.496141499999993,Blue Mussel,Mytilus trossulus,mussel,Bivalvia,Mussels,Background biomonitoring / Post-oil spill assessment,GOC-B-08-2-3,38,ng/g,dry,Calculated,Whole Body,1.479174000000000,,a,,AlphaAnalytics,,mussel,Prince William Sound Regional Citizens' Advisory Council Monitoring Program,Prince William Sound Regional Citizens' Advisory Council Monitoring Program,SCAK
PWSRCAC,LTEMP,2008,36.058316099999999,61.124368199999999,-146.496141499999993,Blue Mussel,Mytilus trossulus,mussel,Bivalvia,Mussels,Background biomonitoring / Post-oil spill assessment,GOC-B-08-3-1,38,ng/g,dry,Calculated,Whole Body,1.963804000000000,,a,,AlphaAnalytics,,mussel,Prince William Sound Regional Citizens' Advisory Council Monitoring Program,Prince William Sound Regional Citizens' Advisory Council Monitoring Program,SCAK
PWSRCAC,LTEMP,2008,36.012923499999999,61.124368199999999,-146.496141499999993,Blue Mussel,Mytilus trossulus,mussel,Bivalvia,Mussels,Background biomonitoring / Post-oil spill assessment,GOC-B-08-3-2,38,ng/g,dry,Calculated,Whole Body,1.958225000000000,,a,,AlphaAnalytics,,mussel,Prince William Sound Regional Citizens' Advisory Council Monitoring Program,Prince William Sound Regional Citizens' Advisory Council Monitoring Program,SCAK
PWSRCAC,LTEMP,2008,49.496724800000003,61.124368199999999,-146.496141499999993,Blue Mussel,Mytilus trossulus,mussel,Bivalvia,Mussels,Background biomonitoring / Post-oil spill assessment,GOC-B-08-3-3,76,ng/g,dry,Calculated,Whole Body,1.972228000000000,,a,,AlphaAnalytics,,mussel,Prince William Sound Regional Citizens' Advisory Council Monitoring Program,Prince William Sound Regional Citizens' Advisory Council Monitoring Program,SCAK
PWSRCAC,LTEMP,2009,55.477024399999998,61.124368199999999,-146.496141499999993,Blue Mussel,Mytilus trossulus,mussel,Bivalvia,Mussels,Background biomonitoring / Post-oil spill assessment,GOC-B-09-1-1,38,ng/g,dry,Calculated,Whole Body,1.618063000000000,,a,,AlphaAnalytics,,mussel,Prince William Sound Regional Citizens' Advisory Council Monitoring Program,Prince William Sound Regional Citizens' Advisory Council Monitoring Program,SCAK
PWSRCAC,LTEMP,2009,45.702393999999998,61.124368199999999,-146.496141499999993,Blue Mussel,Mytilus trossulus,mussel,Bivalvia,Mussels,Background biomonitoring / Post-oil spill assessment,GOC-B-09-1-2,38,ng/g,dry,Calculated,Whole Body,1.625696000000000,,a,,AlphaAnalytics,,mussel,Prince William Sound Regional Citizens' Advisory Council Monitoring Program,Prince William Sound Regional Citizens' Advisory Council Monitoring Program,SCAK
PWSRCAC,LTEMP,2009,50.227550999999998,61.124368199999999,-146.496141499999993,Blue Mussel,Mytilus trossulus,mussel,Bivalvia,Mussels,Background biomonitoring / Post-oil spill assessment,GOC-B-09-1-3,38,ng/g,dry,Calculated,Whole Body,1.627615000000000,,a,,AlphaAnalytics,,mussel,Prince William Sound Regional Citizens' Advisory Council Monitoring Program,Prince William Sound Regional Citizens' Advisory Council Monitoring Program,SCAK
PWSRCAC,LTEMP,2009,18.922692800000000,61.124368199999999,-146.496141499999993,Blue Mussel,Mytilus trossulus,mussel,Bivalvia,Mussels,Background biomonitoring / Post-oil spill assessment,GOC-B-09-2-1,38,ng/g,dry,Calculated,Whole Body,1.500098000000000,,a,,AlphaAnalytics,,mussel,Prince William Sound Regional Citizens' Advisory Council Monitoring Program,Prince William Sound Regional Citizens' Advisory Council Monitoring Program,SCAK
PWSRCAC,LTEMP,2009,21.296014000000000,61.124368199999999,-146.496141499999993,Blue Mussel,Mytilus trossulus,mussel,Bivalvia,Mussels,Background biomonitoring / Post-oil spill assessment,GOC-B-09-2-2,38,ng/g,dry,Calculated,Whole Body,1.523304000000000,,a,,AlphaAnalytics,,mussel,Prince William Sound Regional Citizens' Advisory Council Monitoring Program,Prince William Sound Regional Citizens' Advisory Council Monitoring Program,SCAK
PWSRCAC,LTEMP,2009,21.271782800000000,61.124368199999999,-146.496141499999993,Blue Mussel,Mytilus trossulus,mussel,Bivalvia,Mussels,Background biomonitoring / Post-oil spill assessment,GOC-B-09-2-3,38,ng/g,dry,Calculated,Whole Body,1.514934000000000,,a,,AlphaAnalytics,,mussel,Prince William Sound Regional Citizens' Advisory Council Monitoring Program,Prince William Sound Regional Citizens' Advisory Council Monitoring Program,SCAK
PWSRCAC,LTEMP,2010,16.389560599999999,61.124368199999999,-146.496141499999993,Blue Mussel,Mytilus trossulus,mussel,Bivalvia,Mussels,Background biomonitoring / Post-oil spill assessment,GOC-B-10-2-1,38,ng/g,dry,Calculated,Whole Body,1.621462000000000,,a,,AlphaAnalytics,,mussel,Prince William Sound Regional Citizens' Advisory Council Monitoring Program,Prince William Sound Regional Citizens' Advisory Council Monitoring Program,SCAK
PWSRCAC,LTEMP,2010,20.230259900000000,61.124368199999999,-146.496141499999993,Blue Mussel,Mytilus trossulus,mussel,Bivalvia,Mussels,Background biomonitoring / Post-oil spill assessment,GOC-B-10-2-2,38,ng/g,dry,Calculated,Whole Body,1.789926000000000,,a,,AlphaAnalytics,,mussel,Prince William Sound Regional Citizens' Advisory Council Monitoring Program,Prince William Sound Regional Citizens' Advisory Council Monitoring Program,SCAK
PWSRCAC,LTEMP,2010,19.319142500000002,61.124368199999999,-146.496141499999993,Blue Mussel,Mytilus trossulus,mussel,Bivalvia,Mussels,Background biomonitoring / Post-oil spill assessment,GOC-B-10-2-3,38,ng/g,dry,Calculated,Whole Body,1.862490000000000,,a,,AlphaAnalytics,,mussel,Prince William Sound Regional Citizens' Advisory Council Monitoring Program,Prince William Sound Regional Citizens' Advisory Council Monitoring Program,SCAK
PWSRCAC,LTEMP,2011,29.387340699999999,61.124368199999999,-146.496141499999993,Blue Mussel,Mytilus trossulus,mussel,Bivalvia,Mussels,Background biomonitoring / Post-oil spill assessment,GOC-B-11-2-1,38,ng/g,dry,Calculated,Whole Body,3.724981000000000,,b,,AlphaAnalytics,,mussel,Prince William Sound Regional Citizens' Advisory Council Monitoring Program,Prince William Sound Regional Citizens' Advisory Council Monitoring Program,SCAK
PWSRCAC,LTEMP,2011,29.837414800000001,61.124368199999999,-146.496141499999993,Blue Mussel,Mytilus trossulus,mussel,Bivalvia,Mussels,Background biomonitoring / Post-oil spill assessment,GOC-B-11-2-2,38,ng/g,dry,Calculated,Whole Body,2.505896000000000,,b,,AlphaAnalytics,,mussel,Prince William Sound Regional Citizens' Advisory Council Monitoring Program,Prince William Sound Regional Citizens' Advisory Council Monitoring Program,SCAK
PWSRCAC,LTEMP,2011,32.498743300000001,61.124368199999999,-146.496141499999993,Blue Mussel,Mytilus trossulus,mussel,Bivalvia,Mussels,Background biomonitoring / Post-oil spill assessment,GOC-B-11-2-3,38,ng/g,dry,Calculated,Whole Body,2.153504000000000,,b,,AlphaAnalytics,,mussel,Prince William Sound Regional Citizens' Advisory Council Monitoring Program,Prince William Sound Regional Citizens' Advisory Council Monitoring Program,SCAK
PWSRCAC,LTEMP,2012,36.981941499999998,61.124368199999999,-146.496141499999993,Blue Mussel,Mytilus trossulus,mussel,Bivalvia,Mussels,Background biomonitoring / Post-oil spill assessment,GOC-B-12-2-1,38,ng/g,dry,Calculated,Whole Body,2.392783000000000,,a,,AlphaAnalytics,,mussel,Prince William Sound Regional Citizens' Advisory Council Monitoring Program,Prince William Sound Regional Citizens' Advisory Council Monitoring Program,SCAK
PWSRCAC,LTEMP,2012,60.314007799999999,61.124368199999999,-146.496141499999993,Blue Mussel,Mytilus trossulus,mussel,Bivalvia,Mussels,Background biomonitoring / Post-oil spill assessment,GOC-B-12-2-2,38,ng/g,dry,Calculated,Whole Body,2.435058000000000,,a,,AlphaAnalytics,,mussel,Prince William Sound Regional Citizens' Advisory Council Monitoring Program,Prince William Sound Regional Citizens' Advisory Council Monitoring Program,SCAK
PWSRCAC,LTEMP,2012,54.630927600000000,61.124368199999999,-146.496141499999993,Blue Mussel,Mytilus trossulus,mussel,Bivalvia,Mussels,Background biomonitoring / Post-oil spill assessment,GOC-B-12-2-3,38,ng/g,dry,Calculated,Whole Body,2.605374000000000,,a,,AlphaAnalytics,,mussel,Prince William Sound Regional Citizens' Advisory Council Monitoring Program,Prince William Sound Regional Citizens' Advisory Council Monitoring Program,SCAK
PWSRCAC,LTEMP,2013,23.168997550000000,61.124368199999999,-146.496141499999993,Blue Mussel,Mytilus trossulus,mussel,Bivalvia,Mussels,Background biomonitoring / Post-oil spill assessment,GOC-B-13-2-1,38,ng/g,dry,Calculated,Whole Body,1.499720000000000,,a,,AlphaAnalytics,,mussel,Prince William Sound Regional Citizens' Advisory Council Monitoring Program,Prince William Sound Regional Citizens' Advisory Council Monitoring Program,SCAK
PWSRCAC,LTEMP,2013,16.200859399999999,61.124368199999999,-146.496141499999993,Blue Mussel,Mytilus trossulus,mussel,Bivalvia,Mussels,Background biomonitoring / Post-oil spill assessment,GOC-B-13-2-2,38,ng/g,dry,Calculated,Whole Body,1.794587000000000,,a,,AlphaAnalytics,,mussel,Prince William Sound Regional Citizens' Advisory Council Monitoring Program,Prince William Sound Regional Citizens' Advisory Council Monitoring Program,SCAK
PWSRCAC,LTEMP,2013,23.792387800000000,61.124368199999999,-146.496141499999993,Blue Mussel,Mytilus trossulus,mussel,Bivalvia,Mussels,Background biomonitoring / Post-oil spill assessment,GOC-B-13-2-3,38,ng/g,dry,Calculated,Whole Body,1.703638000000000,,a,,AlphaAnalytics,,mussel,Prince William Sound Regional Citizens' Advisory Council Monitoring Program,Prince William Sound Regional Citizens' Advisory Council Monitoring Program,SCAK
PWSRCAC,LTEMP,2015,24.390329999999999,61.124368199999999,-146.496141499999993,Blue Mussel,Mytilus trossulus,mussel,Bivalvia,Mussels,Background biomonitoring / Post-oil spill assessment,GOC-B-15-2-1,38,ng/g,dry,Calculated,Whole Body,2.461148000000000,,b,,AlphaAnalytics,,mussel,Prince William Sound Regional Citizens' Advisory Council Monitoring Program,Prince William Sound Regional Citizens' Advisory Council Monitoring Program,SCAK
PWSRCAC,LTEMP,2015,23.684672100000000,61.124368199999999,-146.496141499999993,Blue Mussel,Mytilus trossulus,mussel,Bivalvia,Mussels,Background biomonitoring / Post-oil spill assessment,GOC-B-15-2-2,38,ng/g,dry,Calculated,Whole Body,2.417970000000000,,b,,AlphaAnalytics,,mussel,Prince William Sound Regional Citizens' Advisory Council Monitoring Program,Prince William Sound Regional Citizens' Advisory Council Monitoring Program,SCAK
PWSRCAC,LTEMP,2015,33.173502999999997,61.124368199999999,-146.496141499999993,Blue Mussel,Mytilus trossulus,mussel,Bivalvia,Mussels,Background biomonitoring / Post-oil spill assessment,GOC-B-15-2-3,38,ng/g,dry,Calculated,Whole Body,2.600458000000000,,b,,AlphaAnalytics,,mussel,Prince William Sound Regional Citizens' Advisory Council Monitoring Program,Prince William Sound Regional Citizens' Advisory Council Monitoring Program,SCAK
PWSRCAC,LTEMP,2016,135.174149300000010,61.124368199999999,-146.496141499999993,Blue Mussel,Mytilus trossulus,mussel,Bivalvia,Mussels,Background biomonitoring / Post-oil spill assessment,GOC-B-16-2-1,41,ng/g,dry,Calculated,Whole Body,3.931559000000000,3.931559,JB,86.85,AlphaAnalytics,,mussel,Prince William Sound Regional Citizens' Advisory Council Monitoring Program,Prince William Sound Regional Citizens' Advisory Council Monitoring Program,SCAK
PWSRCAC,LTEMP,2016,129.166669000000013,61.124368199999999,-146.496141499999993,Blue Mussel,Mytilus trossulus,mussel,Bivalvia,Mussels,Background biomonitoring / Post-oil spill assessment,GOC-B-16-2-2,41,ng/g,dry,Calculated,Whole Body,4.159021000000000,4.159021,JB,86.92,AlphaAnalytics,,mussel,Prince William Sound Regional Citizens' Advisory Council Monitoring Program,Prince William Sound Regional Citizens' Advisory Council Monitoring Program,SCAK
PWSRCAC,LTEMP,2016,416.207151000000010,61.124368199999999,-146.496141499999993,Blue Mussel,Mytilus trossulus,mussel,Bivalvia,Mussels,Background biomonitoring / Post-oil spill assessment,GOC-B-16-2-3,41,ng/g,dry,Calculated,Whole Body,3.918824000000000,3.918824,JB,85.71,AlphaAnalytics,,mussel,Prince William Sound Regional Citizens' Advisory Council Monitoring Program,Prince William Sound Regional Citizens' Advisory Council Monitoring Program,SCAK
PWSRCAC,LTEMP,2017,43.274436199999997,61.124368199999999,-146.496141499999993,Blue Mussel,Mytilus trossulus,mussel,Bivalvia,Mussels,Background biomonitoring / Post-oil spill assessment,GOC-B-17-2-1,41,ng/g,dry,Calculated,Whole Body,1.889968000000000,1.889968,JB,84.55,AlphaAnalytics,,mussel,Prince William Sound Regional Citizens' Advisory Council Monitoring Program,Prince William Sound Regional Citizens' Advisory Council Monitoring Program,SCAK
PWSRCAC,LTEMP,2017,49.300844699999999,61.124368199999999,-146.496141499999993,Blue Mussel,Mytilus trossulus,mussel,Bivalvia,Mussels,Background biomonitoring / Post-oil spill assessment,GOC-B-17-2-2,41,ng/g,dry,Calculated,Whole Body,2.090395000000000,2.090395,JB,85.84,AlphaAnalytics,,mussel,Prince William Sound Regional Citizens' Advisory Council Monitoring Program,Prince William Sound Regional Citizens' Advisory Council Monitoring Program,SCAK
PWSRCAC,LTEMP,2017,52.600532500000000,61.124368199999999,-146.496141499999993,Blue Mussel,Mytilus trossulus,mussel,Bivalvia,Mussels,Background biomonitoring / Post-oil spill assessment,GOC-B-17-2-3,41,ng/g,dry,Calculated,Whole Body,1.937624000000000,1.937624,JB,84.93,AlphaAnalytics,,mussel,Prince William Sound Regional Citizens' Advisory Council Monitoring Program,Prince William Sound Regional Citizens' Advisory Council Monitoring Program,SCAK
PWSRCAC,LTEMP,2018,32.100000700000002,61.124368199999999,-146.496141499999993,Blue Mussel,Mytilus trossulus,mussel,Bivalvia,Mussels,Background biomonitoring / Post-oil spill assessment,GOC-B-18-2-1-DUP,41,ng/g,dry,Calculated,Whole Body,5.070588000000000,11.76471,JB,83,AlphaAnalytics,,mussel,Prince William Sound Regional Citizens' Advisory Council Monitoring Program,Prince William Sound Regional Citizens' Advisory Council Monitoring Program,SCAK
PWSRCAC,LTEMP,2018,34.174999999999997,61.124368199999999,-146.496141499999993,Blue Mussel,Mytilus trossulus,mussel,Bivalvia,Mussels,Background biomonitoring / Post-oil spill assessment,GOC-B-18-3-1,41,ng/g,dry,Calculated,Whole Body,5.281250000000000,12.25,JB,84,AlphaAnalytics,,mussel,Prince William Sound Regional Citizens' Advisory Council Monitoring Program,Prince William Sound Regional Citizens' Advisory Council Monitoring Program,SCAK
PWSRCAC,LTEMP,2018,28.160001000000001,61.124368199999999,-146.496141499999993,Blue Mussel,Mytilus trossulus,mussel,Bivalvia,Mussels,Background biomonitoring / Post-oil spill assessment,GOC-B-18-3-2,41,ng/g,dry,Calculated,Whole Body,4.973333000000000,11.53333,JB,85,AlphaAnalytics,,mussel,Prince William Sound Regional Citizens' Advisory Council Monitoring Program,Prince William Sound Regional Citizens' Advisory Council Monitoring Program,SCAK
PWSRCAC,LTEMP,2018,23.621427700000002,61.124368199999999,-146.496141499999993,Blue Mussel,Mytilus trossulus,mussel,Bivalvia,Mussels,Background biomonitoring / Post-oil spill assessment,GOC-B-18-3-3,41,ng/g,dry,Calculated,Whole Body,5.585714000000000,12.92857,JB,86,AlphaAnalytics,,mussel,Prince William Sound Regional Citizens' Advisory Council Monitoring Program,Prince William Sound Regional Citizens' Advisory Council Monitoring Program,SCAK
PWSRCAC,LTEMP,2019,20.945453900000000,61.124368199999999,-146.496141499999993,Blue Mussel,Mytilus trossulus,mussel,Bivalvia,Mussels,Background biomonitoring / Post-oil spill assessment,GOC-B-19-2-1,41,ng/g,dry,Calculated,Whole Body,3.745455000000000,8.7,JB,89,AlphaAnalytics,,mussel,Prince William Sound Regional Citizens' Advisory Council Monitoring Program,Prince William Sound Regional Citizens' Advisory Council Monitoring Program,SCAK
PWSRCAC,LTEMP,2019,74.822222999999994,61.124368199999999,-146.496141499999993,Blue Mussel,Mytilus trossulus,mussel,Bivalvia,Mussels,Background biomonitoring / Post-oil spill assessment,GOC-B-19-2-2,41,ng/g,dry,Calculated,Whole Body,7.133333000000000,16.55556,B,91,AlphaAnalytics,,mussel,Prince William Sound Regional Citizens' Advisory Council Monitoring Program,Prince William Sound Regional Citizens' Advisory Council Monitoring Program,SCAK
PWSRCAC,LTEMP,2019,52.287500000000001,61.124368199999999,-146.496141499999993,Blue Mussel,Mytilus trossulus,mussel,Bivalvia,Mussels,Background biomonitoring / Post-oil spill assessment,GOC-B-19-2-3,41,ng/g,dry,Calculated,Whole Body,5.237500000000000,12.1625,B,92,AlphaAnalytics,,mussel,Prince William Sound Regional Citizens' Advisory Council Monitoring Program,Prince William Sound Regional Citizens' Advisory Council Monitoring Program,SCAK
PWSRCAC,LTEMP,2020,54.373336000000002,61.124368199999999,-146.496141499999993,Blue Mussel,Mytilus trossulus,mussel,Bivalvia,Mussels,Background biomonitoring / Post-oil spill assessment,GOC-B-20-2-1,41,ng/g,dry,Calculated,Whole Body,4.953333000000000,11.46667,JB,85,AlphaAnalytics,,mussel,Prince William Sound Regional Citizens' Advisory Council Monitoring Program,Prince William Sound Regional Citizens' Advisory Council Monitoring Program,SCAK
PWSRCAC,LTEMP,2020,45.242859600000003,61.124368199999999,-146.496141499999993,Blue Mussel,Mytilus trossulus,mussel,Bivalvia,Mussels,Background biomonitoring / Post-oil spill assessment,GOC-B-20-2-2,41,ng/g,dry,Calculated,Whole Body,2.900000000000000,6.728571,JB,86,AlphaAnalytics,,mussel,Prince William Sound Regional Citizens' Advisory Council Monitoring Program,Prince William Sound Regional Citizens' Advisory Council Monitoring Program,SCAK
PWSRCAC,LTEMP,2020,45.742859899999999,61.124368199999999,-146.496141499999993,Blue Mussel,Mytilus trossulus,mussel,Bivalvia,Mussels,Background biomonitoring / Post-oil spill assessment,GOC-B-20-2-3,41,ng/g,dry,Calculated,Whole Body,3.057143000000000,7.1,JB,86,AlphaAnalytics,,mussel,Prince William Sound Regional Citizens' Advisory Council Monitoring Program,Prince William Sound Regional Citizens' Advisory Council Monitoring Program,SCAK
PWSRCAC,LTEMP,2021,74.706000000000003,61.124368199999999,-146.496141499999993,Blue Mussel,Mytilus trossulus,mussel,Bivalvia,Mussels,Background biomonitoring / Post-oil spill assessment,GOC-B-21-1,41,ng/g,wet,Calculated,Whole Body,0.831000000000000,1.93,,0,AlphaAnalytics,,mussel,Prince William Sound Regional Citizens' Advisory Council Monitoring Program,Prince William Sound Regional Citizens' Advisory Council Monitoring Program,SCAK
PWSRCAC,LTEMP,2021,49.145000000000003,61.124368199999999,-146.496141499999993,Blue Mussel,Mytilus trossulus,mussel,Bivalvia,Mussels,Background biomonitoring / Post-oil spill assessment,GOC-B-21-1-DUP,41,ng/g,wet,Calculated,Whole Body,0.775000000000000,1.8,JB,0,AlphaAnalytics,,mussel,Prince William Sound Regional Citizens' Advisory Council Monitoring Program,Prince William Sound Regional Citizens' Advisory Council Monitoring Program,SCAK
PWSRCAC,LTEMP,2021,48.366999999999997,61.124368199999999,-146.496141499999993,Blue Mussel,Mytilus trossulus,mussel,Bivalvia,Mussels,Background biomonitoring / Post-oil spill assessment,GOC-B-21-2,41,ng/g,wet,Calculated,Whole Body,0.762000000000000,1.77,B,0,AlphaAnalytics,,mussel,Prince William Sound Regional Citizens' Advisory Council Monitoring Program,Prince William Sound Regional Citizens' Advisory Council Monitoring Program,SCAK
PWSRCAC,LTEMP,2021,52.622999999999998,61.124368199999999,-146.496141499999993,Blue Mussel,Mytilus trossulus,mussel,Bivalvia,Mussels,Background biomonitoring / Post-oil spill assessment,GOC-B-21-3,41,ng/g,wet,Calculated,Whole Body,0.763000000000000,1.77,B,0,AlphaAnalytics,,mussel,Prince William Sound Regional Citizens' Advisory Council Monitoring Program,Prince William Sound Regional Citizens' Advisory Council Monitoring Program,SCAK
PWSRCAC,LTEMP,2022,60.189999999999998,61.124368199999999,-146.496141499999993,Blue Mussel,Mytilus trossulus,mussel,Bivalvia,Mussels,Background biomonitoring / Post-oil spill assessment,GOC-B-22-1,41,ng/g,wet,Calculated,Whole Body,0.845000000000000,1.96,JB,0,AlphaAnalytics,,mussel,Prince William Sound Regional Citizens' Advisory Council Monitoring Program,Prince William Sound Regional Citizens' Advisory Council Monitoring Program,SCAK
PWSRCAC,LTEMP,2022,57.863000000000000,61.124368199999999,-146.496141499999993,Blue Mussel,Mytilus trossulus,mussel,Bivalvia,Mussels,Background biomonitoring / Post-oil spill assessment,GOC-B-22-2,41,ng/g,wet,Calculated,Whole Body,0.816000000000000,1.89,JB,0,AlphaAnalytics,,mussel,Prince William Sound Regional Citizens' Advisory Council Monitoring Program,Prince William Sound Regional Citizens' Advisory Council Monitoring Program,SCAK
PWSRCAC,LTEMP,2022,53.045999999999999,61.124368199999999,-146.496141499999993,Blue Mussel,Mytilus trossulus,mussel,Bivalvia,Mussels,Background biomonitoring / Post-oil spill assessment,GOC-B-22-3,41,ng/g,wet,Calculated,Whole Body,0.795000000000000,1.84,JB,0,AlphaAnalytics,,mussel,Prince William Sound Regional Citizens' Advisory Council Monitoring Program,Prince William Sound Regional Citizens' Advisory Council Monitoring Program,SCAK
PWSRCAC,LTEMP,2023,61.039000000000001,61.124368199999999,-146.496141499999993,Blue Mussel,Mytilus trossulus,mussel,Bivalvia,Mussels,Background biomonitoring / Post-oil spill assessment,GOC-B-23-1,41,ng/g,wet,Calculated,Whole Body,0.829000000000000,1.92,JB,0,AlphaAnalytics,,mussel,Prince William Sound Regional Citizens' Advisory Council Monitoring Program,Prince William Sound Regional Citizens' Advisory Council Monitoring Program,SCAK
PWSRCAC,LTEMP,2023,61.167000000000002,61.124368199999999,-146.496141499999993,Blue Mussel,Mytilus trossulus,mussel,Bivalvia,Mussels,Background biomonitoring / Post-oil spill assessment,GOC-B-23-2,41,ng/g,wet,Calculated,Whole Body,0.826000000000000,1.92,JB,0,AlphaAnalytics,,mussel,Prince William Sound Regional Citizens' Advisory Council Monitoring Program,Prince William Sound Regional Citizens' Advisory Council Monitoring Program,SCAK
PWSRCAC,LTEMP,2023,57.758000000000003,61.124368199999999,-146.496141499999993,Blue Mussel,Mytilus trossulus,mussel,Bivalvia,Mussels,Background biomonitoring / Post-oil spill assessment,GOC-B-23-3,41,ng/g,wet,Calculated,Whole Body,0.784000000000000,1.82,JB,0,AlphaAnalytics,,mussel,Prince William Sound Regional Citizens' Advisory Council Monitoring Program,Prince William Sound Regional Citizens' Advisory Council Monitoring Program,SCAK
PWSRCAC,LTEMP,2024,65.197000000000003,61.124368199999999,-146.496141499999993,Blue Mussel,Mytilus trossulus,mussel,Bivalvia,Mussels,Background biomonitoring / Post-oil spill assessment,GOC-B-24-1,41,ng/g,wet,Calculated,Whole Body,0.771000000000000,1.79,JB,0,AlphaAnalytics,,mussel,Prince William Sound Regional Citizens' Advisory Council Monitoring Program,Prince William Sound Regional Citizens' Advisory Council Monitoring Program,SCAK
PWSRCAC,LTEMP,2024,60.920999999999999,61.124368199999999,-146.496141499999993,Blue Mussel,Mytilus trossulus,mussel,Bivalvia,Mussels,Background biomonitoring / Post-oil spill assessment,GOC-B-24-2,41,ng/g,wet,Calculated,Whole Body,0.775000000000000,1.8,JB,0,AlphaAnalytics,,mussel,Prince William Sound Regional Citizens' Advisory Council Monitoring Program,Prince William Sound Regional Citizens' Advisory Council Monitoring Program,SCAK
PWSRCAC,LTEMP,2024,63.765999999999998,61.124368199999999,-146.496141499999993,Blue Mussel,Mytilus trossulus,mussel,Bivalvia,Mussels,Background biomonitoring / Post-oil spill assessment,GOC-B-24-3,41,ng/g,wet,Calculated,Whole Body,0.759000000000000,1.76,JB,0,AlphaAnalytics,,mussel,Prince William Sound Regional Citizens' Advisory Council Monitoring Program,Prince William Sound Regional Citizens' Advisory Council Monitoring Program,SCAK
PWSRCAC,LTEMP,2020,702.338514099999998,61.123150000000003,-146.355228000000011,Blue Mussel,Mytilus trossulus,mussel,Bivalvia,Mussels,Background biomonitoring / Post-oil spill assessment,GRN-B-20-2-1,41,ng/g,dry,Calculated,Whole Body,3.153846000000000,7.315385,JB,87,AlphaAnalytics,,mussel,Prince William Sound Regional Citizens' Advisory Council Monitoring Program,Prince William Sound Regional Citizens' Advisory Council Monitoring Program,SCAK
PWSRCAC,LTEMP,2020,848.399967100000026,61.123150000000003,-146.355228000000011,Blue Mussel,Mytilus trossulus,mussel,Bivalvia,Mussels,Background biomonitoring / Post-oil spill assessment,GRN-B-20-2-2,41,ng/g,dry,Calculated,Whole Body,5.414286000000000,12.57143,JB,86,AlphaAnalytics,,mussel,Prince William Sound Regional Citizens' Advisory Council Monitoring Program,Prince William Sound Regional Citizens' Advisory Council Monitoring Program,SCAK
PWSRCAC,LTEMP,2020,655.907135599999947,61.123150000000003,-146.355228000000011,Blue Mussel,Mytilus trossulus,mussel,Bivalvia,Mussels,Background biomonitoring / Post-oil spill assessment,GRN-B-20-2-3,41,ng/g,dry,Calculated,Whole Body,2.900000000000000,6.728571,JB,86,AlphaAnalytics,,mussel,Prince William Sound Regional Citizens' Advisory Council Monitoring Program,Prince William Sound Regional Citizens' Advisory Council Monitoring Program,SCAK
PWSRCAC,LTEMP,2020,244574.478499999997439,61.086216999999998,-146.392639000000003,Blue Mussel,Mytilus trossulus,mussel,Bivalvia,Mussels,Background biomonitoring / Post-oil spill assessment,HOT M001,41,ng/g,dry,Calculated,Whole Body,5.626667000000000,13.06667,,85,AlphaAnalytics,,mussel,Prince William Sound Regional Citizens' Advisory Council Monitoring Program,Prince William Sound Regional Citizens' Advisory Council Monitoring Program,SCAK
PWSRCAC,LTEMP,2020,164452.715999999985797,61.086216999999998,-146.392639000000003,Blue Mussel,Mytilus trossulus,mussel,Bivalvia,Mussels,Background biomonitoring / Post-oil spill assessment,HOT M002,41,ng/g,dry,Calculated,Whole Body,5.885714000000000,13.64286,,86,AlphaAnalytics,,mussel,Prince William Sound Regional Citizens' Advisory Council Monitoring Program,Prince William Sound Regional Citizens' Advisory Council Monitoring Program,SCAK
PWSRCAC,LTEMP,2020,158498.562999999994645,61.086216999999998,-146.392639000000003,Blue Mussel,Mytilus trossulus,mussel,Bivalvia,Mussels,Background biomonitoring / Post-oil spill assessment,HOT M003,41,ng/g,dry,Calculated,Whole Body,6.064286000000000,14.07143,,86,AlphaAnalytics,,mussel,Prince William Sound Regional Citizens' Advisory Council Monitoring Program,Prince William Sound Regional Citizens' Advisory Council Monitoring Program,SCAK
PWSRCAC,LTEMP,2021,50.384999999999998,61.086216999999998,-146.392639000000003,Blue Mussel,Mytilus trossulus,mussel,Bivalvia,Mussels,Background biomonitoring / Post-oil spill assessment,HOT-B-21-1,41,ng/g,wet,Calculated,Whole Body,0.829000000000000,1.92,B,0,AlphaAnalytics,,mussel,Prince William Sound Regional Citizens' Advisory Council Monitoring Program,Prince William Sound Regional Citizens' Advisory Council Monitoring Program,SCAK
PWSRCAC,LTEMP,2021,45.606999999999999,61.086216999999998,-146.392639000000003,Blue Mussel,Mytilus trossulus,mussel,Bivalvia,Mussels,Background biomonitoring / Post-oil spill assessment,HOT-B-21-2,41,ng/g,wet,Calculated,Whole Body,0.733000000000000,1.7,B,0,AlphaAnalytics,,mussel,Prince William Sound Regional Citizens' Advisory Council Monitoring Program,Prince William Sound Regional Citizens' Advisory Council Monitoring Program,SCAK
PWSRCAC,LTEMP,2021,55.454999999999998,61.086216999999998,-146.392639000000003,Blue Mussel,Mytilus trossulus,mussel,Bivalvia,Mussels,Background biomonitoring / Post-oil spill assessment,HOT-B-21-3,41,ng/g,wet,Calculated,Whole Body,0.835000000000000,1.94,JB,0,AlphaAnalytics,,mussel,Prince William Sound Regional Citizens' Advisory Council Monitoring Program,Prince William Sound Regional Citizens' Advisory Council Monitoring Program,SCAK
PWSRCAC,LTEMP,2020,96666.589269999996759,61.086216999999998,-146.392639000000003,Blue Mussel,Mytilus trossulus,mussel,Bivalvia,Mussels,Background biomonitoring / Post-oil spill assessment,HOTM004,41,ng/g,dry,Calculated,Whole Body,4.311765000000000,10,JB,0,AlphaAnalytics,,mussel,Prince William Sound Regional Citizens' Advisory Council Monitoring Program,Prince William Sound Regional Citizens' Advisory Council Monitoring Program,SCAK
PWSRCAC,LTEMP,2020,78242.562500000000000,61.086216999999998,-146.392639000000003,Blue Mussel,Mytilus trossulus,mussel,Bivalvia,Mussels,Background biomonitoring / Post-oil spill assessment,HOTM005,41,ng/g,dry,Calculated,Whole Body,4.725000000000000,10.9375,JB,0,AlphaAnalytics,,mussel,Prince William Sound Regional Citizens' Advisory Council Monitoring Program,Prince William Sound Regional Citizens' Advisory Council Monitoring Program,SCAK
PWSRCAC,LTEMP,2020,97962.529729999994743,61.086216999999998,-146.392639000000003,Blue Mussel,Mytilus trossulus,mussel,Bivalvia,Mussels,Background biomonitoring / Post-oil spill assessment,HOTM006,41,ng/g,dry,Calculated,Whole Body,4.823529000000000,11.17647,JB,0,AlphaAnalytics,,mussel,Prince William Sound Regional Citizens' Advisory Council Monitoring Program,Prince William Sound Regional Citizens' Advisory Council Monitoring Program,SCAK
PWSRCAC,LTEMP,2020,44935.293749999997090,61.086216999999998,-146.392639000000003,Blue Mussel,Mytilus trossulus,mussel,Bivalvia,Mussels,Background biomonitoring / Post-oil spill assessment,HOTM007,41,ng/g,dry,Calculated,Whole Body,4.981250000000000,11.5625,B,0,AlphaAnalytics,,mussel,Prince William Sound Regional Citizens' Advisory Council Monitoring Program,Prince William Sound Regional Citizens' Advisory Council Monitoring Program,SCAK
PWSRCAC,LTEMP,2020,93877.291320000003907,61.086216999999998,-146.392639000000003,Blue Mussel,Mytilus trossulus,mussel,Bivalvia,Mussels,Background biomonitoring / Post-oil spill assessment,HOTM008,41,ng/g,dry,Calculated,Whole Body,5.785714000000000,13.42857,JB,0,AlphaAnalytics,,mussel,Prince William Sound Regional Citizens' Advisory Council Monitoring Program,Prince William Sound Regional Citizens' Advisory Council Monitoring Program,SCAK
PWSRCAC,LTEMP,2020,36136.137499999997090,61.086216999999998,-146.392639000000003,Blue Mussel,Mytilus trossulus,mussel,Bivalvia,Mussels,Background biomonitoring / Post-oil spill assessment,HOTM009,41,ng/g,dry,Calculated,Whole Body,5.043750000000000,11.6875,JB,0,AlphaAnalytics,,mussel,Prince William Sound Regional Citizens' Advisory Council Monitoring Program,Prince William Sound Regional Citizens' Advisory Council Monitoring Program,SCAK
PWSRCAC,LTEMP,2020,36626.106330000002345,61.086216999999998,-146.392639000000003,Blue Mussel,Mytilus trossulus,mussel,Bivalvia,Mussels,Background biomonitoring / Post-oil spill assessment,HOTM011,41,ng/g,dry,Calculated,Whole Body,5.713333000000000,13.26667,JB,0,AlphaAnalytics,,mussel,Prince William Sound Regional Citizens' Advisory Council Monitoring Program,Prince William Sound Regional Citizens' Advisory Council Monitoring Program,SCAK
PWSRCAC,LTEMP,2020,36701.187350000000151,61.086216999999998,-146.392639000000003,Blue Mussel,Mytilus trossulus,mussel,Bivalvia,Mussels,Background biomonitoring / Post-oil spill assessment,HOTM012,41,ng/g,dry,Calculated,Whole Body,4.305556000000000,10,B,0,AlphaAnalytics,,mussel,Prince William Sound Regional Citizens' Advisory Council Monitoring Program,Prince William Sound Regional Citizens' Advisory Council Monitoring Program,SCAK
PWSRCAC,LTEMP,2020,19649.586619999998220,61.086216999999998,-146.392639000000003,Blue Mussel,Mytilus trossulus,mussel,Bivalvia,Mussels,Background biomonitoring / Post-oil spill assessment,HOTM014,41,ng/g,dry,Calculated,Whole Body,5.133333000000000,11.86667,JB,0,AlphaAnalytics,,mussel,Prince William Sound Regional Citizens' Advisory Council Monitoring Program,Prince William Sound Regional Citizens' Advisory Council Monitoring Program,SCAK
PWSRCAC,LTEMP,2020,37464.500469999999041,61.086216999999998,-146.392639000000003,Blue Mussel,Mytilus trossulus,mussel,Bivalvia,Mussels,Background biomonitoring / Post-oil spill assessment,HOTM015,41,ng/g,dry,Calculated,Whole Body,6.415385000000000,14.84615,JB,0,AlphaAnalytics,,mussel,Prince William Sound Regional Citizens' Advisory Council Monitoring Program,Prince William Sound Regional Citizens' Advisory Council Monitoring Program,SCAK
PWSRCAC,LTEMP,2020,15415.722659999999451,61.086216999999998,-146.392639000000003,Blue Mussel,Mytilus trossulus,mussel,Bivalvia,Mussels,Background biomonitoring / Post-oil spill assessment,HOTM016,41,ng/g,dry,Calculated,Whole Body,6.035714000000000,14,JB,0,AlphaAnalytics,,mussel,Prince William Sound Regional Citizens' Advisory Council Monitoring Program,Prince William Sound Regional Citizens' Advisory Council Monitoring Program,SCAK
PWSRCAC,LTEMP,2020,13984.224039999999150,61.086216999999998,-146.392639000000003,Blue Mussel,Mytilus trossulus,mussel,Bivalvia,Mussels,Background biomonitoring / Post-oil spill assessment,HOTM017,41,ng/g,dry,Calculated,Whole Body,4.764706000000000,11.05882,JB,0,AlphaAnalytics,,mussel,Prince William Sound Regional Citizens' Advisory Council Monitoring Program,Prince William Sound Regional Citizens' Advisory Council Monitoring Program,SCAK
PWSRCAC,LTEMP,2020,8475.458703000000241,61.086216999999998,-146.392639000000003,Blue Mussel,Mytilus trossulus,mussel,Bivalvia,Mussels,Background biomonitoring / Post-oil spill assessment,HOTM018,41,ng/g,dry,Calculated,Whole Body,4.415789000000000,10.21053,B,0,AlphaAnalytics,,mussel,Prince William Sound Regional Citizens' Advisory Council Monitoring Program,Prince William Sound Regional Citizens' Advisory Council Monitoring Program,SCAK
PWSRCAC,LTEMP,2020,2136.018750000000182,61.086216999999998,-146.392639000000003,Blue Mussel,Mytilus trossulus,mussel,Bivalvia,Mussels,Background biomonitoring / Post-oil spill assessment,HOTM028,41,ng/g,dry,Calculated,Whole Body,5.262500000000000,12.1875,B,0,AlphaAnalytics,,mussel,Prince William Sound Regional Citizens' Advisory Council Monitoring Program,Prince William Sound Regional Citizens' Advisory Council Monitoring Program,SCAK
PWSRCAC,LTEMP,2020,349.620999999999981,61.086216999999998,-146.392639000000003,Blue Mussel,Mytilus trossulus,mussel,Bivalvia,Mussels,Background biomonitoring / Post-oil spill assessment,HOTM028-DUP,41,ng/g,wet,Calculated,Whole Body,0.844000000000000,1.96,B,0,AlphaAnalytics,,mussel,Prince William Sound Regional Citizens' Advisory Council Monitoring Program,Prince William Sound Regional Citizens' Advisory Council Monitoring Program,SCAK
PWSRCAC,LTEMP,2020,2232.133275000000140,61.086216999999998,-146.392639000000003,Blue Mussel,Mytilus trossulus,mussel,Bivalvia,Mussels,Background biomonitoring / Post-oil spill assessment,HOTM029,41,ng/g,dry,Calculated,Whole Body,5.453333000000000,12.66667,JB,0,AlphaAnalytics,,mussel,Prince William Sound Regional Citizens' Advisory Council Monitoring Program,Prince William Sound Regional Citizens' Advisory Council Monitoring Program,SCAK
PWSRCAC,LTEMP,2020,246.233342700000009,61.090051000000003,-146.375706000000008,Blue Mussel,Mytilus trossulus,mussel,Bivalvia,Mussels,Background biomonitoring / Post-oil spill assessment,JAC M001,41,ng/g,dry,Calculated,Whole Body,5.680000000000000,13.2,JB,85,AlphaAnalytics,,mussel,Prince William Sound Regional Citizens' Advisory Council Monitoring Program,Prince William Sound Regional Citizens' Advisory Council Monitoring Program,SCAK
PWSRCAC,LTEMP,2020,309.487500000000011,61.090051000000003,-146.375706000000008,Blue Mussel,Mytilus trossulus,mussel,Bivalvia,Mussels,Background biomonitoring / Post-oil spill assessment,JAC M002,41,ng/g,dry,Calculated,Whole Body,5.062500000000000,11.75,JB,84,AlphaAnalytics,,mussel,Prince William Sound Regional Citizens' Advisory Council Monitoring Program,Prince William Sound Regional Citizens' Advisory Council Monitoring Program,SCAK
PWSRCAC,LTEMP,2020,305.926666699999998,61.090051000000003,-146.375706000000008,Blue Mussel,Mytilus trossulus,mussel,Bivalvia,Mussels,Background biomonitoring / Post-oil spill assessment,JAC M003,41,ng/g,dry,Calculated,Whole Body,5.726667000000000,13.26667,JB,85,AlphaAnalytics,,mussel,Prince William Sound Regional Citizens' Advisory Council Monitoring Program,Prince William Sound Regional Citizens' Advisory Council Monitoring Program,SCAK
PWSRCAC,LTEMP,2017,144.566673000000009,61.090051000000003,-146.375706000000008,Blue Mussel,Mytilus trossulus,mussel,Bivalvia,Mussels,Background biomonitoring / Post-oil spill assessment,JAC-1709-1,41,ng/g,dry,Calculated,Whole Body,6.366667000000000,14.75,JB,88,AlphaAnalytics,,mussel,Prince William Sound Regional Citizens' Advisory Council Monitoring Program,Prince William Sound Regional Citizens' Advisory Council Monitoring Program,SCAK
PWSRCAC,LTEMP,2017,181.284620999999987,61.090051000000003,-146.375706000000008,Blue Mussel,Mytilus trossulus,mussel,Bivalvia,Mussels,Background biomonitoring / Post-oil spill assessment,JAC-1709-2,41,ng/g,dry,Calculated,Whole Body,6.530769000000000,15.15385,JB,87,AlphaAnalytics,,mussel,Prince William Sound Regional Citizens' Advisory Council Monitoring Program,Prince William Sound Regional Citizens' Advisory Council Monitoring Program,SCAK
PWSRCAC,LTEMP,2017,195.930768000000000,61.090051000000003,-146.375706000000008,Blue Mussel,Mytilus trossulus,mussel,Bivalvia,Mussels,Background biomonitoring / Post-oil spill assessment,JAC-1709-3,41,ng/g,dry,Calculated,Whole Body,6.492308000000000,15.07692,JB,87,AlphaAnalytics,,mussel,Prince William Sound Regional Citizens' Advisory Council Monitoring Program,Prince William Sound Regional Citizens' Advisory Council Monitoring Program,SCAK
PWSRCAC,LTEMP,2017,31.176922999999999,61.090051000000003,-146.375706000000008,Blue Mussel,Mytilus trossulus,mussel,Bivalvia,Mussels,Background biomonitoring / Post-oil spill assessment,JAC-1712-1,41,ng/g,dry,Calculated,Whole Body,6.223077000000000,14.46154,JB,87,AlphaAnalytics,,mussel,Prince William Sound Regional Citizens' Advisory Council Monitoring Program,Prince William Sound Regional Citizens' Advisory Council Monitoring Program,SCAK
PWSRCAC,LTEMP,2017,37.366667999999997,61.090051000000003,-146.375706000000008,Blue Mussel,Mytilus trossulus,mussel,Bivalvia,Mussels,Background biomonitoring / Post-oil spill assessment,JAC-1712-1-DUP,41,ng/g,dry,Calculated,Whole Body,6.958333000000000,16.16667,JB,88,AlphaAnalytics,,mussel,Prince William Sound Regional Citizens' Advisory Council Monitoring Program,Prince William Sound Regional Citizens' Advisory Council Monitoring Program,SCAK
PWSRCAC,LTEMP,2017,25.362500000000001,61.090051000000003,-146.375706000000008,Blue Mussel,Mytilus trossulus,mussel,Bivalvia,Mussels,Background biomonitoring / Post-oil spill assessment,JAC-1712-2,41,ng/g,dry,Calculated,Whole Body,4.793750000000000,11.125,JB,84,AlphaAnalytics,,mussel,Prince William Sound Regional Citizens' Advisory Council Monitoring Program,Prince William Sound Regional Citizens' Advisory Council Monitoring Program,SCAK
PWSRCAC,LTEMP,2017,11.000000999999999,61.090051000000003,-146.375706000000008,Blue Mussel,Mytilus trossulus,mussel,Bivalvia,Mussels,Background biomonitoring / Post-oil spill assessment,JAC-1712-3,41,ng/g,dry,Calculated,Whole Body,5.420000000000000,12.6,JB,85,AlphaAnalytics,,mussel,Prince William Sound Regional Citizens' Advisory Council Monitoring Program,Prince William Sound Regional Citizens' Advisory Council Monitoring Program,SCAK
PWSRCAC,LTEMP,2021,47.468000000000004,61.090051000000003,-146.375706000000008,Blue Mussel,Mytilus trossulus,mussel,Bivalvia,Mussels,Background biomonitoring / Post-oil spill assessment,JAC-B-21-1,41,ng/g,wet,Calculated,Whole Body,0.770000000000000,1.78,JB,0,AlphaAnalytics,,mussel,Prince William Sound Regional Citizens' Advisory Council Monitoring Program,Prince William Sound Regional Citizens' Advisory Council Monitoring Program,SCAK
PWSRCAC,LTEMP,2021,42.735999999999997,61.090051000000003,-146.375706000000008,Blue Mussel,Mytilus trossulus,mussel,Bivalvia,Mussels,Background biomonitoring / Post-oil spill assessment,JAC-B-21-2,41,ng/g,wet,Calculated,Whole Body,0.721000000000000,1.67,B,0,AlphaAnalytics,,mussel,Prince William Sound Regional Citizens' Advisory Council Monitoring Program,Prince William Sound Regional Citizens' Advisory Council Monitoring Program,SCAK
PWSRCAC,LTEMP,2021,52.755000000000003,61.090051000000003,-146.375706000000008,Blue Mussel,Mytilus trossulus,mussel,Bivalvia,Mussels,Background biomonitoring / Post-oil spill assessment,JAC-B-21-3,41,ng/g,wet,Calculated,Whole Body,0.766000000000000,1.78,B,0,AlphaAnalytics,,mussel,Prince William Sound Regional Citizens' Advisory Council Monitoring Program,Prince William Sound Regional Citizens' Advisory Council Monitoring Program,SCAK
PWSRCAC,LTEMP,2022,63.732999999999997,61.090051000000003,-146.375706000000008,Blue Mussel,Mytilus trossulus,mussel,Bivalvia,Mussels,Background biomonitoring / Post-oil spill assessment,JAC-B-22-1,41,ng/g,wet,Calculated,Whole Body,1.010000000000000,2.34,JB,0,AlphaAnalytics,,mussel,Prince William Sound Regional Citizens' Advisory Council Monitoring Program,Prince William Sound Regional Citizens' Advisory Council Monitoring Program,SCAK
PWSRCAC,LTEMP,2022,56.179000000000002,61.090051000000003,-146.375706000000008,Blue Mussel,Mytilus trossulus,mussel,Bivalvia,Mussels,Background biomonitoring / Post-oil spill assessment,JAC-B-22-2,41,ng/g,wet,Calculated,Whole Body,0.857000000000000,1.99,JB,0,AlphaAnalytics,,mussel,Prince William Sound Regional Citizens' Advisory Council Monitoring Program,Prince William Sound Regional Citizens' Advisory Council Monitoring Program,SCAK
PWSRCAC,LTEMP,2022,59.564000000000000,61.090051000000003,-146.375706000000008,Blue Mussel,Mytilus trossulus,mussel,Bivalvia,Mussels,Background biomonitoring / Post-oil spill assessment,JAC-B-22-3,41,ng/g,wet,Calculated,Whole Body,0.857000000000000,1.99,JB,0,AlphaAnalytics,,mussel,Prince William Sound Regional Citizens' Advisory Council Monitoring Program,Prince William Sound Regional Citizens' Advisory Council Monitoring Program,SCAK
PWSRCAC,LTEMP,2023,54.457000000000001,61.090051000000003,-146.375706000000008,Blue Mussel,Mytilus trossulus,mussel,Bivalvia,Mussels,Background biomonitoring / Post-oil spill assessment,JAC-B-23-1,41,ng/g,wet,Calculated,Whole Body,0.806000000000000,1.87,JB,0,AlphaAnalytics,,mussel,Prince William Sound Regional Citizens' Advisory Council Monitoring Program,Prince William Sound Regional Citizens' Advisory Council Monitoring Program,SCAK
PWSRCAC,LTEMP,2023,61.271999999999998,61.090051000000003,-146.375706000000008,Blue Mussel,Mytilus trossulus,mussel,Bivalvia,Mussels,Background biomonitoring / Post-oil spill assessment,JAC-B-23-2,41,ng/g,wet,Calculated,Whole Body,0.849000000000000,1.97,JB,0,AlphaAnalytics,,mussel,Prince William Sound Regional Citizens' Advisory Council Monitoring Program,Prince William Sound Regional Citizens' Advisory Council Monitoring Program,SCAK
PWSRCAC,LTEMP,2023,58.185000000000002,61.090051000000003,-146.375706000000008,Blue Mussel,Mytilus trossulus,mussel,Bivalvia,Mussels,Background biomonitoring / Post-oil spill assessment,JAC-B-23-3,41,ng/g,wet,Calculated,Whole Body,0.842000000000000,1.95,JB,0,AlphaAnalytics,,mussel,Prince William Sound Regional Citizens' Advisory Council Monitoring Program,Prince William Sound Regional Citizens' Advisory Council Monitoring Program,SCAK
PWSRCAC,LTEMP,2024,45.773000000000003,61.090051000000003,-146.375706000000008,Blue Mussel,Mytilus trossulus,mussel,Bivalvia,Mussels,Background biomonitoring / Post-oil spill assessment,JAC-B-24-1,41,ng/g,wet,Calculated,Whole Body,0.837000000000000,1.94,JB,0,AlphaAnalytics,,mussel,Prince William Sound Regional Citizens' Advisory Council Monitoring Program,Prince William Sound Regional Citizens' Advisory Council Monitoring Program,SCAK
PWSRCAC,LTEMP,2024,70.721999999999994,61.090051000000003,-146.375706000000008,Blue Mussel,Mytilus trossulus,mussel,Bivalvia,Mussels,Background biomonitoring / Post-oil spill assessment,JAC-B-24-2,41,ng/g,wet,Calculated,Whole Body,0.832000000000000,1.93,JB,0,AlphaAnalytics,,mussel,Prince William Sound Regional Citizens' Advisory Council Monitoring Program,Prince William Sound Regional Citizens' Advisory Council Monitoring Program,SCAK
PWSRCAC,LTEMP,2024,67.278000000000006,61.090051000000003,-146.375706000000008,Blue Mussel,Mytilus trossulus,mussel,Bivalvia,Mussels,Background biomonitoring / Post-oil spill assessment,JAC-B-24-3,41,ng/g,wet,Calculated,Whole Body,0.834000000000000,1.93,JB,0,AlphaAnalytics,,mussel,Prince William Sound Regional Citizens' Advisory Council Monitoring Program,Prince William Sound Regional Citizens' Advisory Council Monitoring Program,SCAK
PWSRCAC,LTEMP,2020,329.559997000000010,61.090051000000003,-146.375706000000008,Blue Mussel,Mytilus trossulus,mussel,Bivalvia,Mussels,Background biomonitoring / Post-oil spill assessment,JACM005,41,ng/g,dry,Calculated,Whole Body,5.413333000000000,12.53333,JB,0,AlphaAnalytics,,mussel,Prince William Sound Regional Citizens' Advisory Council Monitoring Program,Prince William Sound Regional Citizens' Advisory Council Monitoring Program,SCAK
PWSRCAC,LTEMP,2020,51.957000000000001,61.090051000000003,-146.375706000000008,Blue Mussel,Mytilus trossulus,mussel,Bivalvia,Mussels,Background biomonitoring / Post-oil spill assessment,JACM005-DUP,41,ng/g,wet,Calculated,Whole Body,0.835000000000000,1.94,JB,0,AlphaAnalytics,,mussel,Prince William Sound Regional Citizens' Advisory Council Monitoring Program,Prince William Sound Regional Citizens' Advisory Council Monitoring Program,SCAK
PWSRCAC,LTEMP,2020,304.864276000000018,61.090051000000003,-146.375706000000008,Blue Mussel,Mytilus trossulus,mussel,Bivalvia,Mussels,Background biomonitoring / Post-oil spill assessment,JACM008,41,ng/g,dry,Calculated,Whole Body,5.735714000000000,13.28571,JB,0,AlphaAnalytics,,mussel,Prince William Sound Regional Citizens' Advisory Council Monitoring Program,Prince William Sound Regional Citizens' Advisory Council Monitoring Program,SCAK
PWSRCAC,LTEMP,2020,42.735999999999997,61.090051000000003,-146.375706000000008,Blue Mussel,Mytilus trossulus,mussel,Bivalvia,Mussels,Background biomonitoring / Post-oil spill assessment,JACM008-DUP,41,ng/g,wet,Calculated,Whole Body,0.785000000000000,1.82,JB,0,AlphaAnalytics,,mussel,Prince William Sound Regional Citizens' Advisory Council Monitoring Program,Prince William Sound Regional Citizens' Advisory Council Monitoring Program,SCAK
PWSRCAC,LTEMP,2020,200.574999999999989,61.090051000000003,-146.375706000000008,Blue Mussel,Mytilus trossulus,mussel,Bivalvia,Mussels,Background biomonitoring / Post-oil spill assessment,JACM011,41,ng/g,dry,Calculated,Whole Body,5.325000000000000,12.375,JB,0,AlphaAnalytics,,mussel,Prince William Sound Regional Citizens' Advisory Council Monitoring Program,Prince William Sound Regional Citizens' Advisory Council Monitoring Program,SCAK
PWSRCAC,LTEMP,2020,33.278571700000001,61.031886000000000,-146.657524999999993,Blue Mussel,Mytilus trossulus,mussel,Bivalvia,Mussels,Background biomonitoring / Post-oil spill assessment,JAK-B-20-2-1,41,ng/g,dry,Calculated,Whole Body,3.064286000000000,7.107143,JB,86,AlphaAnalytics,,mussel,Prince William Sound Regional Citizens' Advisory Council Monitoring Program,Prince William Sound Regional Citizens' Advisory Council Monitoring Program,SCAK
PWSRCAC,LTEMP,2020,32.091666600000003,61.031886000000000,-146.657524999999993,Blue Mussel,Mytilus trossulus,mussel,Bivalvia,Mussels,Background biomonitoring / Post-oil spill assessment,JAK-B-20-2-2,41,ng/g,dry,Calculated,Whole Body,3.425000000000000,7.95,JB,88,AlphaAnalytics,,mussel,Prince William Sound Regional Citizens' Advisory Council Monitoring Program,Prince William Sound Regional Citizens' Advisory Council Monitoring Program,SCAK
PWSRCAC,LTEMP,2020,32.776922399999997,61.031886000000000,-146.657524999999993,Blue Mussel,Mytilus trossulus,mussel,Bivalvia,Mussels,Background biomonitoring / Post-oil spill assessment,JAK-B-20-2-3,41,ng/g,dry,Calculated,Whole Body,3.153846000000000,7.307692,JB,87,AlphaAnalytics,,mussel,Prince William Sound Regional Citizens' Advisory Council Monitoring Program,Prince William Sound Regional Citizens' Advisory Council Monitoring Program,SCAK
PWSRCAC,LTEMP,2016,100.259735000000006,61.090051000000003,-146.375706000000008,Blue Mussel,Mytilus trossulus,mussel,Bivalvia,Mussels,Background biomonitoring / Post-oil spill assessment,JAP-B-16-2-1,41,ng/g,dry,Calculated,Whole Body,5.213358000000000,5.213358,JB,89.22,AlphaAnalytics,,mussel,Prince William Sound Regional Citizens' Advisory Council Monitoring Program,Prince William Sound Regional Citizens' Advisory Council Monitoring Program,SCAK
PWSRCAC,LTEMP,2016,130.146933200000007,61.090051000000003,-146.375706000000008,Blue Mussel,Mytilus trossulus,mussel,Bivalvia,Mussels,Background biomonitoring / Post-oil spill assessment,JAP-B-16-2-2,41,ng/g,dry,Calculated,Whole Body,4.375510000000000,4.37551,JB,87.75,AlphaAnalytics,,mussel,Prince William Sound Regional Citizens' Advisory Council Monitoring Program,Prince William Sound Regional Citizens' Advisory Council Monitoring Program,SCAK
PWSRCAC,LTEMP,2016,99.426606600000000,61.090051000000003,-146.375706000000008,Blue Mussel,Mytilus trossulus,mussel,Bivalvia,Mussels,Background biomonitoring / Post-oil spill assessment,JAP-B-16-2-3,41,ng/g,dry,Calculated,Whole Body,3.983180000000000,3.98318,JB,86.92,AlphaAnalytics,,mussel,Prince William Sound Regional Citizens' Advisory Council Monitoring Program,Prince William Sound Regional Citizens' Advisory Council Monitoring Program,SCAK
PWSRCAC,LTEMP,2017,41.917674699999999,61.090051000000003,-146.375706000000008,Blue Mussel,Mytilus trossulus,mussel,Bivalvia,Mussels,Background biomonitoring / Post-oil spill assessment,JAP-B-17-2-1,41,ng/g,dry,Calculated,Whole Body,2.364810000000000,2.36481,JB,87.61,AlphaAnalytics,,mussel,Prince William Sound Regional Citizens' Advisory Council Monitoring Program,Prince William Sound Regional Citizens' Advisory Council Monitoring Program,SCAK
PWSRCAC,LTEMP,2017,38.851126700000002,61.090051000000003,-146.375706000000008,Blue Mussel,Mytilus trossulus,mussel,Bivalvia,Mussels,Background biomonitoring / Post-oil spill assessment,JAP-B-17-2-2,41,ng/g,dry,Calculated,Whole Body,2.187970000000000,2.18797,JB,86.7,AlphaAnalytics,,mussel,Prince William Sound Regional Citizens' Advisory Council Monitoring Program,Prince William Sound Regional Citizens' Advisory Council Monitoring Program,SCAK
PWSRCAC,LTEMP,2017,85.000001600000004,61.090051000000003,-146.375706000000008,Blue Mussel,Mytilus trossulus,mussel,Bivalvia,Mussels,Background biomonitoring / Post-oil spill assessment,JAP-B-17-2-3,41,ng/g,dry,Calculated,Whole Body,2.080925000000000,2.080925,JB,86.16,AlphaAnalytics,,mussel,Prince William Sound Regional Citizens' Advisory Council Monitoring Program,Prince William Sound Regional Citizens' Advisory Council Monitoring Program,SCAK
PWSRCAC,LTEMP,2017,39.804192200000003,61.090051000000003,-146.375706000000008,Blue Mussel,Mytilus trossulus,mussel,Bivalvia,Mussels,Background biomonitoring / Post-oil spill assessment,JAP-B-17-2-3-DUP,41,ng/g,dry,Calculated,Whole Body,2.153179000000000,2.153179,JB<U+00A4>,86.16,AlphaAnalytics,,mussel,Prince William Sound Regional Citizens' Advisory Council Monitoring Program,Prince William Sound Regional Citizens' Advisory Council Monitoring Program,SCAK
PWSRCAC,LTEMP,2018,22.675000699999998,61.090051000000003,-146.375706000000008,Blue Mussel,Mytilus trossulus,mussel,Bivalvia,Mussels,Background biomonitoring / Post-oil spill assessment,JAP-B-18-2-1,41,ng/g,dry,Calculated,Whole Body,6.291667000000000,14.58333,JB,88,AlphaAnalytics,,mussel,Prince William Sound Regional Citizens' Advisory Council Monitoring Program,Prince William Sound Regional Citizens' Advisory Council Monitoring Program,SCAK
PWSRCAC,LTEMP,2018,27.169231799999999,61.090051000000003,-146.375706000000008,Blue Mussel,Mytilus trossulus,mussel,Bivalvia,Mussels,Background biomonitoring / Post-oil spill assessment,JAP-B-18-2-2,41,ng/g,dry,Calculated,Whole Body,5.923077000000000,13.69231,JB,87,AlphaAnalytics,,mussel,Prince William Sound Regional Citizens' Advisory Council Monitoring Program,Prince William Sound Regional Citizens' Advisory Council Monitoring Program,SCAK
PWSRCAC,LTEMP,2018,23.684615900000001,61.090051000000003,-146.375706000000008,Blue Mussel,Mytilus trossulus,mussel,Bivalvia,Mussels,Background biomonitoring / Post-oil spill assessment,JAP-B-18-2-3,41,ng/g,dry,Calculated,Whole Body,6.153846000000000,14.30769,JB,87,AlphaAnalytics,,mussel,Prince William Sound Regional Citizens' Advisory Council Monitoring Program,Prince William Sound Regional Citizens' Advisory Council Monitoring Program,SCAK
PWSRCAC,LTEMP,2019,28.844445799999999,61.090051000000003,-146.375706000000008,Blue Mussel,Mytilus trossulus,mussel,Bivalvia,Mussels,Background biomonitoring / Post-oil spill assessment,JAP-B-19-2-1,41,ng/g,dry,Calculated,Whole Body,4.700000000000000,10.91111,JB,91,AlphaAnalytics,,mussel,Prince William Sound Regional Citizens' Advisory Council Monitoring Program,Prince William Sound Regional Citizens' Advisory Council Monitoring Program,SCAK
PWSRCAC,LTEMP,2019,32.000000300000004,61.090051000000003,-146.375706000000008,Blue Mussel,Mytilus trossulus,mussel,Bivalvia,Mussels,Background biomonitoring / Post-oil spill assessment,JAP-B-19-2-2,41,ng/g,dry,Calculated,Whole Body,5.714286000000000,13.24286,JB,93,AlphaAnalytics,,mussel,Prince William Sound Regional Citizens' Advisory Council Monitoring Program,Prince William Sound Regional Citizens' Advisory Council Monitoring Program,SCAK
PWSRCAC,LTEMP,2019,31.916666400000000,61.090051000000003,-146.375706000000008,Blue Mussel,Mytilus trossulus,mussel,Bivalvia,Mussels,Background biomonitoring / Post-oil spill assessment,JAP-B-19-2-3,41,ng/g,dry,Calculated,Whole Body,6.900000000000000,16.01667,JB,94,AlphaAnalytics,,mussel,Prince William Sound Regional Citizens' Advisory Council Monitoring Program,Prince William Sound Regional Citizens' Advisory Council Monitoring Program,SCAK
PWSRCAC,LTEMP,2020,89.084612800000002,61.090051000000003,-146.375706000000008,Blue Mussel,Mytilus trossulus,mussel,Bivalvia,Mussels,Background biomonitoring / Post-oil spill assessment,JAP-B-20-2-1,41,ng/g,dry,Calculated,Whole Body,3.292308000000000,7.630769,JB,87,AlphaAnalytics,,mussel,Prince William Sound Regional Citizens' Advisory Council Monitoring Program,Prince William Sound Regional Citizens' Advisory Council Monitoring Program,SCAK
PWSRCAC,LTEMP,2020,136.539997400000004,61.090051000000003,-146.375706000000008,Blue Mussel,Mytilus trossulus,mussel,Bivalvia,Mussels,Background biomonitoring / Post-oil spill assessment,JAP-B-20-2-2,41,ng/g,dry,Calculated,Whole Body,2.873333000000000,6.666667,JB,85,AlphaAnalytics,,mussel,Prince William Sound Regional Citizens' Advisory Council Monitoring Program,Prince William Sound Regional Citizens' Advisory Council Monitoring Program,SCAK
PWSRCAC,LTEMP,2020,65.353333000000006,61.090051000000003,-146.375706000000008,Blue Mussel,Mytilus trossulus,mussel,Bivalvia,Mussels,Background biomonitoring / Post-oil spill assessment,JAP-B-20-2-3,41,ng/g,dry,Calculated,Whole Body,2.766667000000000,6.413333,JB,85,AlphaAnalytics,,mussel,Prince William Sound Regional Citizens' Advisory Council Monitoring Program,Prince William Sound Regional Citizens' Advisory Council Monitoring Program,SCAK
PWSRCAC,LTEMP,2002,61.176346700000003,60.690550000000002,-146.583300000000008,Blue Mussel,Mytilus trossulus,mussel,Bivalvia,Mussels,Background biomonitoring / Post-oil spill assessment,KNH-B-02-2-1,37,ng/g,dry,Calculated,Whole Body,23.505150000000000,,BD,,AlphaAnalytics,,mussel,Prince William Sound Regional Citizens' Advisory Council Monitoring Program,Prince William Sound Regional Citizens' Advisory Council Monitoring Program,SCAK
PWSRCAC,LTEMP,2002,47.542673700000002,60.690550000000002,-146.583300000000008,Blue Mussel,Mytilus trossulus,mussel,Bivalvia,Mussels,Background biomonitoring / Post-oil spill assessment,KNH-B-02-2-2,37,ng/g,dry,Calculated,Whole Body,25.617979999999999,,BD,,AlphaAnalytics,,mussel,Prince William Sound Regional Citizens' Advisory Council Monitoring Program,Prince William Sound Regional Citizens' Advisory Council Monitoring Program,SCAK
PWSRCAC,LTEMP,2002,39.603543500000001,60.690550000000002,-146.583300000000008,Blue Mussel,Mytilus trossulus,mussel,Bivalvia,Mussels,Background biomonitoring / Post-oil spill assessment,KNH-B-02-2-3,37,ng/g,dry,Calculated,Whole Body,23.265309999999999,,BD,,AlphaAnalytics,,mussel,Prince William Sound Regional Citizens' Advisory Council Monitoring Program,Prince William Sound Regional Citizens' Advisory Council Monitoring Program,SCAK
PWSRCAC,LTEMP,2003,12.113727750000001,60.690550000000002,-146.583300000000008,Blue Mussel,Mytilus trossulus,mussel,Bivalvia,Mussels,Background biomonitoring / Post-oil spill assessment,KNH-B-03-1-1,37,ng/g,dry,Calculated,Whole Body,29.230770000000000,,BD,,AlphaAnalytics,,mussel,Prince William Sound Regional Citizens' Advisory Council Monitoring Program,Prince William Sound Regional Citizens' Advisory Council Monitoring Program,SCAK
PWSRCAC,LTEMP,2003,15.194353800000000,60.690550000000002,-146.583300000000008,Blue Mussel,Mytilus trossulus,mussel,Bivalvia,Mussels,Background biomonitoring / Post-oil spill assessment,KNH-B-03-1-2,37,ng/g,dry,Calculated,Whole Body,27.469880000000000,,BD,,AlphaAnalytics,,mussel,Prince William Sound Regional Citizens' Advisory Council Monitoring Program,Prince William Sound Regional Citizens' Advisory Council Monitoring Program,SCAK
PWSRCAC,LTEMP,2003,6.465371500000000,60.690550000000002,-146.583300000000008,Blue Mussel,Mytilus trossulus,mussel,Bivalvia,Mussels,Background biomonitoring / Post-oil spill assessment,KNH-B-03-1-3,37,ng/g,dry,Calculated,Whole Body,31.232880000000002,,BD,,AlphaAnalytics,,mussel,Prince William Sound Regional Citizens' Advisory Council Monitoring Program,Prince William Sound Regional Citizens' Advisory Council Monitoring Program,SCAK
PWSRCAC,LTEMP,2003,10.859999999999999,60.690550000000002,-146.583300000000008,Blue Mussel,Mytilus trossulus,mussel,Bivalvia,Mussels,Background biomonitoring / Post-oil spill assessment,KNH-B-03-2-1,39,ng/g,dry,Calculated,Whole Body,9.119999999999999,,b,,AlphaAnalytics,,mussel,Prince William Sound Regional Citizens' Advisory Council Monitoring Program,Prince William Sound Regional Citizens' Advisory Council Monitoring Program,SCAK
PWSRCAC,LTEMP,2003,19.969999999999999,60.690550000000002,-146.583300000000008,Blue Mussel,Mytilus trossulus,mussel,Bivalvia,Mussels,Background biomonitoring / Post-oil spill assessment,KNH-B-03-2-2,39,ng/g,dry,Calculated,Whole Body,9.500000000000000,,b,,AlphaAnalytics,,mussel,Prince William Sound Regional Citizens' Advisory Council Monitoring Program,Prince William Sound Regional Citizens' Advisory Council Monitoring Program,SCAK
PWSRCAC,LTEMP,2003,32.280000000000001,60.690550000000002,-146.583300000000008,Blue Mussel,Mytilus trossulus,mussel,Bivalvia,Mussels,Background biomonitoring / Post-oil spill assessment,KNH-B-03-2-3,39,ng/g,dry,Calculated,Whole Body,6.610000000000000,,b,,AlphaAnalytics,,mussel,Prince William Sound Regional Citizens' Advisory Council Monitoring Program,Prince William Sound Regional Citizens' Advisory Council Monitoring Program,SCAK
PWSRCAC,LTEMP,2004,7.110000000000000,60.690550000000002,-146.583300000000008,Blue Mussel,Mytilus trossulus,mussel,Bivalvia,Mussels,Background biomonitoring / Post-oil spill assessment,KNH-B-04-1-1,39,ng/g,dry,Calculated,Whole Body,2.390000000000000,,b,,AlphaAnalytics,,mussel,Prince William Sound Regional Citizens' Advisory Council Monitoring Program,Prince William Sound Regional Citizens' Advisory Council Monitoring Program,SCAK
PWSRCAC,LTEMP,2004,9.410000000000000,60.690550000000002,-146.583300000000008,Blue Mussel,Mytilus trossulus,mussel,Bivalvia,Mussels,Background biomonitoring / Post-oil spill assessment,KNH-B-04-1-2,39,ng/g,dry,Calculated,Whole Body,2.520000000000000,,b,,AlphaAnalytics,,mussel,Prince William Sound Regional Citizens' Advisory Council Monitoring Program,Prince William Sound Regional Citizens' Advisory Council Monitoring Program,SCAK
PWSRCAC,LTEMP,2004,10.100000000000000,60.690550000000002,-146.583300000000008,Blue Mussel,Mytilus trossulus,mussel,Bivalvia,Mussels,Background biomonitoring / Post-oil spill assessment,KNH-B-04-1-3,39,ng/g,dry,Calculated,Whole Body,4.700000000000000,,b,,AlphaAnalytics,,mussel,Prince William Sound Regional Citizens' Advisory Council Monitoring Program,Prince William Sound Regional Citizens' Advisory Council Monitoring Program,SCAK
PWSRCAC,LTEMP,2004,12.340000000000000,60.690550000000002,-146.583300000000008,Blue Mussel,Mytilus trossulus,mussel,Bivalvia,Mussels,Background biomonitoring / Post-oil spill assessment,KNH-B-04-2-1-R2,39,ng/g,dry,Calculated,Whole Body,6.510000000000000,,b,,AlphaAnalytics,,mussel,Prince William Sound Regional Citizens' Advisory Council Monitoring Program,Prince William Sound Regional Citizens' Advisory Council Monitoring Program,SCAK
PWSRCAC,LTEMP,2004,82.340000000000003,60.690550000000002,-146.583300000000008,Blue Mussel,Mytilus trossulus,mussel,Bivalvia,Mussels,Background biomonitoring / Post-oil spill assessment,KNH-B-04-2-2-R2,40,ng/g,dry,Calculated,Whole Body,5.300000000000000,,b,,AlphaAnalytics,,mussel,Prince William Sound Regional Citizens' Advisory Council Monitoring Program,Prince William Sound Regional Citizens' Advisory Council Monitoring Program,SCAK
PWSRCAC,LTEMP,2004,8.930000000000000,60.690550000000002,-146.583300000000008,Blue Mussel,Mytilus trossulus,mussel,Bivalvia,Mussels,Background biomonitoring / Post-oil spill assessment,KNH-B-04-2-3-R2,39,ng/g,dry,Calculated,Whole Body,41.500000000000000,,b,,AlphaAnalytics,,mussel,Prince William Sound Regional Citizens' Advisory Council Monitoring Program,Prince William Sound Regional Citizens' Advisory Council Monitoring Program,SCAK
PWSRCAC,LTEMP,2005,27.989999999999998,60.690550000000002,-146.583300000000008,Blue Mussel,Mytilus trossulus,mussel,Bivalvia,Mussels,Background biomonitoring / Post-oil spill assessment,KNH-B-05-1-1,39,ng/g,dry,Calculated,Whole Body,0.486000000000000,,b,,AlphaAnalytics,,mussel,Prince William Sound Regional Citizens' Advisory Council Monitoring Program,Prince William Sound Regional Citizens' Advisory Council Monitoring Program,SCAK
PWSRCAC,LTEMP,2005,23.980000000000000,60.690550000000002,-146.583300000000008,Blue Mussel,Mytilus trossulus,mussel,Bivalvia,Mussels,Background biomonitoring / Post-oil spill assessment,KNH-B-05-1-2,39,ng/g,dry,Calculated,Whole Body,0.495000000000000,,b,,AlphaAnalytics,,mussel,Prince William Sound Regional Citizens' Advisory Council Monitoring Program,Prince William Sound Regional Citizens' Advisory Council Monitoring Program,SCAK
PWSRCAC,LTEMP,2005,21.980000000000000,60.690550000000002,-146.583300000000008,Blue Mussel,Mytilus trossulus,mussel,Bivalvia,Mussels,Background biomonitoring / Post-oil spill assessment,KNH-B-05-1-3,39,ng/g,dry,Calculated,Whole Body,0.483000000000000,,b,,AlphaAnalytics,,mussel,Prince William Sound Regional Citizens' Advisory Council Monitoring Program,Prince William Sound Regional Citizens' Advisory Council Monitoring Program,SCAK
PWSRCAC,LTEMP,2005,26.030000000000001,60.690550000000002,-146.583300000000008,Blue Mussel,Mytilus trossulus,mussel,Bivalvia,Mussels,Background biomonitoring / Post-oil spill assessment,KNH-B-05-2-1,39,ng/g,dry,Calculated,Whole Body,5.850000000000000,,b,,AlphaAnalytics,,mussel,Prince William Sound Regional Citizens' Advisory Council Monitoring Program,Prince William Sound Regional Citizens' Advisory Council Monitoring Program,SCAK
PWSRCAC,LTEMP,2005,14.050000000000001,60.690550000000002,-146.583300000000008,Blue Mussel,Mytilus trossulus,mussel,Bivalvia,Mussels,Background biomonitoring / Post-oil spill assessment,KNH-B-05-2-2,39,ng/g,dry,Calculated,Whole Body,6.330000000000000,,b,,AlphaAnalytics,,mussel,Prince William Sound Regional Citizens' Advisory Council Monitoring Program,Prince William Sound Regional Citizens' Advisory Council Monitoring Program,SCAK
PWSRCAC,LTEMP,2005,14.630000000000001,60.690550000000002,-146.583300000000008,Blue Mussel,Mytilus trossulus,mussel,Bivalvia,Mussels,Background biomonitoring / Post-oil spill assessment,KNH-B-05-2-3,39,ng/g,dry,Calculated,Whole Body,6.330000000000000,,b,,AlphaAnalytics,,mussel,Prince William Sound Regional Citizens' Advisory Council Monitoring Program,Prince William Sound Regional Citizens' Advisory Council Monitoring Program,SCAK
PWSRCAC,LTEMP,2006,19.980000000000000,60.690550000000002,-146.583300000000008,Blue Mussel,Mytilus trossulus,mussel,Bivalvia,Mussels,Background biomonitoring / Post-oil spill assessment,KNH-B-06-1-1,39,ng/g,dry,Calculated,Whole Body,5.070000000000000,,b,,AlphaAnalytics,,mussel,Prince William Sound Regional Citizens' Advisory Council Monitoring Program,Prince William Sound Regional Citizens' Advisory Council Monitoring Program,SCAK
PWSRCAC,LTEMP,2006,25.670000000000002,60.690550000000002,-146.583300000000008,Blue Mussel,Mytilus trossulus,mussel,Bivalvia,Mussels,Background biomonitoring / Post-oil spill assessment,KNH-B-06-1-2,39,ng/g,dry,Calculated,Whole Body,4.470000000000000,,b,,AlphaAnalytics,,mussel,Prince William Sound Regional Citizens' Advisory Council Monitoring Program,Prince William Sound Regional Citizens' Advisory Council Monitoring Program,SCAK
PWSRCAC,LTEMP,2006,24.530000000000001,60.690550000000002,-146.583300000000008,Blue Mussel,Mytilus trossulus,mussel,Bivalvia,Mussels,Background biomonitoring / Post-oil spill assessment,KNH-B-06-1-3,39,ng/g,dry,Calculated,Whole Body,4.380000000000000,,b,,AlphaAnalytics,,mussel,Prince William Sound Regional Citizens' Advisory Council Monitoring Program,Prince William Sound Regional Citizens' Advisory Council Monitoring Program,SCAK
PWSRCAC,LTEMP,2007,21.688211500000001,60.690550000000002,-146.583300000000008,Blue Mussel,Mytilus trossulus,mussel,Bivalvia,Mussels,Background biomonitoring / Post-oil spill assessment,KNH-B-07-1-1,38,ng/g,dry,Calculated,Whole Body,5.560976000000000,,,,AlphaAnalytics,,mussel,Prince William Sound Regional Citizens' Advisory Council Monitoring Program,Prince William Sound Regional Citizens' Advisory Council Monitoring Program,SCAK
PWSRCAC,LTEMP,2007,21.416727049999999,60.690550000000002,-146.583300000000008,Blue Mussel,Mytilus trossulus,mussel,Bivalvia,Mussels,Background biomonitoring / Post-oil spill assessment,KNH-B-07-1-2,38,ng/g,dry,Calculated,Whole Body,5.700000000000000,,,,AlphaAnalytics,,mussel,Prince William Sound Regional Citizens' Advisory Council Monitoring Program,Prince William Sound Regional Citizens' Advisory Council Monitoring Program,SCAK
PWSRCAC,LTEMP,2007,17.722859000000000,60.690550000000002,-146.583300000000008,Blue Mussel,Mytilus trossulus,mussel,Bivalvia,Mussels,Background biomonitoring / Post-oil spill assessment,KNH-B-07-1-3,38,ng/g,dry,Calculated,Whole Body,5.428571000000000,,,,AlphaAnalytics,,mussel,Prince William Sound Regional Citizens' Advisory Council Monitoring Program,Prince William Sound Regional Citizens' Advisory Council Monitoring Program,SCAK
PWSRCAC,LTEMP,2007,54.288803700000003,60.690550000000002,-146.583300000000008,Blue Mussel,Mytilus trossulus,mussel,Bivalvia,Mussels,Background biomonitoring / Post-oil spill assessment,KNH-B-07-2-1,38,ng/g,dry,Calculated,Whole Body,4.514851000000000,,,,AlphaAnalytics,,mussel,Prince William Sound Regional Citizens' Advisory Council Monitoring Program,Prince William Sound Regional Citizens' Advisory Council Monitoring Program,SCAK
PWSRCAC,LTEMP,2007,16.267478799999999,60.690550000000002,-146.583300000000008,Blue Mussel,Mytilus trossulus,mussel,Bivalvia,Mussels,Background biomonitoring / Post-oil spill assessment,KNH-B-07-2-2,38,ng/g,dry,Calculated,Whole Body,5.241379000000000,,,,AlphaAnalytics,,mussel,Prince William Sound Regional Citizens' Advisory Council Monitoring Program,Prince William Sound Regional Citizens' Advisory Council Monitoring Program,SCAK
PWSRCAC,LTEMP,2007,15.676178900000000,60.690550000000002,-146.583300000000008,Blue Mussel,Mytilus trossulus,mussel,Bivalvia,Mussels,Background biomonitoring / Post-oil spill assessment,KNH-B-07-2-3,38,ng/g,dry,Calculated,Whole Body,4.560000000000000,,,,AlphaAnalytics,,mussel,Prince William Sound Regional Citizens' Advisory Council Monitoring Program,Prince William Sound Regional Citizens' Advisory Council Monitoring Program,SCAK
PWSRCAC,LTEMP,2008,11.925044000000000,60.690550000000002,-146.583300000000008,Blue Mussel,Mytilus trossulus,mussel,Bivalvia,Mussels,Background biomonitoring / Post-oil spill assessment,KNH-B-08-2-1,38,ng/g,dry,Calculated,Whole Body,1.969414000000000,,a,,AlphaAnalytics,,mussel,Prince William Sound Regional Citizens' Advisory Council Monitoring Program,Prince William Sound Regional Citizens' Advisory Council Monitoring Program,SCAK
PWSRCAC,LTEMP,2008,29.823508040000000,60.690550000000002,-146.583300000000008,Blue Mussel,Mytilus trossulus,mussel,Bivalvia,Mussels,Background biomonitoring / Post-oil spill assessment,KNH-B-08-2-2,76,ng/g,dry,Calculated,Whole Body,1.971290000000000,,a,,AlphaAnalytics,,mussel,Prince William Sound Regional Citizens' Advisory Council Monitoring Program,Prince William Sound Regional Citizens' Advisory Council Monitoring Program,SCAK
PWSRCAC,LTEMP,2008,8.723217099999999,60.690550000000002,-146.583300000000008,Blue Mussel,Mytilus trossulus,mussel,Bivalvia,Mussels,Background biomonitoring / Post-oil spill assessment,KNH-B-08-2-3,38,ng/g,dry,Calculated,Whole Body,1.969414000000000,,a,,AlphaAnalytics,,mussel,Prince William Sound Regional Citizens' Advisory Council Monitoring Program,Prince William Sound Regional Citizens' Advisory Council Monitoring Program,SCAK
PWSRCAC,LTEMP,2009,15.560112800000001,60.690550000000002,-146.583300000000008,Blue Mussel,Mytilus trossulus,mussel,Bivalvia,Mussels,Background biomonitoring / Post-oil spill assessment,KNH-B-09-1-1,38,ng/g,dry,Calculated,Whole Body,1.621871000000000,,a,,AlphaAnalytics,,mussel,Prince William Sound Regional Citizens' Advisory Council Monitoring Program,Prince William Sound Regional Citizens' Advisory Council Monitoring Program,SCAK
PWSRCAC,LTEMP,2009,17.441748499999999,60.690550000000002,-146.583300000000008,Blue Mussel,Mytilus trossulus,mussel,Bivalvia,Mussels,Background biomonitoring / Post-oil spill assessment,KNH-B-09-1-2,38,ng/g,dry,Calculated,Whole Body,1.629539000000000,,a,,AlphaAnalytics,,mussel,Prince William Sound Regional Citizens' Advisory Council Monitoring Program,Prince William Sound Regional Citizens' Advisory Council Monitoring Program,SCAK
PWSRCAC,LTEMP,2009,11.554662660000000,60.690550000000002,-146.583300000000008,Blue Mussel,Mytilus trossulus,mussel,Bivalvia,Mussels,Background biomonitoring / Post-oil spill assessment,KNH-B-09-1-3,38,ng/g,dry,Calculated,Whole Body,1.619965000000000,,a,,AlphaAnalytics,,mussel,Prince William Sound Regional Citizens' Advisory Council Monitoring Program,Prince William Sound Regional Citizens' Advisory Council Monitoring Program,SCAK
PWSRCAC,LTEMP,2009,7.948522000000000,60.690550000000002,-146.583300000000008,Blue Mussel,Mytilus trossulus,mussel,Bivalvia,Mussels,Background biomonitoring / Post-oil spill assessment,KNH-B-09-2-1,38,ng/g,dry,Calculated,Whole Body,1.485550000000000,,a,,AlphaAnalytics,,mussel,Prince William Sound Regional Citizens' Advisory Council Monitoring Program,Prince William Sound Regional Citizens' Advisory Council Monitoring Program,SCAK
PWSRCAC,LTEMP,2009,7.697827700000000,60.690550000000002,-146.583300000000008,Blue Mussel,Mytilus trossulus,mussel,Bivalvia,Mussels,Background biomonitoring / Post-oil spill assessment,KNH-B-09-2-2,38,ng/g,dry,Calculated,Whole Body,1.528370000000000,,a,,AlphaAnalytics,,mussel,Prince William Sound Regional Citizens' Advisory Council Monitoring Program,Prince William Sound Regional Citizens' Advisory Council Monitoring Program,SCAK
PWSRCAC,LTEMP,2009,8.132080699999999,60.690550000000002,-146.583300000000008,Blue Mussel,Mytilus trossulus,mussel,Bivalvia,Mussels,Background biomonitoring / Post-oil spill assessment,KNH-B-09-2-3,38,ng/g,dry,Calculated,Whole Body,1.500098000000000,,a,,AlphaAnalytics,,mussel,Prince William Sound Regional Citizens' Advisory Council Monitoring Program,Prince William Sound Regional Citizens' Advisory Council Monitoring Program,SCAK
PWSRCAC,LTEMP,2010,4.716275600000000,60.690550000000002,-146.583300000000008,Blue Mussel,Mytilus trossulus,mussel,Bivalvia,Mussels,Background biomonitoring / Post-oil spill assessment,KNH-B-10-2-1,38,ng/g,dry,Calculated,Whole Body,1.252948000000000,,a,,AlphaAnalytics,,mussel,Prince William Sound Regional Citizens' Advisory Council Monitoring Program,Prince William Sound Regional Citizens' Advisory Council Monitoring Program,SCAK
PWSRCAC,LTEMP,2010,3.907010370000000,60.690550000000002,-146.583300000000008,Blue Mussel,Mytilus trossulus,mussel,Bivalvia,Mussels,Background biomonitoring / Post-oil spill assessment,KNH-B-10-2-2,38,ng/g,dry,Calculated,Whole Body,1.548587000000000,,a,,AlphaAnalytics,,mussel,Prince William Sound Regional Citizens' Advisory Council Monitoring Program,Prince William Sound Regional Citizens' Advisory Council Monitoring Program,SCAK
PWSRCAC,LTEMP,2010,2.860314100000000,60.690550000000002,-146.583300000000008,Blue Mussel,Mytilus trossulus,mussel,Bivalvia,Mussels,Background biomonitoring / Post-oil spill assessment,KNH-B-10-2-3,38,ng/g,dry,Calculated,Whole Body,1.450782000000000,,a,,AlphaAnalytics,,mussel,Prince William Sound Regional Citizens' Advisory Council Monitoring Program,Prince William Sound Regional Citizens' Advisory Council Monitoring Program,SCAK
PWSRCAC,LTEMP,2011,10.503881500000000,60.690550000000002,-146.583300000000008,Blue Mussel,Mytilus trossulus,mussel,Bivalvia,Mussels,Background biomonitoring / Post-oil spill assessment,KNH-B-11-2-1,38,ng/g,dry,Calculated,Whole Body,2.120374000000000,,b,,AlphaAnalytics,,mussel,Prince William Sound Regional Citizens' Advisory Council Monitoring Program,Prince William Sound Regional Citizens' Advisory Council Monitoring Program,SCAK
PWSRCAC,LTEMP,2011,8.812037600000000,60.690550000000002,-146.583300000000008,Blue Mussel,Mytilus trossulus,mussel,Bivalvia,Mussels,Background biomonitoring / Post-oil spill assessment,KNH-B-11-2-2,38,ng/g,dry,Calculated,Whole Body,2.376281000000000,,b,,AlphaAnalytics,,mussel,Prince William Sound Regional Citizens' Advisory Council Monitoring Program,Prince William Sound Regional Citizens' Advisory Council Monitoring Program,SCAK
PWSRCAC,LTEMP,2011,13.347659200000001,60.690550000000002,-146.583300000000008,Blue Mussel,Mytilus trossulus,mussel,Bivalvia,Mussels,Background biomonitoring / Post-oil spill assessment,KNH-B-11-2-3,38,ng/g,dry,Calculated,Whole Body,1.997453000000000,,b,,AlphaAnalytics,,mussel,Prince William Sound Regional Citizens' Advisory Council Monitoring Program,Prince William Sound Regional Citizens' Advisory Council Monitoring Program,SCAK
PWSRCAC,LTEMP,2012,23.890561600000002,60.690550000000002,-146.583300000000008,Blue Mussel,Mytilus trossulus,mussel,Bivalvia,Mussels,Background biomonitoring / Post-oil spill assessment,KNH-B-12-2-1,38,ng/g,dry,Calculated,Whole Body,1.652569000000000,,a,,AlphaAnalytics,,mussel,Prince William Sound Regional Citizens' Advisory Council Monitoring Program,Prince William Sound Regional Citizens' Advisory Council Monitoring Program,SCAK
PWSRCAC,LTEMP,2012,23.192912000000000,60.690550000000002,-146.583300000000008,Blue Mussel,Mytilus trossulus,mussel,Bivalvia,Mussels,Background biomonitoring / Post-oil spill assessment,KNH-B-12-2-2,38,ng/g,dry,Calculated,Whole Body,2.456761000000000,,a,,AlphaAnalytics,,mussel,Prince William Sound Regional Citizens' Advisory Council Monitoring Program,Prince William Sound Regional Citizens' Advisory Council Monitoring Program,SCAK
PWSRCAC,LTEMP,2012,16.793863900000002,60.690550000000002,-146.583300000000008,Blue Mussel,Mytilus trossulus,mussel,Bivalvia,Mussels,Background biomonitoring / Post-oil spill assessment,KNH-B-12-2-3,38,ng/g,dry,Calculated,Whole Body,2.094594000000000,,a,,AlphaAnalytics,,mussel,Prince William Sound Regional Citizens' Advisory Council Monitoring Program,Prince William Sound Regional Citizens' Advisory Council Monitoring Program,SCAK
PWSRCAC,LTEMP,2013,10.039350499999999,60.690550000000002,-146.583300000000008,Blue Mussel,Mytilus trossulus,mussel,Bivalvia,Mussels,Background biomonitoring / Post-oil spill assessment,KNH-B-13-2-1,38,ng/g,dry,Calculated,Whole Body,1.396396000000000,,a,,AlphaAnalytics,,mussel,Prince William Sound Regional Citizens' Advisory Council Monitoring Program,Prince William Sound Regional Citizens' Advisory Council Monitoring Program,SCAK
PWSRCAC,LTEMP,2013,10.993255700000001,60.690550000000002,-146.583300000000008,Blue Mussel,Mytilus trossulus,mussel,Bivalvia,Mussels,Background biomonitoring / Post-oil spill assessment,KNH-B-13-2-2,38,ng/g,dry,Calculated,Whole Body,1.412134000000000,,a,,AlphaAnalytics,,mussel,Prince William Sound Regional Citizens' Advisory Council Monitoring Program,Prince William Sound Regional Citizens' Advisory Council Monitoring Program,SCAK
PWSRCAC,LTEMP,2013,14.082676599999999,60.690550000000002,-146.583300000000008,Blue Mussel,Mytilus trossulus,mussel,Bivalvia,Mussels,Background biomonitoring / Post-oil spill assessment,KNH-B-13-2-3,38,ng/g,dry,Calculated,Whole Body,1.689023000000000,,a,,AlphaAnalytics,,mussel,Prince William Sound Regional Citizens' Advisory Council Monitoring Program,Prince William Sound Regional Citizens' Advisory Council Monitoring Program,SCAK
PWSRCAC,LTEMP,2015,10.566326000000000,60.690550000000002,-146.583300000000008,Blue Mussel,Mytilus trossulus,mussel,Bivalvia,Mussels,Background biomonitoring / Post-oil spill assessment,KNH-B-15-2-1,38,ng/g,dry,Calculated,Whole Body,2.057079000000000,,a,,AlphaAnalytics,,mussel,Prince William Sound Regional Citizens' Advisory Council Monitoring Program,Prince William Sound Regional Citizens' Advisory Council Monitoring Program,SCAK
PWSRCAC,LTEMP,2015,11.830009000000000,60.690550000000002,-146.583300000000008,Blue Mussel,Mytilus trossulus,mussel,Bivalvia,Mussels,Background biomonitoring / Post-oil spill assessment,KNH-B-15-2-2,38,ng/g,dry,Calculated,Whole Body,2.153504000000000,,a,,AlphaAnalytics,,mussel,Prince William Sound Regional Citizens' Advisory Council Monitoring Program,Prince William Sound Regional Citizens' Advisory Council Monitoring Program,SCAK
PWSRCAC,LTEMP,2015,17.169910000000002,60.690550000000002,-146.583300000000008,Blue Mussel,Mytilus trossulus,mussel,Bivalvia,Mussels,Background biomonitoring / Post-oil spill assessment,KNH-B-15-2-3,38,ng/g,dry,Calculated,Whole Body,2.336005000000000,,a,,AlphaAnalytics,,mussel,Prince William Sound Regional Citizens' Advisory Council Monitoring Program,Prince William Sound Regional Citizens' Advisory Council Monitoring Program,SCAK
PWSRCAC,LTEMP,2018,16.600000300000001,60.690550000000002,-146.583300000000008,Blue Mussel,Mytilus trossulus,mussel,Bivalvia,Mussels,Background biomonitoring / Post-oil spill assessment,KNH-B-18-2-1,41,ng/g,dry,Calculated,Whole Body,5.633333000000000,13.06667,JB,85,AlphaAnalytics,,mussel,Prince William Sound Regional Citizens' Advisory Council Monitoring Program,Prince William Sound Regional Citizens' Advisory Council Monitoring Program,SCAK
PWSRCAC,LTEMP,2018,18.588235500000000,60.690550000000002,-146.583300000000008,Blue Mussel,Mytilus trossulus,mussel,Bivalvia,Mussels,Background biomonitoring / Post-oil spill assessment,KNH-B-18-2-2,41,ng/g,dry,Calculated,Whole Body,7.176471000000000,16.64706,JB,83,AlphaAnalytics,,mussel,Prince William Sound Regional Citizens' Advisory Council Monitoring Program,Prince William Sound Regional Citizens' Advisory Council Monitoring Program,SCAK
PWSRCAC,LTEMP,2018,16.356249999999999,60.690550000000002,-146.583300000000008,Blue Mussel,Mytilus trossulus,mussel,Bivalvia,Mussels,Background biomonitoring / Post-oil spill assessment,KNH-B-18-2-3,41,ng/g,dry,Calculated,Whole Body,5.262500000000000,12.1875,JB,84,AlphaAnalytics,,mussel,Prince William Sound Regional Citizens' Advisory Council Monitoring Program,Prince William Sound Regional Citizens' Advisory Council Monitoring Program,SCAK
PWSRCAC,LTEMP,2023,163.907999999999987,60.690550000000002,-146.583300000000008,Blue Mussel,Mytilus trossulus,mussel,Bivalvia,Mussels,Background biomonitoring / Post-oil spill assessment,KNH-B-23-1,41,ng/g,wet,Calculated,Whole Body,2.050000000000000,4.76,JB,0,AlphaAnalytics,,mussel,Prince William Sound Regional Citizens' Advisory Council Monitoring Program,Prince William Sound Regional Citizens' Advisory Council Monitoring Program,SCAK
PWSRCAC,LTEMP,2023,64.929000000000002,60.690550000000002,-146.583300000000008,Blue Mussel,Mytilus trossulus,mussel,Bivalvia,Mussels,Background biomonitoring / Post-oil spill assessment,KNH-B-23-2,41,ng/g,wet,Calculated,Whole Body,0.839000000000000,1.94,JB,0,AlphaAnalytics,,mussel,Prince William Sound Regional Citizens' Advisory Council Monitoring Program,Prince William Sound Regional Citizens' Advisory Council Monitoring Program,SCAK
PWSRCAC,LTEMP,2023,184.550000000000011,60.690550000000002,-146.583300000000008,Blue Mussel,Mytilus trossulus,mussel,Bivalvia,Mussels,Background biomonitoring / Post-oil spill assessment,KNH-B-23-3,41,ng/g,wet,Calculated,Whole Body,2.080000000000000,4.83,,0,AlphaAnalytics,,mussel,Prince William Sound Regional Citizens' Advisory Council Monitoring Program,Prince William Sound Regional Citizens' Advisory Council Monitoring Program,SCAK
PWSRCAC,LTEMP,2007,490.558551599999987,60.731670000000001,-146.186399999999992,Blue Mussel,Mytilus trossulus,mussel,Bivalvia,Mussels,Background biomonitoring / Post-oil spill assessment,OLB-B-07-2-1,38,ng/g,dry,Calculated,Whole Body,9.500000000000000,,,,AlphaAnalytics,,mussel,Prince William Sound Regional Citizens' Advisory Council Monitoring Program,Prince William Sound Regional Citizens' Advisory Council Monitoring Program,SCAK
PWSRCAC,LTEMP,2007,380.041058500000020,60.731670000000001,-146.186399999999992,Blue Mussel,Mytilus trossulus,mussel,Bivalvia,Mussels,Background biomonitoring / Post-oil spill assessment,OLB-B-07-2-2,38,ng/g,dry,Calculated,Whole Body,8.444444000000001,,,,AlphaAnalytics,,mussel,Prince William Sound Regional Citizens' Advisory Council Monitoring Program,Prince William Sound Regional Citizens' Advisory Council Monitoring Program,SCAK
PWSRCAC,LTEMP,2007,1237.387269999999944,60.731670000000001,-146.186399999999992,Blue Mussel,Mytilus trossulus,mussel,Bivalvia,Mussels,Background biomonitoring / Post-oil spill assessment,OLB-B-07-2-3,38,ng/g,dry,Calculated,Whole Body,8.603774000000000,,,,AlphaAnalytics,,mussel,Prince William Sound Regional Citizens' Advisory Council Monitoring Program,Prince William Sound Regional Citizens' Advisory Council Monitoring Program,SCAK
PWSRCAC,LTEMP,2007,18310.822580000000016,60.731670000000001,-146.186399999999992,Blue Mussel,Mytilus trossulus,mussel,Bivalvia,Mussels,Background biomonitoring / Post-oil spill assessment,OLB-B-07-2-4,38,ng/g,dry,Calculated,Whole Body,8.603774000000000,,,,AlphaAnalytics,,mussel,Prince William Sound Regional Citizens' Advisory Council Monitoring Program,Prince William Sound Regional Citizens' Advisory Council Monitoring Program,SCAK
PWSRCAC,LTEMP,2007,3926.120823000000200,60.731670000000001,-146.186399999999992,Blue Mussel,Mytilus trossulus,mussel,Bivalvia,Mussels,Background biomonitoring / Post-oil spill assessment,OLB-B-07-2-5,38,ng/g,dry,Calculated,Whole Body,8.941176000000000,,,,AlphaAnalytics,,mussel,Prince William Sound Regional Citizens' Advisory Council Monitoring Program,Prince William Sound Regional Citizens' Advisory Council Monitoring Program,SCAK
PWSRCAC,LTEMP,2007,3169.376420000000053,60.731670000000001,-146.186399999999992,Blue Mussel,Mytilus trossulus,mussel,Bivalvia,Mussels,Background biomonitoring / Post-oil spill assessment,OLB-B-07-2-6,38,ng/g,dry,Calculated,Whole Body,8.000000000000000,,,,AlphaAnalytics,,mussel,Prince William Sound Regional Citizens' Advisory Council Monitoring Program,Prince William Sound Regional Citizens' Advisory Council Monitoring Program,SCAK
PWSRCAC,LTEMP,2000,72.500000000000000,59.879170000000002,-149.656900000000007,Blue Mussel,Mytilus trossulus,mussel,Bivalvia,Mussels,Background biomonitoring / Post-oil spill assessment,PWS00TIS0001,34,ng/g,dry,Calculated,Whole Body,1.200000000000000,,,,AlphaAnalytics,,mussel,Prince William Sound Regional Citizens' Advisory Council Monitoring Program,Prince William Sound Regional Citizens' Advisory Council Monitoring Program,SCAK
PWSRCAC,LTEMP,2000,68.599999999999994,59.879170000000002,-149.656900000000007,Blue Mussel,Mytilus trossulus,mussel,Bivalvia,Mussels,Background biomonitoring / Post-oil spill assessment,PWS00TIS0002,35,ng/g,dry,Calculated,Whole Body,1.600000000000000,,,,AlphaAnalytics,,mussel,Prince William Sound Regional Citizens' Advisory Council Monitoring Program,Prince William Sound Regional Citizens' Advisory Council Monitoring Program,SCAK
PWSRCAC,LTEMP,2000,78.400000000000006,59.879170000000002,-149.656900000000007,Blue Mussel,Mytilus trossulus,mussel,Bivalvia,Mussels,Background biomonitoring / Post-oil spill assessment,PWS00TIS0003,35,ng/g,dry,Calculated,Whole Body,2.100000000000000,,,,AlphaAnalytics,,mussel,Prince William Sound Regional Citizens' Advisory Council Monitoring Program,Prince William Sound Regional Citizens' Advisory Council Monitoring Program,SCAK
PWSRCAC,LTEMP,2000,112.799999999999997,59.218888829999997,-151.518611200000009,Blue Mussel,Mytilus trossulus,mussel,Bivalvia,Mussels,Background biomonitoring / Post-oil spill assessment,PWS00TIS0004,34,ng/g,dry,Calculated,Whole Body,2.100000000000000,,,,AlphaAnalytics,,mussel,Prince William Sound Regional Citizens' Advisory Council Monitoring Program,Prince William Sound Regional Citizens' Advisory Council Monitoring Program,SCAK
PWSRCAC,LTEMP,2000,143.300000000000011,59.218888829999997,-151.518611200000009,Blue Mussel,Mytilus trossulus,mussel,Bivalvia,Mussels,Background biomonitoring / Post-oil spill assessment,PWS00TIS0005,34,ng/g,dry,Calculated,Whole Body,2.700000000000000,,,,AlphaAnalytics,,mussel,Prince William Sound Regional Citizens' Advisory Council Monitoring Program,Prince William Sound Regional Citizens' Advisory Council Monitoring Program,SCAK
PWSRCAC,LTEMP,2000,105.799999999999997,59.218888829999997,-151.518611200000009,Blue Mussel,Mytilus trossulus,mussel,Bivalvia,Mussels,Background biomonitoring / Post-oil spill assessment,PWS00TIS0006,34,ng/g,dry,Calculated,Whole Body,2.300000000000000,,J,,AlphaAnalytics,,mussel,Prince William Sound Regional Citizens' Advisory Council Monitoring Program,Prince William Sound Regional Citizens' Advisory Council Monitoring Program,SCAK
PWSRCAC,LTEMP,2000,104.599999999999994,58.501669999999997,-152.625000000000000,Blue Mussel,Mytilus trossulus,mussel,Bivalvia,Mussels,Background biomonitoring / Post-oil spill assessment,PWS00TIS0007,34,ng/g,dry,Calculated,Whole Body,2.300000000000000,,J,,AlphaAnalytics,,mussel,Prince William Sound Regional Citizens' Advisory Council Monitoring Program,Prince William Sound Regional Citizens' Advisory Council Monitoring Program,SCAK
PWSRCAC,LTEMP,2000,159.099999999999994,58.501669999999997,-152.625000000000000,Blue Mussel,Mytilus trossulus,mussel,Bivalvia,Mussels,Background biomonitoring / Post-oil spill assessment,PWS00TIS0008,34,ng/g,dry,Calculated,Whole Body,1.700000000000000,,J,,AlphaAnalytics,,mussel,Prince William Sound Regional Citizens' Advisory Council Monitoring Program,Prince William Sound Regional Citizens' Advisory Council Monitoring Program,SCAK
PWSRCAC,LTEMP,2000,90.099999999999994,58.501669999999997,-152.625000000000000,Blue Mussel,Mytilus trossulus,mussel,Bivalvia,Mussels,Background biomonitoring / Post-oil spill assessment,PWS00TIS0009,34,ng/g,dry,Calculated,Whole Body,1.600000000000000,,J,,AlphaAnalytics,,mussel,Prince William Sound Regional Citizens' Advisory Council Monitoring Program,Prince William Sound Regional Citizens' Advisory Council Monitoring Program,SCAK
PWSRCAC,LTEMP,2000,110.500000000000000,60.690550000000002,-146.583300000000008,Blue Mussel,Mytilus trossulus,mussel,Bivalvia,Mussels,Background biomonitoring / Post-oil spill assessment,PWS00TIS0010,34,ng/g,dry,Calculated,Whole Body,2.900000000000000,,,,AlphaAnalytics,,mussel,Prince William Sound Regional Citizens' Advisory Council Monitoring Program,Prince William Sound Regional Citizens' Advisory Council Monitoring Program,SCAK
PWSRCAC,LTEMP,2000,137.400000000000006,60.690550000000002,-146.583300000000008,Blue Mussel,Mytilus trossulus,mussel,Bivalvia,Mussels,Background biomonitoring / Post-oil spill assessment,PWS00TIS0011,34,ng/g,dry,Calculated,Whole Body,3.300000000000000,,J,,AlphaAnalytics,,mussel,Prince William Sound Regional Citizens' Advisory Council Monitoring Program,Prince William Sound Regional Citizens' Advisory Council Monitoring Program,SCAK
PWSRCAC,LTEMP,2000,67.900000000000006,60.690550000000002,-146.583300000000008,Blue Mussel,Mytilus trossulus,mussel,Bivalvia,Mussels,Background biomonitoring / Post-oil spill assessment,PWS00TIS0012,34,ng/g,dry,Calculated,Whole Body,2.400000000000000,,J,,AlphaAnalytics,,mussel,Prince William Sound Regional Citizens' Advisory Council Monitoring Program,Prince William Sound Regional Citizens' Advisory Council Monitoring Program,SCAK
PWSRCAC,LTEMP,2000,86.700000000000003,60.647219999999997,-145.995000000000005,Blue Mussel,Mytilus trossulus,mussel,Bivalvia,Mussels,Background biomonitoring / Post-oil spill assessment,PWS00TIS0013,34,ng/g,dry,Calculated,Whole Body,3.000000000000000,,J,,AlphaAnalytics,,mussel,Prince William Sound Regional Citizens' Advisory Council Monitoring Program,Prince William Sound Regional Citizens' Advisory Council Monitoring Program,SCAK
PWSRCAC,LTEMP,2000,113.200000000000003,60.647219999999997,-145.995000000000005,Blue Mussel,Mytilus trossulus,mussel,Bivalvia,Mussels,Background biomonitoring / Post-oil spill assessment,PWS00TIS0014,34,ng/g,dry,Calculated,Whole Body,2.100000000000000,,,,AlphaAnalytics,,mussel,Prince William Sound Regional Citizens' Advisory Council Monitoring Program,Prince William Sound Regional Citizens' Advisory Council Monitoring Program,SCAK
PWSRCAC,LTEMP,2000,52.899999999999999,60.647219999999997,-145.995000000000005,Blue Mussel,Mytilus trossulus,mussel,Bivalvia,Mussels,Background biomonitoring / Post-oil spill assessment,PWS00TIS0015,34,ng/g,dry,Calculated,Whole Body,1.900000000000000,,J,,AlphaAnalytics,,mussel,Prince William Sound Regional Citizens' Advisory Council Monitoring Program,Prince William Sound Regional Citizens' Advisory Council Monitoring Program,SCAK
PWSRCAC,LTEMP,2000,56.700000000000003,60.265830000000001,-147.084450000000004,Blue Mussel,Mytilus trossulus,mussel,Bivalvia,Mussels,Background biomonitoring / Post-oil spill assessment,PWS00TIS0016,34,ng/g,dry,Calculated,Whole Body,1.600000000000000,,,,AlphaAnalytics,,mussel,Prince William Sound Regional Citizens' Advisory Council Monitoring Program,Prince William Sound Regional Citizens' Advisory Council Monitoring Program,SCAK
PWSRCAC,LTEMP,2000,53.500000000000000,60.265830000000001,-147.084450000000004,Blue Mussel,Mytilus trossulus,mussel,Bivalvia,Mussels,Background biomonitoring / Post-oil spill assessment,PWS00TIS0017,34,ng/g,dry,Calculated,Whole Body,2.200000000000000,,,,AlphaAnalytics,,mussel,Prince William Sound Regional Citizens' Advisory Council Monitoring Program,Prince William Sound Regional Citizens' Advisory Council Monitoring Program,SCAK
PWSRCAC,LTEMP,2000,56.600000000000001,60.265830000000001,-147.084450000000004,Blue Mussel,Mytilus trossulus,mussel,Bivalvia,Mussels,Background biomonitoring / Post-oil spill assessment,PWS00TIS0018,34,ng/g,dry,Calculated,Whole Body,2.500000000000000,,,,AlphaAnalytics,,mussel,Prince William Sound Regional Citizens' Advisory Council Monitoring Program,Prince William Sound Regional Citizens' Advisory Council Monitoring Program,SCAK
PWSRCAC,LTEMP,2000,104.500000000000000,60.067500000000003,-147.831944499999992,Blue Mussel,Mytilus trossulus,mussel,Bivalvia,Mussels,Background biomonitoring / Post-oil spill assessment,PWS00TIS0019,34,ng/g,dry,Calculated,Whole Body,2.800000000000000,,J,,AlphaAnalytics,,mussel,Prince William Sound Regional Citizens' Advisory Council Monitoring Program,Prince William Sound Regional Citizens' Advisory Council Monitoring Program,SCAK
PWSRCAC,LTEMP,2000,122.900000000000006,60.067500000000003,-147.831944499999992,Blue Mussel,Mytilus trossulus,mussel,Bivalvia,Mussels,Background biomonitoring / Post-oil spill assessment,PWS00TIS0020,34,ng/g,dry,Calculated,Whole Body,3.100000000000000,,J,,AlphaAnalytics,,mussel,Prince William Sound Regional Citizens' Advisory Council Monitoring Program,Prince William Sound Regional Citizens' Advisory Council Monitoring Program,SCAK
PWSRCAC,LTEMP,2000,144.000000000000000,60.067500000000003,-147.831944499999992,Blue Mussel,Mytilus trossulus,mussel,Bivalvia,Mussels,Background biomonitoring / Post-oil spill assessment,PWS00TIS0021,34,ng/g,dry,Calculated,Whole Body,3.600000000000000,,,,AlphaAnalytics,,mussel,Prince William Sound Regional Citizens' Advisory Council Monitoring Program,Prince William Sound Regional Citizens' Advisory Council Monitoring Program,SCAK
PWSRCAC,LTEMP,2000,66.200000000000003,60.498609999999999,-147.658600000000007,Blue Mussel,Mytilus trossulus,mussel,Bivalvia,Mussels,Background biomonitoring / Post-oil spill assessment,PWS00TIS0022,34,ng/g,dry,Calculated,Whole Body,1.600000000000000,,,,AlphaAnalytics,,mussel,Prince William Sound Regional Citizens' Advisory Council Monitoring Program,Prince William Sound Regional Citizens' Advisory Council Monitoring Program,SCAK
PWSRCAC,LTEMP,2000,67.599999999999994,60.498609999999999,-147.658600000000007,Blue Mussel,Mytilus trossulus,mussel,Bivalvia,Mussels,Background biomonitoring / Post-oil spill assessment,PWS00TIS0023,35,ng/g,dry,Calculated,Whole Body,1.900000000000000,,J,,AlphaAnalytics,,mussel,Prince William Sound Regional Citizens' Advisory Council Monitoring Program,Prince William Sound Regional Citizens' Advisory Council Monitoring Program,SCAK
PWSRCAC,LTEMP,2000,58.200000000000003,60.498609999999999,-147.658600000000007,Blue Mussel,Mytilus trossulus,mussel,Bivalvia,Mussels,Background biomonitoring / Post-oil spill assessment,PWS00TIS0024,34,ng/g,dry,Calculated,Whole Body,1.700000000000000,,J,,AlphaAnalytics,,mussel,Prince William Sound Regional Citizens' Advisory Council Monitoring Program,Prince William Sound Regional Citizens' Advisory Council Monitoring Program,SCAK
PWSRCAC,LTEMP,2000,97.500000000000000,61.091670000000001,-146.405300000000011,Blue Mussel,Mytilus trossulus,mussel,Bivalvia,Mussels,Background biomonitoring / Post-oil spill assessment,PWS00TIS0025,35,ng/g,dry,Calculated,Whole Body,1.600000000000000,,J,,AlphaAnalytics,,mussel,Prince William Sound Regional Citizens' Advisory Council Monitoring Program,Prince William Sound Regional Citizens' Advisory Council Monitoring Program,SCAK
PWSRCAC,LTEMP,2000,94.299999999999997,61.091670000000001,-146.405300000000011,Blue Mussel,Mytilus trossulus,mussel,Bivalvia,Mussels,Background biomonitoring / Post-oil spill assessment,PWS00TIS0026,34,ng/g,dry,Calculated,Whole Body,1.900000000000000,,,,AlphaAnalytics,,mussel,Prince William Sound Regional Citizens' Advisory Council Monitoring Program,Prince William Sound Regional Citizens' Advisory Council Monitoring Program,SCAK
PWSRCAC,LTEMP,2000,166.400000000000006,61.091670000000001,-146.405300000000011,Blue Mussel,Mytilus trossulus,mussel,Bivalvia,Mussels,Background biomonitoring / Post-oil spill assessment,PWS00TIS0027,34,ng/g,dry,Calculated,Whole Body,2.800000000000000,,,,AlphaAnalytics,,mussel,Prince William Sound Regional Citizens' Advisory Council Monitoring Program,Prince William Sound Regional Citizens' Advisory Council Monitoring Program,SCAK
PWSRCAC,LTEMP,2000,146.800000000000011,61.124368199999999,-146.496141499999993,Blue Mussel,Mytilus trossulus,mussel,Bivalvia,Mussels,Background biomonitoring / Post-oil spill assessment,PWS00TIS0028,34,ng/g,dry,Calculated,Whole Body,1.600000000000000,,J,,AlphaAnalytics,,mussel,Prince William Sound Regional Citizens' Advisory Council Monitoring Program,Prince William Sound Regional Citizens' Advisory Council Monitoring Program,SCAK
PWSRCAC,LTEMP,2000,117.799999999999997,61.124368199999999,-146.496141499999993,Blue Mussel,Mytilus trossulus,mussel,Bivalvia,Mussels,Background biomonitoring / Post-oil spill assessment,PWS00TIS0029,34,ng/g,dry,Calculated,Whole Body,1.700000000000000,,J,,AlphaAnalytics,,mussel,Prince William Sound Regional Citizens' Advisory Council Monitoring Program,Prince William Sound Regional Citizens' Advisory Council Monitoring Program,SCAK
PWSRCAC,LTEMP,2000,130.400000000000006,61.124368199999999,-146.496141499999993,Blue Mussel,Mytilus trossulus,mussel,Bivalvia,Mussels,Background biomonitoring / Post-oil spill assessment,PWS00TIS0030,34,ng/g,dry,Calculated,Whole Body,1.300000000000000,,,,AlphaAnalytics,,mussel,Prince William Sound Regional Citizens' Advisory Council Monitoring Program,Prince William Sound Regional Citizens' Advisory Council Monitoring Program,SCAK
PWSRCAC,LTEMP,2000,173.199999999999989,60.690550000000002,-146.583300000000008,Blue Mussel,Mytilus trossulus,mussel,Bivalvia,Mussels,Background biomonitoring / Post-oil spill assessment,PWS00TIS0031,34,ng/g,dry,Calculated,Whole Body,5.500000000000000,,J,,AlphaAnalytics,,mussel,Prince William Sound Regional Citizens' Advisory Council Monitoring Program,Prince William Sound Regional Citizens' Advisory Council Monitoring Program,SCAK
PWSRCAC,LTEMP,2000,205.000000000000000,60.690550000000002,-146.583300000000008,Blue Mussel,Mytilus trossulus,mussel,Bivalvia,Mussels,Background biomonitoring / Post-oil spill assessment,PWS00TIS0032,34,ng/g,dry,Calculated,Whole Body,9.699999999999999,,J,,AlphaAnalytics,,mussel,Prince William Sound Regional Citizens' Advisory Council Monitoring Program,Prince William Sound Regional Citizens' Advisory Council Monitoring Program,SCAK
PWSRCAC,LTEMP,2000,128.099999999999994,60.690550000000002,-146.583300000000008,Blue Mussel,Mytilus trossulus,mussel,Bivalvia,Mussels,Background biomonitoring / Post-oil spill assessment,PWS00TIS0033,34,ng/g,dry,Calculated,Whole Body,6.500000000000000,,J,,AlphaAnalytics,,mussel,Prince William Sound Regional Citizens' Advisory Council Monitoring Program,Prince William Sound Regional Citizens' Advisory Council Monitoring Program,SCAK
PWSRCAC,LTEMP,2000,99.000000000000000,60.647219999999997,-145.995000000000005,Blue Mussel,Mytilus trossulus,mussel,Bivalvia,Mussels,Background biomonitoring / Post-oil spill assessment,PWS00TIS0034,34,ng/g,dry,Calculated,Whole Body,4.900000000000000,,J,,AlphaAnalytics,,mussel,Prince William Sound Regional Citizens' Advisory Council Monitoring Program,Prince William Sound Regional Citizens' Advisory Council Monitoring Program,SCAK
PWSRCAC,LTEMP,2000,264.100000000000023,60.647219999999997,-145.995000000000005,Blue Mussel,Mytilus trossulus,mussel,Bivalvia,Mussels,Background biomonitoring / Post-oil spill assessment,PWS00TIS0035,34,ng/g,dry,Calculated,Whole Body,9.800000000000001,,J,,AlphaAnalytics,,mussel,Prince William Sound Regional Citizens' Advisory Council Monitoring Program,Prince William Sound Regional Citizens' Advisory Council Monitoring Program,SCAK
PWSRCAC,LTEMP,2000,108.299999999999997,60.647219999999997,-145.995000000000005,Blue Mussel,Mytilus trossulus,mussel,Bivalvia,Mussels,Background biomonitoring / Post-oil spill assessment,PWS00TIS0036,34,ng/g,dry,Calculated,Whole Body,6.300000000000000,,J,,AlphaAnalytics,,mussel,Prince William Sound Regional Citizens' Advisory Council Monitoring Program,Prince William Sound Regional Citizens' Advisory Council Monitoring Program,SCAK
PWSRCAC,LTEMP,2000,96.000000000000000,60.265830000000001,-147.084450000000004,Blue Mussel,Mytilus trossulus,mussel,Bivalvia,Mussels,Background biomonitoring / Post-oil spill assessment,PWS00TIS0037,34,ng/g,dry,Calculated,Whole Body,4.000000000000000,,J,,AlphaAnalytics,,mussel,Prince William Sound Regional Citizens' Advisory Council Monitoring Program,Prince William Sound Regional Citizens' Advisory Council Monitoring Program,SCAK
PWSRCAC,LTEMP,2000,40.600000000000001,60.265830000000001,-147.084450000000004,Blue Mussel,Mytilus trossulus,mussel,Bivalvia,Mussels,Background biomonitoring / Post-oil spill assessment,PWS00TIS0038,34,ng/g,dry,Calculated,Whole Body,3.400000000000000,,J,,AlphaAnalytics,,mussel,Prince William Sound Regional Citizens' Advisory Council Monitoring Program,Prince William Sound Regional Citizens' Advisory Council Monitoring Program,SCAK
PWSRCAC,LTEMP,2000,63.500000000000000,60.265830000000001,-147.084450000000004,Blue Mussel,Mytilus trossulus,mussel,Bivalvia,Mussels,Background biomonitoring / Post-oil spill assessment,PWS00TIS0039,34,ng/g,dry,Calculated,Whole Body,4.000000000000000,,J,,AlphaAnalytics,,mussel,Prince William Sound Regional Citizens' Advisory Council Monitoring Program,Prince William Sound Regional Citizens' Advisory Council Monitoring Program,SCAK
PWSRCAC,LTEMP,2000,428.600000000000023,60.067500000000003,-147.831944499999992,Blue Mussel,Mytilus trossulus,mussel,Bivalvia,Mussels,Background biomonitoring / Post-oil spill assessment,PWS00TIS0040,104,ng/g,dry,Calculated,Whole Body,8.800000000000001,,J,,AlphaAnalytics,,mussel,Prince William Sound Regional Citizens' Advisory Council Monitoring Program,Prince William Sound Regional Citizens' Advisory Council Monitoring Program,SCAK
PWSRCAC,LTEMP,2000,89.200000000000003,60.067500000000003,-147.831944499999992,Blue Mussel,Mytilus trossulus,mussel,Bivalvia,Mussels,Background biomonitoring / Post-oil spill assessment,PWS00TIS0041,34,ng/g,dry,Calculated,Whole Body,4.100000000000000,,J,,AlphaAnalytics,,mussel,Prince William Sound Regional Citizens' Advisory Council Monitoring Program,Prince William Sound Regional Citizens' Advisory Council Monitoring Program,SCAK
PWSRCAC,LTEMP,2000,187.300000000000011,60.067500000000003,-147.831944499999992,Blue Mussel,Mytilus trossulus,mussel,Bivalvia,Mussels,Background biomonitoring / Post-oil spill assessment,PWS00TIS0042,34,ng/g,dry,Calculated,Whole Body,7.900000000000000,,J,,AlphaAnalytics,,mussel,Prince William Sound Regional Citizens' Advisory Council Monitoring Program,Prince William Sound Regional Citizens' Advisory Council Monitoring Program,SCAK
PWSRCAC,LTEMP,2000,79.400000000000006,60.498609999999999,-147.658600000000007,Blue Mussel,Mytilus trossulus,mussel,Bivalvia,Mussels,Background biomonitoring / Post-oil spill assessment,PWS00TIS0043,34,ng/g,dry,Calculated,Whole Body,4.100000000000000,,J,,AlphaAnalytics,,mussel,Prince William Sound Regional Citizens' Advisory Council Monitoring Program,Prince William Sound Regional Citizens' Advisory Council Monitoring Program,SCAK
PWSRCAC,LTEMP,2000,77.500000000000000,60.498609999999999,-147.658600000000007,Blue Mussel,Mytilus trossulus,mussel,Bivalvia,Mussels,Background biomonitoring / Post-oil spill assessment,PWS00TIS0044,35,ng/g,dry,Calculated,Whole Body,3.100000000000000,,J,,AlphaAnalytics,,mussel,Prince William Sound Regional Citizens' Advisory Council Monitoring Program,Prince William Sound Regional Citizens' Advisory Council Monitoring Program,SCAK
PWSRCAC,LTEMP,2000,62.100000000000001,60.498609999999999,-147.658600000000007,Blue Mussel,Mytilus trossulus,mussel,Bivalvia,Mussels,Background biomonitoring / Post-oil spill assessment,PWS00TIS0045,34,ng/g,dry,Calculated,Whole Body,2.700000000000000,,J,,AlphaAnalytics,,mussel,Prince William Sound Regional Citizens' Advisory Council Monitoring Program,Prince William Sound Regional Citizens' Advisory Council Monitoring Program,SCAK
PWSRCAC,LTEMP,2000,93.500000000000000,61.124368199999999,-146.496141499999993,Blue Mussel,Mytilus trossulus,mussel,Bivalvia,Mussels,Background biomonitoring / Post-oil spill assessment,PWS00TIS0046,34,ng/g,dry,Calculated,Whole Body,3.600000000000000,,ND,,AlphaAnalytics,,mussel,Prince William Sound Regional Citizens' Advisory Council Monitoring Program,Prince William Sound Regional Citizens' Advisory Council Monitoring Program,SCAK
PWSRCAC,LTEMP,2000,119.500000000000000,61.124368199999999,-146.496141499999993,Blue Mussel,Mytilus trossulus,mussel,Bivalvia,Mussels,Background biomonitoring / Post-oil spill assessment,PWS00TIS0047,34,ng/g,dry,Calculated,Whole Body,3.800000000000000,,J,,AlphaAnalytics,,mussel,Prince William Sound Regional Citizens' Advisory Council Monitoring Program,Prince William Sound Regional Citizens' Advisory Council Monitoring Program,SCAK
PWSRCAC,LTEMP,2000,102.700000000000003,61.124368199999999,-146.496141499999993,Blue Mussel,Mytilus trossulus,mussel,Bivalvia,Mussels,Background biomonitoring / Post-oil spill assessment,PWS00TIS0048,34,ng/g,dry,Calculated,Whole Body,3.900000000000000,,ND,,AlphaAnalytics,,mussel,Prince William Sound Regional Citizens' Advisory Council Monitoring Program,Prince William Sound Regional Citizens' Advisory Council Monitoring Program,SCAK
PWSRCAC,LTEMP,2000,468.000000000000000,61.091670000000001,-146.405300000000011,Blue Mussel,Mytilus trossulus,mussel,Bivalvia,Mussels,Background biomonitoring / Post-oil spill assessment,PWS00TIS0049,104,ng/g,dry,Calculated,Whole Body,5.400000000000000,,J,,AlphaAnalytics,,mussel,Prince William Sound Regional Citizens' Advisory Council Monitoring Program,Prince William Sound Regional Citizens' Advisory Council Monitoring Program,SCAK
PWSRCAC,LTEMP,2000,168.400000000000006,61.091670000000001,-146.405300000000011,Blue Mussel,Mytilus trossulus,mussel,Bivalvia,Mussels,Background biomonitoring / Post-oil spill assessment,PWS00TIS0050,34,ng/g,dry,Calculated,Whole Body,3.900000000000000,,J,,AlphaAnalytics,,mussel,Prince William Sound Regional Citizens' Advisory Council Monitoring Program,Prince William Sound Regional Citizens' Advisory Council Monitoring Program,SCAK
PWSRCAC,LTEMP,2000,177.099999999999994,61.091670000000001,-146.405300000000011,Blue Mussel,Mytilus trossulus,mussel,Bivalvia,Mussels,Background biomonitoring / Post-oil spill assessment,PWS00TIS0051,34,ng/g,dry,Calculated,Whole Body,3.600000000000000,,J,,AlphaAnalytics,,mussel,Prince William Sound Regional Citizens' Advisory Council Monitoring Program,Prince William Sound Regional Citizens' Advisory Council Monitoring Program,SCAK
PWSRCAC,LTEMP,2000,74.200000000000003,59.879170000000002,-149.656900000000007,Blue Mussel,Mytilus trossulus,mussel,Bivalvia,Mussels,Background biomonitoring / Post-oil spill assessment,PWS00TIS0052,34,ng/g,dry,Calculated,Whole Body,4.000000000000000,,ND,,AlphaAnalytics,,mussel,Prince William Sound Regional Citizens' Advisory Council Monitoring Program,Prince William Sound Regional Citizens' Advisory Council Monitoring Program,SCAK
PWSRCAC,LTEMP,2000,60.000000000000000,59.879170000000002,-149.656900000000007,Blue Mussel,Mytilus trossulus,mussel,Bivalvia,Mussels,Background biomonitoring / Post-oil spill assessment,PWS00TIS0053,34,ng/g,dry,Calculated,Whole Body,3.700000000000000,,J,,AlphaAnalytics,,mussel,Prince William Sound Regional Citizens' Advisory Council Monitoring Program,Prince William Sound Regional Citizens' Advisory Council Monitoring Program,SCAK
PWSRCAC,LTEMP,2000,91.599999999999994,59.879170000000002,-149.656900000000007,Blue Mussel,Mytilus trossulus,mussel,Bivalvia,Mussels,Background biomonitoring / Post-oil spill assessment,PWS00TIS0054,34,ng/g,dry,Calculated,Whole Body,4.100000000000000,,J,,AlphaAnalytics,,mussel,Prince William Sound Regional Citizens' Advisory Council Monitoring Program,Prince William Sound Regional Citizens' Advisory Council Monitoring Program,SCAK
PWSRCAC,LTEMP,2000,55.799999999999997,59.218888829999997,-151.518611200000009,Blue Mussel,Mytilus trossulus,mussel,Bivalvia,Mussels,Background biomonitoring / Post-oil spill assessment,PWS00TIS0055,35,ng/g,dry,Calculated,Whole Body,2.200000000000000,,J,,AlphaAnalytics,,mussel,Prince William Sound Regional Citizens' Advisory Council Monitoring Program,Prince William Sound Regional Citizens' Advisory Council Monitoring Program,SCAK
PWSRCAC,LTEMP,2000,72.200000000000003,59.218888829999997,-151.518611200000009,Blue Mussel,Mytilus trossulus,mussel,Bivalvia,Mussels,Background biomonitoring / Post-oil spill assessment,PWS00TIS0056,35,ng/g,dry,Calculated,Whole Body,3.100000000000000,,J,,AlphaAnalytics,,mussel,Prince William Sound Regional Citizens' Advisory Council Monitoring Program,Prince William Sound Regional Citizens' Advisory Council Monitoring Program,SCAK
PWSRCAC,LTEMP,2000,95.099999999999994,59.218888829999997,-151.518611200000009,Blue Mussel,Mytilus trossulus,mussel,Bivalvia,Mussels,Background biomonitoring / Post-oil spill assessment,PWS00TIS0057,34,ng/g,dry,Calculated,Whole Body,5.400000000000000,,J,,AlphaAnalytics,,mussel,Prince William Sound Regional Citizens' Advisory Council Monitoring Program,Prince William Sound Regional Citizens' Advisory Council Monitoring Program,SCAK
PWSRCAC,LTEMP,2000,44.500000000000000,58.501669999999997,-152.625000000000000,Blue Mussel,Mytilus trossulus,mussel,Bivalvia,Mussels,Background biomonitoring / Post-oil spill assessment,PWS00TIS0058,34,ng/g,dry,Calculated,Whole Body,2.400000000000000,,ND,,AlphaAnalytics,,mussel,Prince William Sound Regional Citizens' Advisory Council Monitoring Program,Prince William Sound Regional Citizens' Advisory Council Monitoring Program,SCAK
PWSRCAC,LTEMP,2000,68.400000000000006,58.501669999999997,-152.625000000000000,Blue Mussel,Mytilus trossulus,mussel,Bivalvia,Mussels,Background biomonitoring / Post-oil spill assessment,PWS00TIS0059,34,ng/g,dry,Calculated,Whole Body,3.400000000000000,,J,,AlphaAnalytics,,mussel,Prince William Sound Regional Citizens' Advisory Council Monitoring Program,Prince William Sound Regional Citizens' Advisory Council Monitoring Program,SCAK
PWSRCAC,LTEMP,2000,71.099999999999994,58.501669999999997,-152.625000000000000,Blue Mussel,Mytilus trossulus,mussel,Bivalvia,Mussels,Background biomonitoring / Post-oil spill assessment,PWS00TIS0060,34,ng/g,dry,Calculated,Whole Body,2.800000000000000,,ND,,AlphaAnalytics,,mussel,Prince William Sound Regional Citizens' Advisory Council Monitoring Program,Prince William Sound Regional Citizens' Advisory Council Monitoring Program,SCAK
PWSRCAC,LTEMP,2000,435.300000000000011,61.091670000000001,-146.405300000000011,Blue Mussel,Mytilus trossulus,mussel,Bivalvia,Mussels,Background biomonitoring / Post-oil spill assessment,PWS00TIS0061,104,ng/g,dry,Calculated,Whole Body,4.200000000000000,,J,,AlphaAnalytics,,mussel,Prince William Sound Regional Citizens' Advisory Council Monitoring Program,Prince William Sound Regional Citizens' Advisory Council Monitoring Program,SCAK
PWSRCAC,LTEMP,2000,94.400000000000006,61.091670000000001,-146.405300000000011,Blue Mussel,Mytilus trossulus,mussel,Bivalvia,Mussels,Background biomonitoring / Post-oil spill assessment,PWS00TIS0062,34,ng/g,dry,Calculated,Whole Body,2.900000000000000,,J,,AlphaAnalytics,,mussel,Prince William Sound Regional Citizens' Advisory Council Monitoring Program,Prince William Sound Regional Citizens' Advisory Council Monitoring Program,SCAK
PWSRCAC,LTEMP,2000,154.800000000000011,61.091670000000001,-146.405300000000011,Blue Mussel,Mytilus trossulus,mussel,Bivalvia,Mussels,Background biomonitoring / Post-oil spill assessment,PWS00TIS0063,34,ng/g,dry,Calculated,Whole Body,3.700000000000000,,J,,AlphaAnalytics,,mussel,Prince William Sound Regional Citizens' Advisory Council Monitoring Program,Prince William Sound Regional Citizens' Advisory Council Monitoring Program,SCAK
PWSRCAC,LTEMP,2000,88.299999999999997,61.124368199999999,-146.496141499999993,Blue Mussel,Mytilus trossulus,mussel,Bivalvia,Mussels,Background biomonitoring / Post-oil spill assessment,PWS00TIS0064,34,ng/g,dry,Calculated,Whole Body,2.700000000000000,,J,,AlphaAnalytics,,mussel,Prince William Sound Regional Citizens' Advisory Council Monitoring Program,Prince William Sound Regional Citizens' Advisory Council Monitoring Program,SCAK
PWSRCAC,LTEMP,2000,136.800000000000011,61.124368199999999,-146.496141499999993,Blue Mussel,Mytilus trossulus,mussel,Bivalvia,Mussels,Background biomonitoring / Post-oil spill assessment,PWS00TIS0065,35,ng/g,dry,Calculated,Whole Body,3.000000000000000,,J,,AlphaAnalytics,,mussel,Prince William Sound Regional Citizens' Advisory Council Monitoring Program,Prince William Sound Regional Citizens' Advisory Council Monitoring Program,SCAK
PWSRCAC,LTEMP,2000,114.900000000000006,61.124368199999999,-146.496141499999993,Blue Mussel,Mytilus trossulus,mussel,Bivalvia,Mussels,Background biomonitoring / Post-oil spill assessment,PWS00TIS0066,35,ng/g,dry,Calculated,Whole Body,3.100000000000000,,J,,AlphaAnalytics,,mussel,Prince William Sound Regional Citizens' Advisory Council Monitoring Program,Prince William Sound Regional Citizens' Advisory Council Monitoring Program,SCAK
PWSRCAC,LTEMP,2001,182.400000000000006,58.501669999999997,-152.625000000000000,Blue Mussel,Mytilus trossulus,mussel,Bivalvia,Mussels,Background biomonitoring / Post-oil spill assessment,PWS01LYS0003,34,ng/g,dry,Calculated,Whole Body,2.200000000000000,,J,,AlphaAnalytics,,mussel,Prince William Sound Regional Citizens' Advisory Council Monitoring Program,Prince William Sound Regional Citizens' Advisory Council Monitoring Program,SCAK
PWSRCAC,LTEMP,2001,206.099999999999994,59.879170000000002,-149.656900000000007,Blue Mussel,Mytilus trossulus,mussel,Bivalvia,Mussels,Background biomonitoring / Post-oil spill assessment,PWS01LYS0004,34,ng/g,dry,Calculated,Whole Body,3.700000000000000,,J,,AlphaAnalytics,,mussel,Prince William Sound Regional Citizens' Advisory Council Monitoring Program,Prince William Sound Regional Citizens' Advisory Council Monitoring Program,SCAK
PWSRCAC,LTEMP,2001,120.099999999999994,59.218888829999997,-151.518611200000009,Blue Mussel,Mytilus trossulus,mussel,Bivalvia,Mussels,Background biomonitoring / Post-oil spill assessment,PWS01LYS0005,34,ng/g,dry,Calculated,Whole Body,1.800000000000000,,J,,AlphaAnalytics,,mussel,Prince William Sound Regional Citizens' Advisory Council Monitoring Program,Prince William Sound Regional Citizens' Advisory Council Monitoring Program,SCAK
PWSRCAC,LTEMP,2001,129.199999999999989,61.091670000000001,-146.405300000000011,Blue Mussel,Mytilus trossulus,mussel,Bivalvia,Mussels,Background biomonitoring / Post-oil spill assessment,PWS01LYS0006,34,ng/g,dry,Calculated,Whole Body,2.500000000000000,,J,,AlphaAnalytics,,mussel,Prince William Sound Regional Citizens' Advisory Council Monitoring Program,Prince William Sound Regional Citizens' Advisory Council Monitoring Program,SCAK
PWSRCAC,LTEMP,2001,85.500000000000000,61.124368199999999,-146.496141499999993,Blue Mussel,Mytilus trossulus,mussel,Bivalvia,Mussels,Background biomonitoring / Post-oil spill assessment,PWS01LYS0007,34,ng/g,dry,Calculated,Whole Body,2.500000000000000,,J,,AlphaAnalytics,,mussel,Prince William Sound Regional Citizens' Advisory Council Monitoring Program,Prince William Sound Regional Citizens' Advisory Council Monitoring Program,SCAK
PWSRCAC,LTEMP,2001,31.000000000000000,58.501669999999997,-152.625000000000000,Blue Mussel,Mytilus trossulus,mussel,Bivalvia,Mussels,Background biomonitoring / Post-oil spill assessment,PWS01LYS0008,34,ng/g,dry,Calculated,Whole Body,1.500000000000000,,J,,AlphaAnalytics,,mussel,Prince William Sound Regional Citizens' Advisory Council Monitoring Program,Prince William Sound Regional Citizens' Advisory Council Monitoring Program,SCAK
PWSRCAC,LTEMP,2001,370.199999999999989,60.498609999999999,-147.658600000000007,Blue Mussel,Mytilus trossulus,mussel,Bivalvia,Mussels,Background biomonitoring / Post-oil spill assessment,PWS01TIS0001,104,ng/g,dry,Calculated,Whole Body,3.900000000000000,,J,,AlphaAnalytics,,mussel,Prince William Sound Regional Citizens' Advisory Council Monitoring Program,Prince William Sound Regional Citizens' Advisory Council Monitoring Program,SCAK
PWSRCAC,LTEMP,2001,130.400000000000006,60.498609999999999,-147.658600000000007,Blue Mussel,Mytilus trossulus,mussel,Bivalvia,Mussels,Background biomonitoring / Post-oil spill assessment,PWS01TIS0002,34,ng/g,dry,Calculated,Whole Body,3.300000000000000,,J,,AlphaAnalytics,,mussel,Prince William Sound Regional Citizens' Advisory Council Monitoring Program,Prince William Sound Regional Citizens' Advisory Council Monitoring Program,SCAK
PWSRCAC,LTEMP,2001,159.199999999999989,60.498609999999999,-147.658600000000007,Blue Mussel,Mytilus trossulus,mussel,Bivalvia,Mussels,Background biomonitoring / Post-oil spill assessment,PWS01TIS0003,34,ng/g,dry,Calculated,Whole Body,4.300000000000000,,J,,AlphaAnalytics,,mussel,Prince William Sound Regional Citizens' Advisory Council Monitoring Program,Prince William Sound Regional Citizens' Advisory Council Monitoring Program,SCAK
PWSRCAC,LTEMP,2001,187.500000000000000,60.067500000000003,-147.831944499999992,Blue Mussel,Mytilus trossulus,mussel,Bivalvia,Mussels,Background biomonitoring / Post-oil spill assessment,PWS01TIS0004,34,ng/g,dry,Calculated,Whole Body,2.900000000000000,,J,,AlphaAnalytics,,mussel,Prince William Sound Regional Citizens' Advisory Council Monitoring Program,Prince William Sound Regional Citizens' Advisory Council Monitoring Program,SCAK
PWSRCAC,LTEMP,2001,200.500000000000000,60.067500000000003,-147.831944499999992,Blue Mussel,Mytilus trossulus,mussel,Bivalvia,Mussels,Background biomonitoring / Post-oil spill assessment,PWS01TIS0005,34,ng/g,dry,Calculated,Whole Body,3.200000000000000,,J,,AlphaAnalytics,,mussel,Prince William Sound Regional Citizens' Advisory Council Monitoring Program,Prince William Sound Regional Citizens' Advisory Council Monitoring Program,SCAK
PWSRCAC,LTEMP,2001,137.000000000000000,60.067500000000003,-147.831944499999992,Blue Mussel,Mytilus trossulus,mussel,Bivalvia,Mussels,Background biomonitoring / Post-oil spill assessment,PWS01TIS0006,34,ng/g,dry,Calculated,Whole Body,2.400000000000000,,J,,AlphaAnalytics,,mussel,Prince William Sound Regional Citizens' Advisory Council Monitoring Program,Prince William Sound Regional Citizens' Advisory Council Monitoring Program,SCAK
PWSRCAC,LTEMP,2001,115.900000000000006,60.265830000000001,-147.084450000000004,Blue Mussel,Mytilus trossulus,mussel,Bivalvia,Mussels,Background biomonitoring / Post-oil spill assessment,PWS01TIS0007,34,ng/g,dry,Calculated,Whole Body,3.500000000000000,,J,,AlphaAnalytics,,mussel,Prince William Sound Regional Citizens' Advisory Council Monitoring Program,Prince William Sound Regional Citizens' Advisory Council Monitoring Program,SCAK
PWSRCAC,LTEMP,2001,113.599999999999994,60.265830000000001,-147.084450000000004,Blue Mussel,Mytilus trossulus,mussel,Bivalvia,Mussels,Background biomonitoring / Post-oil spill assessment,PWS01TIS0008,34,ng/g,dry,Calculated,Whole Body,3.400000000000000,,J,,AlphaAnalytics,,mussel,Prince William Sound Regional Citizens' Advisory Council Monitoring Program,Prince William Sound Regional Citizens' Advisory Council Monitoring Program,SCAK
PWSRCAC,LTEMP,2001,112.299999999999997,60.265830000000001,-147.084450000000004,Blue Mussel,Mytilus trossulus,mussel,Bivalvia,Mussels,Background biomonitoring / Post-oil spill assessment,PWS01TIS0009,34,ng/g,dry,Calculated,Whole Body,2.300000000000000,,ND,,AlphaAnalytics,,mussel,Prince William Sound Regional Citizens' Advisory Council Monitoring Program,Prince William Sound Regional Citizens' Advisory Council Monitoring Program,SCAK
PWSRCAC,LTEMP,2001,97.000000000000000,60.647219999999997,-145.995000000000005,Blue Mussel,Mytilus trossulus,mussel,Bivalvia,Mussels,Background biomonitoring / Post-oil spill assessment,PWS01TIS0010,34,ng/g,dry,Calculated,Whole Body,3.200000000000000,,J,,AlphaAnalytics,,mussel,Prince William Sound Regional Citizens' Advisory Council Monitoring Program,Prince William Sound Regional Citizens' Advisory Council Monitoring Program,SCAK
PWSRCAC,LTEMP,2001,332.100000000000023,60.647219999999997,-145.995000000000005,Blue Mussel,Mytilus trossulus,mussel,Bivalvia,Mussels,Background biomonitoring / Post-oil spill assessment,PWS01TIS0012,34,ng/g,dry,Calculated,Whole Body,13.000000000000000,,J,,AlphaAnalytics,,mussel,Prince William Sound Regional Citizens' Advisory Council Monitoring Program,Prince William Sound Regional Citizens' Advisory Council Monitoring Program,SCAK
PWSRCAC,LTEMP,2001,95.700000000000003,60.690550000000002,-146.583300000000008,Blue Mussel,Mytilus trossulus,mussel,Bivalvia,Mussels,Background biomonitoring / Post-oil spill assessment,PWS01TIS0013,34,ng/g,dry,Calculated,Whole Body,3.500000000000000,,J,,AlphaAnalytics,,mussel,Prince William Sound Regional Citizens' Advisory Council Monitoring Program,Prince William Sound Regional Citizens' Advisory Council Monitoring Program,SCAK
PWSRCAC,LTEMP,2001,66.500000000000000,60.690550000000002,-146.583300000000008,Blue Mussel,Mytilus trossulus,mussel,Bivalvia,Mussels,Background biomonitoring / Post-oil spill assessment,PWS01TIS0014,37,ng/g,dry,Calculated,Whole Body,2.900000000000000,,J,,AlphaAnalytics,,mussel,Prince William Sound Regional Citizens' Advisory Council Monitoring Program,Prince William Sound Regional Citizens' Advisory Council Monitoring Program,SCAK
PWSRCAC,LTEMP,2001,102.700000000000003,60.690550000000002,-146.583300000000008,Blue Mussel,Mytilus trossulus,mussel,Bivalvia,Mussels,Background biomonitoring / Post-oil spill assessment,PWS01TIS0015,35,ng/g,dry,Calculated,Whole Body,4.400000000000000,,J,,AlphaAnalytics,,mussel,Prince William Sound Regional Citizens' Advisory Council Monitoring Program,Prince William Sound Regional Citizens' Advisory Council Monitoring Program,SCAK
PWSRCAC,LTEMP,2001,134.699999999999989,61.124368199999999,-146.496141499999993,Blue Mussel,Mytilus trossulus,mussel,Bivalvia,Mussels,Background biomonitoring / Post-oil spill assessment,PWS01TIS0016,34,ng/g,dry,Calculated,Whole Body,3.800000000000000,,J,,AlphaAnalytics,,mussel,Prince William Sound Regional Citizens' Advisory Council Monitoring Program,Prince William Sound Regional Citizens' Advisory Council Monitoring Program,SCAK
PWSRCAC,LTEMP,2001,150.900000000000006,61.124368199999999,-146.496141499999993,Blue Mussel,Mytilus trossulus,mussel,Bivalvia,Mussels,Background biomonitoring / Post-oil spill assessment,PWS01TIS0017,34,ng/g,dry,Calculated,Whole Body,4.200000000000000,,J,,AlphaAnalytics,,mussel,Prince William Sound Regional Citizens' Advisory Council Monitoring Program,Prince William Sound Regional Citizens' Advisory Council Monitoring Program,SCAK
PWSRCAC,LTEMP,2001,450.600000000000023,61.124368199999999,-146.496141499999993,Blue Mussel,Mytilus trossulus,mussel,Bivalvia,Mussels,Background biomonitoring / Post-oil spill assessment,PWS01TIS0018,104,ng/g,dry,Calculated,Whole Body,4.600000000000000,,J,,AlphaAnalytics,,mussel,Prince William Sound Regional Citizens' Advisory Council Monitoring Program,Prince William Sound Regional Citizens' Advisory Council Monitoring Program,SCAK
PWSRCAC,LTEMP,2001,409.500000000000000,61.091670000000001,-146.405300000000011,Blue Mussel,Mytilus trossulus,mussel,Bivalvia,Mussels,Background biomonitoring / Post-oil spill assessment,PWS01TIS0019,35,ng/g,dry,Calculated,Whole Body,4.200000000000000,,J,,AlphaAnalytics,,mussel,Prince William Sound Regional Citizens' Advisory Council Monitoring Program,Prince William Sound Regional Citizens' Advisory Council Monitoring Program,SCAK
PWSRCAC,LTEMP,2001,361.800000000000011,61.091670000000001,-146.405300000000011,Blue Mussel,Mytilus trossulus,mussel,Bivalvia,Mussels,Background biomonitoring / Post-oil spill assessment,PWS01TIS0020,34,ng/g,dry,Calculated,Whole Body,3.700000000000000,,J,,AlphaAnalytics,,mussel,Prince William Sound Regional Citizens' Advisory Council Monitoring Program,Prince William Sound Regional Citizens' Advisory Council Monitoring Program,SCAK
PWSRCAC,LTEMP,2001,342.100000000000023,61.091670000000001,-146.405300000000011,Blue Mussel,Mytilus trossulus,mussel,Bivalvia,Mussels,Background biomonitoring / Post-oil spill assessment,PWS01TIS0021,35,ng/g,dry,Calculated,Whole Body,4.200000000000000,,J,,AlphaAnalytics,,mussel,Prince William Sound Regional Citizens' Advisory Council Monitoring Program,Prince William Sound Regional Citizens' Advisory Council Monitoring Program,SCAK
PWSRCAC,LTEMP,2001,73.799999999999997,58.501669999999997,-152.625000000000000,Blue Mussel,Mytilus trossulus,mussel,Bivalvia,Mussels,Background biomonitoring / Post-oil spill assessment,PWS01TIS0022,34,ng/g,dry,Calculated,Whole Body,1.900000000000000,,J,,AlphaAnalytics,,mussel,Prince William Sound Regional Citizens' Advisory Council Monitoring Program,Prince William Sound Regional Citizens' Advisory Council Monitoring Program,SCAK
PWSRCAC,LTEMP,2001,64.000000000000000,58.501669999999997,-152.625000000000000,Blue Mussel,Mytilus trossulus,mussel,Bivalvia,Mussels,Background biomonitoring / Post-oil spill assessment,PWS01TIS0023,34,ng/g,dry,Calculated,Whole Body,2.800000000000000,,J,,AlphaAnalytics,,mussel,Prince William Sound Regional Citizens' Advisory Council Monitoring Program,Prince William Sound Regional Citizens' Advisory Council Monitoring Program,SCAK
PWSRCAC,LTEMP,2001,50.399999999999999,58.501669999999997,-152.625000000000000,Blue Mussel,Mytilus trossulus,mussel,Bivalvia,Mussels,Background biomonitoring / Post-oil spill assessment,PWS01TIS0024,34,ng/g,dry,Calculated,Whole Body,3.300000000000000,,J,,AlphaAnalytics,,mussel,Prince William Sound Regional Citizens' Advisory Council Monitoring Program,Prince William Sound Regional Citizens' Advisory Council Monitoring Program,SCAK
PWSRCAC,LTEMP,2001,50.799999999999997,59.879170000000002,-149.656900000000007,Blue Mussel,Mytilus trossulus,mussel,Bivalvia,Mussels,Background biomonitoring / Post-oil spill assessment,PWS01TIS0025,34,ng/g,dry,Calculated,Whole Body,2.700000000000000,,J,,AlphaAnalytics,,mussel,Prince William Sound Regional Citizens' Advisory Council Monitoring Program,Prince William Sound Regional Citizens' Advisory Council Monitoring Program,SCAK
PWSRCAC,LTEMP,2001,277.300000000000011,59.879170000000002,-149.656900000000007,Blue Mussel,Mytilus trossulus,mussel,Bivalvia,Mussels,Background biomonitoring / Post-oil spill assessment,PWS01TIS0026,104,ng/g,dry,Calculated,Whole Body,2.600000000000000,,J,,AlphaAnalytics,,mussel,Prince William Sound Regional Citizens' Advisory Council Monitoring Program,Prince William Sound Regional Citizens' Advisory Council Monitoring Program,SCAK
PWSRCAC,LTEMP,2001,42.100000000000001,59.879170000000002,-149.656900000000007,Blue Mussel,Mytilus trossulus,mussel,Bivalvia,Mussels,Background biomonitoring / Post-oil spill assessment,PWS01TIS0027,34,ng/g,dry,Calculated,Whole Body,2.500000000000000,,J,,AlphaAnalytics,,mussel,Prince William Sound Regional Citizens' Advisory Council Monitoring Program,Prince William Sound Regional Citizens' Advisory Council Monitoring Program,SCAK
PWSRCAC,LTEMP,2001,52.200000000000003,59.218888829999997,-151.518611200000009,Blue Mussel,Mytilus trossulus,mussel,Bivalvia,Mussels,Background biomonitoring / Post-oil spill assessment,PWS01TIS0028,34,ng/g,dry,Calculated,Whole Body,2.900000000000000,,J,,AlphaAnalytics,,mussel,Prince William Sound Regional Citizens' Advisory Council Monitoring Program,Prince William Sound Regional Citizens' Advisory Council Monitoring Program,SCAK
PWSRCAC,LTEMP,2001,58.399999999999999,59.218888829999997,-151.518611200000009,Blue Mussel,Mytilus trossulus,mussel,Bivalvia,Mussels,Background biomonitoring / Post-oil spill assessment,PWS01TIS0029,34,ng/g,dry,Calculated,Whole Body,2.800000000000000,,J,,AlphaAnalytics,,mussel,Prince William Sound Regional Citizens' Advisory Council Monitoring Program,Prince William Sound Regional Citizens' Advisory Council Monitoring Program,SCAK
PWSRCAC,LTEMP,2001,62.500000000000000,59.218888829999997,-151.518611200000009,Blue Mussel,Mytilus trossulus,mussel,Bivalvia,Mussels,Background biomonitoring / Post-oil spill assessment,PWS01TIS0030,34,ng/g,dry,Calculated,Whole Body,2.600000000000000,,ND,,AlphaAnalytics,,mussel,Prince William Sound Regional Citizens' Advisory Council Monitoring Program,Prince William Sound Regional Citizens' Advisory Council Monitoring Program,SCAK
PWSRCAC,LTEMP,2001,74.299999999999997,60.498609999999999,-147.658600000000007,Blue Mussel,Mytilus trossulus,mussel,Bivalvia,Mussels,Background biomonitoring / Post-oil spill assessment,PWS01TIS0031,34,ng/g,dry,Calculated,Whole Body,3.200000000000000,,J,,AlphaAnalytics,,mussel,Prince William Sound Regional Citizens' Advisory Council Monitoring Program,Prince William Sound Regional Citizens' Advisory Council Monitoring Program,SCAK
PWSRCAC,LTEMP,2001,60.799999999999997,60.498609999999999,-147.658600000000007,Blue Mussel,Mytilus trossulus,mussel,Bivalvia,Mussels,Background biomonitoring / Post-oil spill assessment,PWS01TIS0032,34,ng/g,dry,Calculated,Whole Body,2.800000000000000,,J,,AlphaAnalytics,,mussel,Prince William Sound Regional Citizens' Advisory Council Monitoring Program,Prince William Sound Regional Citizens' Advisory Council Monitoring Program,SCAK
PWSRCAC,LTEMP,2001,61.399999999999999,60.498609999999999,-147.658600000000007,Blue Mussel,Mytilus trossulus,mussel,Bivalvia,Mussels,Background biomonitoring / Post-oil spill assessment,PWS01TIS0033,34,ng/g,dry,Calculated,Whole Body,2.900000000000000,,J,,AlphaAnalytics,,mussel,Prince William Sound Regional Citizens' Advisory Council Monitoring Program,Prince William Sound Regional Citizens' Advisory Council Monitoring Program,SCAK
PWSRCAC,LTEMP,2001,110.400000000000006,60.067500000000003,-147.831944499999992,Blue Mussel,Mytilus trossulus,mussel,Bivalvia,Mussels,Background biomonitoring / Post-oil spill assessment,PWS01TIS0034,34,ng/g,dry,Calculated,Whole Body,3.200000000000000,,J,,AlphaAnalytics,,mussel,Prince William Sound Regional Citizens' Advisory Council Monitoring Program,Prince William Sound Regional Citizens' Advisory Council Monitoring Program,SCAK
PWSRCAC,LTEMP,2001,83.400000000000006,60.067500000000003,-147.831944499999992,Blue Mussel,Mytilus trossulus,mussel,Bivalvia,Mussels,Background biomonitoring / Post-oil spill assessment,PWS01TIS0035,34,ng/g,dry,Calculated,Whole Body,4.600000000000000,,J,,AlphaAnalytics,,mussel,Prince William Sound Regional Citizens' Advisory Council Monitoring Program,Prince William Sound Regional Citizens' Advisory Council Monitoring Program,SCAK
PWSRCAC,LTEMP,2001,116.799999999999997,60.067500000000003,-147.831944499999992,Blue Mussel,Mytilus trossulus,mussel,Bivalvia,Mussels,Background biomonitoring / Post-oil spill assessment,PWS01TIS0036,34,ng/g,dry,Calculated,Whole Body,4.700000000000000,,J,,AlphaAnalytics,,mussel,Prince William Sound Regional Citizens' Advisory Council Monitoring Program,Prince William Sound Regional Citizens' Advisory Council Monitoring Program,SCAK
PWSRCAC,LTEMP,2001,85.700000000000003,60.265830000000001,-147.084450000000004,Blue Mussel,Mytilus trossulus,mussel,Bivalvia,Mussels,Background biomonitoring / Post-oil spill assessment,PWS01TIS0037,34,ng/g,dry,Calculated,Whole Body,4.200000000000000,,J,,AlphaAnalytics,,mussel,Prince William Sound Regional Citizens' Advisory Council Monitoring Program,Prince William Sound Regional Citizens' Advisory Council Monitoring Program,SCAK
PWSRCAC,LTEMP,2001,89.099999999999994,60.265830000000001,-147.084450000000004,Blue Mussel,Mytilus trossulus,mussel,Bivalvia,Mussels,Background biomonitoring / Post-oil spill assessment,PWS01TIS0038,34,ng/g,dry,Calculated,Whole Body,4.200000000000000,,J,,AlphaAnalytics,,mussel,Prince William Sound Regional Citizens' Advisory Council Monitoring Program,Prince William Sound Regional Citizens' Advisory Council Monitoring Program,SCAK
PWSRCAC,LTEMP,2001,198.500000000000000,60.265830000000001,-147.084450000000004,Blue Mussel,Mytilus trossulus,mussel,Bivalvia,Mussels,Background biomonitoring / Post-oil spill assessment,PWS01TIS0039,104,ng/g,dry,Calculated,Whole Body,4.100000000000000,,J,,AlphaAnalytics,,mussel,Prince William Sound Regional Citizens' Advisory Council Monitoring Program,Prince William Sound Regional Citizens' Advisory Council Monitoring Program,SCAK
PWSRCAC,LTEMP,2001,90.900000000000006,60.647219999999997,-145.995000000000005,Blue Mussel,Mytilus trossulus,mussel,Bivalvia,Mussels,Background biomonitoring / Post-oil spill assessment,PWS01TIS0040,35,ng/g,dry,Calculated,Whole Body,3.000000000000000,,J,,AlphaAnalytics,,mussel,Prince William Sound Regional Citizens' Advisory Council Monitoring Program,Prince William Sound Regional Citizens' Advisory Council Monitoring Program,SCAK
PWSRCAC,LTEMP,2001,86.599999999999994,60.647219999999997,-145.995000000000005,Blue Mussel,Mytilus trossulus,mussel,Bivalvia,Mussels,Background biomonitoring / Post-oil spill assessment,PWS01TIS0041,34,ng/g,dry,Calculated,Whole Body,3.300000000000000,,J,,AlphaAnalytics,,mussel,Prince William Sound Regional Citizens' Advisory Council Monitoring Program,Prince William Sound Regional Citizens' Advisory Council Monitoring Program,SCAK
PWSRCAC,LTEMP,2001,141.199999999999989,60.647219999999997,-145.995000000000005,Blue Mussel,Mytilus trossulus,mussel,Bivalvia,Mussels,Background biomonitoring / Post-oil spill assessment,PWS01TIS0042,34,ng/g,dry,Calculated,Whole Body,3.700000000000000,,J,,AlphaAnalytics,,mussel,Prince William Sound Regional Citizens' Advisory Council Monitoring Program,Prince William Sound Regional Citizens' Advisory Council Monitoring Program,SCAK
PWSRCAC,LTEMP,2001,84.700000000000003,60.690550000000002,-146.583300000000008,Blue Mussel,Mytilus trossulus,mussel,Bivalvia,Mussels,Background biomonitoring / Post-oil spill assessment,PWS01TIS0043,35,ng/g,dry,Calculated,Whole Body,3.000000000000000,,J,,AlphaAnalytics,,mussel,Prince William Sound Regional Citizens' Advisory Council Monitoring Program,Prince William Sound Regional Citizens' Advisory Council Monitoring Program,SCAK
PWSRCAC,LTEMP,2001,118.099999999999994,60.690550000000002,-146.583300000000008,Blue Mussel,Mytilus trossulus,mussel,Bivalvia,Mussels,Background biomonitoring / Post-oil spill assessment,PWS01TIS0044,34,ng/g,dry,Calculated,Whole Body,4.600000000000000,,J,,AlphaAnalytics,,mussel,Prince William Sound Regional Citizens' Advisory Council Monitoring Program,Prince William Sound Regional Citizens' Advisory Council Monitoring Program,SCAK
PWSRCAC,LTEMP,2001,79.200000000000003,60.690550000000002,-146.583300000000008,Blue Mussel,Mytilus trossulus,mussel,Bivalvia,Mussels,Background biomonitoring / Post-oil spill assessment,PWS01TIS0045,35,ng/g,dry,Calculated,Whole Body,2.000000000000000,,J,,AlphaAnalytics,,mussel,Prince William Sound Regional Citizens' Advisory Council Monitoring Program,Prince William Sound Regional Citizens' Advisory Council Monitoring Program,SCAK
PWSRCAC,LTEMP,2001,161.000000000000000,61.091670000000001,-146.405300000000011,Blue Mussel,Mytilus trossulus,mussel,Bivalvia,Mussels,Background biomonitoring / Post-oil spill assessment,PWS01TIS0046,34,ng/g,dry,Calculated,Whole Body,4.400000000000000,,J,,AlphaAnalytics,,mussel,Prince William Sound Regional Citizens' Advisory Council Monitoring Program,Prince William Sound Regional Citizens' Advisory Council Monitoring Program,SCAK
PWSRCAC,LTEMP,2001,128.099999999999994,61.091670000000001,-146.405300000000011,Blue Mussel,Mytilus trossulus,mussel,Bivalvia,Mussels,Background biomonitoring / Post-oil spill assessment,PWS01TIS0047,34,ng/g,dry,Calculated,Whole Body,4.000000000000000,,J,,AlphaAnalytics,,mussel,Prince William Sound Regional Citizens' Advisory Council Monitoring Program,Prince William Sound Regional Citizens' Advisory Council Monitoring Program,SCAK
PWSRCAC,LTEMP,2001,121.400000000000006,61.091670000000001,-146.405300000000011,Blue Mussel,Mytilus trossulus,mussel,Bivalvia,Mussels,Background biomonitoring / Post-oil spill assessment,PWS01TIS0048,35,ng/g,dry,Calculated,Whole Body,3.300000000000000,,J,,AlphaAnalytics,,mussel,Prince William Sound Regional Citizens' Advisory Council Monitoring Program,Prince William Sound Regional Citizens' Advisory Council Monitoring Program,SCAK
PWSRCAC,LTEMP,2001,102.799999999999997,61.124368199999999,-146.496141499999993,Blue Mussel,Mytilus trossulus,mussel,Bivalvia,Mussels,Background biomonitoring / Post-oil spill assessment,PWS01TIS0049,34,ng/g,dry,Calculated,Whole Body,3.800000000000000,,J,,AlphaAnalytics,,mussel,Prince William Sound Regional Citizens' Advisory Council Monitoring Program,Prince William Sound Regional Citizens' Advisory Council Monitoring Program,SCAK
PWSRCAC,LTEMP,2001,99.400000000000006,61.124368199999999,-146.496141499999993,Blue Mussel,Mytilus trossulus,mussel,Bivalvia,Mussels,Background biomonitoring / Post-oil spill assessment,PWS01TIS0050,35,ng/g,dry,Calculated,Whole Body,3.000000000000000,,ND,,AlphaAnalytics,,mussel,Prince William Sound Regional Citizens' Advisory Council Monitoring Program,Prince William Sound Regional Citizens' Advisory Council Monitoring Program,SCAK
PWSRCAC,LTEMP,2001,107.799999999999997,61.124368199999999,-146.496141499999993,Blue Mussel,Mytilus trossulus,mussel,Bivalvia,Mussels,Background biomonitoring / Post-oil spill assessment,PWS01TIS0051,34,ng/g,dry,Calculated,Whole Body,3.500000000000000,,J,,AlphaAnalytics,,mussel,Prince William Sound Regional Citizens' Advisory Council Monitoring Program,Prince William Sound Regional Citizens' Advisory Council Monitoring Program,SCAK
PWSRCAC,LTEMP,2001,54.500000000000000,59.879170000000002,-149.656900000000007,Blue Mussel,Mytilus trossulus,mussel,Bivalvia,Mussels,Background biomonitoring / Post-oil spill assessment,PWS01TIS0052,34,ng/g,dry,Calculated,Whole Body,2.700000000000000,,J,,AlphaAnalytics,,mussel,Prince William Sound Regional Citizens' Advisory Council Monitoring Program,Prince William Sound Regional Citizens' Advisory Council Monitoring Program,SCAK
PWSRCAC,LTEMP,2001,75.599999999999994,59.879170000000002,-149.656900000000007,Blue Mussel,Mytilus trossulus,mussel,Bivalvia,Mussels,Background biomonitoring / Post-oil spill assessment,PWS01TIS0053,34,ng/g,dry,Calculated,Whole Body,2.700000000000000,,J,,AlphaAnalytics,,mussel,Prince William Sound Regional Citizens' Advisory Council Monitoring Program,Prince William Sound Regional Citizens' Advisory Council Monitoring Program,SCAK
PWSRCAC,LTEMP,2001,46.600000000000001,59.879170000000002,-149.656900000000007,Blue Mussel,Mytilus trossulus,mussel,Bivalvia,Mussels,Background biomonitoring / Post-oil spill assessment,PWS01TIS0054,34,ng/g,dry,Calculated,Whole Body,2.500000000000000,,J,,AlphaAnalytics,,mussel,Prince William Sound Regional Citizens' Advisory Council Monitoring Program,Prince William Sound Regional Citizens' Advisory Council Monitoring Program,SCAK
PWSRCAC,LTEMP,2001,156.199999999999989,59.218888829999997,-151.518611200000009,Blue Mussel,Mytilus trossulus,mussel,Bivalvia,Mussels,Background biomonitoring / Post-oil spill assessment,PWS01TIS0055,104,ng/g,dry,Calculated,Whole Body,2.600000000000000,,ND,,AlphaAnalytics,,mussel,Prince William Sound Regional Citizens' Advisory Council Monitoring Program,Prince William Sound Regional Citizens' Advisory Council Monitoring Program,SCAK
PWSRCAC,LTEMP,2001,45.799999999999997,59.218888829999997,-151.518611200000009,Blue Mussel,Mytilus trossulus,mussel,Bivalvia,Mussels,Background biomonitoring / Post-oil spill assessment,PWS01TIS0056,34,ng/g,dry,Calculated,Whole Body,2.800000000000000,,J,,AlphaAnalytics,,mussel,Prince William Sound Regional Citizens' Advisory Council Monitoring Program,Prince William Sound Regional Citizens' Advisory Council Monitoring Program,SCAK
PWSRCAC,LTEMP,2001,63.000000000000000,59.218888829999997,-151.518611200000009,Blue Mussel,Mytilus trossulus,mussel,Bivalvia,Mussels,Background biomonitoring / Post-oil spill assessment,PWS01TIS0057,34,ng/g,dry,Calculated,Whole Body,2.600000000000000,,J,,AlphaAnalytics,,mussel,Prince William Sound Regional Citizens' Advisory Council Monitoring Program,Prince William Sound Regional Citizens' Advisory Council Monitoring Program,SCAK
PWSRCAC,LTEMP,2001,62.100000000000001,58.501669999999997,-152.625000000000000,Blue Mussel,Mytilus trossulus,mussel,Bivalvia,Mussels,Background biomonitoring / Post-oil spill assessment,PWS01TIS0058,35,ng/g,dry,Calculated,Whole Body,2.200000000000000,,J,,AlphaAnalytics,,mussel,Prince William Sound Regional Citizens' Advisory Council Monitoring Program,Prince William Sound Regional Citizens' Advisory Council Monitoring Program,SCAK
PWSRCAC,LTEMP,2001,79.299999999999997,58.501669999999997,-152.625000000000000,Blue Mussel,Mytilus trossulus,mussel,Bivalvia,Mussels,Background biomonitoring / Post-oil spill assessment,PWS01TIS0059,34,ng/g,dry,Calculated,Whole Body,2.400000000000000,,J,,AlphaAnalytics,,mussel,Prince William Sound Regional Citizens' Advisory Council Monitoring Program,Prince William Sound Regional Citizens' Advisory Council Monitoring Program,SCAK
PWSRCAC,LTEMP,2001,49.600000000000001,58.501669999999997,-152.625000000000000,Blue Mussel,Mytilus trossulus,mussel,Bivalvia,Mussels,Background biomonitoring / Post-oil spill assessment,PWS01TIS0060,34,ng/g,dry,Calculated,Whole Body,2.700000000000000,,J,,AlphaAnalytics,,mussel,Prince William Sound Regional Citizens' Advisory Council Monitoring Program,Prince William Sound Regional Citizens' Advisory Council Monitoring Program,SCAK
PWSRCAC,LTEMP,2001,424.100000000000023,61.091670000000001,-146.405300000000011,Blue Mussel,Mytilus trossulus,mussel,Bivalvia,Mussels,Background biomonitoring / Post-oil spill assessment,PWS01TIS0061,34,ng/g,dry,Calculated,Whole Body,3.700000000000000,,J,,AlphaAnalytics,,mussel,Prince William Sound Regional Citizens' Advisory Council Monitoring Program,Prince William Sound Regional Citizens' Advisory Council Monitoring Program,SCAK
PWSRCAC,LTEMP,2001,360.399999999999977,61.091670000000001,-146.405300000000011,Blue Mussel,Mytilus trossulus,mussel,Bivalvia,Mussels,Background biomonitoring / Post-oil spill assessment,PWS01TIS0062,34,ng/g,dry,Calculated,Whole Body,3.100000000000000,,J,,AlphaAnalytics,,mussel,Prince William Sound Regional Citizens' Advisory Council Monitoring Program,Prince William Sound Regional Citizens' Advisory Council Monitoring Program,SCAK
PWSRCAC,LTEMP,2001,317.199999999999989,61.091670000000001,-146.405300000000011,Blue Mussel,Mytilus trossulus,mussel,Bivalvia,Mussels,Background biomonitoring / Post-oil spill assessment,PWS01TIS0063,35,ng/g,dry,Calculated,Whole Body,3.100000000000000,,J,,AlphaAnalytics,,mussel,Prince William Sound Regional Citizens' Advisory Council Monitoring Program,Prince William Sound Regional Citizens' Advisory Council Monitoring Program,SCAK
PWSRCAC,LTEMP,2001,1028.400000000000091,61.124368199999999,-146.496141499999993,Blue Mussel,Mytilus trossulus,mussel,Bivalvia,Mussels,Background biomonitoring / Post-oil spill assessment,PWS01TIS0064,104,ng/g,dry,Calculated,Whole Body,4.400000000000000,,J,,AlphaAnalytics,,mussel,Prince William Sound Regional Citizens' Advisory Council Monitoring Program,Prince William Sound Regional Citizens' Advisory Council Monitoring Program,SCAK
PWSRCAC,LTEMP,2001,320.500000000000000,61.124368199999999,-146.496141499999993,Blue Mussel,Mytilus trossulus,mussel,Bivalvia,Mussels,Background biomonitoring / Post-oil spill assessment,PWS01TIS0065,35,ng/g,dry,Calculated,Whole Body,3.300000000000000,,J,,AlphaAnalytics,,mussel,Prince William Sound Regional Citizens' Advisory Council Monitoring Program,Prince William Sound Regional Citizens' Advisory Council Monitoring Program,SCAK
PWSRCAC,LTEMP,2001,496.000000000000000,61.124368199999999,-146.496141499999993,Blue Mussel,Mytilus trossulus,mussel,Bivalvia,Mussels,Background biomonitoring / Post-oil spill assessment,PWS01TIS0066,34,ng/g,dry,Calculated,Whole Body,3.600000000000000,,J,,AlphaAnalytics,,mussel,Prince William Sound Regional Citizens' Advisory Council Monitoring Program,Prince William Sound Regional Citizens' Advisory Council Monitoring Program,SCAK
PWSRCAC,LTEMP,2002,240.699999999999989,61.124368199999999,-146.496141499999993,Blue Mussel,Mytilus trossulus,mussel,Bivalvia,Mussels,Background biomonitoring / Post-oil spill assessment,PWS02LYS0001,37,ng/g,dry,Calculated,Whole Body,2.800000000000000,,J,,AlphaAnalytics,,mussel,Prince William Sound Regional Citizens' Advisory Council Monitoring Program,Prince William Sound Regional Citizens' Advisory Council Monitoring Program,SCAK
PWSRCAC,LTEMP,2002,202.599999999999994,61.091670000000001,-146.405300000000011,Blue Mussel,Mytilus trossulus,mussel,Bivalvia,Mussels,Background biomonitoring / Post-oil spill assessment,PWS02LYS0002,34,ng/g,dry,Calculated,Whole Body,1.900000000000000,,J,,AlphaAnalytics,,mussel,Prince William Sound Regional Citizens' Advisory Council Monitoring Program,Prince William Sound Regional Citizens' Advisory Council Monitoring Program,SCAK
PWSRCAC,LTEMP,2002,237.400000000000006,61.124368199999999,-146.496141499999993,Blue Mussel,Mytilus trossulus,mussel,Bivalvia,Mussels,Background biomonitoring / Post-oil spill assessment,PWS02TIS0001,35,ng/g,dry,Calculated,Whole Body,5.600000000000000,,J,,AlphaAnalytics,,mussel,Prince William Sound Regional Citizens' Advisory Council Monitoring Program,Prince William Sound Regional Citizens' Advisory Council Monitoring Program,SCAK
PWSRCAC,LTEMP,2002,221.800000000000011,61.124368199999999,-146.496141499999993,Blue Mussel,Mytilus trossulus,mussel,Bivalvia,Mussels,Background biomonitoring / Post-oil spill assessment,PWS02TIS0002,34,ng/g,dry,Calculated,Whole Body,4.200000000000000,,J,,AlphaAnalytics,,mussel,Prince William Sound Regional Citizens' Advisory Council Monitoring Program,Prince William Sound Regional Citizens' Advisory Council Monitoring Program,SCAK
PWSRCAC,LTEMP,2002,168.500000000000000,61.124368199999999,-146.496141499999993,Blue Mussel,Mytilus trossulus,mussel,Bivalvia,Mussels,Background biomonitoring / Post-oil spill assessment,PWS02TIS0003,34,ng/g,dry,Calculated,Whole Body,4.200000000000000,,J,,AlphaAnalytics,,mussel,Prince William Sound Regional Citizens' Advisory Council Monitoring Program,Prince William Sound Regional Citizens' Advisory Council Monitoring Program,SCAK
PWSRCAC,LTEMP,2002,129.300000000000011,60.498609999999999,-147.658600000000007,Blue Mussel,Mytilus trossulus,mussel,Bivalvia,Mussels,Background biomonitoring / Post-oil spill assessment,PWS02TIS0004,35,ng/g,dry,Calculated,Whole Body,3.400000000000000,,ND,,AlphaAnalytics,,mussel,Prince William Sound Regional Citizens' Advisory Council Monitoring Program,Prince William Sound Regional Citizens' Advisory Council Monitoring Program,SCAK
PWSRCAC,LTEMP,2002,540.899999999999977,60.498609999999999,-147.658600000000007,Blue Mussel,Mytilus trossulus,mussel,Bivalvia,Mussels,Background biomonitoring / Post-oil spill assessment,PWS02TIS0005,104,ng/g,dry,Calculated,Whole Body,7.400000000000000,,J,,AlphaAnalytics,,mussel,Prince William Sound Regional Citizens' Advisory Council Monitoring Program,Prince William Sound Regional Citizens' Advisory Council Monitoring Program,SCAK
PWSRCAC,LTEMP,2002,113.599999999999994,60.498609999999999,-147.658600000000007,Blue Mussel,Mytilus trossulus,mussel,Bivalvia,Mussels,Background biomonitoring / Post-oil spill assessment,PWS02TIS0006,34,ng/g,dry,Calculated,Whole Body,3.400000000000000,,J,,AlphaAnalytics,,mussel,Prince William Sound Regional Citizens' Advisory Council Monitoring Program,Prince William Sound Regional Citizens' Advisory Council Monitoring Program,SCAK
PWSRCAC,LTEMP,2002,128.800000000000011,60.067500000000003,-147.831944499999992,Blue Mussel,Mytilus trossulus,mussel,Bivalvia,Mussels,Background biomonitoring / Post-oil spill assessment,PWS02TIS0007,34,ng/g,dry,Calculated,Whole Body,3.900000000000000,,ND,,AlphaAnalytics,,mussel,Prince William Sound Regional Citizens' Advisory Council Monitoring Program,Prince William Sound Regional Citizens' Advisory Council Monitoring Program,SCAK
PWSRCAC,LTEMP,2002,165.599999999999994,60.067500000000003,-147.831944499999992,Blue Mussel,Mytilus trossulus,mussel,Bivalvia,Mussels,Background biomonitoring / Post-oil spill assessment,PWS02TIS0008,34,ng/g,dry,Calculated,Whole Body,4.800000000000000,,J,,AlphaAnalytics,,mussel,Prince William Sound Regional Citizens' Advisory Council Monitoring Program,Prince William Sound Regional Citizens' Advisory Council Monitoring Program,SCAK
PWSRCAC,LTEMP,2002,204.400000000000006,60.067500000000003,-147.831944499999992,Blue Mussel,Mytilus trossulus,mussel,Bivalvia,Mussels,Background biomonitoring / Post-oil spill assessment,PWS02TIS0009,34,ng/g,dry,Calculated,Whole Body,3.600000000000000,,J,,AlphaAnalytics,,mussel,Prince William Sound Regional Citizens' Advisory Council Monitoring Program,Prince William Sound Regional Citizens' Advisory Council Monitoring Program,SCAK
PWSRCAC,LTEMP,2002,220.900000000000006,60.265830000000001,-147.084450000000004,Blue Mussel,Mytilus trossulus,mussel,Bivalvia,Mussels,Background biomonitoring / Post-oil spill assessment,PWS02TIS0010,34,ng/g,dry,Calculated,Whole Body,4.500000000000000,,J,,AlphaAnalytics,,mussel,Prince William Sound Regional Citizens' Advisory Council Monitoring Program,Prince William Sound Regional Citizens' Advisory Council Monitoring Program,SCAK
PWSRCAC,LTEMP,2002,1.400000000000000,60.265830000000001,-147.084450000000004,Blue Mussel,Mytilus trossulus,mussel,Bivalvia,Mussels,Background biomonitoring / Post-oil spill assessment,PWS02TIS0011,34,ng/g,dry,Calculated,Whole Body,4.400000000000000,,ND,,AlphaAnalytics,,mussel,Prince William Sound Regional Citizens' Advisory Council Monitoring Program,Prince William Sound Regional Citizens' Advisory Council Monitoring Program,SCAK
PWSRCAC,LTEMP,2002,146.000000000000000,60.265830000000001,-147.084450000000004,Blue Mussel,Mytilus trossulus,mussel,Bivalvia,Mussels,Background biomonitoring / Post-oil spill assessment,PWS02TIS0012,34,ng/g,dry,Calculated,Whole Body,3.700000000000000,,J,,AlphaAnalytics,,mussel,Prince William Sound Regional Citizens' Advisory Council Monitoring Program,Prince William Sound Regional Citizens' Advisory Council Monitoring Program,SCAK
PWSRCAC,LTEMP,2002,315.899999999999977,60.690550000000002,-146.583300000000008,Blue Mussel,Mytilus trossulus,mussel,Bivalvia,Mussels,Background biomonitoring / Post-oil spill assessment,PWS02TIS0013,34,ng/g,dry,Calculated,Whole Body,8.500000000000000,,J,,AlphaAnalytics,,mussel,Prince William Sound Regional Citizens' Advisory Council Monitoring Program,Prince William Sound Regional Citizens' Advisory Council Monitoring Program,SCAK
PWSRCAC,LTEMP,2002,203.900000000000006,60.690550000000002,-146.583300000000008,Blue Mussel,Mytilus trossulus,mussel,Bivalvia,Mussels,Background biomonitoring / Post-oil spill assessment,PWS02TIS0014,34,ng/g,dry,Calculated,Whole Body,4.100000000000000,,J,,AlphaAnalytics,,mussel,Prince William Sound Regional Citizens' Advisory Council Monitoring Program,Prince William Sound Regional Citizens' Advisory Council Monitoring Program,SCAK
PWSRCAC,LTEMP,2002,118.200000000000003,60.690550000000002,-146.583300000000008,Blue Mussel,Mytilus trossulus,mussel,Bivalvia,Mussels,Background biomonitoring / Post-oil spill assessment,PWS02TIS0015,34,ng/g,dry,Calculated,Whole Body,3.400000000000000,,ND,,AlphaAnalytics,,mussel,Prince William Sound Regional Citizens' Advisory Council Monitoring Program,Prince William Sound Regional Citizens' Advisory Council Monitoring Program,SCAK
PWSRCAC,LTEMP,2002,144.800000000000011,60.647219999999997,-145.995000000000005,Blue Mussel,Mytilus trossulus,mussel,Bivalvia,Mussels,Background biomonitoring / Post-oil spill assessment,PWS02TIS0016,34,ng/g,dry,Calculated,Whole Body,3.500000000000000,,J,,AlphaAnalytics,,mussel,Prince William Sound Regional Citizens' Advisory Council Monitoring Program,Prince William Sound Regional Citizens' Advisory Council Monitoring Program,SCAK
PWSRCAC,LTEMP,2002,252.599999999999994,60.647219999999997,-145.995000000000005,Blue Mussel,Mytilus trossulus,mussel,Bivalvia,Mussels,Background biomonitoring / Post-oil spill assessment,PWS02TIS0017,34,ng/g,dry,Calculated,Whole Body,5.800000000000000,,J,,AlphaAnalytics,,mussel,Prince William Sound Regional Citizens' Advisory Council Monitoring Program,Prince William Sound Regional Citizens' Advisory Council Monitoring Program,SCAK
PWSRCAC,LTEMP,2002,163.500000000000000,60.647219999999997,-145.995000000000005,Blue Mussel,Mytilus trossulus,mussel,Bivalvia,Mussels,Background biomonitoring / Post-oil spill assessment,PWS02TIS0018,34,ng/g,dry,Calculated,Whole Body,2.100000000000000,,J,,AlphaAnalytics,,mussel,Prince William Sound Regional Citizens' Advisory Council Monitoring Program,Prince William Sound Regional Citizens' Advisory Council Monitoring Program,SCAK
PWSRCAC,LTEMP,2002,385.500000000000000,61.091670000000001,-146.405300000000011,Blue Mussel,Mytilus trossulus,mussel,Bivalvia,Mussels,Background biomonitoring / Post-oil spill assessment,PWS02TIS0019,34,ng/g,dry,Calculated,Whole Body,4.000000000000000,,J,,AlphaAnalytics,,mussel,Prince William Sound Regional Citizens' Advisory Council Monitoring Program,Prince William Sound Regional Citizens' Advisory Council Monitoring Program,SCAK
PWSRCAC,LTEMP,2002,305.899999999999977,61.091670000000001,-146.405300000000011,Blue Mussel,Mytilus trossulus,mussel,Bivalvia,Mussels,Background biomonitoring / Post-oil spill assessment,PWS02TIS0020,34,ng/g,dry,Calculated,Whole Body,2.600000000000000,,J,,AlphaAnalytics,,mussel,Prince William Sound Regional Citizens' Advisory Council Monitoring Program,Prince William Sound Regional Citizens' Advisory Council Monitoring Program,SCAK
PWSRCAC,LTEMP,2002,403.899999999999977,61.091670000000001,-146.405300000000011,Blue Mussel,Mytilus trossulus,mussel,Bivalvia,Mussels,Background biomonitoring / Post-oil spill assessment,PWS02TIS0021,34,ng/g,dry,Calculated,Whole Body,3.400000000000000,,J,,AlphaAnalytics,,mussel,Prince William Sound Regional Citizens' Advisory Council Monitoring Program,Prince William Sound Regional Citizens' Advisory Council Monitoring Program,SCAK
PWSRCAC,LTEMP,2002,203.500000000000000,59.879170000000002,-149.656900000000007,Blue Mussel,Mytilus trossulus,mussel,Bivalvia,Mussels,Background biomonitoring / Post-oil spill assessment,PWS02TIS0022,34,ng/g,dry,Calculated,Whole Body,2.200000000000000,,J,,AlphaAnalytics,,mussel,Prince William Sound Regional Citizens' Advisory Council Monitoring Program,Prince William Sound Regional Citizens' Advisory Council Monitoring Program,SCAK
PWSRCAC,LTEMP,2002,156.800000000000011,59.879170000000002,-149.656900000000007,Blue Mussel,Mytilus trossulus,mussel,Bivalvia,Mussels,Background biomonitoring / Post-oil spill assessment,PWS02TIS0023,34,ng/g,dry,Calculated,Whole Body,2.000000000000000,,J,,AlphaAnalytics,,mussel,Prince William Sound Regional Citizens' Advisory Council Monitoring Program,Prince William Sound Regional Citizens' Advisory Council Monitoring Program,SCAK
PWSRCAC,LTEMP,2002,305.899999999999977,59.879170000000002,-149.656900000000007,Blue Mussel,Mytilus trossulus,mussel,Bivalvia,Mussels,Background biomonitoring / Post-oil spill assessment,PWS02TIS0024,104,ng/g,dry,Calculated,Whole Body,2.400000000000000,,J,,AlphaAnalytics,,mussel,Prince William Sound Regional Citizens' Advisory Council Monitoring Program,Prince William Sound Regional Citizens' Advisory Council Monitoring Program,SCAK
PWSRCAC,LTEMP,2002,79.500000000000000,59.218888829999997,-151.518611200000009,Blue Mussel,Mytilus trossulus,mussel,Bivalvia,Mussels,Background biomonitoring / Post-oil spill assessment,PWS02TIS0025,34,ng/g,dry,Calculated,Whole Body,3.600000000000000,,J,,AlphaAnalytics,,mussel,Prince William Sound Regional Citizens' Advisory Council Monitoring Program,Prince William Sound Regional Citizens' Advisory Council Monitoring Program,SCAK
PWSRCAC,LTEMP,2002,63.299999999999997,59.218888829999997,-151.518611200000009,Blue Mussel,Mytilus trossulus,mussel,Bivalvia,Mussels,Background biomonitoring / Post-oil spill assessment,PWS02TIS0026,34,ng/g,dry,Calculated,Whole Body,2.100000000000000,,J,,AlphaAnalytics,,mussel,Prince William Sound Regional Citizens' Advisory Council Monitoring Program,Prince William Sound Regional Citizens' Advisory Council Monitoring Program,SCAK
PWSRCAC,LTEMP,2002,62.799999999999997,59.218888829999997,-151.518611200000009,Blue Mussel,Mytilus trossulus,mussel,Bivalvia,Mussels,Background biomonitoring / Post-oil spill assessment,PWS02TIS0027,34,ng/g,dry,Calculated,Whole Body,2.400000000000000,,J,,AlphaAnalytics,,mussel,Prince William Sound Regional Citizens' Advisory Council Monitoring Program,Prince William Sound Regional Citizens' Advisory Council Monitoring Program,SCAK
PWSRCAC,LTEMP,2002,67.799999999999997,58.501669999999997,-152.625000000000000,Blue Mussel,Mytilus trossulus,mussel,Bivalvia,Mussels,Background biomonitoring / Post-oil spill assessment,PWS02TIS0028,34,ng/g,dry,Calculated,Whole Body,2.000000000000000,,J,,AlphaAnalytics,,mussel,Prince William Sound Regional Citizens' Advisory Council Monitoring Program,Prince William Sound Regional Citizens' Advisory Council Monitoring Program,SCAK
PWSRCAC,LTEMP,2002,57.299999999999997,58.501669999999997,-152.625000000000000,Blue Mussel,Mytilus trossulus,mussel,Bivalvia,Mussels,Background biomonitoring / Post-oil spill assessment,PWS02TIS0029,34,ng/g,dry,Calculated,Whole Body,1.800000000000000,,ND,,AlphaAnalytics,,mussel,Prince William Sound Regional Citizens' Advisory Council Monitoring Program,Prince William Sound Regional Citizens' Advisory Council Monitoring Program,SCAK
PWSRCAC,LTEMP,2002,72.700000000000003,58.501669999999997,-152.625000000000000,Blue Mussel,Mytilus trossulus,mussel,Bivalvia,Mussels,Background biomonitoring / Post-oil spill assessment,PWS02TIS0030,35,ng/g,dry,Calculated,Whole Body,2.200000000000000,,ND,,AlphaAnalytics,,mussel,Prince William Sound Regional Citizens' Advisory Council Monitoring Program,Prince William Sound Regional Citizens' Advisory Council Monitoring Program,SCAK
PWSRCAC,LTEMP,2020,1054.246689999999944,61.123719000000001,-146.353149999999999,Blue Mussel,Mytilus trossulus,mussel,Bivalvia,Mussels,Background biomonitoring / Post-oil spill assessment,RED-B-20-2-1,41,ng/g,dry,Calculated,Whole Body,2.866667000000000,6.653333,B,85,AlphaAnalytics,,mussel,Prince William Sound Regional Citizens' Advisory Council Monitoring Program,Prince William Sound Regional Citizens' Advisory Council Monitoring Program,SCAK
PWSRCAC,LTEMP,2020,905.274999999999977,61.123719000000001,-146.353149999999999,Blue Mussel,Mytilus trossulus,mussel,Bivalvia,Mussels,Background biomonitoring / Post-oil spill assessment,RED-B-20-2-2,41,ng/g,dry,Calculated,Whole Body,2.606250000000000,6.04375,B,84,AlphaAnalytics,,mussel,Prince William Sound Regional Citizens' Advisory Council Monitoring Program,Prince William Sound Regional Citizens' Advisory Council Monitoring Program,SCAK
PWSRCAC,LTEMP,2020,1181.149998999999980,61.123719000000001,-146.353149999999999,Blue Mussel,Mytilus trossulus,mussel,Bivalvia,Mussels,Background biomonitoring / Post-oil spill assessment,RED-B-20-2-3,41,ng/g,dry,Calculated,Whole Body,3.057143000000000,7.1,B,86,AlphaAnalytics,,mussel,Prince William Sound Regional Citizens' Advisory Council Monitoring Program,Prince William Sound Regional Citizens' Advisory Council Monitoring Program,SCAK
PWSRCAC,LTEMP,2021,82.751999999999995,61.123719000000001,-146.353149999999999,Blue Mussel,Mytilus trossulus,mussel,Bivalvia,Mussels,Background biomonitoring / Post-oil spill assessment,RED-B-21-1,41,ng/g,wet,Calculated,Whole Body,0.758000000000000,1.76,B,0,AlphaAnalytics,,mussel,Prince William Sound Regional Citizens' Advisory Council Monitoring Program,Prince William Sound Regional Citizens' Advisory Council Monitoring Program,SCAK
PWSRCAC,LTEMP,2021,116.275000000000006,61.123719000000001,-146.353149999999999,Blue Mussel,Mytilus trossulus,mussel,Bivalvia,Mussels,Background biomonitoring / Post-oil spill assessment,RED-B-21-2,41,ng/g,wet,Calculated,Whole Body,0.844000000000000,1.96,,0,AlphaAnalytics,,mussel,Prince William Sound Regional Citizens' Advisory Council Monitoring Program,Prince William Sound Regional Citizens' Advisory Council Monitoring Program,SCAK
PWSRCAC,LTEMP,2021,74.659999999999997,61.123719000000001,-146.353149999999999,Blue Mussel,Mytilus trossulus,mussel,Bivalvia,Mussels,Background biomonitoring / Post-oil spill assessment,RED-B-21-3,41,ng/g,wet,Calculated,Whole Body,0.778000000000000,1.8,B,0,AlphaAnalytics,,mussel,Prince William Sound Regional Citizens' Advisory Council Monitoring Program,Prince William Sound Regional Citizens' Advisory Council Monitoring Program,SCAK
PWSRCAC,LTEMP,2022,88.286000000000001,61.123719000000001,-146.353149999999999,Blue Mussel,Mytilus trossulus,mussel,Bivalvia,Mussels,Background biomonitoring / Post-oil spill assessment,RED-B-22-1,41,ng/g,wet,Calculated,Whole Body,0.827000000000000,1.92,JB,0,AlphaAnalytics,,mussel,Prince William Sound Regional Citizens' Advisory Council Monitoring Program,Prince William Sound Regional Citizens' Advisory Council Monitoring Program,SCAK
PWSRCAC,LTEMP,2022,71.777000000000001,61.123719000000001,-146.353149999999999,Blue Mussel,Mytilus trossulus,mussel,Bivalvia,Mussels,Background biomonitoring / Post-oil spill assessment,RED-B-22-2,41,ng/g,wet,Calculated,Whole Body,0.790000000000000,1.83,JB,0,AlphaAnalytics,,mussel,Prince William Sound Regional Citizens' Advisory Council Monitoring Program,Prince William Sound Regional Citizens' Advisory Council Monitoring Program,SCAK
PWSRCAC,LTEMP,2022,72.784000000000006,61.123719000000001,-146.353149999999999,Blue Mussel,Mytilus trossulus,mussel,Bivalvia,Mussels,Background biomonitoring / Post-oil spill assessment,RED-B-22-2-DUP,41,ng/g,wet,Calculated,Whole Body,0.859000000000000,1.99,JB,0,AlphaAnalytics,,mussel,Prince William Sound Regional Citizens' Advisory Council Monitoring Program,Prince William Sound Regional Citizens' Advisory Council Monitoring Program,SCAK
PWSRCAC,LTEMP,2022,190.411000000000001,61.123719000000001,-146.353149999999999,Blue Mussel,Mytilus trossulus,mussel,Bivalvia,Mussels,Background biomonitoring / Post-oil spill assessment,RED-B-22-3,41,ng/g,wet,Calculated,Whole Body,0.780000000000000,1.81,JB,0,AlphaAnalytics,,mussel,Prince William Sound Regional Citizens' Advisory Council Monitoring Program,Prince William Sound Regional Citizens' Advisory Council Monitoring Program,SCAK
PWSRCAC,LTEMP,2023,106.924999999999997,61.123719000000001,-146.353149999999999,Blue Mussel,Mytilus trossulus,mussel,Bivalvia,Mussels,Background biomonitoring / Post-oil spill assessment,RED-B-23-1,41,ng/g,wet,Calculated,Whole Body,0.845000000000000,1.96,B,0,AlphaAnalytics,,mussel,Prince William Sound Regional Citizens' Advisory Council Monitoring Program,Prince William Sound Regional Citizens' Advisory Council Monitoring Program,SCAK
PWSRCAC,LTEMP,2023,97.823999999999998,61.123719000000001,-146.353149999999999,Blue Mussel,Mytilus trossulus,mussel,Bivalvia,Mussels,Background biomonitoring / Post-oil spill assessment,RED-B-23-2,41,ng/g,wet,Calculated,Whole Body,0.852000000000000,1.98,B,0,AlphaAnalytics,,mussel,Prince William Sound Regional Citizens' Advisory Council Monitoring Program,Prince William Sound Regional Citizens' Advisory Council Monitoring Program,SCAK
PWSRCAC,LTEMP,2023,121.760999999999996,61.123719000000001,-146.353149999999999,Blue Mussel,Mytilus trossulus,mussel,Bivalvia,Mussels,Background biomonitoring / Post-oil spill assessment,RED-B-23-3,41,ng/g,wet,Calculated,Whole Body,0.850000000000000,1.97,B,0,AlphaAnalytics,,mussel,Prince William Sound Regional Citizens' Advisory Council Monitoring Program,Prince William Sound Regional Citizens' Advisory Council Monitoring Program,SCAK
PWSRCAC,LTEMP,2024,79.561999999999998,61.123719000000001,-146.353149999999999,Blue Mussel,Mytilus trossulus,mussel,Bivalvia,Mussels,Background biomonitoring / Post-oil spill assessment,RED-B-24-1,41,ng/g,wet,Calculated,Whole Body,0.829000000000000,1.92,JB,0,AlphaAnalytics,,mussel,Prince William Sound Regional Citizens' Advisory Council Monitoring Program,Prince William Sound Regional Citizens' Advisory Council Monitoring Program,SCAK
PWSRCAC,LTEMP,2024,72.063999999999993,61.123719000000001,-146.353149999999999,Blue Mussel,Mytilus trossulus,mussel,Bivalvia,Mussels,Background biomonitoring / Post-oil spill assessment,RED-B-24-2,41,ng/g,wet,Calculated,Whole Body,0.821000000000000,1.9,JB,0,AlphaAnalytics,,mussel,Prince William Sound Regional Citizens' Advisory Council Monitoring Program,Prince William Sound Regional Citizens' Advisory Council Monitoring Program,SCAK
PWSRCAC,LTEMP,2024,74.456000000000003,61.123719000000001,-146.353149999999999,Blue Mussel,Mytilus trossulus,mussel,Bivalvia,Mussels,Background biomonitoring / Post-oil spill assessment,RED-B-24-3,41,ng/g,wet,Calculated,Whole Body,0.813000000000000,1.89,JB,0,AlphaAnalytics,,mussel,Prince William Sound Regional Citizens' Advisory Council Monitoring Program,Prince William Sound Regional Citizens' Advisory Council Monitoring Program,SCAK
PWSRCAC,LTEMP,2020,121.719999999999999,61.091670000000001,-146.405300000000011,Blue Mussel,Mytilus trossulus,mussel,Bivalvia,Mussels,Background biomonitoring / Post-oil spill assessment,SAW M001,41,ng/g,dry,Calculated,Whole Body,5.693333000000000,13.2,JB,85,AlphaAnalytics,,mussel,Prince William Sound Regional Citizens' Advisory Council Monitoring Program,Prince William Sound Regional Citizens' Advisory Council Monitoring Program,SCAK
PWSRCAC,LTEMP,2020,175.500002499999994,61.091670000000001,-146.405300000000011,Blue Mussel,Mytilus trossulus,mussel,Bivalvia,Mussels,Background biomonitoring / Post-oil spill assessment,SAW M002,41,ng/g,dry,Calculated,Whole Body,5.978571000000000,13.85714,JB,86,AlphaAnalytics,,mussel,Prince William Sound Regional Citizens' Advisory Council Monitoring Program,Prince William Sound Regional Citizens' Advisory Council Monitoring Program,SCAK
PWSRCAC,LTEMP,2020,172.007688300000012,61.091670000000001,-146.405300000000011,Blue Mussel,Mytilus trossulus,mussel,Bivalvia,Mussels,Background biomonitoring / Post-oil spill assessment,SAW M003,41,ng/g,dry,Calculated,Whole Body,6.476923000000000,15,JB,87,AlphaAnalytics,,mussel,Prince William Sound Regional Citizens' Advisory Council Monitoring Program,Prince William Sound Regional Citizens' Advisory Council Monitoring Program,SCAK
PWSRCAC,LTEMP,2017,1155.774998000000096,61.091670000000001,-146.405300000000011,Blue Mussel,Mytilus trossulus,mussel,Bivalvia,Mussels,Background biomonitoring / Post-oil spill assessment,SAW-1709-1,41,ng/g,dry,Calculated,Whole Body,8.166667000000000,18.91667,JB,88,AlphaAnalytics,,mussel,Prince William Sound Regional Citizens' Advisory Council Monitoring Program,Prince William Sound Regional Citizens' Advisory Council Monitoring Program,SCAK
PWSRCAC,LTEMP,2017,1134.199947000000066,61.091670000000001,-146.405300000000011,Blue Mussel,Mytilus trossulus,mussel,Bivalvia,Mussels,Background biomonitoring / Post-oil spill assessment,SAW-1709-1-DUP,41,ng/g,dry,Calculated,Whole Body,8.316667000000001,19.25,JB,88,AlphaAnalytics,,mussel,Prince William Sound Regional Citizens' Advisory Council Monitoring Program,Prince William Sound Regional Citizens' Advisory Council Monitoring Program,SCAK
PWSRCAC,LTEMP,2017,1073.122237000000041,61.091670000000001,-146.405300000000011,Blue Mussel,Mytilus trossulus,mussel,Bivalvia,Mussels,Background biomonitoring / Post-oil spill assessment,SAW-1709-2,41,ng/g,dry,Calculated,Whole Body,9.277778000000000,21.55556,JB,91,AlphaAnalytics,,mussel,Prince William Sound Regional Citizens' Advisory Council Monitoring Program,Prince William Sound Regional Citizens' Advisory Council Monitoring Program,SCAK
PWSRCAC,LTEMP,2017,1246.584669999999960,61.091670000000001,-146.405300000000011,Blue Mussel,Mytilus trossulus,mussel,Bivalvia,Mussels,Background biomonitoring / Post-oil spill assessment,SAW-1709-3,41,ng/g,dry,Calculated,Whole Body,6.615385000000000,15.38462,JB,87,AlphaAnalytics,,mussel,Prince William Sound Regional Citizens' Advisory Council Monitoring Program,Prince William Sound Regional Citizens' Advisory Council Monitoring Program,SCAK
PWSRCAC,LTEMP,2017,54.387500000000003,61.091670000000001,-146.405300000000011,Blue Mussel,Mytilus trossulus,mussel,Bivalvia,Mussels,Background biomonitoring / Post-oil spill assessment,SAW-1712-1,41,ng/g,dry,Calculated,Whole Body,4.918750000000000,11.375,JB,84,AlphaAnalytics,,mussel,Prince William Sound Regional Citizens' Advisory Council Monitoring Program,Prince William Sound Regional Citizens' Advisory Council Monitoring Program,SCAK
PWSRCAC,LTEMP,2017,47.186664000000000,61.091670000000001,-146.405300000000011,Blue Mussel,Mytilus trossulus,mussel,Bivalvia,Mussels,Background biomonitoring / Post-oil spill assessment,SAW-1712-2,41,ng/g,dry,Calculated,Whole Body,4.953333000000000,11.46667,JB,85,AlphaAnalytics,,mussel,Prince William Sound Regional Citizens' Advisory Council Monitoring Program,Prince William Sound Regional Citizens' Advisory Council Monitoring Program,SCAK
PWSRCAC,LTEMP,2017,41.905000000000001,61.091670000000001,-146.405300000000011,Blue Mussel,Mytilus trossulus,mussel,Bivalvia,Mussels,Background biomonitoring / Post-oil spill assessment,SAW-1712-3,41,ng/g,dry,Calculated,Whole Body,4.210000000000000,9.75,JB,80,AlphaAnalytics,,mussel,Prince William Sound Regional Citizens' Advisory Council Monitoring Program,Prince William Sound Regional Citizens' Advisory Council Monitoring Program,SCAK
PWSRCAC,LTEMP,2021,54.448999999999998,61.091670000000001,-146.405300000000011,Blue Mussel,Mytilus trossulus,mussel,Bivalvia,Mussels,Background biomonitoring / Post-oil spill assessment,SAW-B-21-1,41,ng/g,wet,Calculated,Whole Body,0.837000000000000,1.94,B,0,AlphaAnalytics,,mussel,Prince William Sound Regional Citizens' Advisory Council Monitoring Program,Prince William Sound Regional Citizens' Advisory Council Monitoring Program,SCAK
PWSRCAC,LTEMP,2021,48.905999999999999,61.091670000000001,-146.405300000000011,Blue Mussel,Mytilus trossulus,mussel,Bivalvia,Mussels,Background biomonitoring / Post-oil spill assessment,SAW-B-21-2,41,ng/g,wet,Calculated,Whole Body,0.746000000000000,1.73,JB,0,AlphaAnalytics,,mussel,Prince William Sound Regional Citizens' Advisory Council Monitoring Program,Prince William Sound Regional Citizens' Advisory Council Monitoring Program,SCAK
PWSRCAC,LTEMP,2021,53.661000000000001,61.091670000000001,-146.405300000000011,Blue Mussel,Mytilus trossulus,mussel,Bivalvia,Mussels,Background biomonitoring / Post-oil spill assessment,SAW-B-21-3,41,ng/g,wet,Calculated,Whole Body,0.722000000000000,1.68,B,0,AlphaAnalytics,,mussel,Prince William Sound Regional Citizens' Advisory Council Monitoring Program,Prince William Sound Regional Citizens' Advisory Council Monitoring Program,SCAK
PWSRCAC,LTEMP,2022,52.960999999999999,61.091670000000001,-146.405300000000011,Blue Mussel,Mytilus trossulus,mussel,Bivalvia,Mussels,Background biomonitoring / Post-oil spill assessment,SAW-B-22-1,41,ng/g,wet,Calculated,Whole Body,0.824000000000000,1.91,JB,0,AlphaAnalytics,,mussel,Prince William Sound Regional Citizens' Advisory Council Monitoring Program,Prince William Sound Regional Citizens' Advisory Council Monitoring Program,SCAK
PWSRCAC,LTEMP,2022,59.271000000000001,61.091670000000001,-146.405300000000011,Blue Mussel,Mytilus trossulus,mussel,Bivalvia,Mussels,Background biomonitoring / Post-oil spill assessment,SAW-B-22-2,41,ng/g,wet,Calculated,Whole Body,0.831000000000000,1.93,JB,0,AlphaAnalytics,,mussel,Prince William Sound Regional Citizens' Advisory Council Monitoring Program,Prince William Sound Regional Citizens' Advisory Council Monitoring Program,SCAK
PWSRCAC,LTEMP,2022,57.526000000000003,61.091670000000001,-146.405300000000011,Blue Mussel,Mytilus trossulus,mussel,Bivalvia,Mussels,Background biomonitoring / Post-oil spill assessment,SAW-B-22-3,41,ng/g,wet,Calculated,Whole Body,0.792000000000000,1.84,JB,0,AlphaAnalytics,,mussel,Prince William Sound Regional Citizens' Advisory Council Monitoring Program,Prince William Sound Regional Citizens' Advisory Council Monitoring Program,SCAK
PWSRCAC,LTEMP,2020,173.824999999999989,61.091670000000001,-146.405300000000011,Blue Mussel,Mytilus trossulus,mussel,Bivalvia,Mussels,Background biomonitoring / Post-oil spill assessment,SAWM004,41,ng/g,dry,Calculated,Whole Body,5.162500000000000,12,JB,0,AlphaAnalytics,,mussel,Prince William Sound Regional Citizens' Advisory Council Monitoring Program,Prince William Sound Regional Citizens' Advisory Council Monitoring Program,SCAK
PWSRCAC,LTEMP,2020,241.662499999999994,61.091670000000001,-146.405300000000011,Blue Mussel,Mytilus trossulus,mussel,Bivalvia,Mussels,Background biomonitoring / Post-oil spill assessment,SAWM007,41,ng/g,dry,Calculated,Whole Body,5.193750000000000,12.0625,JB,0,AlphaAnalytics,,mussel,Prince William Sound Regional Citizens' Advisory Council Monitoring Program,Prince William Sound Regional Citizens' Advisory Council Monitoring Program,SCAK
PWSRCAC,LTEMP,2020,139.782357399999995,61.091670000000001,-146.405300000000011,Blue Mussel,Mytilus trossulus,mussel,Bivalvia,Mussels,Background biomonitoring / Post-oil spill assessment,SAWM010,41,ng/g,dry,Calculated,Whole Body,4.388235000000000,10.17647,B,0,AlphaAnalytics,,mussel,Prince William Sound Regional Citizens' Advisory Council Monitoring Program,Prince William Sound Regional Citizens' Advisory Council Monitoring Program,SCAK
PWSRCAC,LTEMP,2002,48.666238800000002,60.647219999999997,-145.995000000000005,Blue Mussel,Mytilus trossulus,mussel,Bivalvia,Mussels,Background biomonitoring / Post-oil spill assessment,SHB-B-02-2-1,37,ng/g,dry,Calculated,Whole Body,20.917430000000000,,BD,,AlphaAnalytics,,mussel,Prince William Sound Regional Citizens' Advisory Council Monitoring Program,Prince William Sound Regional Citizens' Advisory Council Monitoring Program,SCAK
PWSRCAC,LTEMP,2002,48.233586400000000,60.647219999999997,-145.995000000000005,Blue Mussel,Mytilus trossulus,mussel,Bivalvia,Mussels,Background biomonitoring / Post-oil spill assessment,SHB-B-02-2-2,37,ng/g,dry,Calculated,Whole Body,25.909089999999999,,BD,,AlphaAnalytics,,mussel,Prince William Sound Regional Citizens' Advisory Council Monitoring Program,Prince William Sound Regional Citizens' Advisory Council Monitoring Program,SCAK
PWSRCAC,LTEMP,2002,34.418443099999998,60.647219999999997,-145.995000000000005,Blue Mussel,Mytilus trossulus,mussel,Bivalvia,Mussels,Background biomonitoring / Post-oil spill assessment,SHB-B-02-2-3,37,ng/g,dry,Calculated,Whole Body,20.917430000000000,,BD,,AlphaAnalytics,,mussel,Prince William Sound Regional Citizens' Advisory Council Monitoring Program,Prince William Sound Regional Citizens' Advisory Council Monitoring Program,SCAK
PWSRCAC,LTEMP,2003,23.429484400000000,60.647219999999997,-145.995000000000005,Blue Mussel,Mytilus trossulus,mussel,Bivalvia,Mussels,Background biomonitoring / Post-oil spill assessment,SHB-B-03-1-1,37,ng/g,dry,Calculated,Whole Body,25.333330000000000,,BD,,AlphaAnalytics,,mussel,Prince William Sound Regional Citizens' Advisory Council Monitoring Program,Prince William Sound Regional Citizens' Advisory Council Monitoring Program,SCAK
PWSRCAC,LTEMP,2003,34.015213699999997,60.647219999999997,-145.995000000000005,Blue Mussel,Mytilus trossulus,mussel,Bivalvia,Mussels,Background biomonitoring / Post-oil spill assessment,SHB-B-03-1-1D,37,ng/g,dry,Calculated,Whole Body,25.333330000000000,,BD,,AlphaAnalytics,,mussel,Prince William Sound Regional Citizens' Advisory Council Monitoring Program,Prince William Sound Regional Citizens' Advisory Council Monitoring Program,SCAK
PWSRCAC,LTEMP,2003,20.772944899999999,60.647219999999997,-145.995000000000005,Blue Mussel,Mytilus trossulus,mussel,Bivalvia,Mussels,Background biomonitoring / Post-oil spill assessment,SHB-B-03-1-2,37,ng/g,dry,Calculated,Whole Body,26.823530000000002,,BD,,AlphaAnalytics,,mussel,Prince William Sound Regional Citizens' Advisory Council Monitoring Program,Prince William Sound Regional Citizens' Advisory Council Monitoring Program,SCAK
PWSRCAC,LTEMP,2003,17.892925900000002,60.647219999999997,-145.995000000000005,Blue Mussel,Mytilus trossulus,mussel,Bivalvia,Mussels,Background biomonitoring / Post-oil spill assessment,SHB-B-03-1-3,37,ng/g,dry,Calculated,Whole Body,22.135919999999999,,BD,,AlphaAnalytics,,mussel,Prince William Sound Regional Citizens' Advisory Council Monitoring Program,Prince William Sound Regional Citizens' Advisory Council Monitoring Program,SCAK
PWSRCAC,LTEMP,2003,58.280000000000001,60.647219999999997,-145.995000000000005,Blue Mussel,Mytilus trossulus,mussel,Bivalvia,Mussels,Background biomonitoring / Post-oil spill assessment,SHB-B-03-2-1,39,ng/g,dry,Calculated,Whole Body,7.600000000000000,,b,,AlphaAnalytics,,mussel,Prince William Sound Regional Citizens' Advisory Council Monitoring Program,Prince William Sound Regional Citizens' Advisory Council Monitoring Program,SCAK
PWSRCAC,LTEMP,2003,13.490000000000000,60.647219999999997,-145.995000000000005,Blue Mussel,Mytilus trossulus,mussel,Bivalvia,Mussels,Background biomonitoring / Post-oil spill assessment,SHB-B-03-2-2,40,ng/g,dry,Calculated,Whole Body,6.910000000000000,,b,,AlphaAnalytics,,mussel,Prince William Sound Regional Citizens' Advisory Council Monitoring Program,Prince William Sound Regional Citizens' Advisory Council Monitoring Program,SCAK
PWSRCAC,LTEMP,2003,20.270000000000000,60.647219999999997,-145.995000000000005,Blue Mussel,Mytilus trossulus,mussel,Bivalvia,Mussels,Background biomonitoring / Post-oil spill assessment,SHB-B-03-2-3,39,ng/g,dry,Calculated,Whole Body,7.860000000000000,,b,,AlphaAnalytics,,mussel,Prince William Sound Regional Citizens' Advisory Council Monitoring Program,Prince William Sound Regional Citizens' Advisory Council Monitoring Program,SCAK
PWSRCAC,LTEMP,2004,44.000000000000000,60.647219999999997,-145.995000000000005,Blue Mussel,Mytilus trossulus,mussel,Bivalvia,Mussels,Background biomonitoring / Post-oil spill assessment,SHB-B-04-1-1,40,ng/g,dry,Calculated,Whole Body,4.430000000000000,,b,,AlphaAnalytics,,mussel,Prince William Sound Regional Citizens' Advisory Council Monitoring Program,Prince William Sound Regional Citizens' Advisory Council Monitoring Program,SCAK
PWSRCAC,LTEMP,2004,49.189999999999998,60.647219999999997,-145.995000000000005,Blue Mussel,Mytilus trossulus,mussel,Bivalvia,Mussels,Background biomonitoring / Post-oil spill assessment,SHB-B-04-1-2,39,ng/g,dry,Calculated,Whole Body,5.490000000000000,,b,,AlphaAnalytics,,mussel,Prince William Sound Regional Citizens' Advisory Council Monitoring Program,Prince William Sound Regional Citizens' Advisory Council Monitoring Program,SCAK
PWSRCAC,LTEMP,2004,49.299999999999997,60.647219999999997,-145.995000000000005,Blue Mussel,Mytilus trossulus,mussel,Bivalvia,Mussels,Background biomonitoring / Post-oil spill assessment,SHB-B-04-1-3,39,ng/g,dry,Calculated,Whole Body,4.300000000000000,,b,,AlphaAnalytics,,mussel,Prince William Sound Regional Citizens' Advisory Council Monitoring Program,Prince William Sound Regional Citizens' Advisory Council Monitoring Program,SCAK
PWSRCAC,LTEMP,2004,10.869999999999999,60.647219999999997,-145.995000000000005,Blue Mussel,Mytilus trossulus,mussel,Bivalvia,Mussels,Background biomonitoring / Post-oil spill assessment,SHB-B-04-2-1-R2,39,ng/g,dry,Calculated,Whole Body,8.000000000000000,,b,,AlphaAnalytics,,mussel,Prince William Sound Regional Citizens' Advisory Council Monitoring Program,Prince William Sound Regional Citizens' Advisory Council Monitoring Program,SCAK
PWSRCAC,LTEMP,2004,31.199999999999999,60.647219999999997,-145.995000000000005,Blue Mussel,Mytilus trossulus,mussel,Bivalvia,Mussels,Background biomonitoring / Post-oil spill assessment,SHB-B-04-2-2-R2,39,ng/g,dry,Calculated,Whole Body,7.100000000000000,,b,,AlphaAnalytics,,mussel,Prince William Sound Regional Citizens' Advisory Council Monitoring Program,Prince William Sound Regional Citizens' Advisory Council Monitoring Program,SCAK
PWSRCAC,LTEMP,2004,14.410000000000000,60.647219999999997,-145.995000000000005,Blue Mussel,Mytilus trossulus,mussel,Bivalvia,Mussels,Background biomonitoring / Post-oil spill assessment,SHB-B-04-2-3,39,ng/g,dry,Calculated,Whole Body,0.427000000000000,,b,,AlphaAnalytics,,mussel,Prince William Sound Regional Citizens' Advisory Council Monitoring Program,Prince William Sound Regional Citizens' Advisory Council Monitoring Program,SCAK
PWSRCAC,LTEMP,2005,31.809999999999999,60.647219999999997,-145.995000000000005,Blue Mussel,Mytilus trossulus,mussel,Bivalvia,Mussels,Background biomonitoring / Post-oil spill assessment,SHB-B-05-1-1,39,ng/g,dry,Calculated,Whole Body,0.482000000000000,,b,,AlphaAnalytics,,mussel,Prince William Sound Regional Citizens' Advisory Council Monitoring Program,Prince William Sound Regional Citizens' Advisory Council Monitoring Program,SCAK
PWSRCAC,LTEMP,2005,23.829999999999998,60.647219999999997,-145.995000000000005,Blue Mussel,Mytilus trossulus,mussel,Bivalvia,Mussels,Background biomonitoring / Post-oil spill assessment,SHB-B-05-1-2,39,ng/g,dry,Calculated,Whole Body,0.489000000000000,,b,,AlphaAnalytics,,mussel,Prince William Sound Regional Citizens' Advisory Council Monitoring Program,Prince William Sound Regional Citizens' Advisory Council Monitoring Program,SCAK
PWSRCAC,LTEMP,2005,76.739999999999995,60.647219999999997,-145.995000000000005,Blue Mussel,Mytilus trossulus,mussel,Bivalvia,Mussels,Background biomonitoring / Post-oil spill assessment,SHB-B-05-1-3-R2,39,ng/g,dry,Calculated,Whole Body,8.140000000000001,,b,,AlphaAnalytics,,mussel,Prince William Sound Regional Citizens' Advisory Council Monitoring Program,Prince William Sound Regional Citizens' Advisory Council Monitoring Program,SCAK
PWSRCAC,LTEMP,2005,20.280000000000001,60.647219999999997,-145.995000000000005,Blue Mussel,Mytilus trossulus,mussel,Bivalvia,Mussels,Background biomonitoring / Post-oil spill assessment,SHB-B-05-2-1,39,ng/g,dry,Calculated,Whole Body,7.350000000000000,,b,,AlphaAnalytics,,mussel,Prince William Sound Regional Citizens' Advisory Council Monitoring Program,Prince William Sound Regional Citizens' Advisory Council Monitoring Program,SCAK
PWSRCAC,LTEMP,2005,27.449999999999999,60.647219999999997,-145.995000000000005,Blue Mussel,Mytilus trossulus,mussel,Bivalvia,Mussels,Background biomonitoring / Post-oil spill assessment,SHB-B-05-2-2,39,ng/g,dry,Calculated,Whole Body,5.850000000000000,,b,,AlphaAnalytics,,mussel,Prince William Sound Regional Citizens' Advisory Council Monitoring Program,Prince William Sound Regional Citizens' Advisory Council Monitoring Program,SCAK
PWSRCAC,LTEMP,2005,37.399999999999999,60.647219999999997,-145.995000000000005,Blue Mussel,Mytilus trossulus,mussel,Bivalvia,Mussels,Background biomonitoring / Post-oil spill assessment,SHB-B-05-2-3,39,ng/g,dry,Calculated,Whole Body,6.610000000000000,,b,,AlphaAnalytics,,mussel,Prince William Sound Regional Citizens' Advisory Council Monitoring Program,Prince William Sound Regional Citizens' Advisory Council Monitoring Program,SCAK
PWSRCAC,LTEMP,2006,16.199999999999999,60.647219999999997,-145.995000000000005,Blue Mussel,Mytilus trossulus,mussel,Bivalvia,Mussels,Background biomonitoring / Post-oil spill assessment,SHB-B-06-1-1,39,ng/g,dry,Calculated,Whole Body,6.000000000000000,,b,,AlphaAnalytics,,mussel,Prince William Sound Regional Citizens' Advisory Council Monitoring Program,Prince William Sound Regional Citizens' Advisory Council Monitoring Program,SCAK
PWSRCAC,LTEMP,2006,20.149999999999999,60.647219999999997,-145.995000000000005,Blue Mussel,Mytilus trossulus,mussel,Bivalvia,Mussels,Background biomonitoring / Post-oil spill assessment,SHB-B-06-1-2,39,ng/g,dry,Calculated,Whole Body,5.430000000000000,,b,,AlphaAnalytics,,mussel,Prince William Sound Regional Citizens' Advisory Council Monitoring Program,Prince William Sound Regional Citizens' Advisory Council Monitoring Program,SCAK
PWSRCAC,LTEMP,2006,20.289999999999999,60.647219999999997,-145.995000000000005,Blue Mussel,Mytilus trossulus,mussel,Bivalvia,Mussels,Background biomonitoring / Post-oil spill assessment,SHB-B-06-1-3,39,ng/g,dry,Calculated,Whole Body,5.700000000000000,,b,,AlphaAnalytics,,mussel,Prince William Sound Regional Citizens' Advisory Council Monitoring Program,Prince William Sound Regional Citizens' Advisory Council Monitoring Program,SCAK
PWSRCAC,LTEMP,2006,22.923680420000000,60.647219999999997,-145.995000000000005,Blue Mussel,Mytilus trossulus,mussel,Bivalvia,Mussels,Background biomonitoring / Post-oil spill assessment,SHB-B-06-2-1,38,ng/g,dry,Calculated,Whole Body,5.629630000000000,,,,AlphaAnalytics,,mussel,Prince William Sound Regional Citizens' Advisory Council Monitoring Program,Prince William Sound Regional Citizens' Advisory Council Monitoring Program,SCAK
PWSRCAC,LTEMP,2006,78.889866960000006,60.647219999999997,-145.995000000000005,Blue Mussel,Mytilus trossulus,mussel,Bivalvia,Mussels,Background biomonitoring / Post-oil spill assessment,SHB-B-06-2-2,38,ng/g,dry,Calculated,Whole Body,6.705882000000000,,,,AlphaAnalytics,,mussel,Prince William Sound Regional Citizens' Advisory Council Monitoring Program,Prince William Sound Regional Citizens' Advisory Council Monitoring Program,SCAK
PWSRCAC,LTEMP,2006,21.854256190000001,60.647219999999997,-145.995000000000005,Blue Mussel,Mytilus trossulus,mussel,Bivalvia,Mussels,Background biomonitoring / Post-oil spill assessment,SHB-B-06-2-3,38,ng/g,dry,Calculated,Whole Body,6.162162000000000,,,,AlphaAnalytics,,mussel,Prince William Sound Regional Citizens' Advisory Council Monitoring Program,Prince William Sound Regional Citizens' Advisory Council Monitoring Program,SCAK
PWSRCAC,LTEMP,2007,23.705946900000001,60.647219999999997,-145.995000000000005,Blue Mussel,Mytilus trossulus,mussel,Bivalvia,Mussels,Background biomonitoring / Post-oil spill assessment,SHB-B-07-1-1,38,ng/g,dry,Calculated,Whole Body,6.422535000000000,,,,AlphaAnalytics,,mussel,Prince William Sound Regional Citizens' Advisory Council Monitoring Program,Prince William Sound Regional Citizens' Advisory Council Monitoring Program,SCAK
PWSRCAC,LTEMP,2007,23.313226100000001,60.647219999999997,-145.995000000000005,Blue Mussel,Mytilus trossulus,mussel,Bivalvia,Mussels,Background biomonitoring / Post-oil spill assessment,SHB-B-07-1-2,38,ng/g,dry,Calculated,Whole Body,5.772152000000000,,,,AlphaAnalytics,,mussel,Prince William Sound Regional Citizens' Advisory Council Monitoring Program,Prince William Sound Regional Citizens' Advisory Council Monitoring Program,SCAK
PWSRCAC,LTEMP,2007,17.912557459999999,60.647219999999997,-145.995000000000005,Blue Mussel,Mytilus trossulus,mussel,Bivalvia,Mussels,Background biomonitoring / Post-oil spill assessment,SHB-B-07-1-3,38,ng/g,dry,Calculated,Whole Body,5.922078000000000,,,,AlphaAnalytics,,mussel,Prince William Sound Regional Citizens' Advisory Council Monitoring Program,Prince William Sound Regional Citizens' Advisory Council Monitoring Program,SCAK
PWSRCAC,LTEMP,2007,26.608220100000000,60.647219999999997,-145.995000000000005,Blue Mussel,Mytilus trossulus,mussel,Bivalvia,Mussels,Background biomonitoring / Post-oil spill assessment,SHB-B-07-2-1,39,ng/g,dry,Calculated,Whole Body,4.427184000000000,,,,AlphaAnalytics,,mussel,Prince William Sound Regional Citizens' Advisory Council Monitoring Program,Prince William Sound Regional Citizens' Advisory Council Monitoring Program,SCAK
PWSRCAC,LTEMP,2007,23.887295600000002,60.647219999999997,-145.995000000000005,Blue Mussel,Mytilus trossulus,mussel,Bivalvia,Mussels,Background biomonitoring / Post-oil spill assessment,SHB-B-07-2-2,38,ng/g,dry,Calculated,Whole Body,4.560000000000000,,,,AlphaAnalytics,,mussel,Prince William Sound Regional Citizens' Advisory Council Monitoring Program,Prince William Sound Regional Citizens' Advisory Council Monitoring Program,SCAK
PWSRCAC,LTEMP,2007,17.150760999999999,60.647219999999997,-145.995000000000005,Blue Mussel,Mytilus trossulus,mussel,Bivalvia,Mussels,Background biomonitoring / Post-oil spill assessment,SHB-B-07-2-3,38,ng/g,dry,Calculated,Whole Body,4.701031000000000,,,,AlphaAnalytics,,mussel,Prince William Sound Regional Citizens' Advisory Council Monitoring Program,Prince William Sound Regional Citizens' Advisory Council Monitoring Program,SCAK
PWSRCAC,LTEMP,2008,23.977908899999999,60.647219999999997,-145.995000000000005,Blue Mussel,Mytilus trossulus,mussel,Bivalvia,Mussels,Background biomonitoring / Post-oil spill assessment,SHB-B-08-2-1,38,ng/g,dry,Calculated,Whole Body,1.955447000000000,,a,,AlphaAnalytics,,mussel,Prince William Sound Regional Citizens' Advisory Council Monitoring Program,Prince William Sound Regional Citizens' Advisory Council Monitoring Program,SCAK
PWSRCAC,LTEMP,2008,8.036665500000000,60.647219999999997,-145.995000000000005,Blue Mussel,Mytilus trossulus,mussel,Bivalvia,Mussels,Background biomonitoring / Post-oil spill assessment,SHB-B-08-2-2,38,ng/g,dry,Calculated,Whole Body,1.963804000000000,,a,,AlphaAnalytics,,mussel,Prince William Sound Regional Citizens' Advisory Council Monitoring Program,Prince William Sound Regional Citizens' Advisory Council Monitoring Program,SCAK
PWSRCAC,LTEMP,2008,8.285329850000000,60.647219999999997,-145.995000000000005,Blue Mussel,Mytilus trossulus,mussel,Bivalvia,Mussels,Background biomonitoring / Post-oil spill assessment,SHB-B-08-2-3,38,ng/g,dry,Calculated,Whole Body,1.958225000000000,,a,,AlphaAnalytics,,mussel,Prince William Sound Regional Citizens' Advisory Council Monitoring Program,Prince William Sound Regional Citizens' Advisory Council Monitoring Program,SCAK
PWSRCAC,LTEMP,2009,21.614306200000001,60.647219999999997,-145.995000000000005,Blue Mussel,Mytilus trossulus,mussel,Bivalvia,Mussels,Background biomonitoring / Post-oil spill assessment,SHB-B-09-1-1,38,ng/g,dry,Calculated,Whole Body,1.618063000000000,,a,,AlphaAnalytics,,mussel,Prince William Sound Regional Citizens' Advisory Council Monitoring Program,Prince William Sound Regional Citizens' Advisory Council Monitoring Program,SCAK
PWSRCAC,LTEMP,2009,11.944661800000000,60.647219999999997,-145.995000000000005,Blue Mussel,Mytilus trossulus,mussel,Bivalvia,Mussels,Background biomonitoring / Post-oil spill assessment,SHB-B-09-1-2,38,ng/g,dry,Calculated,Whole Body,1.614274000000000,,a,,AlphaAnalytics,,mussel,Prince William Sound Regional Citizens' Advisory Council Monitoring Program,Prince William Sound Regional Citizens' Advisory Council Monitoring Program,SCAK
PWSRCAC,LTEMP,2009,10.833923960000000,60.647219999999997,-145.995000000000005,Blue Mussel,Mytilus trossulus,mussel,Bivalvia,Mussels,Background biomonitoring / Post-oil spill assessment,SHB-B-09-1-3,38,ng/g,dry,Calculated,Whole Body,1.629539000000000,,a,,AlphaAnalytics,,mussel,Prince William Sound Regional Citizens' Advisory Council Monitoring Program,Prince William Sound Regional Citizens' Advisory Council Monitoring Program,SCAK
PWSRCAC,LTEMP,2013,11.160209500000001,60.647219999999997,-145.995000000000005,Blue Mussel,Mytilus trossulus,mussel,Bivalvia,Mussels,Background biomonitoring / Post-oil spill assessment,SHB-B-13-2-1,38,ng/g,dry,Calculated,Whole Body,2.252031000000000,,a,,AlphaAnalytics,,mussel,Prince William Sound Regional Citizens' Advisory Council Monitoring Program,Prince William Sound Regional Citizens' Advisory Council Monitoring Program,SCAK
PWSRCAC,LTEMP,2013,10.926443000000001,60.647219999999997,-145.995000000000005,Blue Mussel,Mytilus trossulus,mussel,Bivalvia,Mussels,Background biomonitoring / Post-oil spill assessment,SHB-B-13-2-2,38,ng/g,dry,Calculated,Whole Body,2.336005000000000,,a,,AlphaAnalytics,,mussel,Prince William Sound Regional Citizens' Advisory Council Monitoring Program,Prince William Sound Regional Citizens' Advisory Council Monitoring Program,SCAK
PWSRCAC,LTEMP,2013,9.760112800000000,60.647219999999997,-145.995000000000005,Blue Mussel,Mytilus trossulus,mussel,Bivalvia,Mussels,Background biomonitoring / Post-oil spill assessment,SHB-B-13-2-3,38,ng/g,dry,Calculated,Whole Body,2.120374000000000,,a,,AlphaAnalytics,,mussel,Prince William Sound Regional Citizens' Advisory Council Monitoring Program,Prince William Sound Regional Citizens' Advisory Council Monitoring Program,SCAK
PWSRCAC,LTEMP,2015,21.163997999999999,60.647219999999997,-145.995000000000005,Blue Mussel,Mytilus trossulus,mussel,Bivalvia,Mussels,Background biomonitoring / Post-oil spill assessment,SHB-B-15-2-1,38,ng/g,dry,Calculated,Whole Body,2.505896000000000,,a,,AlphaAnalytics,,mussel,Prince William Sound Regional Citizens' Advisory Council Monitoring Program,Prince William Sound Regional Citizens' Advisory Council Monitoring Program,SCAK
PWSRCAC,LTEMP,2015,27.038218100000002,60.647219999999997,-145.995000000000005,Blue Mussel,Mytilus trossulus,mussel,Bivalvia,Mussels,Background biomonitoring / Post-oil spill assessment,SHB-B-15-2-2,38,ng/g,dry,Calculated,Whole Body,2.336005000000000,,b,,AlphaAnalytics,,mussel,Prince William Sound Regional Citizens' Advisory Council Monitoring Program,Prince William Sound Regional Citizens' Advisory Council Monitoring Program,SCAK
PWSRCAC,LTEMP,2015,24.004823300000002,60.647219999999997,-145.995000000000005,Blue Mussel,Mytilus trossulus,mussel,Bivalvia,Mussels,Background biomonitoring / Post-oil spill assessment,SHB-B-15-2-3,38,ng/g,dry,Calculated,Whole Body,2.505896000000000,,b,,AlphaAnalytics,,mussel,Prince William Sound Regional Citizens' Advisory Council Monitoring Program,Prince William Sound Regional Citizens' Advisory Council Monitoring Program,SCAK
PWSRCAC,LTEMP,2018,19.893333400000000,60.647219999999997,-145.995000000000005,Blue Mussel,Mytilus trossulus,mussel,Bivalvia,Mussels,Background biomonitoring / Post-oil spill assessment,SHB-B-18-2-1,41,ng/g,dry,Calculated,Whole Body,5.280000000000000,12.26667,JB,85,AlphaAnalytics,,mussel,Prince William Sound Regional Citizens' Advisory Council Monitoring Program,Prince William Sound Regional Citizens' Advisory Council Monitoring Program,SCAK
PWSRCAC,LTEMP,2018,17.193750000000001,60.647219999999997,-145.995000000000005,Blue Mussel,Mytilus trossulus,mussel,Bivalvia,Mussels,Background biomonitoring / Post-oil spill assessment,SHB-B-18-2-2,41,ng/g,dry,Calculated,Whole Body,5.231250000000000,12.125,JB,84,AlphaAnalytics,,mussel,Prince William Sound Regional Citizens' Advisory Council Monitoring Program,Prince William Sound Regional Citizens' Advisory Council Monitoring Program,SCAK
PWSRCAC,LTEMP,2018,20.168749999999999,60.647219999999997,-145.995000000000005,Blue Mussel,Mytilus trossulus,mussel,Bivalvia,Mussels,Background biomonitoring / Post-oil spill assessment,SHB-B-18-2-3,41,ng/g,dry,Calculated,Whole Body,4.631250000000000,10.75,JB,84,AlphaAnalytics,,mussel,Prince William Sound Regional Citizens' Advisory Council Monitoring Program,Prince William Sound Regional Citizens' Advisory Council Monitoring Program,SCAK
PWSRCAC,LTEMP,2023,58.319000000000003,60.647219999999997,-145.995000000000005,Blue Mussel,Mytilus trossulus,mussel,Bivalvia,Mussels,Background biomonitoring / Post-oil spill assessment,SHB-B-23-1,41,ng/g,wet,Calculated,Whole Body,0.785000000000000,1.82,JB,0,AlphaAnalytics,,mussel,Prince William Sound Regional Citizens' Advisory Council Monitoring Program,Prince William Sound Regional Citizens' Advisory Council Monitoring Program,SCAK
PWSRCAC,LTEMP,2023,68.128000000000000,60.647219999999997,-145.995000000000005,Blue Mussel,Mytilus trossulus,mussel,Bivalvia,Mussels,Background biomonitoring / Post-oil spill assessment,SHB-B-23-2,41,ng/g,wet,Calculated,Whole Body,0.842000000000000,1.95,JB,0,AlphaAnalytics,,mussel,Prince William Sound Regional Citizens' Advisory Council Monitoring Program,Prince William Sound Regional Citizens' Advisory Council Monitoring Program,SCAK
PWSRCAC,LTEMP,2023,60.048000000000002,60.647219999999997,-145.995000000000005,Blue Mussel,Mytilus trossulus,mussel,Bivalvia,Mussels,Background biomonitoring / Post-oil spill assessment,SHB-B-23-3,41,ng/g,wet,Calculated,Whole Body,0.813000000000000,1.89,JB,0,AlphaAnalytics,,mussel,Prince William Sound Regional Citizens' Advisory Council Monitoring Program,Prince William Sound Regional Citizens' Advisory Council Monitoring Program,SCAK
PWSRCAC,LTEMP,2002,60.270147199999997,58.501669999999997,-152.625000000000000,Blue Mussel,Mytilus trossulus,mussel,Bivalvia,Mussels,Background biomonitoring / Post-oil spill assessment,SHH-B-02-2-1,37,ng/g,dry,Calculated,Whole Body,20.540540000000000,,BD,,AlphaAnalytics,,mussel,Prince William Sound Regional Citizens' Advisory Council Monitoring Program,Prince William Sound Regional Citizens' Advisory Council Monitoring Program,SCAK
PWSRCAC,LTEMP,2002,46.931496600000003,58.501669999999997,-152.625000000000000,Blue Mussel,Mytilus trossulus,mussel,Bivalvia,Mussels,Background biomonitoring / Post-oil spill assessment,SHH-B-02-2-2,37,ng/g,dry,Calculated,Whole Body,19.322030000000002,,BD,,AlphaAnalytics,,mussel,Prince William Sound Regional Citizens' Advisory Council Monitoring Program,Prince William Sound Regional Citizens' Advisory Council Monitoring Program,SCAK
PWSRCAC,LTEMP,2002,42.061300799999998,58.501669999999997,-152.625000000000000,Blue Mussel,Mytilus trossulus,mussel,Bivalvia,Mussels,Background biomonitoring / Post-oil spill assessment,SHH-B-02-2-3,37,ng/g,dry,Calculated,Whole Body,19.487179999999999,,BD,,AlphaAnalytics,,mussel,Prince William Sound Regional Citizens' Advisory Council Monitoring Program,Prince William Sound Regional Citizens' Advisory Council Monitoring Program,SCAK
PWSRCAC,LTEMP,2003,11.625367600000001,58.501669999999997,-152.625000000000000,Blue Mussel,Mytilus trossulus,mussel,Bivalvia,Mussels,Background biomonitoring / Post-oil spill assessment,SHH-B-03-1-1,37,ng/g,dry,Calculated,Whole Body,24.255320000000001,,BD,,AlphaAnalytics,,mussel,Prince William Sound Regional Citizens' Advisory Council Monitoring Program,Prince William Sound Regional Citizens' Advisory Council Monitoring Program,SCAK
PWSRCAC,LTEMP,2003,31.093992499999999,58.501669999999997,-152.625000000000000,Blue Mussel,Mytilus trossulus,mussel,Bivalvia,Mussels,Background biomonitoring / Post-oil spill assessment,SHH-B-03-1-2,37,ng/g,dry,Calculated,Whole Body,23.030300000000000,,BD,,AlphaAnalytics,,mussel,Prince William Sound Regional Citizens' Advisory Council Monitoring Program,Prince William Sound Regional Citizens' Advisory Council Monitoring Program,SCAK
PWSRCAC,LTEMP,2003,16.069444300000001,58.501669999999997,-152.625000000000000,Blue Mussel,Mytilus trossulus,mussel,Bivalvia,Mussels,Background biomonitoring / Post-oil spill assessment,SHH-B-03-1-3,37,ng/g,dry,Calculated,Whole Body,22.135919999999999,,BD,,AlphaAnalytics,,mussel,Prince William Sound Regional Citizens' Advisory Council Monitoring Program,Prince William Sound Regional Citizens' Advisory Council Monitoring Program,SCAK
PWSRCAC,LTEMP,2003,13.420000000000000,58.501669999999997,-152.625000000000000,Blue Mussel,Mytilus trossulus,mussel,Bivalvia,Mussels,Background biomonitoring / Post-oil spill assessment,SHH-B-03-2-1,39,ng/g,dry,Calculated,Whole Body,0.440000000000000,,b,,AlphaAnalytics,,mussel,Prince William Sound Regional Citizens' Advisory Council Monitoring Program,Prince William Sound Regional Citizens' Advisory Council Monitoring Program,SCAK
PWSRCAC,LTEMP,2003,19.039999999999999,58.501669999999997,-152.625000000000000,Blue Mussel,Mytilus trossulus,mussel,Bivalvia,Mussels,Background biomonitoring / Post-oil spill assessment,SHH-B-03-2-2,39,ng/g,dry,Calculated,Whole Body,0.440000000000000,,b,,AlphaAnalytics,,mussel,Prince William Sound Regional Citizens' Advisory Council Monitoring Program,Prince William Sound Regional Citizens' Advisory Council Monitoring Program,SCAK
PWSRCAC,LTEMP,2003,12.550000000000001,58.501669999999997,-152.625000000000000,Blue Mussel,Mytilus trossulus,mussel,Bivalvia,Mussels,Background biomonitoring / Post-oil spill assessment,SHH-B-03-2-3,39,ng/g,dry,Calculated,Whole Body,0.450000000000000,,b,,AlphaAnalytics,,mussel,Prince William Sound Regional Citizens' Advisory Council Monitoring Program,Prince William Sound Regional Citizens' Advisory Council Monitoring Program,SCAK
PWSRCAC,LTEMP,2004,23.219999999999999,58.501669999999997,-152.625000000000000,Blue Mussel,Mytilus trossulus,mussel,Bivalvia,Mussels,Background biomonitoring / Post-oil spill assessment,SHH-B-04-1-1,39,ng/g,dry,Calculated,Whole Body,3.680000000000000,,b,,AlphaAnalytics,,mussel,Prince William Sound Regional Citizens' Advisory Council Monitoring Program,Prince William Sound Regional Citizens' Advisory Council Monitoring Program,SCAK
PWSRCAC,LTEMP,2004,51.780000000000001,58.501669999999997,-152.625000000000000,Blue Mussel,Mytilus trossulus,mussel,Bivalvia,Mussels,Background biomonitoring / Post-oil spill assessment,SHH-B-04-1-2,39,ng/g,dry,Calculated,Whole Body,3.770000000000000,,b,,AlphaAnalytics,,mussel,Prince William Sound Regional Citizens' Advisory Council Monitoring Program,Prince William Sound Regional Citizens' Advisory Council Monitoring Program,SCAK
PWSRCAC,LTEMP,2004,41.920000000000002,58.501669999999997,-152.625000000000000,Blue Mussel,Mytilus trossulus,mussel,Bivalvia,Mussels,Background biomonitoring / Post-oil spill assessment,SHH-B-04-1-3,39,ng/g,dry,Calculated,Whole Body,3.590000000000000,,b,,AlphaAnalytics,,mussel,Prince William Sound Regional Citizens' Advisory Council Monitoring Program,Prince William Sound Regional Citizens' Advisory Council Monitoring Program,SCAK
PWSRCAC,LTEMP,2004,32.399999999999999,58.501669999999997,-152.625000000000000,Blue Mussel,Mytilus trossulus,mussel,Bivalvia,Mussels,Background biomonitoring / Post-oil spill assessment,SHH-B-04-2-1,39,ng/g,dry,Calculated,Whole Body,0.462000000000000,,b,,AlphaAnalytics,,mussel,Prince William Sound Regional Citizens' Advisory Council Monitoring Program,Prince William Sound Regional Citizens' Advisory Council Monitoring Program,SCAK
PWSRCAC,LTEMP,2004,31.820000000000000,58.501669999999997,-152.625000000000000,Blue Mussel,Mytilus trossulus,mussel,Bivalvia,Mussels,Background biomonitoring / Post-oil spill assessment,SHH-B-04-2-2,39,ng/g,dry,Calculated,Whole Body,0.468000000000000,,b,,AlphaAnalytics,,mussel,Prince William Sound Regional Citizens' Advisory Council Monitoring Program,Prince William Sound Regional Citizens' Advisory Council Monitoring Program,SCAK
PWSRCAC,LTEMP,2004,21.219999999999999,58.501669999999997,-152.625000000000000,Blue Mussel,Mytilus trossulus,mussel,Bivalvia,Mussels,Background biomonitoring / Post-oil spill assessment,SHH-B-04-2-3-R2,40,ng/g,dry,Calculated,Whole Body,6.910000000000000,,b,,AlphaAnalytics,,mussel,Prince William Sound Regional Citizens' Advisory Council Monitoring Program,Prince William Sound Regional Citizens' Advisory Council Monitoring Program,SCAK
PWSRCAC,LTEMP,2005,23.629999999999999,58.501669999999997,-152.625000000000000,Blue Mussel,Mytilus trossulus,mussel,Bivalvia,Mussels,Background biomonitoring / Post-oil spill assessment,SHH-B-05-1-1,39,ng/g,dry,Calculated,Whole Body,0.452000000000000,,b,,AlphaAnalytics,,mussel,Prince William Sound Regional Citizens' Advisory Council Monitoring Program,Prince William Sound Regional Citizens' Advisory Council Monitoring Program,SCAK
PWSRCAC,LTEMP,2005,31.430000000000000,58.501669999999997,-152.625000000000000,Blue Mussel,Mytilus trossulus,mussel,Bivalvia,Mussels,Background biomonitoring / Post-oil spill assessment,SHH-B-05-1-2,39,ng/g,dry,Calculated,Whole Body,0.450000000000000,,b,,AlphaAnalytics,,mussel,Prince William Sound Regional Citizens' Advisory Council Monitoring Program,Prince William Sound Regional Citizens' Advisory Council Monitoring Program,SCAK
PWSRCAC,LTEMP,2005,28.969999999999999,58.501669999999997,-152.625000000000000,Blue Mussel,Mytilus trossulus,mussel,Bivalvia,Mussels,Background biomonitoring / Post-oil spill assessment,SHH-B-05-1-3,39,ng/g,dry,Calculated,Whole Body,0.454000000000000,,b,,AlphaAnalytics,,mussel,Prince William Sound Regional Citizens' Advisory Council Monitoring Program,Prince William Sound Regional Citizens' Advisory Council Monitoring Program,SCAK
PWSRCAC,LTEMP,2005,18.030000000000001,58.501669999999997,-152.625000000000000,Blue Mussel,Mytilus trossulus,mussel,Bivalvia,Mussels,Background biomonitoring / Post-oil spill assessment,SHH-B-05-2-1,39,ng/g,dry,Calculated,Whole Body,5.920000000000000,,b,,AlphaAnalytics,,mussel,Prince William Sound Regional Citizens' Advisory Council Monitoring Program,Prince William Sound Regional Citizens' Advisory Council Monitoring Program,SCAK
PWSRCAC,LTEMP,2005,9.289999999999999,58.501669999999997,-152.625000000000000,Blue Mussel,Mytilus trossulus,mussel,Bivalvia,Mussels,Background biomonitoring / Post-oil spill assessment,SHH-B-05-2-2,39,ng/g,dry,Calculated,Whole Body,5.490000000000000,,b,,AlphaAnalytics,,mussel,Prince William Sound Regional Citizens' Advisory Council Monitoring Program,Prince William Sound Regional Citizens' Advisory Council Monitoring Program,SCAK
PWSRCAC,LTEMP,2005,11.130000000000001,58.501669999999997,-152.625000000000000,Blue Mussel,Mytilus trossulus,mussel,Bivalvia,Mussels,Background biomonitoring / Post-oil spill assessment,SHH-B-05-2-3,39,ng/g,dry,Calculated,Whole Body,5.240000000000000,,b,,AlphaAnalytics,,mussel,Prince William Sound Regional Citizens' Advisory Council Monitoring Program,Prince William Sound Regional Citizens' Advisory Council Monitoring Program,SCAK
PWSRCAC,LTEMP,2006,15.760000000000000,58.501669999999997,-152.625000000000000,Blue Mussel,Mytilus trossulus,mussel,Bivalvia,Mussels,Background biomonitoring / Post-oil spill assessment,SHH-B-06-1-1,39,ng/g,dry,Calculated,Whole Body,4.650000000000000,,b,,AlphaAnalytics,,mussel,Prince William Sound Regional Citizens' Advisory Council Monitoring Program,Prince William Sound Regional Citizens' Advisory Council Monitoring Program,SCAK
PWSRCAC,LTEMP,2006,14.570000000000000,58.501669999999997,-152.625000000000000,Blue Mussel,Mytilus trossulus,mussel,Bivalvia,Mussels,Background biomonitoring / Post-oil spill assessment,SHH-B-06-1-2,39,ng/g,dry,Calculated,Whole Body,4.380000000000000,,b,,AlphaAnalytics,,mussel,Prince William Sound Regional Citizens' Advisory Council Monitoring Program,Prince William Sound Regional Citizens' Advisory Council Monitoring Program,SCAK
PWSRCAC,LTEMP,2006,21.629999999999999,58.501669999999997,-152.625000000000000,Blue Mussel,Mytilus trossulus,mussel,Bivalvia,Mussels,Background biomonitoring / Post-oil spill assessment,SHH-B-06-1-3,39,ng/g,dry,Calculated,Whole Body,4.260000000000000,,b,,AlphaAnalytics,,mussel,Prince William Sound Regional Citizens' Advisory Council Monitoring Program,Prince William Sound Regional Citizens' Advisory Council Monitoring Program,SCAK
PWSRCAC,LTEMP,2006,26.721457699999998,58.501669999999997,-152.625000000000000,Blue Mussel,Mytilus trossulus,mussel,Bivalvia,Mussels,Background biomonitoring / Post-oil spill assessment,SHH-B-06-2-1,38,ng/g,dry,Calculated,Whole Body,4.183486000000000,,,,AlphaAnalytics,,mussel,Prince William Sound Regional Citizens' Advisory Council Monitoring Program,Prince William Sound Regional Citizens' Advisory Council Monitoring Program,SCAK
PWSRCAC,LTEMP,2006,19.526550000000000,58.501669999999997,-152.625000000000000,Blue Mussel,Mytilus trossulus,mussel,Bivalvia,Mussels,Background biomonitoring / Post-oil spill assessment,SHH-B-06-2-2,38,ng/g,dry,Calculated,Whole Body,3.931034000000000,,,,AlphaAnalytics,,mussel,Prince William Sound Regional Citizens' Advisory Council Monitoring Program,Prince William Sound Regional Citizens' Advisory Council Monitoring Program,SCAK
PWSRCAC,LTEMP,2006,107.023281699999998,58.501669999999997,-152.625000000000000,Blue Mussel,Mytilus trossulus,mussel,Bivalvia,Mussels,Background biomonitoring / Post-oil spill assessment,SHH-B-06-2-3,38,ng/g,dry,Calculated,Whole Body,3.800000000000000,,,,AlphaAnalytics,,mussel,Prince William Sound Regional Citizens' Advisory Council Monitoring Program,Prince William Sound Regional Citizens' Advisory Council Monitoring Program,SCAK
PWSRCAC,LTEMP,2007,6.356479000000000,58.501669999999997,-152.625000000000000,Blue Mussel,Mytilus trossulus,mussel,Bivalvia,Mussels,Background biomonitoring / Post-oil spill assessment,SHH-B-07-1-1,38,ng/g,dry,Calculated,Whole Body,5.493976000000000,,,,AlphaAnalytics,,mussel,Prince William Sound Regional Citizens' Advisory Council Monitoring Program,Prince William Sound Regional Citizens' Advisory Council Monitoring Program,SCAK
PWSRCAC,LTEMP,2007,16.259817800000000,58.501669999999997,-152.625000000000000,Blue Mussel,Mytilus trossulus,mussel,Bivalvia,Mussels,Background biomonitoring / Post-oil spill assessment,SHH-B-07-1-2,38,ng/g,dry,Calculated,Whole Body,6.080000000000000,,,,AlphaAnalytics,,mussel,Prince William Sound Regional Citizens' Advisory Council Monitoring Program,Prince William Sound Regional Citizens' Advisory Council Monitoring Program,SCAK
PWSRCAC,LTEMP,2007,20.298018509999999,58.501669999999997,-152.625000000000000,Blue Mussel,Mytilus trossulus,mussel,Bivalvia,Mussels,Background biomonitoring / Post-oil spill assessment,SHH-B-07-1-3,38,ng/g,dry,Calculated,Whole Body,5.493976000000000,,,,AlphaAnalytics,,mussel,Prince William Sound Regional Citizens' Advisory Council Monitoring Program,Prince William Sound Regional Citizens' Advisory Council Monitoring Program,SCAK
PWSRCAC,LTEMP,2007,5.581273680000000,58.501669999999997,-152.625000000000000,Blue Mussel,Mytilus trossulus,mussel,Bivalvia,Mussels,Background biomonitoring / Post-oil spill assessment,SHH-B-07-2-1,38,ng/g,dry,Calculated,Whole Body,7.600000000000000,,,,AlphaAnalytics,,mussel,Prince William Sound Regional Citizens' Advisory Council Monitoring Program,Prince William Sound Regional Citizens' Advisory Council Monitoring Program,SCAK
PWSRCAC,LTEMP,2007,6.763404600000000,58.501669999999997,-152.625000000000000,Blue Mussel,Mytilus trossulus,mussel,Bivalvia,Mussels,Background biomonitoring / Post-oil spill assessment,SHH-B-07-2-2,38,ng/g,dry,Calculated,Whole Body,8.290908999999999,,,,AlphaAnalytics,,mussel,Prince William Sound Regional Citizens' Advisory Council Monitoring Program,Prince William Sound Regional Citizens' Advisory Council Monitoring Program,SCAK
PWSRCAC,LTEMP,2007,4.665338500000000,58.501669999999997,-152.625000000000000,Blue Mussel,Mytilus trossulus,mussel,Bivalvia,Mussels,Background biomonitoring / Post-oil spill assessment,SHH-B-07-2-3,38,ng/g,dry,Calculated,Whole Body,5.181818000000000,,,,AlphaAnalytics,,mussel,Prince William Sound Regional Citizens' Advisory Council Monitoring Program,Prince William Sound Regional Citizens' Advisory Council Monitoring Program,SCAK
PWSRCAC,LTEMP,2008,19.814144140000000,58.501669999999997,-152.625000000000000,Blue Mussel,Mytilus trossulus,mussel,Bivalvia,Mussels,Background biomonitoring / Post-oil spill assessment,SHH-B-08-2-1,38,ng/g,dry,Calculated,Whole Body,1.952677000000000,,a,,AlphaAnalytics,,mussel,Prince William Sound Regional Citizens' Advisory Council Monitoring Program,Prince William Sound Regional Citizens' Advisory Council Monitoring Program,SCAK
PWSRCAC,LTEMP,2008,13.826238050000001,58.501669999999997,-152.625000000000000,Blue Mussel,Mytilus trossulus,mussel,Bivalvia,Mussels,Background biomonitoring / Post-oil spill assessment,SHH-B-08-2-2,38,ng/g,dry,Calculated,Whole Body,1.969414000000000,,a,,AlphaAnalytics,,mussel,Prince William Sound Regional Citizens' Advisory Council Monitoring Program,Prince William Sound Regional Citizens' Advisory Council Monitoring Program,SCAK
PWSRCAC,LTEMP,2008,11.409585399999999,58.501669999999997,-152.625000000000000,Blue Mussel,Mytilus trossulus,mussel,Bivalvia,Mussels,Background biomonitoring / Post-oil spill assessment,SHH-B-08-2-3,38,ng/g,dry,Calculated,Whole Body,1.955447000000000,,a,,AlphaAnalytics,,mussel,Prince William Sound Regional Citizens' Advisory Council Monitoring Program,Prince William Sound Regional Citizens' Advisory Council Monitoring Program,SCAK
PWSRCAC,LTEMP,2009,6.059565900000000,58.501669999999997,-152.625000000000000,Blue Mussel,Mytilus trossulus,mussel,Bivalvia,Mussels,Background biomonitoring / Post-oil spill assessment,SHH-B-09-1-1,38,ng/g,dry,Calculated,Whole Body,1.610502000000000,,a,,AlphaAnalytics,,mussel,Prince William Sound Regional Citizens' Advisory Council Monitoring Program,Prince William Sound Regional Citizens' Advisory Council Monitoring Program,SCAK
PWSRCAC,LTEMP,2009,8.931917000000000,58.501669999999997,-152.625000000000000,Blue Mussel,Mytilus trossulus,mussel,Bivalvia,Mussels,Background biomonitoring / Post-oil spill assessment,SHH-B-09-1-2,38,ng/g,dry,Calculated,Whole Body,1.610502000000000,,a,,AlphaAnalytics,,mussel,Prince William Sound Regional Citizens' Advisory Council Monitoring Program,Prince William Sound Regional Citizens' Advisory Council Monitoring Program,SCAK
PWSRCAC,LTEMP,2009,12.587848700000000,58.501669999999997,-152.625000000000000,Blue Mussel,Mytilus trossulus,mussel,Bivalvia,Mussels,Background biomonitoring / Post-oil spill assessment,SHH-B-09-1-3,38,ng/g,dry,Calculated,Whole Body,1.608623000000000,,a,,AlphaAnalytics,,mussel,Prince William Sound Regional Citizens' Advisory Council Monitoring Program,Prince William Sound Regional Citizens' Advisory Council Monitoring Program,SCAK
PWSRCAC,LTEMP,2013,37.327518900000001,58.501669999999997,-152.625000000000000,Blue Mussel,Mytilus trossulus,mussel,Bivalvia,Mussels,Background biomonitoring / Post-oil spill assessment,SHH-B-13-2-1,38,ng/g,dry,Calculated,Whole Body,2.072546000000000,,a,,AlphaAnalytics,,mussel,Prince William Sound Regional Citizens' Advisory Council Monitoring Program,Prince William Sound Regional Citizens' Advisory Council Monitoring Program,SCAK
PWSRCAC,LTEMP,2013,67.170237799999995,58.501669999999997,-152.625000000000000,Blue Mussel,Mytilus trossulus,mussel,Bivalvia,Mussels,Background biomonitoring / Post-oil spill assessment,SHH-B-13-2-2,38,ng/g,dry,Calculated,Whole Body,1.746822000000000,,a,,AlphaAnalytics,,mussel,Prince William Sound Regional Citizens' Advisory Council Monitoring Program,Prince William Sound Regional Citizens' Advisory Council Monitoring Program,SCAK
PWSRCAC,LTEMP,2013,88.967591900000002,58.501669999999997,-152.625000000000000,Blue Mussel,Mytilus trossulus,mussel,Bivalvia,Mussels,Background biomonitoring / Post-oil spill assessment,SHH-B-13-2-3,38,ng/g,dry,Calculated,Whole Body,1.837657000000000,,a,,AlphaAnalytics,,mussel,Prince William Sound Regional Citizens' Advisory Council Monitoring Program,Prince William Sound Regional Citizens' Advisory Council Monitoring Program,SCAK
PWSRCAC,LTEMP,2018,24.130767700000000,58.501669999999997,-152.625000000000000,Blue Mussel,Mytilus trossulus,mussel,Bivalvia,Mussels,Background biomonitoring / Post-oil spill assessment,SHH-B-18-2-1,41,ng/g,dry,Calculated,Whole Body,6.538462000000000,15.15385,JB,87,AlphaAnalytics,,mussel,Prince William Sound Regional Citizens' Advisory Council Monitoring Program,Prince William Sound Regional Citizens' Advisory Council Monitoring Program,SCAK
PWSRCAC,LTEMP,2018,15.807143099999999,58.501669999999997,-152.625000000000000,Blue Mussel,Mytilus trossulus,mussel,Bivalvia,Mussels,Background biomonitoring / Post-oil spill assessment,SHH-B-18-2-2,41,ng/g,dry,Calculated,Whole Body,5.878571000000000,13.64286,JB,86,AlphaAnalytics,,mussel,Prince William Sound Regional Citizens' Advisory Council Monitoring Program,Prince William Sound Regional Citizens' Advisory Council Monitoring Program,SCAK
PWSRCAC,LTEMP,2018,34.737499999999997,58.501669999999997,-152.625000000000000,Blue Mussel,Mytilus trossulus,mussel,Bivalvia,Mussels,Background biomonitoring / Post-oil spill assessment,SHH-B-18-2-3,41,ng/g,dry,Calculated,Whole Body,6.562500000000000,15.25,JB,84,AlphaAnalytics,,mussel,Prince William Sound Regional Citizens' Advisory Council Monitoring Program,Prince William Sound Regional Citizens' Advisory Council Monitoring Program,SCAK
PWSRCAC,LTEMP,2024,54.536999999999999,58.501669999999997,-152.625000000000000,Blue Mussel,Mytilus trossulus,mussel,Bivalvia,Mussels,Background biomonitoring / Post-oil spill assessment,SHH-B-24-1,41,ng/g,wet,Calculated,Whole Body,0.835000000000000,1.94,JB,0,AlphaAnalytics,,mussel,Prince William Sound Regional Citizens' Advisory Council Monitoring Program,Prince William Sound Regional Citizens' Advisory Council Monitoring Program,SCAK
PWSRCAC,LTEMP,2024,58.485999999999997,58.501669999999997,-152.625000000000000,Blue Mussel,Mytilus trossulus,mussel,Bivalvia,Mussels,Background biomonitoring / Post-oil spill assessment,SHH-B-24-2,41,ng/g,wet,Calculated,Whole Body,0.823000000000000,1.91,JB,0,AlphaAnalytics,,mussel,Prince William Sound Regional Citizens' Advisory Council Monitoring Program,Prince William Sound Regional Citizens' Advisory Council Monitoring Program,SCAK
PWSRCAC,LTEMP,2024,58.308000000000000,58.501669999999997,-152.625000000000000,Blue Mussel,Mytilus trossulus,mussel,Bivalvia,Mussels,Background biomonitoring / Post-oil spill assessment,SHH-B-24-3,41,ng/g,wet,Calculated,Whole Body,0.852000000000000,1.98,JB,0,AlphaAnalytics,,mussel,Prince William Sound Regional Citizens' Advisory Council Monitoring Program,Prince William Sound Regional Citizens' Advisory Council Monitoring Program,SCAK
PWSRCAC,LTEMP,2002,65.346353800000003,60.067500000000003,-147.831944499999992,Blue Mussel,Mytilus trossulus,mussel,Bivalvia,Mussels,Background biomonitoring / Post-oil spill assessment,SLB-B-02-2-1,37,ng/g,dry,Calculated,Whole Body,29.230770000000000,,BD,,AlphaAnalytics,,mussel,Prince William Sound Regional Citizens' Advisory Council Monitoring Program,Prince William Sound Regional Citizens' Advisory Council Monitoring Program,SCAK
PWSRCAC,LTEMP,2002,66.142927400000005,60.067500000000003,-147.831944499999992,Blue Mussel,Mytilus trossulus,mussel,Bivalvia,Mussels,Background biomonitoring / Post-oil spill assessment,SLB-B-02-2-2,37,ng/g,dry,Calculated,Whole Body,30.399999999999999,,BD,,AlphaAnalytics,,mussel,Prince William Sound Regional Citizens' Advisory Council Monitoring Program,Prince William Sound Regional Citizens' Advisory Council Monitoring Program,SCAK
PWSRCAC,LTEMP,2002,70.396871599999997,60.067500000000003,-147.831944499999992,Blue Mussel,Mytilus trossulus,mussel,Bivalvia,Mussels,Background biomonitoring / Post-oil spill assessment,SLB-B-02-2-3,37,ng/g,dry,Calculated,Whole Body,30.000000000000000,,BD,,AlphaAnalytics,,mussel,Prince William Sound Regional Citizens' Advisory Council Monitoring Program,Prince William Sound Regional Citizens' Advisory Council Monitoring Program,SCAK
PWSRCAC,LTEMP,2003,63.166519100000002,60.067500000000003,-147.831944499999992,Blue Mussel,Mytilus trossulus,mussel,Bivalvia,Mussels,Background biomonitoring / Post-oil spill assessment,SLB-B-03-1-1,37,ng/g,dry,Calculated,Whole Body,27.142859999999999,,BD,,AlphaAnalytics,,mussel,Prince William Sound Regional Citizens' Advisory Council Monitoring Program,Prince William Sound Regional Citizens' Advisory Council Monitoring Program,SCAK
PWSRCAC,LTEMP,2003,38.889342599999999,60.067500000000003,-147.831944499999992,Blue Mussel,Mytilus trossulus,mussel,Bivalvia,Mussels,Background biomonitoring / Post-oil spill assessment,SLB-B-03-1-2,37,ng/g,dry,Calculated,Whole Body,27.469880000000000,,BD,,AlphaAnalytics,,mussel,Prince William Sound Regional Citizens' Advisory Council Monitoring Program,Prince William Sound Regional Citizens' Advisory Council Monitoring Program,SCAK
PWSRCAC,LTEMP,2003,43.704023999999997,60.067500000000003,-147.831944499999992,Blue Mussel,Mytilus trossulus,mussel,Bivalvia,Mussels,Background biomonitoring / Post-oil spill assessment,SLB-B-03-1-3,37,ng/g,dry,Calculated,Whole Body,28.148150000000001,,BD,,AlphaAnalytics,,mussel,Prince William Sound Regional Citizens' Advisory Council Monitoring Program,Prince William Sound Regional Citizens' Advisory Council Monitoring Program,SCAK
PWSRCAC,LTEMP,2003,26.579999999999998,60.067500000000003,-147.831944499999992,Blue Mussel,Mytilus trossulus,mussel,Bivalvia,Mussels,Background biomonitoring / Post-oil spill assessment,SLB-B-03-2-1,39,ng/g,dry,Calculated,Whole Body,8.289999999999999,,b,,AlphaAnalytics,,mussel,Prince William Sound Regional Citizens' Advisory Council Monitoring Program,Prince William Sound Regional Citizens' Advisory Council Monitoring Program,SCAK
PWSRCAC,LTEMP,2003,24.059999999999999,60.067500000000003,-147.831944499999992,Blue Mussel,Mytilus trossulus,mussel,Bivalvia,Mussels,Background biomonitoring / Post-oil spill assessment,SLB-B-03-2-2,39,ng/g,dry,Calculated,Whole Body,7.730000000000000,,b,,AlphaAnalytics,,mussel,Prince William Sound Regional Citizens' Advisory Council Monitoring Program,Prince William Sound Regional Citizens' Advisory Council Monitoring Program,SCAK
PWSRCAC,LTEMP,2003,68.409999999999997,60.067500000000003,-147.831944499999992,Blue Mussel,Mytilus trossulus,mussel,Bivalvia,Mussels,Background biomonitoring / Post-oil spill assessment,SLB-B-03-2-3,39,ng/g,dry,Calculated,Whole Body,10.130000000000001,,b,,AlphaAnalytics,,mussel,Prince William Sound Regional Citizens' Advisory Council Monitoring Program,Prince William Sound Regional Citizens' Advisory Council Monitoring Program,SCAK
PWSRCAC,LTEMP,2004,46.210000000000001,60.067500000000003,-147.831944499999992,Blue Mussel,Mytilus trossulus,mussel,Bivalvia,Mussels,Background biomonitoring / Post-oil spill assessment,SLB-B-04-1-1,39,ng/g,dry,Calculated,Whole Body,5.920000000000000,,b,,AlphaAnalytics,,mussel,Prince William Sound Regional Citizens' Advisory Council Monitoring Program,Prince William Sound Regional Citizens' Advisory Council Monitoring Program,SCAK
PWSRCAC,LTEMP,2004,35.659999999999997,60.067500000000003,-147.831944499999992,Blue Mussel,Mytilus trossulus,mussel,Bivalvia,Mussels,Background biomonitoring / Post-oil spill assessment,SLB-B-04-1-2,39,ng/g,dry,Calculated,Whole Body,5.010000000000000,,b,,AlphaAnalytics,,mussel,Prince William Sound Regional Citizens' Advisory Council Monitoring Program,Prince William Sound Regional Citizens' Advisory Council Monitoring Program,SCAK
PWSRCAC,LTEMP,2004,53.159999999999997,60.067500000000003,-147.831944499999992,Blue Mussel,Mytilus trossulus,mussel,Bivalvia,Mussels,Background biomonitoring / Post-oil spill assessment,SLB-B-04-1-3,39,ng/g,dry,Calculated,Whole Body,5.770000000000000,,b,,AlphaAnalytics,,mussel,Prince William Sound Regional Citizens' Advisory Council Monitoring Program,Prince William Sound Regional Citizens' Advisory Council Monitoring Program,SCAK
PWSRCAC,LTEMP,2004,66.040000000000006,60.067500000000003,-147.831944499999992,Blue Mussel,Mytilus trossulus,mussel,Bivalvia,Mussels,Background biomonitoring / Post-oil spill assessment,SLB-B-04-2-1,39,ng/g,dry,Calculated,Whole Body,0.492000000000000,,b,,AlphaAnalytics,,mussel,Prince William Sound Regional Citizens' Advisory Council Monitoring Program,Prince William Sound Regional Citizens' Advisory Council Monitoring Program,SCAK
PWSRCAC,LTEMP,2004,1090.539999999999964,60.067500000000003,-147.831944499999992,Blue Mussel,Mytilus trossulus,mussel,Bivalvia,Mussels,Background biomonitoring / Post-oil spill assessment,SLB-B-04-2-2,39,ng/g,dry,Calculated,Whole Body,0.515000000000000,,Qb,,AlphaAnalytics,,mussel,Prince William Sound Regional Citizens' Advisory Council Monitoring Program,Prince William Sound Regional Citizens' Advisory Council Monitoring Program,SCAK
PWSRCAC,LTEMP,2004,57.170000000000002,60.067500000000003,-147.831944499999992,Blue Mussel,Mytilus trossulus,mussel,Bivalvia,Mussels,Background biomonitoring / Post-oil spill assessment,SLB-B-04-2-3,39,ng/g,dry,Calculated,Whole Body,0.480000000000000,,b,,AlphaAnalytics,,mussel,Prince William Sound Regional Citizens' Advisory Council Monitoring Program,Prince William Sound Regional Citizens' Advisory Council Monitoring Program,SCAK
PWSRCAC,LTEMP,2005,16.300000000000001,60.067500000000003,-147.831944499999992,Blue Mussel,Mytilus trossulus,mussel,Bivalvia,Mussels,Background biomonitoring / Post-oil spill assessment,SLB-B-05-1-1,39,ng/g,dry,Calculated,Whole Body,0.483000000000000,,b,,AlphaAnalytics,,mussel,Prince William Sound Regional Citizens' Advisory Council Monitoring Program,Prince William Sound Regional Citizens' Advisory Council Monitoring Program,SCAK
PWSRCAC,LTEMP,2005,31.100000000000001,60.067500000000003,-147.831944499999992,Blue Mussel,Mytilus trossulus,mussel,Bivalvia,Mussels,Background biomonitoring / Post-oil spill assessment,SLB-B-05-1-2,39,ng/g,dry,Calculated,Whole Body,0.481000000000000,,b,,AlphaAnalytics,,mussel,Prince William Sound Regional Citizens' Advisory Council Monitoring Program,Prince William Sound Regional Citizens' Advisory Council Monitoring Program,SCAK
PWSRCAC,LTEMP,2005,34.560000000000002,60.067500000000003,-147.831944499999992,Blue Mussel,Mytilus trossulus,mussel,Bivalvia,Mussels,Background biomonitoring / Post-oil spill assessment,SLB-B-05-1-3,39,ng/g,dry,Calculated,Whole Body,0.464000000000000,,b,,AlphaAnalytics,,mussel,Prince William Sound Regional Citizens' Advisory Council Monitoring Program,Prince William Sound Regional Citizens' Advisory Council Monitoring Program,SCAK
PWSRCAC,LTEMP,2005,17.829999999999998,60.067500000000003,-147.831944499999992,Blue Mussel,Mytilus trossulus,mussel,Bivalvia,Mussels,Background biomonitoring / Post-oil spill assessment,SLB-B-05-2-1,39,ng/g,dry,Calculated,Whole Body,7.600000000000000,,b,,AlphaAnalytics,,mussel,Prince William Sound Regional Citizens' Advisory Council Monitoring Program,Prince William Sound Regional Citizens' Advisory Council Monitoring Program,SCAK
PWSRCAC,LTEMP,2005,30.199999999999999,60.067500000000003,-147.831944499999992,Blue Mussel,Mytilus trossulus,mussel,Bivalvia,Mussels,Background biomonitoring / Post-oil spill assessment,SLB-B-05-2-2,39,ng/g,dry,Calculated,Whole Body,5.070000000000000,,b,,AlphaAnalytics,,mussel,Prince William Sound Regional Citizens' Advisory Council Monitoring Program,Prince William Sound Regional Citizens' Advisory Council Monitoring Program,SCAK
PWSRCAC,LTEMP,2005,22.170000000000002,60.067500000000003,-147.831944499999992,Blue Mussel,Mytilus trossulus,mussel,Bivalvia,Mussels,Background biomonitoring / Post-oil spill assessment,SLB-B-05-2-3,39,ng/g,dry,Calculated,Whole Body,6.710000000000000,,b,,AlphaAnalytics,,mussel,Prince William Sound Regional Citizens' Advisory Council Monitoring Program,Prince William Sound Regional Citizens' Advisory Council Monitoring Program,SCAK
PWSRCAC,LTEMP,2006,19.750000000000000,60.067500000000003,-147.831944499999992,Blue Mussel,Mytilus trossulus,mussel,Bivalvia,Mussels,Background biomonitoring / Post-oil spill assessment,SLB-B-06-1-1,39,ng/g,dry,Calculated,Whole Body,4.510000000000000,,b,,AlphaAnalytics,,mussel,Prince William Sound Regional Citizens' Advisory Council Monitoring Program,Prince William Sound Regional Citizens' Advisory Council Monitoring Program,SCAK
PWSRCAC,LTEMP,2006,18.550000000000001,60.067500000000003,-147.831944499999992,Blue Mussel,Mytilus trossulus,mussel,Bivalvia,Mussels,Background biomonitoring / Post-oil spill assessment,SLB-B-06-1-2,39,ng/g,dry,Calculated,Whole Body,4.800000000000000,,b,,AlphaAnalytics,,mussel,Prince William Sound Regional Citizens' Advisory Council Monitoring Program,Prince William Sound Regional Citizens' Advisory Council Monitoring Program,SCAK
PWSRCAC,LTEMP,2006,16.750000000000000,60.067500000000003,-147.831944499999992,Blue Mussel,Mytilus trossulus,mussel,Bivalvia,Mussels,Background biomonitoring / Post-oil spill assessment,SLB-B-06-1-3,39,ng/g,dry,Calculated,Whole Body,5.560000000000000,,b,,AlphaAnalytics,,mussel,Prince William Sound Regional Citizens' Advisory Council Monitoring Program,Prince William Sound Regional Citizens' Advisory Council Monitoring Program,SCAK
PWSRCAC,LTEMP,2007,17.459682420000000,60.067500000000003,-147.831944499999992,Blue Mussel,Mytilus trossulus,mussel,Bivalvia,Mussels,Background biomonitoring / Post-oil spill assessment,SLB-B-07-1-1,38,ng/g,dry,Calculated,Whole Body,6.333333000000000,,,,AlphaAnalytics,,mussel,Prince William Sound Regional Citizens' Advisory Council Monitoring Program,Prince William Sound Regional Citizens' Advisory Council Monitoring Program,SCAK
PWSRCAC,LTEMP,2007,26.913510160000001,60.067500000000003,-147.831944499999992,Blue Mussel,Mytilus trossulus,mussel,Bivalvia,Mussels,Background biomonitoring / Post-oil spill assessment,SLB-B-07-1-2,38,ng/g,dry,Calculated,Whole Body,6.246575000000000,,,,AlphaAnalytics,,mussel,Prince William Sound Regional Citizens' Advisory Council Monitoring Program,Prince William Sound Regional Citizens' Advisory Council Monitoring Program,SCAK
PWSRCAC,LTEMP,2007,17.184236790000000,60.067500000000003,-147.831944499999992,Blue Mussel,Mytilus trossulus,mussel,Bivalvia,Mussels,Background biomonitoring / Post-oil spill assessment,SLB-B-07-1-3,38,ng/g,dry,Calculated,Whole Body,6.705882000000000,,,,AlphaAnalytics,,mussel,Prince William Sound Regional Citizens' Advisory Council Monitoring Program,Prince William Sound Regional Citizens' Advisory Council Monitoring Program,SCAK
PWSRCAC,LTEMP,2007,16.610222520000001,60.067500000000003,-147.831944499999992,Blue Mussel,Mytilus trossulus,mussel,Bivalvia,Mussels,Background biomonitoring / Post-oil spill assessment,SLB-B-07-2-1,38,ng/g,dry,Calculated,Whole Body,5.364706000000000,,,,AlphaAnalytics,,mussel,Prince William Sound Regional Citizens' Advisory Council Monitoring Program,Prince William Sound Regional Citizens' Advisory Council Monitoring Program,SCAK
PWSRCAC,LTEMP,2007,12.517045930000000,60.067500000000003,-147.831944499999992,Blue Mussel,Mytilus trossulus,mussel,Bivalvia,Mussels,Background biomonitoring / Post-oil spill assessment,SLB-B-07-2-2,38,ng/g,dry,Calculated,Whole Body,4.903226000000000,,,,AlphaAnalytics,,mussel,Prince William Sound Regional Citizens' Advisory Council Monitoring Program,Prince William Sound Regional Citizens' Advisory Council Monitoring Program,SCAK
PWSRCAC,LTEMP,2007,13.814880900000000,60.067500000000003,-147.831944499999992,Blue Mussel,Mytilus trossulus,mussel,Bivalvia,Mussels,Background biomonitoring / Post-oil spill assessment,SLB-B-07-2-3,38,ng/g,dry,Calculated,Whole Body,5.428571000000000,,,,AlphaAnalytics,,mussel,Prince William Sound Regional Citizens' Advisory Council Monitoring Program,Prince William Sound Regional Citizens' Advisory Council Monitoring Program,SCAK
PWSRCAC,LTEMP,2008,20.778413799999999,60.067500000000003,-147.831944499999992,Blue Mussel,Mytilus trossulus,mussel,Bivalvia,Mussels,Background biomonitoring / Post-oil spill assessment,SLB-B-08-2-1,38,ng/g,dry,Calculated,Whole Body,1.963804000000000,,a,,AlphaAnalytics,,mussel,Prince William Sound Regional Citizens' Advisory Council Monitoring Program,Prince William Sound Regional Citizens' Advisory Council Monitoring Program,SCAK
PWSRCAC,LTEMP,2008,20.751681200000000,60.067500000000003,-147.831944499999992,Blue Mussel,Mytilus trossulus,mussel,Bivalvia,Mussels,Background biomonitoring / Post-oil spill assessment,SLB-B-08-2-2,38,ng/g,dry,Calculated,Whole Body,1.969414000000000,,a,,AlphaAnalytics,,mussel,Prince William Sound Regional Citizens' Advisory Council Monitoring Program,Prince William Sound Regional Citizens' Advisory Council Monitoring Program,SCAK
PWSRCAC,LTEMP,2008,11.968367519999999,60.067500000000003,-147.831944499999992,Blue Mussel,Mytilus trossulus,mussel,Bivalvia,Mussels,Background biomonitoring / Post-oil spill assessment,SLB-B-08-2-3,76,ng/g,dry,Calculated,Whole Body,1.958225000000000,,a,,AlphaAnalytics,,mussel,Prince William Sound Regional Citizens' Advisory Council Monitoring Program,Prince William Sound Regional Citizens' Advisory Council Monitoring Program,SCAK
PWSRCAC,LTEMP,2009,11.245810499999999,60.067500000000003,-147.831944499999992,Blue Mussel,Mytilus trossulus,mussel,Bivalvia,Mussels,Background biomonitoring / Post-oil spill assessment,SLB-B-09-1-1,38,ng/g,dry,Calculated,Whole Body,1.612386000000000,,a,,AlphaAnalytics,,mussel,Prince William Sound Regional Citizens' Advisory Council Monitoring Program,Prince William Sound Regional Citizens' Advisory Council Monitoring Program,SCAK
PWSRCAC,LTEMP,2009,12.757766999999999,60.067500000000003,-147.831944499999992,Blue Mussel,Mytilus trossulus,mussel,Bivalvia,Mussels,Background biomonitoring / Post-oil spill assessment,SLB-B-09-1-2,38,ng/g,dry,Calculated,Whole Body,1.619965000000000,,a,,AlphaAnalytics,,mussel,Prince William Sound Regional Citizens' Advisory Council Monitoring Program,Prince William Sound Regional Citizens' Advisory Council Monitoring Program,SCAK
PWSRCAC,LTEMP,2009,16.100481400000000,60.067500000000003,-147.831944499999992,Blue Mussel,Mytilus trossulus,mussel,Bivalvia,Mussels,Background biomonitoring / Post-oil spill assessment,SLB-B-09-1-3,38,ng/g,dry,Calculated,Whole Body,1.612386000000000,,a,,AlphaAnalytics,,mussel,Prince William Sound Regional Citizens' Advisory Council Monitoring Program,Prince William Sound Regional Citizens' Advisory Council Monitoring Program,SCAK
PWSRCAC,LTEMP,2013,27.866128300000000,60.067500000000003,-147.831944499999992,Blue Mussel,Mytilus trossulus,mussel,Bivalvia,Mussels,Background biomonitoring / Post-oil spill assessment,SLB-B-13-2-1,38,ng/g,dry,Calculated,Whole Body,2.324187000000000,,a,,AlphaAnalytics,,mussel,Prince William Sound Regional Citizens' Advisory Council Monitoring Program,Prince William Sound Regional Citizens' Advisory Council Monitoring Program,SCAK
PWSRCAC,LTEMP,2013,19.691806300000000,60.067500000000003,-147.831944499999992,Blue Mussel,Mytilus trossulus,mussel,Bivalvia,Mussels,Background biomonitoring / Post-oil spill assessment,SLB-B-13-2-2,38,ng/g,dry,Calculated,Whole Body,2.180764000000000,,a,,AlphaAnalytics,,mussel,Prince William Sound Regional Citizens' Advisory Council Monitoring Program,Prince William Sound Regional Citizens' Advisory Council Monitoring Program,SCAK
PWSRCAC,LTEMP,2013,18.784960120000001,60.067500000000003,-147.831944499999992,Blue Mussel,Mytilus trossulus,mussel,Bivalvia,Mussels,Background biomonitoring / Post-oil spill assessment,SLB-B-13-2-3,38,ng/g,dry,Calculated,Whole Body,2.222972000000000,,a,,AlphaAnalytics,,mussel,Prince William Sound Regional Citizens' Advisory Council Monitoring Program,Prince William Sound Regional Citizens' Advisory Council Monitoring Program,SCAK
PWSRCAC,LTEMP,2018,30.499998500000000,60.067500000000003,-147.831944499999992,Blue Mussel,Mytilus trossulus,mussel,Bivalvia,Mussels,Background biomonitoring / Post-oil spill assessment,SLB-B-18-2-1,41,ng/g,dry,Calculated,Whole Body,7.309091000000000,16.90909,JB,89,AlphaAnalytics,,mussel,Prince William Sound Regional Citizens' Advisory Council Monitoring Program,Prince William Sound Regional Citizens' Advisory Council Monitoring Program,SCAK
PWSRCAC,LTEMP,2018,26.592306000000001,60.067500000000003,-147.831944499999992,Blue Mussel,Mytilus trossulus,mussel,Bivalvia,Mussels,Background biomonitoring / Post-oil spill assessment,SLB-B-18-2-2,41,ng/g,dry,Calculated,Whole Body,7.692308000000000,17.92308,JB,87,AlphaAnalytics,,mussel,Prince William Sound Regional Citizens' Advisory Council Monitoring Program,Prince William Sound Regional Citizens' Advisory Council Monitoring Program,SCAK
PWSRCAC,LTEMP,2018,19.619999700000001,60.067500000000003,-147.831944499999992,Blue Mussel,Mytilus trossulus,mussel,Bivalvia,Mussels,Background biomonitoring / Post-oil spill assessment,SLB-B-18-2-3,41,ng/g,dry,Calculated,Whole Body,5.253333000000000,12.2,JB,85,AlphaAnalytics,,mussel,Prince William Sound Regional Citizens' Advisory Council Monitoring Program,Prince William Sound Regional Citizens' Advisory Council Monitoring Program,SCAK
PWSRCAC,LTEMP,2023,60.868000000000002,60.067500000000003,-147.831944499999992,Blue Mussel,Mytilus trossulus,mussel,Bivalvia,Mussels,Background biomonitoring / Post-oil spill assessment,SLB-B-23-1,41,ng/g,wet,Calculated,Whole Body,0.852000000000000,1.98,JB,0,AlphaAnalytics,,mussel,Prince William Sound Regional Citizens' Advisory Council Monitoring Program,Prince William Sound Regional Citizens' Advisory Council Monitoring Program,SCAK
PWSRCAC,LTEMP,2023,63.023000000000003,60.067500000000003,-147.831944499999992,Blue Mussel,Mytilus trossulus,mussel,Bivalvia,Mussels,Background biomonitoring / Post-oil spill assessment,SLB-B-23-2,41,ng/g,wet,Calculated,Whole Body,0.801000000000000,1.86,JB,0,AlphaAnalytics,,mussel,Prince William Sound Regional Citizens' Advisory Council Monitoring Program,Prince William Sound Regional Citizens' Advisory Council Monitoring Program,SCAK
PWSRCAC,LTEMP,2023,65.293000000000006,60.067500000000003,-147.831944499999992,Blue Mussel,Mytilus trossulus,mussel,Bivalvia,Mussels,Background biomonitoring / Post-oil spill assessment,SLB-B-23-3,41,ng/g,wet,Calculated,Whole Body,0.816000000000000,1.89,JB,0,AlphaAnalytics,,mussel,Prince William Sound Regional Citizens' Advisory Council Monitoring Program,Prince William Sound Regional Citizens' Advisory Council Monitoring Program,SCAK
NCCOS,Resurrection Bay Intercomparison Project,2009,145.800000000000011,60.102100000000000,-149.364200000000011,Cockle,Clinocardium nuttallii,cockle,Bivalvia,Clams,Background biomonitoring,SS2009RBNR1CN,38,ng/g,dry,Calculated,Other,,,,,,,cockle,NOAA Resurrection Bay Project,NOAA Regional Studies,SCAK
NCCOS,Resurrection Bay Intercomparison Project,2009,113.400000000000006,60.102100000000000,-149.364200000000011,Soft Shell Clam,Mya arenaria,clam,Bivalvia,Clams,Background biomonitoring,SS2009RBNR1MA,38,ng/g,dry,Calculated,Other,,,Below the MDL,,,,clam,NOAA Resurrection Bay Project,NOAA Regional Studies,SCAK
NCCOS,Resurrection Bay Intercomparison Project,2009,281.899999999999977,60.102100000000000,-149.364200000000011,Blue Mussel,Mytilus edulis,mussel,Bivalvia,Mussels,Background biomonitoring,SS2009RBNR1ME,38,ng/g,dry,Calculated,Other,,,,,,,mussel,NOAA Resurrection Bay Project,NOAA Regional Studies,SCAK
NCCOS,Resurrection Bay Intercomparison Project,2009,154.800000000000011,60.102100000000000,-149.364200000000011,Cockle,Clinocardium nuttallii,cockle,Bivalvia,Clams,Background biomonitoring,SS2009RBNR2CN,38,ng/g,dry,Calculated,Other,,,,,,,cockle,NOAA Resurrection Bay Project,NOAA Regional Studies,SCAK
NCCOS,Resurrection Bay Intercomparison Project,2009,153.300000000000011,60.102100000000000,-149.364200000000011,Soft Shell Clam,Mya arenaria,clam,Bivalvia,Clams,Background biomonitoring,SS2009RBNR2MA,38,ng/g,dry,Calculated,Other,,,,,,,clam,NOAA Resurrection Bay Project,NOAA Regional Studies,SCAK
NCCOS,Resurrection Bay Intercomparison Project,2009,220.500000000000000,60.102100000000000,-149.364200000000011,Blue Mussel,Mytilus edulis,mussel,Bivalvia,Mussels,Background biomonitoring,SS2009RBNR2ME,38,ng/g,dry,Calculated,Other,,,,,,,mussel,NOAA Resurrection Bay Project,NOAA Regional Studies,SCAK
NCCOS,Resurrection Bay Intercomparison Project,2009,88.200000000000003,60.102100000000000,-149.364200000000011,Cockle,Clinocardium nuttallii,cockle,Bivalvia,Clams,Background biomonitoring,SS2009RBNR3CN,38,ng/g,dry,Calculated,Other,,,Below the MDL,,,,cockle,NOAA Resurrection Bay Project,NOAA Regional Studies,SCAK
NCCOS,Resurrection Bay Intercomparison Project,2009,225.800000000000011,60.102100000000000,-149.364200000000011,Soft Shell Clam,Mya arenaria,clam,Bivalvia,Clams,Background biomonitoring,SS2009RBNR3MA,38,ng/g,dry,Calculated,Other,,,Below the MDL,,,,clam,NOAA Resurrection Bay Project,NOAA Regional Studies,SCAK
NCCOS,Resurrection Bay Intercomparison Project,2009,219.500000000000000,60.102100000000000,-149.364200000000011,Blue Mussel,Mytilus edulis,mussel,Bivalvia,Mussels,Background biomonitoring,SS2009RBNR3ME,38,ng/g,dry,Calculated,Other,,,,,,,mussel,NOAA Resurrection Bay Project,NOAA Regional Studies,SCAK
NCCOS,Resurrection Bay Intercomparison Project,2009,206.199999999999989,60.102100000000000,-149.364200000000011,Cockle,Clinocardium nuttallii,cockle,Bivalvia,Clams,Background biomonitoring,SS2009RBNR4CN,38,ng/g,dry,Calculated,Other,,,Below the MDL,,,,cockle,NOAA Resurrection Bay Project,NOAA Regional Studies,SCAK
NCCOS,Resurrection Bay Intercomparison Project,2010,126.799999999999997,60.102100000000000,-149.364200000000011,Soft Shell Clam,Mya arenaria,clam,Bivalvia,Clams,Background biomonitoring,SS2009RBNR4MA,38,ng/g,dry,Calculated,Other,,,Below the MDL,,,,clam,NOAA Resurrection Bay Project,NOAA Regional Studies,SCAK
NCCOS,Resurrection Bay Intercomparison Project,2009,595.100000000000023,60.102100000000000,-149.364200000000011,Blue Mussel,Mytilus edulis,mussel,Bivalvia,Mussels,Background biomonitoring,SS2009RBNR4ME,38,ng/g,dry,Calculated,Other,,,,,,,mussel,NOAA Resurrection Bay Project,NOAA Regional Studies,SCAK
NCCOS,Resurrection Bay Intercomparison Project,2010,132.900000000000006,60.102100000000000,-149.364200000000011,Cockle,Clinocardium nuttallii,cockle,Bivalvia,Clams,Background biomonitoring,SS2009RBNR5CN,38,ng/g,dry,Calculated,Other,,,Below the MDL,,,,cockle,NOAA Resurrection Bay Project,NOAA Regional Studies,SCAK
NCCOS,Resurrection Bay Intercomparison Project,2010,453.300000000000011,60.102100000000000,-149.364200000000011,Blue Mussel,Mytilus edulis,mussel,Bivalvia,Mussels,Background biomonitoring,SS2009RBNR5ME,38,ng/g,dry,Calculated,Other,,,,,,,mussel,NOAA Resurrection Bay Project,NOAA Regional Studies,SCAK
NCCOS,Bristol Bay Study,2013,160.411000000000001,59.039299999999997,-158.478399999999993,Rainbow Smelt,Osmerus mordax,forage fish,Chordata (Actinopterygii),Fish,Background biomonitoring,SS2013BRB_DH-3POM,42,ng/g,dry,Calculated,Other,,,,,,,forage fish,NOAA Bristol Bay Study,NOAA Regional Studies,West
NCCOS,Bristol Bay Study,2013,61.182000000000002,59.039299999999997,-158.478399999999993,Starry Flounder,Platichthys stellatus,flatfish,Chordata (Actinopterygii),Fish,Background biomonitoring,SS2013BRB_DH-3PSF,42,ng/g,dry,Calculated,Other,,,Not detected,,,,flatfish,NOAA Bristol Bay Study,NOAA Regional Studies,West
NCCOS,Bristol Bay Study,2014,55.688000000000002,58.571700000000000,-158.068999999999988,Rainbow Smelt,Osmerus mordax,forage fish,Chordata (Actinopterygii),Fish,Background biomonitoring,SS2014BRB_LK-16AOM,42,ng/g,dry,Calculated,Other,,,Below the MDL,,,,forage fish,NOAA Bristol Bay Study,NOAA Regional Studies,West
NCCOS,Bristol Bay Study,2014,28.832999999999998,58.571700000000000,-158.068999999999988,Starry Flounder,Platichthys stellatus,flatfish,Chordata (Actinopterygii),Fish,Background biomonitoring,SS2014BRB_LK-16ASF,42,ng/g,dry,Calculated,Other,,,Below the MDL,,,,flatfish,NOAA Bristol Bay Study,NOAA Regional Studies,West
NCCOS,Bristol Bay Study,2014,47.381000000000000,58.730499999999999,-156.971000000000004,Rainbow Smelt,Osmerus mordax,forage fish,Chordata (Actinopterygii),Fish,Background biomonitoring,SS2014BRB_NR-2POM,42,ng/g,dry,Calculated,Other,,,Below the MDL,,,,forage fish,NOAA Bristol Bay Study,NOAA Regional Studies,West
NCCOS,Bristol Bay Study,2014,69.420000000000002,58.730499999999999,-156.971000000000004,Starry Flounder,Platichthys stellatus,flatfish,Chordata (Actinopterygii),Fish,Background biomonitoring,SS2014BRB_NR-2aPSF,42,ng/g,dry,Calculated,Other,,,Below the MDL,,,,flatfish,NOAA Bristol Bay Study,NOAA Regional Studies,West
NCCOS,Bristol Bay Study,2014,96.793999999999997,58.730499999999999,-156.971000000000004,Starry Flounder,Platichthys stellatus,flatfish,Chordata (Actinopterygii),Fish,Background biomonitoring,SS2014BRB_NR-2bPSF,42,ng/g,dry,Calculated,Other,,,Below the MDL,,,,flatfish,NOAA Bristol Bay Study,NOAA Regional Studies,West
NCCOS,Bristol Bay Study,2014,27.029000000000000,58.796500000000002,-157.059400000000011,Starry Flounder,Platichthys stellatus,flatfish,Chordata (Actinopterygii),Fish,Background biomonitoring,SS2014BRB_UK-1PSF,42,ng/g,dry,Calculated,Other,,,Below the MDL,,,,flatfish,NOAA Bristol Bay Study,NOAA Regional Studies,West
NCCOS,Bristol Bay Study,2014,44.920999999999999,58.688099999999999,-158.644000000000005,Rainbow Smelt,Osmerus mordax,forage fish,Chordata (Actinopterygii),Fish,Background biomonitoring,SS2014BRB_UN-6AOM,42,ng/g,dry,Calculated,Other,,,Below the MDL,,,,forage fish,NOAA Bristol Bay Study,NOAA Regional Studies,West
NCCOS,Bristol Bay Study,2014,33.139000000000003,58.688099999999999,-158.644000000000005,Starry Flounder,Platichthys stellatus,flatfish,Chordata (Actinopterygii),Fish,Background biomonitoring,SS2014BRB_UN-6ASF,42,ng/g,dry,Calculated,Other,,,Below the MDL,,,,flatfish,NOAA Bristol Bay Study,NOAA Regional Studies,West
PWSRCAC,LTEMP,2002,125.098792200000005,59.218888829999997,-151.518611200000009,Blue Mussel,Mytilus trossulus,mussel,Bivalvia,Mussels,Background biomonitoring / Post-oil spill assessment,WIB-B-02-2-1,37,ng/g,dry,Calculated,Whole Body,30.399999999999999,,BD,,AlphaAnalytics,,mussel,Prince William Sound Regional Citizens' Advisory Council Monitoring Program,Prince William Sound Regional Citizens' Advisory Council Monitoring Program,SCAK
PWSRCAC,LTEMP,2002,79.054861700000004,59.218888829999997,-151.518611200000009,Blue Mussel,Mytilus trossulus,mussel,Bivalvia,Mussels,Background biomonitoring / Post-oil spill assessment,WIB-B-02-2-2,37,ng/g,dry,Calculated,Whole Body,33.043480000000002,,BD,,AlphaAnalytics,,mussel,Prince William Sound Regional Citizens' Advisory Council Monitoring Program,Prince William Sound Regional Citizens' Advisory Council Monitoring Program,SCAK
PWSRCAC,LTEMP,2002,65.937442599999997,59.218888829999997,-151.518611200000009,Blue Mussel,Mytilus trossulus,mussel,Bivalvia,Mussels,Background biomonitoring / Post-oil spill assessment,WIB-B-02-2-3,37,ng/g,dry,Calculated,Whole Body,34.029850000000003,,BD,,AlphaAnalytics,,mussel,Prince William Sound Regional Citizens' Advisory Council Monitoring Program,Prince William Sound Regional Citizens' Advisory Council Monitoring Program,SCAK
PWSRCAC,LTEMP,2003,27.574283699999999,59.218888829999997,-151.518611200000009,Blue Mussel,Mytilus trossulus,mussel,Bivalvia,Mussels,Background biomonitoring / Post-oil spill assessment,WIB-B-03-1-1,37,ng/g,dry,Calculated,Whole Body,27.142859999999999,,BD,,AlphaAnalytics,,mussel,Prince William Sound Regional Citizens' Advisory Council Monitoring Program,Prince William Sound Regional Citizens' Advisory Council Monitoring Program,SCAK
PWSRCAC,LTEMP,2003,8.023171600000000,59.218888829999997,-151.518611200000009,Blue Mussel,Mytilus trossulus,mussel,Bivalvia,Mussels,Background biomonitoring / Post-oil spill assessment,WIB-B-03-1-2,37,ng/g,dry,Calculated,Whole Body,34.029850000000003,,BD,,AlphaAnalytics,,mussel,Prince William Sound Regional Citizens' Advisory Council Monitoring Program,Prince William Sound Regional Citizens' Advisory Council Monitoring Program,SCAK
PWSRCAC,LTEMP,2003,18.968077200000000,59.218888829999997,-151.518611200000009,Blue Mussel,Mytilus trossulus,mussel,Bivalvia,Mussels,Background biomonitoring / Post-oil spill assessment,WIB-B-03-1-2D,37,ng/g,dry,Calculated,Whole Body,34.029850000000003,,BD,,AlphaAnalytics,,mussel,Prince William Sound Regional Citizens' Advisory Council Monitoring Program,Prince William Sound Regional Citizens' Advisory Council Monitoring Program,SCAK
PWSRCAC,LTEMP,2003,14.720605600000001,59.218888829999997,-151.518611200000009,Blue Mussel,Mytilus trossulus,mussel,Bivalvia,Mussels,Background biomonitoring / Post-oil spill assessment,WIB-B-03-1-3,37,ng/g,dry,Calculated,Whole Body,26.511630000000000,,BD,,AlphaAnalytics,,mussel,Prince William Sound Regional Citizens' Advisory Council Monitoring Program,Prince William Sound Regional Citizens' Advisory Council Monitoring Program,SCAK
PWSRCAC,LTEMP,2003,20.870000000000001,59.218888829999997,-151.518611200000009,Blue Mussel,Mytilus trossulus,mussel,Bivalvia,Mussels,Background biomonitoring / Post-oil spill assessment,WIB-B-03-2-1,39,ng/g,dry,Calculated,Whole Body,0.440000000000000,,b,,AlphaAnalytics,,mussel,Prince William Sound Regional Citizens' Advisory Council Monitoring Program,Prince William Sound Regional Citizens' Advisory Council Monitoring Program,SCAK
PWSRCAC,LTEMP,2003,18.640000000000001,59.218888829999997,-151.518611200000009,Blue Mussel,Mytilus trossulus,mussel,Bivalvia,Mussels,Background biomonitoring / Post-oil spill assessment,WIB-B-03-2-2,39,ng/g,dry,Calculated,Whole Body,0.450000000000000,,b,,AlphaAnalytics,,mussel,Prince William Sound Regional Citizens' Advisory Council Monitoring Program,Prince William Sound Regional Citizens' Advisory Council Monitoring Program,SCAK
PWSRCAC,LTEMP,2003,18.039999999999999,59.218888829999997,-151.518611200000009,Blue Mussel,Mytilus trossulus,mussel,Bivalvia,Mussels,Background biomonitoring / Post-oil spill assessment,WIB-B-03-2-3,39,ng/g,dry,Calculated,Whole Body,0.450000000000000,,b,,AlphaAnalytics,,mussel,Prince William Sound Regional Citizens' Advisory Council Monitoring Program,Prince William Sound Regional Citizens' Advisory Council Monitoring Program,SCAK
PWSRCAC,LTEMP,2004,81.189999999999998,59.218888829999997,-151.518611200000009,Blue Mussel,Mytilus trossulus,mussel,Bivalvia,Mussels,Background biomonitoring / Post-oil spill assessment,WIB-B-04-1-1,39,ng/g,dry,Calculated,Whole Body,4.040000000000000,,b,,AlphaAnalytics,,mussel,Prince William Sound Regional Citizens' Advisory Council Monitoring Program,Prince William Sound Regional Citizens' Advisory Council Monitoring Program,SCAK
PWSRCAC,LTEMP,2004,41.909999999999997,59.218888829999997,-151.518611200000009,Blue Mussel,Mytilus trossulus,mussel,Bivalvia,Mussels,Background biomonitoring / Post-oil spill assessment,WIB-B-04-1-2,39,ng/g,dry,Calculated,Whole Body,3.830000000000000,,b,,AlphaAnalytics,,mussel,Prince William Sound Regional Citizens' Advisory Council Monitoring Program,Prince William Sound Regional Citizens' Advisory Council Monitoring Program,SCAK
PWSRCAC,LTEMP,2004,44.640000000000001,59.218888829999997,-151.518611200000009,Blue Mussel,Mytilus trossulus,mussel,Bivalvia,Mussels,Background biomonitoring / Post-oil spill assessment,WIB-B-04-1-3,39,ng/g,dry,Calculated,Whole Body,3.800000000000000,,b,,AlphaAnalytics,,mussel,Prince William Sound Regional Citizens' Advisory Council Monitoring Program,Prince William Sound Regional Citizens' Advisory Council Monitoring Program,SCAK
PWSRCAC,LTEMP,2004,71.120000000000005,59.218888829999997,-151.518611200000009,Blue Mussel,Mytilus trossulus,mussel,Bivalvia,Mussels,Background biomonitoring / Post-oil spill assessment,WIB-B-04-2-1,39,ng/g,dry,Calculated,Whole Body,0.501000000000000,,b,,AlphaAnalytics,,mussel,Prince William Sound Regional Citizens' Advisory Council Monitoring Program,Prince William Sound Regional Citizens' Advisory Council Monitoring Program,SCAK
PWSRCAC,LTEMP,2004,59.899999999999999,59.218888829999997,-151.518611200000009,Blue Mussel,Mytilus trossulus,mussel,Bivalvia,Mussels,Background biomonitoring / Post-oil spill assessment,WIB-B-04-2-2,39,ng/g,dry,Calculated,Whole Body,0.490000000000000,,b,,AlphaAnalytics,,mussel,Prince William Sound Regional Citizens' Advisory Council Monitoring Program,Prince William Sound Regional Citizens' Advisory Council Monitoring Program,SCAK
PWSRCAC,LTEMP,2004,41.850000000000001,59.218888829999997,-151.518611200000009,Blue Mussel,Mytilus trossulus,mussel,Bivalvia,Mussels,Background biomonitoring / Post-oil spill assessment,WIB-B-04-2-3,39,ng/g,dry,Calculated,Whole Body,0.499000000000000,,b,,AlphaAnalytics,,mussel,Prince William Sound Regional Citizens' Advisory Council Monitoring Program,Prince William Sound Regional Citizens' Advisory Council Monitoring Program,SCAK
PWSRCAC,LTEMP,2005,28.100000000000001,59.218888829999997,-151.518611200000009,Blue Mussel,Mytilus trossulus,mussel,Bivalvia,Mussels,Background biomonitoring / Post-oil spill assessment,WIB-B-05-1-1,39,ng/g,dry,Calculated,Whole Body,0.462000000000000,,b,,AlphaAnalytics,,mussel,Prince William Sound Regional Citizens' Advisory Council Monitoring Program,Prince William Sound Regional Citizens' Advisory Council Monitoring Program,SCAK
PWSRCAC,LTEMP,2005,29.690000000000001,59.218888829999997,-151.518611200000009,Blue Mussel,Mytilus trossulus,mussel,Bivalvia,Mussels,Background biomonitoring / Post-oil spill assessment,WIB-B-05-1-2,39,ng/g,dry,Calculated,Whole Body,0.471000000000000,,b,,AlphaAnalytics,,mussel,Prince William Sound Regional Citizens' Advisory Council Monitoring Program,Prince William Sound Regional Citizens' Advisory Council Monitoring Program,SCAK
PWSRCAC,LTEMP,2005,26.850000000000001,59.218888829999997,-151.518611200000009,Blue Mussel,Mytilus trossulus,mussel,Bivalvia,Mussels,Background biomonitoring / Post-oil spill assessment,WIB-B-05-1-3,39,ng/g,dry,Calculated,Whole Body,0.454000000000000,,b,,AlphaAnalytics,,mussel,Prince William Sound Regional Citizens' Advisory Council Monitoring Program,Prince William Sound Regional Citizens' Advisory Council Monitoring Program,SCAK
PWSRCAC,LTEMP,2005,11.000000000000000,59.218888829999997,-151.518611200000009,Blue Mussel,Mytilus trossulus,mussel,Bivalvia,Mussels,Background biomonitoring / Post-oil spill assessment,WIB-B-05-2-1,39,ng/g,dry,Calculated,Whole Body,5.120000000000000,,b,,AlphaAnalytics,,mussel,Prince William Sound Regional Citizens' Advisory Council Monitoring Program,Prince William Sound Regional Citizens' Advisory Council Monitoring Program,SCAK
PWSRCAC,LTEMP,2005,15.150000000000000,59.218888829999997,-151.518611200000009,Blue Mussel,Mytilus trossulus,mussel,Bivalvia,Mussels,Background biomonitoring / Post-oil spill assessment,WIB-B-05-2-2,39,ng/g,dry,Calculated,Whole Body,5.850000000000000,,b,,AlphaAnalytics,,mussel,Prince William Sound Regional Citizens' Advisory Council Monitoring Program,Prince William Sound Regional Citizens' Advisory Council Monitoring Program,SCAK
PWSRCAC,LTEMP,2005,24.680000000000000,59.218888829999997,-151.518611200000009,Blue Mussel,Mytilus trossulus,mussel,Bivalvia,Mussels,Background biomonitoring / Post-oil spill assessment,WIB-B-05-2-3,39,ng/g,dry,Calculated,Whole Body,5.770000000000000,,b,,AlphaAnalytics,,mussel,Prince William Sound Regional Citizens' Advisory Council Monitoring Program,Prince William Sound Regional Citizens' Advisory Council Monitoring Program,SCAK
PWSRCAC,LTEMP,2006,45.350000000000001,59.218888829999997,-151.518611200000009,Blue Mussel,Mytilus trossulus,mussel,Bivalvia,Mussels,Background biomonitoring / Post-oil spill assessment,WIB-B-06-1-1,39,ng/g,dry,Calculated,Whole Body,6.250000000000000,,b,,AlphaAnalytics,,mussel,Prince William Sound Regional Citizens' Advisory Council Monitoring Program,Prince William Sound Regional Citizens' Advisory Council Monitoring Program,SCAK
PWSRCAC,LTEMP,2006,36.329999999999998,59.218888829999997,-151.518611200000009,Blue Mussel,Mytilus trossulus,mussel,Bivalvia,Mussels,Background biomonitoring / Post-oil spill assessment,WIB-B-06-1-2,39,ng/g,dry,Calculated,Whole Body,4.960000000000000,,b,,AlphaAnalytics,,mussel,Prince William Sound Regional Citizens' Advisory Council Monitoring Program,Prince William Sound Regional Citizens' Advisory Council Monitoring Program,SCAK
PWSRCAC,LTEMP,2006,37.930000000000000,59.218888829999997,-151.518611200000009,Blue Mussel,Mytilus trossulus,mussel,Bivalvia,Mussels,Background biomonitoring / Post-oil spill assessment,WIB-B-06-1-3,39,ng/g,dry,Calculated,Whole Body,5.360000000000000,,b,,AlphaAnalytics,,mussel,Prince William Sound Regional Citizens' Advisory Council Monitoring Program,Prince William Sound Regional Citizens' Advisory Council Monitoring Program,SCAK
PWSRCAC,LTEMP,2006,16.520168399999999,59.218888829999997,-151.518611200000009,Blue Mussel,Mytilus trossulus,mussel,Bivalvia,Mussels,Background biomonitoring / Post-oil spill assessment,WIB-B-06-2-1,38,ng/g,dry,Calculated,Whole Body,3.768595000000000,,,,AlphaAnalytics,,mussel,Prince William Sound Regional Citizens' Advisory Council Monitoring Program,Prince William Sound Regional Citizens' Advisory Council Monitoring Program,SCAK
PWSRCAC,LTEMP,2006,21.177457130000001,59.218888829999997,-151.518611200000009,Blue Mussel,Mytilus trossulus,mussel,Bivalvia,Mussels,Background biomonitoring / Post-oil spill assessment,WIB-B-06-2-2,38,ng/g,dry,Calculated,Whole Body,4.222222000000000,,,,AlphaAnalytics,,mussel,Prince William Sound Regional Citizens' Advisory Council Monitoring Program,Prince William Sound Regional Citizens' Advisory Council Monitoring Program,SCAK
PWSRCAC,LTEMP,2006,22.375373600000000,59.218888829999997,-151.518611200000009,Blue Mussel,Mytilus trossulus,mussel,Bivalvia,Mussels,Background biomonitoring / Post-oil spill assessment,WIB-B-06-2-3,38,ng/g,dry,Calculated,Whole Body,3.800000000000000,,,,AlphaAnalytics,,mussel,Prince William Sound Regional Citizens' Advisory Council Monitoring Program,Prince William Sound Regional Citizens' Advisory Council Monitoring Program,SCAK
PWSRCAC,LTEMP,2007,19.385030050000001,59.218888829999997,-151.518611200000009,Blue Mussel,Mytilus trossulus,mussel,Bivalvia,Mussels,Background biomonitoring / Post-oil spill assessment,WIB-B-07-1-1,38,ng/g,dry,Calculated,Whole Body,4.342857000000000,,,,AlphaAnalytics,,mussel,Prince William Sound Regional Citizens' Advisory Council Monitoring Program,Prince William Sound Regional Citizens' Advisory Council Monitoring Program,SCAK
PWSRCAC,LTEMP,2007,22.844412670000001,59.218888829999997,-151.518611200000009,Blue Mussel,Mytilus trossulus,mussel,Bivalvia,Mussels,Background biomonitoring / Post-oil spill assessment,WIB-B-07-1-2,38,ng/g,dry,Calculated,Whole Body,4.071429000000000,,,,AlphaAnalytics,,mussel,Prince William Sound Regional Citizens' Advisory Council Monitoring Program,Prince William Sound Regional Citizens' Advisory Council Monitoring Program,SCAK
PWSRCAC,LTEMP,2007,25.108460340000001,59.218888829999997,-151.518611200000009,Blue Mussel,Mytilus trossulus,mussel,Bivalvia,Mussels,Background biomonitoring / Post-oil spill assessment,WIB-B-07-1-3,38,ng/g,dry,Calculated,Whole Body,3.965217000000000,,,,AlphaAnalytics,,mussel,Prince William Sound Regional Citizens' Advisory Council Monitoring Program,Prince William Sound Regional Citizens' Advisory Council Monitoring Program,SCAK
PWSRCAC,LTEMP,2007,7.969382960000000,59.218888829999997,-151.518611200000009,Blue Mussel,Mytilus trossulus,mussel,Bivalvia,Mussels,Background biomonitoring / Post-oil spill assessment,WIB-B-07-2-1,38,ng/g,dry,Calculated,Whole Body,5.428571000000000,,,,AlphaAnalytics,,mussel,Prince William Sound Regional Citizens' Advisory Council Monitoring Program,Prince William Sound Regional Citizens' Advisory Council Monitoring Program,SCAK
PWSRCAC,LTEMP,2007,7.634742010000000,59.218888829999997,-151.518611200000009,Blue Mussel,Mytilus trossulus,mussel,Bivalvia,Mussels,Background biomonitoring / Post-oil spill assessment,WIB-B-07-2-2,38,ng/g,dry,Calculated,Whole Body,5.302326000000000,,,,AlphaAnalytics,,mussel,Prince William Sound Regional Citizens' Advisory Council Monitoring Program,Prince William Sound Regional Citizens' Advisory Council Monitoring Program,SCAK
PWSRCAC,LTEMP,2007,6.467732830000000,59.218888829999997,-151.518611200000009,Blue Mussel,Mytilus trossulus,mussel,Bivalvia,Mussels,Background biomonitoring / Post-oil spill assessment,WIB-B-07-2-3,38,ng/g,dry,Calculated,Whole Body,5.066667000000000,,,,AlphaAnalytics,,mussel,Prince William Sound Regional Citizens' Advisory Council Monitoring Program,Prince William Sound Regional Citizens' Advisory Council Monitoring Program,SCAK
PWSRCAC,LTEMP,2008,7.059327400000000,59.218888829999997,-151.518611200000009,Blue Mussel,Mytilus trossulus,mussel,Bivalvia,Mussels,Background biomonitoring / Post-oil spill assessment,WIB-B-0802-1,38,ng/g,dry,Calculated,Whole Body,1.947161000000000,,a,,AlphaAnalytics,,mussel,Prince William Sound Regional Citizens' Advisory Council Monitoring Program,Prince William Sound Regional Citizens' Advisory Council Monitoring Program,SCAK
PWSRCAC,LTEMP,2008,8.852219340000000,59.218888829999997,-151.518611200000009,Blue Mussel,Mytilus trossulus,mussel,Bivalvia,Mussels,Background biomonitoring / Post-oil spill assessment,WIB-B-0802-2,38,ng/g,dry,Calculated,Whole Body,1.966605000000000,,a,,AlphaAnalytics,,mussel,Prince William Sound Regional Citizens' Advisory Council Monitoring Program,Prince William Sound Regional Citizens' Advisory Council Monitoring Program,SCAK
PWSRCAC,LTEMP,2008,7.393807800000000,59.218888829999997,-151.518611200000009,Blue Mussel,Mytilus trossulus,mussel,Bivalvia,Mussels,Background biomonitoring / Post-oil spill assessment,WIB-B-0802-3,38,ng/g,dry,Calculated,Whole Body,1.963804000000000,,a,,AlphaAnalytics,,mussel,Prince William Sound Regional Citizens' Advisory Council Monitoring Program,Prince William Sound Regional Citizens' Advisory Council Monitoring Program,SCAK
PWSRCAC,LTEMP,2009,9.546595000000000,59.218888829999997,-151.518611200000009,Blue Mussel,Mytilus trossulus,mussel,Bivalvia,Mussels,Background biomonitoring / Post-oil spill assessment,WIB-B-09-1-1,38,ng/g,dry,Calculated,Whole Body,1.621871000000000,,a,,AlphaAnalytics,,mussel,Prince William Sound Regional Citizens' Advisory Council Monitoring Program,Prince William Sound Regional Citizens' Advisory Council Monitoring Program,SCAK
PWSRCAC,LTEMP,2009,12.015729400000000,59.218888829999997,-151.518611200000009,Blue Mussel,Mytilus trossulus,mussel,Bivalvia,Mussels,Background biomonitoring / Post-oil spill assessment,WIB-B-09-1-2,38,ng/g,dry,Calculated,Whole Body,1.612386000000000,,a,,AlphaAnalytics,,mussel,Prince William Sound Regional Citizens' Advisory Council Monitoring Program,Prince William Sound Regional Citizens' Advisory Council Monitoring Program,SCAK
PWSRCAC,LTEMP,2009,11.929723700000000,59.218888829999997,-151.518611200000009,Blue Mussel,Mytilus trossulus,mussel,Bivalvia,Mussels,Background biomonitoring / Post-oil spill assessment,WIB-B-09-1-3,38,ng/g,dry,Calculated,Whole Body,1.612386000000000,,a,,AlphaAnalytics,,mussel,Prince William Sound Regional Citizens' Advisory Council Monitoring Program,Prince William Sound Regional Citizens' Advisory Council Monitoring Program,SCAK
PWSRCAC,LTEMP,2013,72.215384900000004,59.218888829999997,-151.518611200000009,Blue Mussel,Mytilus trossulus,mussel,Bivalvia,Mussels,Background biomonitoring / Post-oil spill assessment,WIB-B-13-2-1,38,ng/g,dry,Calculated,Whole Body,1.403506000000000,,a,,AlphaAnalytics,,mussel,Prince William Sound Regional Citizens' Advisory Council Monitoring Program,Prince William Sound Regional Citizens' Advisory Council Monitoring Program,SCAK
PWSRCAC,LTEMP,2013,32.986863360000001,59.218888829999997,-151.518611200000009,Blue Mussel,Mytilus trossulus,mussel,Bivalvia,Mussels,Background biomonitoring / Post-oil spill assessment,WIB-B-13-2-2,38,ng/g,dry,Calculated,Whole Body,1.106134000000000,,a,,AlphaAnalytics,,mussel,Prince William Sound Regional Citizens' Advisory Council Monitoring Program,Prince William Sound Regional Citizens' Advisory Council Monitoring Program,SCAK
PWSRCAC,LTEMP,2013,59.513481599999999,59.218888829999997,-151.518611200000009,Blue Mussel,Mytilus trossulus,mussel,Bivalvia,Mussels,Background biomonitoring / Post-oil spill assessment,WIB-B-13-2-3,38,ng/g,dry,Calculated,Whole Body,1.393572000000000,,a,,AlphaAnalytics,,mussel,Prince William Sound Regional Citizens' Advisory Council Monitoring Program,Prince William Sound Regional Citizens' Advisory Council Monitoring Program,SCAK
PWSRCAC,LTEMP,2018,17.150000299999999,59.218888829999997,-151.518611200000009,Blue Mussel,Mytilus trossulus,mussel,Bivalvia,Mussels,Background biomonitoring / Post-oil spill assessment,WIB-B-18-2-1,41,ng/g,dry,Calculated,Whole Body,6.064286000000000,14.07143,JB,86,AlphaAnalytics,,mussel,Prince William Sound Regional Citizens' Advisory Council Monitoring Program,Prince William Sound Regional Citizens' Advisory Council Monitoring Program,SCAK
PWSRCAC,LTEMP,2018,17.953334300000002,59.218888829999997,-151.518611200000009,Blue Mussel,Mytilus trossulus,mussel,Bivalvia,Mussels,Background biomonitoring / Post-oil spill assessment,WIB-B-18-2-2,41,ng/g,dry,Calculated,Whole Body,6.273333000000000,14.53333,JB,85,AlphaAnalytics,,mussel,Prince William Sound Regional Citizens' Advisory Council Monitoring Program,Prince William Sound Regional Citizens' Advisory Council Monitoring Program,SCAK
PWSRCAC,LTEMP,2018,18.428572400000000,59.218888829999997,-151.518611200000009,Blue Mussel,Mytilus trossulus,mussel,Bivalvia,Mussels,Background biomonitoring / Post-oil spill assessment,WIB-B-18-2-3,41,ng/g,dry,Calculated,Whole Body,5.692857000000000,13.21429,JB,86,AlphaAnalytics,,mussel,Prince William Sound Regional Citizens' Advisory Council Monitoring Program,Prince William Sound Regional Citizens' Advisory Council Monitoring Program,SCAK
PWSRCAC,LTEMP,2024,59.366000000000000,59.218888829999997,-151.518611200000009,Blue Mussel,Mytilus trossulus,mussel,Bivalvia,Mussels,Background biomonitoring / Post-oil spill assessment,WIB-B-24-1,41,ng/g,wet,Calculated,Whole Body,0.850000000000000,1.97,JB,0,AlphaAnalytics,,mussel,Prince William Sound Regional Citizens' Advisory Council Monitoring Program,Prince William Sound Regional Citizens' Advisory Council Monitoring Program,SCAK
PWSRCAC,LTEMP,2024,74.370999999999995,59.218888829999997,-151.518611200000009,Blue Mussel,Mytilus trossulus,mussel,Bivalvia,Mussels,Background biomonitoring / Post-oil spill assessment,WIB-B-24-2,41,ng/g,wet,Calculated,Whole Body,0.792000000000000,1.84,JB,0,AlphaAnalytics,,mussel,Prince William Sound Regional Citizens' Advisory Council Monitoring Program,Prince William Sound Regional Citizens' Advisory Council Monitoring Program,SCAK
PWSRCAC,LTEMP,2024,148.643000000000001,59.218888829999997,-151.518611200000009,Blue Mussel,Mytilus trossulus,mussel,Bivalvia,Mussels,Background biomonitoring / Post-oil spill assessment,WIB-B-24-3,41,ng/g,wet,Calculated,Whole Body,1.980000000000000,4.59,JB,0,AlphaAnalytics,,mussel,Prince William Sound Regional Citizens' Advisory Council Monitoring Program,Prince William Sound Regional Citizens' Advisory Council Monitoring Program,SCAK
PWSRCAC,LTEMP,2002,21.067101999999998,60.265830000000001,-147.084450000000004,Blue Mussel,Mytilus trossulus,mussel,Bivalvia,Mussels,Background biomonitoring / Post-oil spill assessment,ZAB-B-02-2-1,37,ng/g,dry,Calculated,Whole Body,35.625000000000000,,BD,,AlphaAnalytics,,mussel,Prince William Sound Regional Citizens' Advisory Council Monitoring Program,Prince William Sound Regional Citizens' Advisory Council Monitoring Program,SCAK
PWSRCAC,LTEMP,2002,16.337730120000000,60.265830000000001,-147.084450000000004,Blue Mussel,Mytilus trossulus,mussel,Bivalvia,Mussels,Background biomonitoring / Post-oil spill assessment,ZAB-B-02-2-2,37,ng/g,dry,Calculated,Whole Body,30.810810000000000,,BD,,AlphaAnalytics,,mussel,Prince William Sound Regional Citizens' Advisory Council Monitoring Program,Prince William Sound Regional Citizens' Advisory Council Monitoring Program,SCAK
PWSRCAC,LTEMP,2002,85.061137700000003,60.265830000000001,-147.084450000000004,Blue Mussel,Mytilus trossulus,mussel,Bivalvia,Mussels,Background biomonitoring / Post-oil spill assessment,ZAB-B-02-2-3,37,ng/g,dry,Calculated,Whole Body,35.625000000000000,,BD,,AlphaAnalytics,,mussel,Prince William Sound Regional Citizens' Advisory Council Monitoring Program,Prince William Sound Regional Citizens' Advisory Council Monitoring Program,SCAK
PWSRCAC,LTEMP,2003,14.710594300000000,60.265830000000001,-147.084450000000004,Blue Mussel,Mytilus trossulus,mussel,Bivalvia,Mussels,Background biomonitoring / Post-oil spill assessment,ZAB-B-03-1-1,37,ng/g,dry,Calculated,Whole Body,33.529409999999999,,BD,,AlphaAnalytics,,mussel,Prince William Sound Regional Citizens' Advisory Council Monitoring Program,Prince William Sound Regional Citizens' Advisory Council Monitoring Program,SCAK
PWSRCAC,LTEMP,2003,13.881347600000000,60.265830000000001,-147.084450000000004,Blue Mussel,Mytilus trossulus,mussel,Bivalvia,Mussels,Background biomonitoring / Post-oil spill assessment,ZAB-B-03-1-2,37,ng/g,dry,Calculated,Whole Body,27.142859999999999,,BD,,AlphaAnalytics,,mussel,Prince William Sound Regional Citizens' Advisory Council Monitoring Program,Prince William Sound Regional Citizens' Advisory Council Monitoring Program,SCAK
PWSRCAC,LTEMP,2003,10.053922200000001,60.265830000000001,-147.084450000000004,Blue Mussel,Mytilus trossulus,mussel,Bivalvia,Mussels,Background biomonitoring / Post-oil spill assessment,ZAB-B-03-1-3,37,ng/g,dry,Calculated,Whole Body,26.206900000000001,,BD,,AlphaAnalytics,,mussel,Prince William Sound Regional Citizens' Advisory Council Monitoring Program,Prince William Sound Regional Citizens' Advisory Council Monitoring Program,SCAK
PWSRCAC,LTEMP,2003,33.729999999999997,60.265830000000001,-147.084450000000004,Blue Mussel,Mytilus trossulus,mussel,Bivalvia,Mussels,Background biomonitoring / Post-oil spill assessment,ZAB-B-03-2-1,39,ng/g,dry,Calculated,Whole Body,9.310000000000000,,b,,AlphaAnalytics,,mussel,Prince William Sound Regional Citizens' Advisory Council Monitoring Program,Prince William Sound Regional Citizens' Advisory Council Monitoring Program,SCAK
PWSRCAC,LTEMP,2003,47.289999999999999,60.265830000000001,-147.084450000000004,Blue Mussel,Mytilus trossulus,mussel,Bivalvia,Mussels,Background biomonitoring / Post-oil spill assessment,ZAB-B-03-2-2,39,ng/g,dry,Calculated,Whole Body,7.130000000000000,,b,,AlphaAnalytics,,mussel,Prince William Sound Regional Citizens' Advisory Council Monitoring Program,Prince William Sound Regional Citizens' Advisory Council Monitoring Program,SCAK
PWSRCAC,LTEMP,2003,79.069999999999993,60.265830000000001,-147.084450000000004,Blue Mussel,Mytilus trossulus,mussel,Bivalvia,Mussels,Background biomonitoring / Post-oil spill assessment,ZAB-B-03-2-3,39,ng/g,dry,Calculated,Whole Body,6.610000000000000,,b,,AlphaAnalytics,,mussel,Prince William Sound Regional Citizens' Advisory Council Monitoring Program,Prince William Sound Regional Citizens' Advisory Council Monitoring Program,SCAK
PWSRCAC,LTEMP,2004,43.509999999999998,60.265830000000001,-147.084450000000004,Blue Mussel,Mytilus trossulus,mussel,Bivalvia,Mussels,Background biomonitoring / Post-oil spill assessment,ZAB-B-04-1-1,39,ng/g,dry,Calculated,Whole Body,5.700000000000000,,b,,AlphaAnalytics,,mussel,Prince William Sound Regional Citizens' Advisory Council Monitoring Program,Prince William Sound Regional Citizens' Advisory Council Monitoring Program,SCAK
PWSRCAC,LTEMP,2004,33.340000000000003,60.265830000000001,-147.084450000000004,Blue Mussel,Mytilus trossulus,mussel,Bivalvia,Mussels,Background biomonitoring / Post-oil spill assessment,ZAB-B-04-1-2,39,ng/g,dry,Calculated,Whole Body,5.770000000000000,,b,,AlphaAnalytics,,mussel,Prince William Sound Regional Citizens' Advisory Council Monitoring Program,Prince William Sound Regional Citizens' Advisory Council Monitoring Program,SCAK
PWSRCAC,LTEMP,2004,46.810000000000002,60.265830000000001,-147.084450000000004,Blue Mussel,Mytilus trossulus,mussel,Bivalvia,Mussels,Background biomonitoring / Post-oil spill assessment,ZAB-B-04-1-3,39,ng/g,dry,Calculated,Whole Body,5.360000000000000,,b,,AlphaAnalytics,,mussel,Prince William Sound Regional Citizens' Advisory Council Monitoring Program,Prince William Sound Regional Citizens' Advisory Council Monitoring Program,SCAK
PWSRCAC,LTEMP,2004,37.680000000000000,60.265830000000001,-147.084450000000004,Blue Mussel,Mytilus trossulus,mussel,Bivalvia,Mussels,Background biomonitoring / Post-oil spill assessment,ZAB-B-04-2-1,39,ng/g,dry,Calculated,Whole Body,0.528000000000000,,b,,AlphaAnalytics,,mussel,Prince William Sound Regional Citizens' Advisory Council Monitoring Program,Prince William Sound Regional Citizens' Advisory Council Monitoring Program,SCAK
PWSRCAC,LTEMP,2004,44.500000000000000,60.265830000000001,-147.084450000000004,Blue Mussel,Mytilus trossulus,mussel,Bivalvia,Mussels,Background biomonitoring / Post-oil spill assessment,ZAB-B-04-2-2,39,ng/g,dry,Calculated,Whole Body,0.470000000000000,,b,,AlphaAnalytics,,mussel,Prince William Sound Regional Citizens' Advisory Council Monitoring Program,Prince William Sound Regional Citizens' Advisory Council Monitoring Program,SCAK
PWSRCAC,LTEMP,2004,41.409999999999997,60.265830000000001,-147.084450000000004,Blue Mussel,Mytilus trossulus,mussel,Bivalvia,Mussels,Background biomonitoring / Post-oil spill assessment,ZAB-B-04-2-3,39,ng/g,dry,Calculated,Whole Body,0.475000000000000,,b,,AlphaAnalytics,,mussel,Prince William Sound Regional Citizens' Advisory Council Monitoring Program,Prince William Sound Regional Citizens' Advisory Council Monitoring Program,SCAK
PWSRCAC,LTEMP,2005,49.450000000000003,60.265830000000001,-147.084450000000004,Blue Mussel,Mytilus trossulus,mussel,Bivalvia,Mussels,Background biomonitoring / Post-oil spill assessment,ZAB-B-05-1-1,39,ng/g,dry,Calculated,Whole Body,0.488000000000000,,b,,AlphaAnalytics,,mussel,Prince William Sound Regional Citizens' Advisory Council Monitoring Program,Prince William Sound Regional Citizens' Advisory Council Monitoring Program,SCAK
PWSRCAC,LTEMP,2005,65.569999999999993,60.265830000000001,-147.084450000000004,Blue Mussel,Mytilus trossulus,mussel,Bivalvia,Mussels,Background biomonitoring / Post-oil spill assessment,ZAB-B-05-1-2,39,ng/g,dry,Calculated,Whole Body,0.486000000000000,,b,,AlphaAnalytics,,mussel,Prince William Sound Regional Citizens' Advisory Council Monitoring Program,Prince William Sound Regional Citizens' Advisory Council Monitoring Program,SCAK
PWSRCAC,LTEMP,2005,65.090000000000003,60.265830000000001,-147.084450000000004,Blue Mussel,Mytilus trossulus,mussel,Bivalvia,Mussels,Background biomonitoring / Post-oil spill assessment,ZAB-B-05-1-3,39,ng/g,dry,Calculated,Whole Body,0.487000000000000,,b,,AlphaAnalytics,,mussel,Prince William Sound Regional Citizens' Advisory Council Monitoring Program,Prince William Sound Regional Citizens' Advisory Council Monitoring Program,SCAK
PWSRCAC,LTEMP,2005,16.230000000000000,60.265830000000001,-147.084450000000004,Blue Mussel,Mytilus trossulus,mussel,Bivalvia,Mussels,Background biomonitoring / Post-oil spill assessment,ZAB-B-05-2-1,39,ng/g,dry,Calculated,Whole Body,6.420000000000000,,b,,AlphaAnalytics,,mussel,Prince William Sound Regional Citizens' Advisory Council Monitoring Program,Prince William Sound Regional Citizens' Advisory Council Monitoring Program,SCAK
PWSRCAC,LTEMP,2005,23.680000000000000,60.265830000000001,-147.084450000000004,Blue Mussel,Mytilus trossulus,mussel,Bivalvia,Mussels,Background biomonitoring / Post-oil spill assessment,ZAB-B-05-2-2,39,ng/g,dry,Calculated,Whole Body,5.630000000000000,,b,,AlphaAnalytics,,mussel,Prince William Sound Regional Citizens' Advisory Council Monitoring Program,Prince William Sound Regional Citizens' Advisory Council Monitoring Program,SCAK
PWSRCAC,LTEMP,2005,10.869999999999999,60.265830000000001,-147.084450000000004,Blue Mussel,Mytilus trossulus,mussel,Bivalvia,Mussels,Background biomonitoring / Post-oil spill assessment,ZAB-B-05-2-3,39,ng/g,dry,Calculated,Whole Body,5.850000000000000,,b,,AlphaAnalytics,,mussel,Prince William Sound Regional Citizens' Advisory Council Monitoring Program,Prince William Sound Regional Citizens' Advisory Council Monitoring Program,SCAK
PWSRCAC,LTEMP,2006,13.060000000000000,60.265830000000001,-147.084450000000004,Blue Mussel,Mytilus trossulus,mussel,Bivalvia,Mussels,Background biomonitoring / Post-oil spill assessment,ZAB-B-06-1-1,39,ng/g,dry,Calculated,Whole Body,4.900000000000000,,b,,AlphaAnalytics,,mussel,Prince William Sound Regional Citizens' Advisory Council Monitoring Program,Prince William Sound Regional Citizens' Advisory Council Monitoring Program,SCAK
PWSRCAC,LTEMP,2006,10.910000000000000,60.265830000000001,-147.084450000000004,Blue Mussel,Mytilus trossulus,mussel,Bivalvia,Mussels,Background biomonitoring / Post-oil spill assessment,ZAB-B-06-1-2,39,ng/g,dry,Calculated,Whole Body,5.240000000000000,,b,,AlphaAnalytics,,mussel,Prince William Sound Regional Citizens' Advisory Council Monitoring Program,Prince William Sound Regional Citizens' Advisory Council Monitoring Program,SCAK
PWSRCAC,LTEMP,2006,12.660000000000000,60.265830000000001,-147.084450000000004,Blue Mussel,Mytilus trossulus,mussel,Bivalvia,Mussels,Background biomonitoring / Post-oil spill assessment,ZAB-B-06-1-3,39,ng/g,dry,Calculated,Whole Body,5.180000000000000,,b,,AlphaAnalytics,,mussel,Prince William Sound Regional Citizens' Advisory Council Monitoring Program,Prince William Sound Regional Citizens' Advisory Council Monitoring Program,SCAK
PWSRCAC,LTEMP,2006,22.918680460000001,60.265830000000001,-147.084450000000004,Blue Mussel,Mytilus trossulus,mussel,Bivalvia,Mussels,Background biomonitoring / Post-oil spill assessment,ZAB-B-06-2-1,38,ng/g,dry,Calculated,Whole Body,4.800000000000000,,,,AlphaAnalytics,,mussel,Prince William Sound Regional Citizens' Advisory Council Monitoring Program,Prince William Sound Regional Citizens' Advisory Council Monitoring Program,SCAK
PWSRCAC,LTEMP,2006,20.183107209999999,60.265830000000001,-147.084450000000004,Blue Mussel,Mytilus trossulus,mussel,Bivalvia,Mussels,Background biomonitoring / Post-oil spill assessment,ZAB-B-06-2-2,38,ng/g,dry,Calculated,Whole Body,4.701031000000000,,,,AlphaAnalytics,,mussel,Prince William Sound Regional Citizens' Advisory Council Monitoring Program,Prince William Sound Regional Citizens' Advisory Council Monitoring Program,SCAK
PWSRCAC,LTEMP,2006,17.831240139999998,60.265830000000001,-147.084450000000004,Blue Mussel,Mytilus trossulus,mussel,Bivalvia,Mussels,Background biomonitoring / Post-oil spill assessment,ZAB-B-06-2-3,38,ng/g,dry,Calculated,Whole Body,5.629630000000000,,,,AlphaAnalytics,,mussel,Prince William Sound Regional Citizens' Advisory Council Monitoring Program,Prince William Sound Regional Citizens' Advisory Council Monitoring Program,SCAK
PWSRCAC,LTEMP,2007,22.129406809999999,60.265830000000001,-147.084450000000004,Blue Mussel,Mytilus trossulus,mussel,Bivalvia,Mussels,Background biomonitoring / Post-oil spill assessment,ZAB-B-07-1-1,38,ng/g,dry,Calculated,Whole Body,5.493976000000000,,,,AlphaAnalytics,,mussel,Prince William Sound Regional Citizens' Advisory Council Monitoring Program,Prince William Sound Regional Citizens' Advisory Council Monitoring Program,SCAK
PWSRCAC,LTEMP,2007,24.925982130000001,60.265830000000001,-147.084450000000004,Blue Mussel,Mytilus trossulus,mussel,Bivalvia,Mussels,Background biomonitoring / Post-oil spill assessment,ZAB-B-07-1-2,38,ng/g,dry,Calculated,Whole Body,5.493976000000000,,,,AlphaAnalytics,,mussel,Prince William Sound Regional Citizens' Advisory Council Monitoring Program,Prince William Sound Regional Citizens' Advisory Council Monitoring Program,SCAK
PWSRCAC,LTEMP,2007,35.626538170000003,60.265830000000001,-147.084450000000004,Blue Mussel,Mytilus trossulus,mussel,Bivalvia,Mussels,Background biomonitoring / Post-oil spill assessment,ZAB-B-07-1-3,38,ng/g,dry,Calculated,Whole Body,5.560976000000000,,,,AlphaAnalytics,,mussel,Prince William Sound Regional Citizens' Advisory Council Monitoring Program,Prince William Sound Regional Citizens' Advisory Council Monitoring Program,SCAK
PWSRCAC,LTEMP,2007,10.783530400000000,60.265830000000001,-147.084450000000004,Blue Mussel,Mytilus trossulus,mussel,Bivalvia,Mussels,Background biomonitoring / Post-oil spill assessment,ZAB-B-07-2-1,38,ng/g,dry,Calculated,Whole Body,7.125000000000000,,,,AlphaAnalytics,,mussel,Prince William Sound Regional Citizens' Advisory Council Monitoring Program,Prince William Sound Regional Citizens' Advisory Council Monitoring Program,SCAK
PWSRCAC,LTEMP,2007,14.563052400000000,60.265830000000001,-147.084450000000004,Blue Mussel,Mytilus trossulus,mussel,Bivalvia,Mussels,Background biomonitoring / Post-oil spill assessment,ZAB-B-07-2-2,38,ng/g,dry,Calculated,Whole Body,5.772152000000000,,,,AlphaAnalytics,,mussel,Prince William Sound Regional Citizens' Advisory Council Monitoring Program,Prince William Sound Regional Citizens' Advisory Council Monitoring Program,SCAK
PWSRCAC,LTEMP,2007,180.802640800000006,60.265830000000001,-147.084450000000004,Blue Mussel,Mytilus trossulus,mussel,Bivalvia,Mussels,Background biomonitoring / Post-oil spill assessment,ZAB-B-07-2-3,38,ng/g,dry,Calculated,Whole Body,5.493976000000000,,,,AlphaAnalytics,,mussel,Prince William Sound Regional Citizens' Advisory Council Monitoring Program,Prince William Sound Regional Citizens' Advisory Council Monitoring Program,SCAK
PWSRCAC,LTEMP,2008,6.518628300000000,60.265830000000001,-147.084450000000004,Blue Mussel,Mytilus trossulus,mussel,Bivalvia,Mussels,Background biomonitoring / Post-oil spill assessment,ZAB-B-08-2-1,38,ng/g,dry,Calculated,Whole Body,1.963804000000000,,a,,AlphaAnalytics,,mussel,Prince William Sound Regional Citizens' Advisory Council Monitoring Program,Prince William Sound Regional Citizens' Advisory Council Monitoring Program,SCAK
PWSRCAC,LTEMP,2008,3.598904400000000,60.265830000000001,-147.084450000000004,Blue Mussel,Mytilus trossulus,mussel,Bivalvia,Mussels,Background biomonitoring / Post-oil spill assessment,ZAB-B-08-2-2,38,ng/g,dry,Calculated,Whole Body,1.963804000000000,,a,,AlphaAnalytics,,mussel,Prince William Sound Regional Citizens' Advisory Council Monitoring Program,Prince William Sound Regional Citizens' Advisory Council Monitoring Program,SCAK
PWSRCAC,LTEMP,2008,3.599403200000000,60.265830000000001,-147.084450000000004,Blue Mussel,Mytilus trossulus,mussel,Bivalvia,Mussels,Background biomonitoring / Post-oil spill assessment,ZAB-B-08-2-3,38,ng/g,dry,Calculated,Whole Body,1.969414000000000,,a,,AlphaAnalytics,,mussel,Prince William Sound Regional Citizens' Advisory Council Monitoring Program,Prince William Sound Regional Citizens' Advisory Council Monitoring Program,SCAK
PWSRCAC,LTEMP,2009,11.750870200000000,60.265830000000001,-147.084450000000004,Blue Mussel,Mytilus trossulus,mussel,Bivalvia,Mussels,Background biomonitoring / Post-oil spill assessment,ZAB-B-09-1-1,38,ng/g,dry,Calculated,Whole Body,1.606748000000000,,a,,AlphaAnalytics,,mussel,Prince William Sound Regional Citizens' Advisory Council Monitoring Program,Prince William Sound Regional Citizens' Advisory Council Monitoring Program,SCAK
PWSRCAC,LTEMP,2009,10.292516729999999,60.265830000000001,-147.084450000000004,Blue Mussel,Mytilus trossulus,mussel,Bivalvia,Mussels,Background biomonitoring / Post-oil spill assessment,ZAB-B-09-1-2,38,ng/g,dry,Calculated,Whole Body,1.599292000000000,,a,,AlphaAnalytics,,mussel,Prince William Sound Regional Citizens' Advisory Council Monitoring Program,Prince William Sound Regional Citizens' Advisory Council Monitoring Program,SCAK
PWSRCAC,LTEMP,2009,10.335330400000000,60.265830000000001,-147.084450000000004,Blue Mussel,Mytilus trossulus,mussel,Bivalvia,Mussels,Background biomonitoring / Post-oil spill assessment,ZAB-B-09-1-3,38,ng/g,dry,Calculated,Whole Body,1.614274000000000,,a,,AlphaAnalytics,,mussel,Prince William Sound Regional Citizens' Advisory Council Monitoring Program,Prince William Sound Regional Citizens' Advisory Council Monitoring Program,SCAK
PWSRCAC,LTEMP,2013,33.292955800000001,60.265830000000001,-147.084450000000004,Blue Mussel,Mytilus trossulus,mussel,Bivalvia,Mussels,Background biomonitoring / Post-oil spill assessment,ZAB-B-13-2-1,38,ng/g,dry,Calculated,Whole Body,2.542883000000000,,a,,AlphaAnalytics,,mussel,Prince William Sound Regional Citizens' Advisory Council Monitoring Program,Prince William Sound Regional Citizens' Advisory Council Monitoring Program,SCAK
PWSRCAC,LTEMP,2013,29.112004599999999,60.265830000000001,-147.084450000000004,Blue Mussel,Mytilus trossulus,mussel,Bivalvia,Mussels,Background biomonitoring / Post-oil spill assessment,ZAB-B-13-2-2,38,ng/g,dry,Calculated,Whole Body,2.026828000000000,,a,,AlphaAnalytics,,mussel,Prince William Sound Regional Citizens' Advisory Council Monitoring Program,Prince William Sound Regional Citizens' Advisory Council Monitoring Program,SCAK
PWSRCAC,LTEMP,2013,27.148677100000000,60.265830000000001,-147.084450000000004,Blue Mussel,Mytilus trossulus,mussel,Bivalvia,Mussels,Background biomonitoring / Post-oil spill assessment,ZAB-B-13-2-3,38,ng/g,dry,Calculated,Whole Body,2.289440000000000,,a,,AlphaAnalytics,,mussel,Prince William Sound Regional Citizens' Advisory Council Monitoring Program,Prince William Sound Regional Citizens' Advisory Council Monitoring Program,SCAK
PWSRCAC,LTEMP,2018,21.453333300000001,60.265830000000001,-147.084450000000004,Blue Mussel,Mytilus trossulus,mussel,Bivalvia,Mussels,Background biomonitoring / Post-oil spill assessment,ZAB-B-18-2-1,41,ng/g,dry,Calculated,Whole Body,5.273333000000000,12.2,JB,85,AlphaAnalytics,,mussel,Prince William Sound Regional Citizens' Advisory Council Monitoring Program,Prince William Sound Regional Citizens' Advisory Council Monitoring Program,SCAK
PWSRCAC,LTEMP,2018,20.079999699999998,60.265830000000001,-147.084450000000004,Blue Mussel,Mytilus trossulus,mussel,Bivalvia,Mussels,Background biomonitoring / Post-oil spill assessment,ZAB-B-18-2-1-DUP,41,ng/g,dry,Calculated,Whole Body,5.493333000000000,12.73333,JB,85,AlphaAnalytics,,mussel,Prince William Sound Regional Citizens' Advisory Council Monitoring Program,Prince William Sound Regional Citizens' Advisory Council Monitoring Program,SCAK
PWSRCAC,LTEMP,2018,21.937500000000000,60.265830000000001,-147.084450000000004,Blue Mussel,Mytilus trossulus,mussel,Bivalvia,Mussels,Background biomonitoring / Post-oil spill assessment,ZAB-B-18-2-2,41,ng/g,dry,Calculated,Whole Body,5.062500000000000,11.75,JB,84,AlphaAnalytics,,mussel,Prince William Sound Regional Citizens' Advisory Council Monitoring Program,Prince William Sound Regional Citizens' Advisory Council Monitoring Program,SCAK
PWSRCAC,LTEMP,2018,21.324999999999999,60.265830000000001,-147.084450000000004,Blue Mussel,Mytilus trossulus,mussel,Bivalvia,Mussels,Background biomonitoring / Post-oil spill assessment,ZAB-B-18-2-3,41,ng/g,dry,Calculated,Whole Body,4.862500000000000,11.25,JB,84,AlphaAnalytics,,mussel,Prince William Sound Regional Citizens' Advisory Council Monitoring Program,Prince William Sound Regional Citizens' Advisory Council Monitoring Program,SCAK
PWSRCAC,LTEMP,2023,66.760999999999996,60.265830000000001,-147.084450000000004,Blue Mussel,Mytilus trossulus,mussel,Bivalvia,Mussels,Background biomonitoring / Post-oil spill assessment,ZAB-B-23-1,41,ng/g,wet,Calculated,Whole Body,0.847000000000000,1.96,JB,0,AlphaAnalytics,,mussel,Prince William Sound Regional Citizens' Advisory Council Monitoring Program,Prince William Sound Regional Citizens' Advisory Council Monitoring Program,SCAK
PWSRCAC,LTEMP,2023,66.712999999999994,60.265830000000001,-147.084450000000004,Blue Mussel,Mytilus trossulus,mussel,Bivalvia,Mussels,Background biomonitoring / Post-oil spill assessment,ZAB-B-23-2,41,ng/g,wet,Calculated,Whole Body,0.862000000000000,2,JB,0,AlphaAnalytics,,mussel,Prince William Sound Regional Citizens' Advisory Council Monitoring Program,Prince William Sound Regional Citizens' Advisory Council Monitoring Program,SCAK
PWSRCAC,LTEMP,2023,76.501000000000005,60.265830000000001,-147.084450000000004,Blue Mussel,Mytilus trossulus,mussel,Bivalvia,Mussels,Background biomonitoring / Post-oil spill assessment,ZAB-B-23-3,41,ng/g,wet,Calculated,Whole Body,0.852000000000000,1.98,JB,0,AlphaAnalytics,,mussel,Prince William Sound Regional Citizens' Advisory Council Monitoring Program,Prince William Sound Regional Citizens' Advisory Council Monitoring Program,SCAK
Diver,NOAA Pribilofs Special Study 2000,2000,867.677999999999997,57.126199999999997,-170.277999999999992,Blue Mussel,Mytilus edulis,mussel,Bivalvia,Mussels,Background biomonitoring,1096-06-SS2000SNPLS1M,,ng/g,wet,Provided,Whole Body,1.000000000000000,1,CALC_018,,,,mussel,NOAA Pribilofs Special Study,NOAA Regional Studies,West
Diver,NOAA Pribilofs Special Study 2000,2000,1614.813000000000102,57.124000000000002,-170.279699999999991,Blue Mussel,Mytilus edulis,mussel,Bivalvia,Mussels,Background biomonitoring,1096-06-SS2000SNPSC1M,,ng/g,wet,Provided,Whole Body,1.000000000000000,1,CALC_018,,,,mussel,NOAA Pribilofs Special Study,NOAA Regional Studies,West
Diver,NOAA Pribilofs Special Study 2000,2000,577.429999999999950,57.129899999999999,-170.277800000000013,Blue Mussel,Mytilus edulis,mussel,Bivalvia,Mussels,Background biomonitoring,1096-06-SS2000SNPUS1M,,ng/g,wet,Provided,Whole Body,1.000000000000000,1,CALC_018,,,,mussel,NOAA Pribilofs Special Study,NOAA Regional Studies,West
Diver,NOAA Pribilofs Special Study 2000,2000,18.079999999999998,57.154699999999998,-170.356300000000005,Blue Mussel,Mytilus edulis,mussel,Bivalvia,Mussels,Background biomonitoring,1096-06-SS2000SNPZB1M,,ng/g,wet,Provided,Whole Body,1.000000000000000,1,CALC_018,,,,mussel,NOAA Pribilofs Special Study,NOAA Regional Studies,West
Diver,Mussel Watch:Alaska 2001,2001,6.341000000000000,55.293833329999998,-131.548000000000002,Blue Mussel,Mytilus edulis,mussel,Bivalvia,Mussels,Background biomonitoring,MWAK-16-2001KTMP1ME_1MS,,ng/g,wet,Provided,Other,1.000000000000000,1,CALC_018,,,,mussel,NOAA Mussel Watch,NOAA Mussel Watch,SEAK
Diver,Mussel Watch:Alaska 2001,2001,5.860285720000000,60.960833330000000,-147.645999999999987,Blue Mussel,Mytilus edulis,mussel,Bivalvia,Mussels,Background biomonitoring,MWAK-16-2001UISB1ME_1MS,,ng/g,wet,Provided,Other,1.000000000000000,1,CALC_018,,,,mussel,NOAA Mussel Watch,NOAA Mussel Watch,SCAK
Diver,Mussel Watch:Alaska 2001,2001,6.524571420000000,61.132833329999997,-146.461000000000013,Blue Mussel,Mytilus edulis,mussel,Bivalvia,Mussels,Background biomonitoring,MWAK-16-2001PVMC1ME_1MS,,ng/g,wet,Provided,Other,1.000000000000000,1,CALC_018,,,,mussel,NOAA Mussel Watch,NOAA Mussel Watch,SCAK
Diver,Mussel Watch:Alaska 2001,2001,10.371428560000000,59.614500000000000,-151.444166700000011,Blue Mussel,Mytilus edulis,mussel,Bivalvia,Mussels,Background biomonitoring,MWAK-16-2001CIHS1ME_1MS,,ng/g,wet,Provided,Other,1.000000000000000,1,CALC_018,,,,mussel,NOAA Mussel Watch,NOAA Mussel Watch,SCAK
Diver,Mussel Watch:Alaska 2001,2001,9.881005719999999,59.453333330000000,-135.336500000000001,Blue Mussel,Mytilus edulis,mussel,Bivalvia,Mussels,Background biomonitoring,MWAK-16-2001NBES1ME_1MS,,ng/g,wet,Provided,Other,1.000000000000000,1,CALC_018,,,,mussel,NOAA Mussel Watch,NOAA Mussel Watch,SEAK
Diver,NOAA Metlakatla Annette Islands Biota 2002,2002,10.090000000000000,55.127830000000003,-131.595220000000012,Butter Clam,Saxidomus gigantea,clam,Bivalvia,Clams,Background biomonitoring,1096-01-512007,,ng/g,wet,Provided,Other,1.000000000000000,1,CALC_017,,,,clam,NOAA Metlakatla Annette Islands Biota Study,NOAA Regional Studies,SEAK
Diver,NOAA Metlakatla Annette Islands Biota 2002,2002,9.199999999999999,55.127830000000003,-131.595220000000012,Butter Clam,Saxidomus gigantea,clam,Bivalvia,Clams,Background biomonitoring,1096-01-512012,,ng/g,wet,Provided,Other,1.000000000000000,1,CALC_017,,,,clam,NOAA Metlakatla Annette Islands Biota Study,NOAA Regional Studies,SEAK
Diver,NOAA Metlakatla Annette Islands Biota 2002,2002,5.110000000000000,55.127389999999998,-131.596859999999992,Butter Clam,Saxidomus gigantea,clam,Bivalvia,Clams,Background biomonitoring,1096-01-512008,,ng/g,wet,Provided,Other,1.000000000000000,1,CALC_017,,,,clam,NOAA Metlakatla Annette Islands Biota Study,NOAA Regional Studies,SEAK
Diver,NOAA Metlakatla Annette Islands Biota 2002,2002,8.840000000000000,55.128250000000001,-131.595529999999997,Butter Clam,Saxidomus gigantea,clam,Bivalvia,Clams,Background biomonitoring,1096-01-512009,,ng/g,wet,Provided,Other,1.000000000000000,1,CALC_017,,,,clam,NOAA Metlakatla Annette Islands Biota Study,NOAA Regional Studies,SEAK
Diver,NOAA Metlakatla Annette Islands Biota 2002,2002,8.550000000000001,55.128030000000003,-131.597919999999988,Butter Clam,Saxidomus gigantea,clam,Bivalvia,Clams,Background biomonitoring,1096-01-512010,,ng/g,wet,Provided,Other,1.000000000000000,1,CALC_017,,,,clam,NOAA Metlakatla Annette Islands Biota Study,NOAA Regional Studies,SEAK
Diver,NOAA Metlakatla Annette Islands Biota 2002,2002,4.930000000000000,55.126680000000000,-131.598080000000010,Butter Clam,Saxidomus gigantea,clam,Bivalvia,Clams,Background biomonitoring,1096-01-512011,,ng/g,wet,Provided,Other,1.000000000000000,1,CALC_017,,,,clam,NOAA Metlakatla Annette Islands Biota Study,NOAA Regional Studies,SEAK
Diver,NOAA Metlakatla Annette Islands Biota 2002,2002,2.040000000000000,55.126199999999997,-131.593299999999999,Cockle,Clinocardium nuttallii,cockle,Bivalvia,Clams,Background biomonitoring,1096-01-509015,,ng/g,wet,Provided,Other,1.000000000000000,1,CALC_017,,,,cockle,NOAA Metlakatla Annette Islands Biota Study,NOAA Regional Studies,SEAK
Diver,NOAA Metlakatla Annette Islands Biota 2002,2002,4.110000000000000,55.126100000000001,-131.595900000000000,Cockle,Clinocardium nuttallii,cockle,Bivalvia,Clams,Background biomonitoring,1096-01-509016,,ng/g,wet,Provided,Other,1.000000000000000,1,CALC_017,,,,cockle,NOAA Metlakatla Annette Islands Biota Study,NOAA Regional Studies,SEAK
Diver,NOAA Metlakatla Annette Islands Biota 2002,2002,0.560000000000000,55.126559999999998,-131.597559999999987,Octopus,Octopoda,cephalapods,Mollusca (Cephalopoda),Octopus,Background biomonitoring,1096-01-784013,,ng/g,wet,Provided,Whole Body,1.000000000000000,1,UCALC_017,,,,cephalapods,NOAA Metlakatla Annette Islands Biota Study,NOAA Regional Studies,SEAK
Diver,NOAA Metlakatla Annette Islands Biota 2002,2002,32.689999999999998,55.124420000000001,-131.598070000000007,Octopus,Octopoda,cephalapods,Mollusca (Cephalopoda),Octopus,Background biomonitoring,1096-01-784014,,ng/g,wet,Provided,Whole Body,1.000000000000000,1,CALC_017,,,,cephalapods,NOAA Metlakatla Annette Islands Biota Study,NOAA Regional Studies,SEAK
Diver,NOAA Metlakatla Annette Islands Biota 2002,2002,35.250000000000000,55.125549999999997,-131.598070000000007,Octopus,Octopoda,cephalapods,Mollusca (Cephalopoda),Octopus,Background biomonitoring,1096-01-784015,,ng/g,wet,Provided,Whole Body,1.000000000000000,1,CALC_017,,,,cephalapods,NOAA Metlakatla Annette Islands Biota Study,NOAA Regional Studies,SEAK
Diver,NOAA Metlakatla Annette Islands Biota 2002,2002,0.560000000000000,55.128030000000003,-131.597919999999988,Chiton,Katharina tunicata,chiton,Gastropoda,Snails,Background biomonitoring,"1096-01-783005, 514013",,ng/g,wet,Provided,Other,1.000000000000000,1,UCALC_017,,,,molluscs,NOAA Metlakatla Annette Islands Biota Study,NOAA Regional Studies,SEAK
Diver,NOAA Metlakatla Annette Islands Biota 2002,2002,0.560000000000000,55.127499999999998,-131.598500000000001,Chiton,Katharina tunicata,chiton,Gastropoda,Snails,Background biomonitoring,1096-01-783006/514014,,ng/g,wet,Provided,Other,1.000000000000000,1,UCALC_017,,,,molluscs,NOAA Metlakatla Annette Islands Biota Study,NOAA Regional Studies,SEAK
Diver,NOAA Metlakatla Annette Islands Biota 2002,2002,0.560000000000000,55.126559999999998,-131.597600000000000,Chiton,Katharina tunicata,chiton,Gastropoda,Snails,Background biomonitoring,1096-01-514015,,ng/g,wet,Provided,Other,1.000000000000000,1,UCALC_017,,,,molluscs,NOAA Metlakatla Annette Islands Biota Study,NOAA Regional Studies,SEAK
Diver,NOAA Metlakatla Annette Islands Biota 2002,2002,0.560000000000000,55.126559999999998,-131.597600000000000,Chiton,Katharina tunicata,chiton,Gastropoda,Snails,Background biomonitoring,1096-01-783007,,ng/g,wet,Provided,Other,1.000000000000000,1,UCALC_017,,,,molluscs,NOAA Metlakatla Annette Islands Biota Study,NOAA Regional Studies,SEAK
Diver,NOAA Metlakatla Annette Islands Biota 2002,2002,52.520000000000003,55.127350000000000,-131.567679999999996,Butter Clam,Saxidomus gigantea,clam,Bivalvia,Clams,Background biomonitoring,1096-01-511020,,ng/g,wet,Provided,Other,1.000000000000000,1,CALC_017,,,,clam,NOAA Metlakatla Annette Islands Biota Study,NOAA Regional Studies,SEAK
Diver,NOAA Metlakatla Annette Islands Biota 2002,2002,59.009999999999998,55.127249999999997,-131.567370000000011,Butter Clam,Saxidomus gigantea,clam,Bivalvia,Clams,Background biomonitoring,1096-01-512001,,ng/g,wet,Provided,Other,1.000000000000000,1,CALC_017,,,,clam,NOAA Metlakatla Annette Islands Biota Study,NOAA Regional Studies,SEAK
Diver,NOAA Metlakatla Annette Islands Biota 2002,2002,54.850000000000001,55.127360000000003,-131.565329999999989,Butter Clam,Saxidomus gigantea,clam,Bivalvia,Clams,Background biomonitoring,1096-01-512002,,ng/g,wet,Provided,Other,1.000000000000000,1,CALC_017,,,,clam,NOAA Metlakatla Annette Islands Biota Study,NOAA Regional Studies,SEAK
Diver,NOAA Metlakatla Annette Islands Biota 2002,2002,54.109999999999999,55.126719999999999,-131.565979999999996,Butter Clam,Saxidomus gigantea,clam,Bivalvia,Clams,Background biomonitoring,1096-01-512003,,ng/g,wet,Provided,Other,1.000000000000000,1,CALC_017,,,,clam,NOAA Metlakatla Annette Islands Biota Study,NOAA Regional Studies,SEAK
Diver,NOAA Metlakatla Annette Islands Biota 2002,2002,5.570000000000000,55.073610000000002,-131.568749999999994,Butter Clam,Saxidomus gigantea,clam,Bivalvia,Clams,Background biomonitoring,1096-01-511001,,ng/g,wet,Provided,Other,1.000000000000000,1,CALC_017,,,,clam,NOAA Metlakatla Annette Islands Biota Study,NOAA Regional Studies,SEAK
Diver,NOAA Metlakatla Annette Islands Biota 2002,2002,6.350000000000000,55.073329999999999,-131.568829999999991,Butter Clam,Saxidomus gigantea,clam,Bivalvia,Clams,Background biomonitoring,1096-01-511002,,ng/g,wet,Provided,Other,1.000000000000000,1,CALC_017,,,,clam,NOAA Metlakatla Annette Islands Biota Study,NOAA Regional Studies,SEAK
Diver,NOAA Metlakatla Annette Islands Biota 2002,2002,3.000000000000000,55.075060000000001,-131.566689999999994,Butter Clam,Saxidomus gigantea,clam,Bivalvia,Clams,Background biomonitoring,1096-01-511003,,ng/g,wet,Provided,Other,1.000000000000000,1,CALC_017,,,,clam,NOAA Metlakatla Annette Islands Biota Study,NOAA Regional Studies,SEAK
Diver,NOAA Metlakatla Annette Islands Biota 2002,2002,4.560000000000000,55.074939999999998,-131.566730000000007,Butter Clam,Saxidomus gigantea,clam,Bivalvia,Clams,Background biomonitoring,1096-01-511004,,ng/g,wet,Provided,Other,1.000000000000000,1,CALC_017,,,,clam,NOAA Metlakatla Annette Islands Biota Study,NOAA Regional Studies,SEAK
Diver,NOAA Metlakatla Annette Islands Biota 2002,2002,4.550000000000000,55.074829999999999,-131.567579999999992,Butter Clam,Saxidomus gigantea,clam,Bivalvia,Clams,Background biomonitoring,1096-01-511005,,ng/g,wet,Provided,Other,1.000000000000000,1,CALC_017,,,,clam,NOAA Metlakatla Annette Islands Biota Study,NOAA Regional Studies,SEAK
Diver,NOAA Metlakatla Annette Islands Biota 2002,2002,6.140000000000000,55.074719999999999,-131.568060000000003,Butter Clam,Saxidomus gigantea,clam,Bivalvia,Clams,Background biomonitoring,1096-01-511006,,ng/g,wet,Provided,Other,1.000000000000000,1,CALC_017,,,,clam,NOAA Metlakatla Annette Islands Biota Study,NOAA Regional Studies,SEAK
Diver,NOAA Metlakatla Annette Islands Biota 2002,2002,5.740000000000000,55.074750000000002,-131.566890000000001,Butter Clam,Saxidomus gigantea,clam,Bivalvia,Clams,Background biomonitoring,1096-01-511007,,ng/g,wet,Provided,Other,1.000000000000000,1,CALC_017,,,,clam,NOAA Metlakatla Annette Islands Biota Study,NOAA Regional Studies,SEAK
Diver,NOAA Metlakatla Annette Islands Biota 2002,2002,3.770000000000000,55.073940000000000,-131.569580000000002,Butter Clam,Saxidomus gigantea,clam,Bivalvia,Clams,Background biomonitoring,1096-01-511008,,ng/g,wet,Provided,Other,1.000000000000000,1,CALC_017,,,,clam,NOAA Metlakatla Annette Islands Biota Study,NOAA Regional Studies,SEAK
Diver,NOAA Metlakatla Annette Islands Biota 2002,2002,3.170000000000000,55.073940000000000,-131.569670000000002,Cockle,Clinocardium nuttallii,cockle,Bivalvia,Clams,Background biomonitoring,1096-01-509002,,ng/g,wet,Provided,Other,1.000000000000000,1,CALC_017,,,,cockle,NOAA Metlakatla Annette Islands Biota Study,NOAA Regional Studies,SEAK
Diver,NOAA Metlakatla Annette Islands Biota 2002,2002,1.940000000000000,55.073670000000000,-131.569109999999995,Cockle,Clinocardium nuttallii,cockle,Bivalvia,Clams,Background biomonitoring,1096-01-509003,,ng/g,wet,Provided,Other,1.000000000000000,1,CALC_017,,,,cockle,NOAA Metlakatla Annette Islands Biota Study,NOAA Regional Studies,SEAK
Diver,NOAA Metlakatla Annette Islands Biota 2002,2002,2.750000000000000,55.073670000000000,-131.569109999999995,Cockle,Clinocardium nuttallii,cockle,Bivalvia,Clams,Background biomonitoring,1096-01-509009,,ng/g,wet,Provided,Other,1.000000000000000,1,CALC_017,,,,cockle,NOAA Metlakatla Annette Islands Biota Study,NOAA Regional Studies,SEAK
Diver,NOAA Metlakatla Annette Islands Biota 2002,2002,2.250000000000000,55.073720000000002,-131.568720000000013,Cockle,Clinocardium nuttallii,cockle,Bivalvia,Clams,Background biomonitoring,1096-01-509004,,ng/g,wet,Provided,Other,1.000000000000000,1,CALC_017,,,,cockle,NOAA Metlakatla Annette Islands Biota Study,NOAA Regional Studies,SEAK
Diver,NOAA Metlakatla Annette Islands Biota 2002,2002,1.490000000000000,55.074530000000003,-131.567170000000004,Cockle,Clinocardium nuttallii,cockle,Bivalvia,Clams,Background biomonitoring,1096-01-509005,,ng/g,wet,Provided,Other,1.000000000000000,1,CALC_017,,,,cockle,NOAA Metlakatla Annette Islands Biota Study,NOAA Regional Studies,SEAK
Diver,NOAA Metlakatla Annette Islands Biota 2002,2002,2.519000000000000,55.074390000000001,-131.566440000000000,Cockle,Clinocardium nuttallii,cockle,Bivalvia,Clams,Background biomonitoring,1096-01-509006,,ng/g,wet,Provided,Other,1.000000000000000,1,CALC_017,,,,cockle,NOAA Metlakatla Annette Islands Biota Study,NOAA Regional Studies,SEAK
Diver,NOAA Metlakatla Annette Islands Biota 2002,2002,3.470000000000000,55.073360000000001,-131.567970000000003,Cockle,Clinocardium nuttallii,cockle,Bivalvia,Clams,Background biomonitoring,1096-01-509007,,ng/g,wet,Provided,Other,1.000000000000000,1,CALC_017,,,,cockle,NOAA Metlakatla Annette Islands Biota Study,NOAA Regional Studies,SEAK
Diver,NOAA Metlakatla Annette Islands Biota 2002,2002,1.510000000000000,55.074890000000003,-131.566390000000013,Cockle,Clinocardium nuttallii,cockle,Bivalvia,Clams,Background biomonitoring,1096-01-509008,,ng/g,wet,Provided,Other,1.000000000000000,1,CALC_017,,,,cockle,NOAA Metlakatla Annette Islands Biota Study,NOAA Regional Studies,SEAK
Diver,NOAA Metlakatla Annette Islands Biota 2002,2002,15.650000000000000,55.068800000000003,-131.546500000000009,Butter Clam,Saxidomus gigantea,clam,Bivalvia,Clams,Background biomonitoring,1096-01-516001,,ng/g,wet,Provided,Other,1.000000000000000,1,CALC_017,,,,clam,NOAA Metlakatla Annette Islands Biota Study,NOAA Regional Studies,SEAK
Diver,NOAA Metlakatla Annette Islands Biota 2002,2002,18.059999999999999,55.067149999999998,-131.546249999999986,Butter Clam,Saxidomus gigantea,clam,Bivalvia,Clams,Background biomonitoring,1096-01-516002,,ng/g,wet,Provided,Other,1.000000000000000,1,CALC_017,,,,clam,NOAA Metlakatla Annette Islands Biota Study,NOAA Regional Studies,SEAK
Diver,NOAA Metlakatla Annette Islands Biota 2002,2002,21.879999999999999,55.065980000000003,-131.545299999999997,Butter Clam,Saxidomus gigantea,clam,Bivalvia,Clams,Background biomonitoring,1096-01-516003,,ng/g,wet,Provided,Other,1.000000000000000,1,CALC_017,,,,clam,NOAA Metlakatla Annette Islands Biota Study,NOAA Regional Studies,SEAK
Diver,NOAA Metlakatla Annette Islands Biota 2002,2002,43.359999999999999,55.065570000000001,-131.544319999999999,Butter Clam,Saxidomus gigantea,clam,Bivalvia,Clams,Background biomonitoring,1096-01-516004,,ng/g,wet,Provided,Other,1.000000000000000,1,CALC_017,,,,clam,NOAA Metlakatla Annette Islands Biota Study,NOAA Regional Studies,SEAK
Diver,NOAA Metlakatla Annette Islands Biota 2002,2002,2.670000000000000,55.056319999999999,-131.540249999999986,Butter Clam,Saxidomus gigantea,clam,Bivalvia,Clams,Background biomonitoring,1096-01-516020,,ng/g,wet,Provided,Other,1.000000000000000,1,CALC_017,,,,clam,NOAA Metlakatla Annette Islands Biota Study,NOAA Regional Studies,SEAK
Diver,NOAA Metlakatla Annette Islands Biota 2002,2002,18.399999999999999,55.065030000000000,-131.540529999999990,Butter Clam,Saxidomus gigantea,clam,Bivalvia,Clams,Background biomonitoring,1096-01-516005,,ng/g,wet,Provided,Other,1.000000000000000,1,CALC_017,,,,clam,NOAA Metlakatla Annette Islands Biota Study,NOAA Regional Studies,SEAK
Diver,NOAA Metlakatla Annette Islands Biota 2002,2002,27.270000000000000,55.064619999999998,-131.539170000000013,Butter Clam,Saxidomus gigantea,clam,Bivalvia,Clams,Background biomonitoring,1096-01-516006,,ng/g,wet,Provided,Other,1.000000000000000,1,CALC_017,,,,clam,NOAA Metlakatla Annette Islands Biota Study,NOAA Regional Studies,SEAK
Diver,NOAA Metlakatla Annette Islands Biota 2002,2002,8.650000000000000,55.064619999999998,-131.539170000000013,Butter Clam,Saxidomus gigantea,clam,Bivalvia,Clams,Background biomonitoring,1096-01-516009,,ng/g,wet,Provided,Other,1.000000000000000,1,CALC_017,,,,clam,NOAA Metlakatla Annette Islands Biota Study,NOAA Regional Studies,SEAK
Diver,NOAA Metlakatla Annette Islands Biota 2002,2002,11.080000000000000,55.064070000000001,-131.537980000000005,Butter Clam,Saxidomus gigantea,clam,Bivalvia,Clams,Background biomonitoring,1096-01-516007,,ng/g,wet,Provided,Other,1.000000000000000,1,CALC_017,,,,clam,NOAA Metlakatla Annette Islands Biota Study,NOAA Regional Studies,SEAK
Diver,NOAA Metlakatla Annette Islands Biota 2002,2002,12.970000000000001,55.063479999999998,-131.537250000000000,Butter Clam,Saxidomus gigantea,clam,Bivalvia,Clams,Background biomonitoring,1096-01-516008,,ng/g,wet,Provided,Other,1.000000000000000,1,CALC_017,,,,clam,NOAA Metlakatla Annette Islands Biota Study,NOAA Regional Studies,SEAK
Diver,NOAA Metlakatla Annette Islands Biota 2002,2002,17.370000000000001,55.065570000000001,-131.544319999999999,Cockle,Clinocardium nuttallii,cockle,Bivalvia,Clams,Background biomonitoring,1096-01-509010,,ng/g,wet,Provided,Other,1.000000000000000,1,CALC_017,,,,cockle,NOAA Metlakatla Annette Islands Biota Study,NOAA Regional Studies,SEAK
Diver,NOAA Metlakatla Annette Islands Biota 2002,2002,11.240000000000000,55.065350000000002,-131.542669999999987,Cockle,Clinocardium nuttallii,cockle,Bivalvia,Clams,Background biomonitoring,1096-01-509011,,ng/g,wet,Provided,Other,1.000000000000000,1,CALC_017,,,,cockle,NOAA Metlakatla Annette Islands Biota Study,NOAA Regional Studies,SEAK
Diver,NOAA Metlakatla Annette Islands Biota 2002,2002,11.250000000000000,55.065350000000002,-131.542669999999987,Cockle,Clinocardium nuttallii,cockle,Bivalvia,Clams,Background biomonitoring,1096-01-509017,,ng/g,wet,Provided,Other,1.000000000000000,1,CALC_017,,,,cockle,NOAA Metlakatla Annette Islands Biota Study,NOAA Regional Studies,SEAK
Diver,NOAA Metlakatla Annette Islands Biota 2002,2002,6.840000000000000,55.065030000000000,-131.540529999999990,Cockle,Clinocardium nuttallii,cockle,Bivalvia,Clams,Background biomonitoring,1096-01-509012,,ng/g,wet,Provided,Other,1.000000000000000,1,CALC_017,,,,cockle,NOAA Metlakatla Annette Islands Biota Study,NOAA Regional Studies,SEAK
Diver,NOAA Metlakatla Annette Islands Biota 2002,2002,4.920000000000000,55.064619999999998,-131.539170000000013,Cockle,Clinocardium nuttallii,cockle,Bivalvia,Clams,Background biomonitoring,1096-01-509013,,ng/g,wet,Provided,Other,1.000000000000000,1,CALC_017,,,,cockle,NOAA Metlakatla Annette Islands Biota Study,NOAA Regional Studies,SEAK
Diver,NOAA Metlakatla Annette Islands Biota 2002,2002,8.289999999999999,55.064900000000002,-131.541899999999998,Cockle,Clinocardium nuttallii,cockle,Bivalvia,Clams,Background biomonitoring,1096-01-509014,,ng/g,wet,Provided,Other,1.000000000000000,1,CALC_017,,,,cockle,NOAA Metlakatla Annette Islands Biota Study,NOAA Regional Studies,SEAK
Diver,NOAA Metlakatla Annette Islands Biota 2002,2002,10.350000000000000,55.065219999999997,-131.542529999999999,Chiton,Katharina tunicata,chiton,Gastropoda,Snails,Background biomonitoring,1096-01-509018,,ng/g,wet,Provided,Other,1.000000000000000,1,CALC_017,,,,molluscs,NOAA Metlakatla Annette Islands Biota Study,NOAA Regional Studies,SEAK
Diver,NOAA Metlakatla Annette Islands Biota 2002,2002,6.340000000000000,55.131999999999998,-131.554000000000002,Chinook Salmon,Oncorhynchus tshawytscha,salmon,Chordata (Actinopterygii),Fish,Background biomonitoring,1096-01-970009,,ng/g,wet,Provided,Muscle,1.000000000000000,1,CALC_017,,,,salmon,NOAA Metlakatla Annette Islands Biota Study,NOAA Regional Studies,SEAK
Diver,NOAA Metlakatla Annette Islands Biota 2002,2002,4.920000000000000,55.131999999999998,-131.554000000000002,Chinook Salmon,Oncorhynchus tshawytscha,salmon,Chordata (Actinopterygii),Fish,Background biomonitoring,1096-01-970010,,ng/g,wet,Provided,Muscle,1.000000000000000,1,CALC_017,,,,salmon,NOAA Metlakatla Annette Islands Biota Study,NOAA Regional Studies,SEAK
Diver,NOAA Metlakatla Annette Islands Biota 2002,2002,2.404000000000000,55.077700000000000,-131.603430000000003,Butter Clam,Saxidomus gigantea,clam,Bivalvia,Clams,Background biomonitoring,1096-01-511009,,ng/g,wet,Provided,Other,1.000000000000000,1,CALC_017,,,,clam,NOAA Metlakatla Annette Islands Biota Study,NOAA Regional Studies,SEAK
Diver,NOAA Metlakatla Annette Islands Biota 2002,2002,1.520000000000000,55.078580000000002,-131.603000000000009,Butter Clam,Saxidomus gigantea,clam,Bivalvia,Clams,Background biomonitoring,1096-01-511010,,ng/g,wet,Provided,Other,1.000000000000000,1,CALC_017,,,,clam,NOAA Metlakatla Annette Islands Biota Study,NOAA Regional Studies,SEAK
Diver,NOAA Metlakatla Annette Islands Biota 2002,2002,4.350000000000000,55.082000000000001,-131.604680000000002,Butter Clam,Saxidomus gigantea,clam,Bivalvia,Clams,Background biomonitoring,1096-01-511011,,ng/g,wet,Provided,Other,1.000000000000000,1,CALC_017,,,,clam,NOAA Metlakatla Annette Islands Biota Study,NOAA Regional Studies,SEAK
Diver,NOAA Metlakatla Annette Islands Biota 2002,2002,1.810000000000000,55.081919999999997,-131.604150000000004,Butter Clam,Saxidomus gigantea,clam,Bivalvia,Clams,Background biomonitoring,1096-01-511012,,ng/g,wet,Provided,Other,1.000000000000000,1,CALC_017,,,,clam,NOAA Metlakatla Annette Islands Biota Study,NOAA Regional Studies,SEAK
Diver,NOAA Metlakatla Annette Islands Biota 2002,2002,1.660000000000000,55.077520000000000,-131.607200000000006,Butter Clam,Saxidomus gigantea,clam,Bivalvia,Clams,Background biomonitoring,1096-01-511018,,ng/g,wet,Provided,Other,1.000000000000000,1,CALC_017,,,,clam,NOAA Metlakatla Annette Islands Biota Study,NOAA Regional Studies,SEAK
Diver,NOAA Metlakatla Annette Islands Biota 2002,2002,1.570000000000000,55.078350000000000,-131.604919999999993,Butter Clam,Saxidomus gigantea,clam,Bivalvia,Clams,Background biomonitoring,1096-01-511017,,ng/g,wet,Provided,Other,1.000000000000000,1,CALC_017,,,,clam,NOAA Metlakatla Annette Islands Biota Study,NOAA Regional Studies,SEAK
Diver,NOAA Metlakatla Annette Islands Biota 2002,2002,2.250000000000000,55.078350000000000,-131.604919999999993,Butter Clam,Saxidomus gigantea,clam,Bivalvia,Clams,Background biomonitoring,1096-01-511019,,ng/g,wet,Provided,Other,1.000000000000000,1,CALC_017,,,,clam,NOAA Metlakatla Annette Islands Biota Study,NOAA Regional Studies,SEAK
Diver,NOAA Metlakatla Annette Islands Biota 2002,2002,3.367000000000000,55.080849999999998,-131.604579999999999,Butter Clam,Saxidomus gigantea,clam,Bivalvia,Clams,Background biomonitoring,1096-01-511016,,ng/g,wet,Provided,Other,1.000000000000000,1,CALC_017,,,,clam,NOAA Metlakatla Annette Islands Biota Study,NOAA Regional Studies,SEAK
Diver,NOAA Metlakatla Annette Islands Biota 2002,2002,2.460000000000000,55.080379999999998,-131.604649999999992,Butter Clam,Saxidomus gigantea,clam,Bivalvia,Clams,Background biomonitoring,1096-01-511015,,ng/g,wet,Provided,Other,1.000000000000000,1,CALC_017,,,,clam,NOAA Metlakatla Annette Islands Biota Study,NOAA Regional Studies,SEAK
Diver,NOAA Metlakatla Annette Islands Biota 2002,2002,0.930000000000000,55.076670000000000,-131.602170000000001,Cockle,Clinocardium nuttallii,cockle,Bivalvia,Clams,Background biomonitoring,1096-01-509019,,ng/g,wet,Provided,Other,1.000000000000000,1,CALC_017,,,,cockle,NOAA Metlakatla Annette Islands Biota Study,NOAA Regional Studies,SEAK
Diver,NOAA Metlakatla Annette Islands Biota 2002,2002,1.240000000000000,55.076619999999998,-131.602949999999993,Cockle,Clinocardium nuttallii,cockle,Bivalvia,Clams,Background biomonitoring,1096-01-509020,,ng/g,wet,Provided,Other,1.000000000000000,1,CALC_017,,,,cockle,NOAA Metlakatla Annette Islands Biota Study,NOAA Regional Studies,SEAK
Diver,NOAA Metlakatla Annette Islands Biota 2002,2002,0.560000000000000,55.081519999999998,-131.605799999999988,Chiton,Katharina tunicata,chiton,Gastropoda,Snails,Background biomonitoring,1096-01-783001/514009,,ng/g,wet,Provided,Other,1.000000000000000,1,UCALC_017,,,,molluscs,NOAA Metlakatla Annette Islands Biota Study,NOAA Regional Studies,SEAK
Diver,NOAA Metlakatla Annette Islands Biota 2002,2002,0.560000000000000,55.078000000000003,-131.606999999999999,Chiton,Katharina tunicata,chiton,Gastropoda,Snails,Background biomonitoring,1096-01-783002/514010,,ng/g,wet,Provided,Other,1.000000000000000,1,UCALC_017,,,,molluscs,NOAA Metlakatla Annette Islands Biota Study,NOAA Regional Studies,SEAK
Diver,NOAA Metlakatla Annette Islands Biota 2002,2002,61.149999999999999,55.127139999999997,-131.563279999999992,Butter Clam,Saxidomus gigantea,clam,Bivalvia,Clams,Background biomonitoring,1096-01-512004,,ng/g,wet,Provided,Other,1.000000000000000,1,CALC_017,,,,clam,NOAA Metlakatla Annette Islands Biota Study,NOAA Regional Studies,SEAK
Diver,NOAA Metlakatla Annette Islands Biota 2002,2002,88.719999999999999,55.127139999999997,-131.562440000000009,Butter Clam,Saxidomus gigantea,clam,Bivalvia,Clams,Background biomonitoring,1096-01-512005,,ng/g,wet,Provided,Other,1.000000000000000,1,CALC_017,,,,clam,NOAA Metlakatla Annette Islands Biota Study,NOAA Regional Studies,SEAK
Diver,NOAA Metlakatla Annette Islands Biota 2002,2002,89.299999999999997,55.127139999999997,-131.562440000000009,Butter Clam,Saxidomus gigantea,clam,Bivalvia,Clams,Background biomonitoring,1096-01-512006,,ng/g,wet,Provided,Other,1.000000000000000,1,CALC_017,,,,clam,NOAA Metlakatla Annette Islands Biota Study,NOAA Regional Studies,SEAK
Diver,NOAA Metlakatla Annette Islands Biota 2002,2002,2.320000000000000,55.194899999999997,-131.390070000000009,Butter Clam,Saxidomus gigantea,clam,Bivalvia,Clams,Background biomonitoring,1096-01-512013,,ng/g,wet,Provided,Other,1.000000000000000,1,CALC_017,,,,clam,NOAA Metlakatla Annette Islands Biota Study,NOAA Regional Studies,SEAK
Diver,NOAA Metlakatla Annette Islands Biota 2002,2002,3.510000000000000,55.196500000000000,-131.387400000000014,Butter Clam,Saxidomus gigantea,clam,Bivalvia,Clams,Background biomonitoring,1096-01-512014,,ng/g,wet,Provided,Other,1.000000000000000,1,CALC_017,,,,clam,NOAA Metlakatla Annette Islands Biota Study,NOAA Regional Studies,SEAK
Diver,NOAA Metlakatla Annette Islands Biota 2002,2002,5.360000000000000,55.195180000000001,-131.389569999999992,Butter Clam,Saxidomus gigantea,clam,Bivalvia,Clams,Background biomonitoring,1096-01-512015,,ng/g,wet,Provided,Other,1.000000000000000,1,CALC_017,,,,clam,NOAA Metlakatla Annette Islands Biota Study,NOAA Regional Studies,SEAK
Diver,NOAA Metlakatla Annette Islands Biota 2002,2002,0.910000000000000,55.195480000000003,-131.389720000000011,Cockle,Clinocardium nuttallii,cockle,Bivalvia,Clams,Background biomonitoring,1096-01-512016,,ng/g,wet,Provided,Other,1.000000000000000,1,CALC_017,,,,cockle,NOAA Metlakatla Annette Islands Biota Study,NOAA Regional Studies,SEAK
Diver,NOAA Metlakatla Annette Islands Biota 2002,2002,1.430000000000000,55.195670000000000,-131.388200000000012,Cockle,Clinocardium nuttallii,cockle,Bivalvia,Clams,Background biomonitoring,1096-01-509001,,ng/g,wet,Provided,Other,1.000000000000000,1,CALC_017,,,,cockle,NOAA Metlakatla Annette Islands Biota Study,NOAA Regional Studies,SEAK
Diver,NOAA Metlakatla Annette Islands Biota 2002,2002,5.750000000000000,55.105080000000001,-131.361549999999994,Dungeness Crab,Cancer magister,crab,Decapoda,Crabs/ Shrimp,Background biomonitoring,1096-01-970005,,ng/g,wet,Provided,Muscle,1.000000000000000,1,CALC_017,,,,crab,NOAA Metlakatla Annette Islands Biota Study,NOAA Regional Studies,SEAK
Diver,NOAA Metlakatla Annette Islands Biota 2002,2002,3200.000000000000000,55.105080000000001,-131.361549999999994,Dungeness Crab,Cancer magister,crab,Decapoda,Crabs/ Shrimp,Background biomonitoring,1096-01-970006,,ng/g,wet,Provided,Other,1.000000000000000,1,UCALC_017,,,,crab,NOAA Metlakatla Annette Islands Biota Study,NOAA Regional Studies,SEAK
Diver,NOAA Metlakatla Annette Islands Biota 2002,2002,2.420000000000000,55.105350000000001,-131.364170000000001,Dungeness Crab,Cancer magister,crab,Decapoda,Crabs/ Shrimp,Background biomonitoring,1096-01-970007,,ng/g,wet,Provided,Muscle,1.000000000000000,1,CALC_017,,,,crab,NOAA Metlakatla Annette Islands Biota Study,NOAA Regional Studies,SEAK
Diver,NOAA Metlakatla Annette Islands Biota 2002,2002,5900.000000000000000,55.105350000000001,-131.364170000000001,Dungeness Crab,Cancer magister,crab,Decapoda,Crabs/ Shrimp,Background biomonitoring,1096-01-970008,,ng/g,wet,Provided,Other,1.000000000000000,1,UCALC_017,,,,crab,NOAA Metlakatla Annette Islands Biota Study,NOAA Regional Studies,SEAK
Diver,NOAA Metlakatla Annette Islands Biota 2002,2002,0.560000000000000,55.195670000000000,-131.388200000000012,Chiton,Katharina tunicata,chiton,Gastropoda,Snails,Background biomonitoring,1096-01-783004,,ng/g,wet,Provided,Other,1.000000000000000,1,UCALC_017,,,,molluscs,NOAA Metlakatla Annette Islands Biota Study,NOAA Regional Studies,SEAK
Diver,NOAA Metlakatla Annette Islands Biota 2002,2002,0.560000000000000,55.023099999999999,-131.551899999999989,Octopus,Octopoda,cephalapods,Mollusca (Cephalopoda),Octopus,Background biomonitoring,1096-01-784011,,ng/g,wet,Provided,Whole Body,1.000000000000000,1,UCALC_017,,,,cephalapods,NOAA Metlakatla Annette Islands Biota Study,NOAA Regional Studies,SEAK
Diver,NOAA Metlakatla Annette Islands Biota 2002,2002,0.560000000000000,55.966000000000001,-131.605199999999996,Octopus,Octopoda,cephalapods,Mollusca (Cephalopoda),Octopus,Background biomonitoring,1096-01-784012,,ng/g,wet,Provided,Whole Body,1.000000000000000,1,UCALC_017,,,,cephalapods,NOAA Metlakatla Annette Islands Biota Study,NOAA Regional Studies,SEAK
Diver,NOAA Metlakatla Annette Islands Biota 2002,2002,0.560000000000000,55.995500000000000,-131.606699999999989,Chiton,Katharina tunicata,chiton,Gastropoda,Snails,Background biomonitoring,1096-01-783003,,ng/g,wet,Provided,Other,1.000000000000000,1,UCALC_017,,,,molluscs,NOAA Metlakatla Annette Islands Biota Study,NOAA Regional Studies,SEAK
Diver,NOAA Metlakatla Annette Islands Biota 2002,2002,2.330000000000000,55.092529999999996,-131.589529999999996,Butter Clam,Saxidomus gigantea,clam,Bivalvia,Clams,Background biomonitoring,1096-01-511014,,ng/g,wet,Provided,Other,1.000000000000000,1,CALC_017,,,,clam,NOAA Metlakatla Annette Islands Biota Study,NOAA Regional Studies,SEAK
Diver,NOAA Metlakatla Annette Islands Biota 2002,2002,3.555000000000000,55.092219999999998,-131.589470000000006,Butter Clam,Saxidomus gigantea,clam,Bivalvia,Clams,Background biomonitoring,1096-01-511013,,ng/g,wet,Provided,Other,1.000000000000000,1,CALC_017,,,,clam,NOAA Metlakatla Annette Islands Biota Study,NOAA Regional Studies,SEAK
Diver,NOAA Metlakatla Annette Islands Biota 2002,2002,0.850000000000000,55.076749999999997,-131.601750000000010,Cockle,Clinocardium nuttallii,cockle,Bivalvia,Clams,Background biomonitoring,1096-01-514001,,ng/g,wet,Provided,Other,1.000000000000000,1,CALC_017,,,,cockle,NOAA Metlakatla Annette Islands Biota Study,NOAA Regional Studies,SEAK
Diver,NOAA Metlakatla Annette Islands Biota 2002,2002,0.560000000000000,55.077190000000002,-131.599919999999997,Cockle,Clinocardium nuttallii,cockle,Bivalvia,Clams,Background biomonitoring,1096-01-514002,,ng/g,wet,Provided,Other,1.000000000000000,1,UCALC_017,,,,cockle,NOAA Metlakatla Annette Islands Biota Study,NOAA Regional Studies,SEAK
Diver,NOAA Metlakatla Annette Islands Biota 2002,2002,0.800000000000000,55.076419999999999,-131.600359999999995,Cockle,Clinocardium nuttallii,cockle,Bivalvia,Clams,Background biomonitoring,1096-01-514003,,ng/g,wet,Provided,Other,1.000000000000000,1,CALC_017,,,,cockle,NOAA Metlakatla Annette Islands Biota Study,NOAA Regional Studies,SEAK
Diver,NOAA Metlakatla Annette Islands Biota 2002,2002,0.810000000000000,55.075940000000003,-131.599999999999994,Cockle,Clinocardium nuttallii,cockle,Bivalvia,Clams,Background biomonitoring,1096-01-514004,,ng/g,wet,Provided,Other,1.000000000000000,1,CALC_017,,,,cockle,NOAA Metlakatla Annette Islands Biota Study,NOAA Regional Studies,SEAK
Diver,NOAA Metlakatla Annette Islands Biota 2002,2002,0.870000000000000,55.075220000000002,-131.602139999999991,Cockle,Clinocardium nuttallii,cockle,Bivalvia,Clams,Background biomonitoring,1096-01-514005,,ng/g,wet,Provided,Other,1.000000000000000,1,CALC_017,,,,cockle,NOAA Metlakatla Annette Islands Biota Study,NOAA Regional Studies,SEAK
Diver,NOAA Metlakatla Annette Islands Biota 2002,2002,0.750000000000000,55.075749999999999,-131.601249999999993,Cockle,Clinocardium nuttallii,cockle,Bivalvia,Clams,Background biomonitoring,1096-01-514006,,ng/g,wet,Provided,Other,1.000000000000000,1,CALC_017,,,,cockle,NOAA Metlakatla Annette Islands Biota Study,NOAA Regional Studies,SEAK
Diver,NOAA Metlakatla Annette Islands Biota 2002,2002,1.560000000000000,55.092219999999998,-131.589470000000006,Cockle,Clinocardium nuttallii,cockle,Bivalvia,Clams,Background biomonitoring,1096-01-514007,,ng/g,wet,Provided,Other,1.000000000000000,1,CALC_017,,,,cockle,NOAA Metlakatla Annette Islands Biota Study,NOAA Regional Studies,SEAK
Diver,NOAA Metlakatla Annette Islands Biota 2002,2002,0.880000000000000,55.091220000000000,-131.589169999999996,Cockle,Clinocardium nuttallii,cockle,Bivalvia,Clams,Background biomonitoring,1096-01-514008,,ng/g,wet,Provided,Other,1.000000000000000,1,CALC_017,,,,cockle,NOAA Metlakatla Annette Islands Biota Study,NOAA Regional Studies,SEAK
Diver,NOAA Metlakatla Annette Islands Biota 2002,2002,1.380000000000000,55.100000000000001,-131.349999999999994,Dungeness Crab,Cancer magister,crab,Decapoda,Crabs/ Shrimp,Background biomonitoring,1096-01-970003,,ng/g,wet,Provided,Muscle,1.000000000000000,1,CALC_017,,,,crab,NOAA Metlakatla Annette Islands Biota Study,NOAA Regional Studies,SEAK
Diver,NOAA Metlakatla Annette Islands Biota 2002,2002,2700.000000000000000,55.100000000000001,-131.349999999999994,Dungeness Crab,Cancer magister,crab,Decapoda,Crabs/ Shrimp,Background biomonitoring,1096-01-970004,,ng/g,wet,Provided,Other,1.000000000000000,1,UCALC_017,,,,crab,NOAA Metlakatla Annette Islands Biota Study,NOAA Regional Studies,SEAK
Diver,NOAA Metlakatla Annette Islands Biota 2002,2002,2.380000000000000,55.073399999999999,-131.568500000000000,Dungeness Crab,Cancer magister,crab,Decapoda,Crabs/ Shrimp,Background biomonitoring,1096-01-970001,,ng/g,wet,Provided,Muscle,1.000000000000000,1,CALC_017,,,,crab,NOAA Metlakatla Annette Islands Biota Study,NOAA Regional Studies,SEAK
Diver,NOAA Metlakatla Annette Islands Biota 2002,2002,5400.000000000000000,55.073399999999999,-131.568500000000000,Dungeness Crab,Cancer magister,crab,Decapoda,Crabs/ Shrimp,Background biomonitoring,1096-01-970002,,ng/g,wet,Provided,Other,1.000000000000000,1,UCALC_017,,,,crab,NOAA Metlakatla Annette Islands Biota Study,NOAA Regional Studies,SEAK
Diver,NOAA Metlakatla Annette Islands Biota 2002,2002,11.470000000000001,55.057000000000002,-131.510999999999996,Chinook Salmon,Oncorhynchus tshawytscha,salmon,Chordata (Actinopterygii),Fish,Background biomonitoring,1096-01-970021,,ng/g,wet,Provided,Muscle,1.000000000000000,1,CALC_017,,,,salmon,NOAA Metlakatla Annette Islands Biota Study,NOAA Regional Studies,SEAK
Diver,NOAA Metlakatla Annette Islands Biota 2002,2002,24.270000000000000,55.057000000000002,-131.510999999999996,Chinook Salmon,Oncorhynchus tshawytscha,salmon,Chordata (Actinopterygii),Fish,Background biomonitoring,1096-01-970022,,ng/g,wet,Provided,Muscle,1.000000000000000,1,CALC_017,,,,salmon,NOAA Metlakatla Annette Islands Biota Study,NOAA Regional Studies,SEAK
Diver,NOAA Metlakatla Annette Islands Biota 2002,2002,30.289999999999999,55.057000000000002,-131.510999999999996,Chinook Salmon,Oncorhynchus tshawytscha,salmon,Chordata (Actinopterygii),Fish,Background biomonitoring,1096-01-970023,,ng/g,wet,Provided,Muscle,1.000000000000000,1,CALC_017,,,,salmon,NOAA Metlakatla Annette Islands Biota Study,NOAA Regional Studies,SEAK
Diver,NOAA Metlakatla Annette Islands Biota 2002,2002,18.899999999999999,55.057000000000002,-131.510999999999996,Chinook Salmon,Oncorhynchus tshawytscha,salmon,Chordata (Actinopterygii),Fish,Background biomonitoring,1096-01-970024,,ng/g,wet,Provided,Muscle,1.000000000000000,1,CALC_017,,,,salmon,NOAA Metlakatla Annette Islands Biota Study,NOAA Regional Studies,SEAK
Diver,NOAA Metlakatla Annette Islands Biota 2002,2002,11.350000000000000,55.057000000000002,-131.510999999999996,Chinook Salmon,Oncorhynchus tshawytscha,salmon,Chordata (Actinopterygii),Fish,Background biomonitoring,1096-01-970025,,ng/g,wet,Provided,Muscle,1.000000000000000,1,CALC_017,,,,salmon,NOAA Metlakatla Annette Islands Biota Study,NOAA Regional Studies,SEAK
Diver,NOAA Metlakatla Annette Islands Biota 2002,2002,28.309999999999999,55.065249999999999,-131.541329999999988,Cockle,Clinocardium nuttallii,cockle,Bivalvia,Clams,Background biomonitoring,1096-01-787011,,ng/g,wet,Provided,Other,1.000000000000000,1,CALC_017,,,,cockle,NOAA Metlakatla Annette Islands Biota Study,NOAA Regional Studies,SEAK
Diver,NOAA Metlakatla Annette Islands Biota 2002,2002,20.309999999999999,55.065750000000001,-131.541580000000010,Cockle,Clinocardium nuttallii,cockle,Bivalvia,Clams,Background biomonitoring,1096-01-787012,,ng/g,wet,Provided,Other,1.000000000000000,1,CALC_017,,,,cockle,NOAA Metlakatla Annette Islands Biota Study,NOAA Regional Studies,SEAK
Diver,NOAA Metlakatla Annette Islands Biota 2002,2002,1.630000000000000,55.087000000000003,-131.614000000000004,Halibut,Hippoglossus stenolepis,flatfish,Chordata (Actinopterygii),Fish,Background biomonitoring,1096-01-787006,,ng/g,wet,Provided,Muscle,1.000000000000000,1,CALC_017,,,,flatfish,NOAA Metlakatla Annette Islands Biota Study,NOAA Regional Studies,SEAK
Diver,NOAA Metlakatla Annette Islands Biota 2002,2002,4.920000000000000,55.087000000000003,-131.614000000000004,Halibut,Hippoglossus stenolepis,flatfish,Chordata (Actinopterygii),Fish,Background biomonitoring,1096-01-787007,,ng/g,wet,Provided,Muscle,1.000000000000000,1,CALC_017,,,,flatfish,NOAA Metlakatla Annette Islands Biota Study,NOAA Regional Studies,SEAK
Diver,NOAA Metlakatla Annette Islands Biota 2002,2002,2.360000000000000,55.087000000000003,-131.614000000000004,Halibut,Hippoglossus stenolepis,flatfish,Chordata (Actinopterygii),Fish,Background biomonitoring,1096-01-787008,,ng/g,wet,Provided,Muscle,1.000000000000000,1,CALC_017,,,,flatfish,NOAA Metlakatla Annette Islands Biota Study,NOAA Regional Studies,SEAK
Diver,NOAA Metlakatla Annette Islands Biota 2002,2002,0.560000000000000,55.087000000000003,-131.614000000000004,Halibut,Hippoglossus stenolepis,flatfish,Chordata (Actinopterygii),Fish,Background biomonitoring,1096-01-787009,,ng/g,wet,Provided,Muscle,1.000000000000000,1,UCALC_017,,,,flatfish,NOAA Metlakatla Annette Islands Biota Study,NOAA Regional Studies,SEAK
Diver,NOAA Metlakatla Annette Islands Biota 2002,2002,0.740000000000000,55.087000000000003,-131.614000000000004,Halibut,Hippoglossus stenolepis,flatfish,Chordata (Actinopterygii),Fish,Background biomonitoring,1096-01-787010,,ng/g,wet,Provided,Muscle,1.000000000000000,1,CALC_017,,,,flatfish,NOAA Metlakatla Annette Islands Biota Study,NOAA Regional Studies,SEAK
Diver,NOAA Metlakatla Annette Islands Biota 2002,2002,4.960000000000000,55.043999999999997,-131.520000000000010,Halibut,Hippoglossus stenolepis,flatfish,Chordata (Actinopterygii),Fish,Background biomonitoring,1096-01-787001,,ng/g,wet,Provided,Other,1.000000000000000,1,CALC_017,,,,flatfish,NOAA Metlakatla Annette Islands Biota Study,NOAA Regional Studies,SEAK
Diver,NOAA Metlakatla Annette Islands Biota 2002,2002,0.770000000000000,55.043999999999997,-131.520000000000010,Halibut,Hippoglossus stenolepis,flatfish,Chordata (Actinopterygii),Fish,Background biomonitoring,1096-01-787002,,ng/g,wet,Provided,Muscle,1.000000000000000,1,CALC_017,,,,flatfish,NOAA Metlakatla Annette Islands Biota Study,NOAA Regional Studies,SEAK
Diver,NOAA Metlakatla Annette Islands Biota 2002,2002,15.150000000000000,55.043999999999997,-131.520000000000010,Halibut,Hippoglossus stenolepis,flatfish,Chordata (Actinopterygii),Fish,Background biomonitoring,1096-01-787003,,ng/g,wet,Provided,Muscle,1.000000000000000,1,CALC_017,,,,flatfish,NOAA Metlakatla Annette Islands Biota Study,NOAA Regional Studies,SEAK
Diver,NOAA Metlakatla Annette Islands Biota 2002,2002,5.410000000000000,55.043999999999997,-131.520000000000010,Halibut,Hippoglossus stenolepis,flatfish,Chordata (Actinopterygii),Fish,Background biomonitoring,1096-01-787004,,ng/g,wet,Provided,Muscle,1.000000000000000,1,CALC_017,,,,flatfish,NOAA Metlakatla Annette Islands Biota Study,NOAA Regional Studies,SEAK
Diver,NOAA Metlakatla Annette Islands Biota 2002,2002,8.990000000000000,55.043999999999997,-131.520000000000010,Halibut,Hippoglossus stenolepis,flatfish,Chordata (Actinopterygii),Fish,Background biomonitoring,1096-01-787005,,ng/g,wet,Provided,Other,1.000000000000000,1,CALC_017,,,,flatfish,NOAA Metlakatla Annette Islands Biota Study,NOAA Regional Studies,SEAK
Diver,NOAA Metlakatla Annette Islands Biota 2002,2002,2.060000000000000,55.110599999999998,-131.364100000000008,Cockle,Clinocardium nuttallii,cockle,Bivalvia,Clams,Background biomonitoring,1096-01-787013,,ng/g,wet,Provided,Other,1.000000000000000,1,CALC_017,,,,cockle,NOAA Metlakatla Annette Islands Biota Study,NOAA Regional Studies,SEAK
Diver,NOAA Metlakatla Annette Islands Biota 2002,2002,3.150000000000000,55.110599999999998,-131.364100000000008,Cockle,Clinocardium nuttallii,cockle,Bivalvia,Clams,Background biomonitoring,1096-01-787014,,ng/g,wet,Provided,Other,1.000000000000000,1,CALC_017,,,,cockle,NOAA Metlakatla Annette Islands Biota Study,NOAA Regional Studies,SEAK
Diver,NOAA Metlakatla Annette Islands Biota 2002,2002,9.250000000000000,55.111800000000002,-131.358100000000007,Octopus,Octopoda,cephalapods,Mollusca (Cephalopoda),Octopus,Background biomonitoring,1096-01-787016,,ng/g,wet,Provided,Whole Body,1.000000000000000,1,CALC_017,,,,cephalapods,NOAA Metlakatla Annette Islands Biota Study,NOAA Regional Studies,SEAK
Diver,NOAA Metlakatla Annette Islands Biota 2002,2002,1.500000000000000,55.107599999999998,-131.365199999999987,Chiton,Katharina tunicata,chiton,Gastropoda,Snails,Background biomonitoring,1096-01-787015,,ng/g,wet,Provided,Other,1.000000000000000,1,CALC_017,,,,molluscs,NOAA Metlakatla Annette Islands Biota Study,NOAA Regional Studies,SEAK
Diver,NOAA Metlakatla Annette Islands Biota 2002,2002,2.930000000000000,55.100000000000001,-131.349999999999994,Dungeness Crab,Cancer magister,crab,Decapoda,Crabs/ Shrimp,Background biomonitoring,1096-01-970015,,ng/g,wet,Provided,Muscle,1.000000000000000,1,CALC_017,,,,crab,NOAA Metlakatla Annette Islands Biota Study,NOAA Regional Studies,SEAK
Diver,NOAA Metlakatla Annette Islands Biota 2002,2002,1200.000000000000000,55.100000000000001,-131.349999999999994,Dungeness Crab,Cancer magister,crab,Decapoda,Crabs/ Shrimp,Background biomonitoring,1096-01-970016,,ng/g,wet,Provided,Other,1.000000000000000,1,UCALC_017,,,,crab,NOAA Metlakatla Annette Islands Biota Study,NOAA Regional Studies,SEAK
Diver,NOAA Metlakatla Annette Islands Biota 2002,2002,2.470000000000000,55.007899999999999,-131.622500000000002,Dungeness Crab,Cancer magister,crab,Decapoda,Crabs/ Shrimp,Background biomonitoring,1096-01-970017,,ng/g,wet,Provided,Muscle,1.000000000000000,1,CALC_017,,,,crab,NOAA Metlakatla Annette Islands Biota Study,NOAA Regional Studies,SEAK
Diver,NOAA Metlakatla Annette Islands Biota 2002,2002,3600.000000000000000,55.007899999999999,-131.622500000000002,Dungeness Crab,Cancer magister,crab,Decapoda,Crabs/ Shrimp,Background biomonitoring,1096-01-970018,,ng/g,wet,Provided,Other,1.000000000000000,1,UCALC_017,,,,crab,NOAA Metlakatla Annette Islands Biota Study,NOAA Regional Studies,SEAK
Diver,NOAA Metlakatla Annette Islands Biota 2002,2002,6.358000000000000,55.074599999999997,-131.559699999999992,Dungeness Crab,Cancer magister,crab,Decapoda,Crabs/ Shrimp,Background biomonitoring,1096-01-970011,,ng/g,wet,Provided,Muscle,1.000000000000000,1,CALC_017,,,,crab,NOAA Metlakatla Annette Islands Biota Study,NOAA Regional Studies,SEAK
Diver,NOAA Metlakatla Annette Islands Biota 2002,2002,700.000000000000000,55.074599999999997,-131.559699999999992,Dungeness Crab,Cancer magister,crab,Decapoda,Crabs/ Shrimp,Background biomonitoring,1096-01-970012,,ng/g,wet,Provided,Other,1.000000000000000,1,UCALC_017,,,,crab,NOAA Metlakatla Annette Islands Biota Study,NOAA Regional Studies,SEAK
Diver,NOAA Metlakatla Annette Islands Biota 2002,2002,4.210000000000000,55.075000000000003,-131.558099999999996,Dungeness Crab,Cancer magister,crab,Decapoda,Crabs/ Shrimp,Background biomonitoring,1096-01-970013,,ng/g,wet,Provided,Muscle,1.000000000000000,1,CALC_017,,,,crab,NOAA Metlakatla Annette Islands Biota Study,NOAA Regional Studies,SEAK
Diver,NOAA Metlakatla Annette Islands Biota 2002,2002,22.070000000000000,55.075000000000003,-131.558099999999996,Dungeness Crab,Cancer magister,crab,Decapoda,Crabs/ Shrimp,Background biomonitoring,1096-01-970014,,ng/g,wet,Provided,Other,1.000000000000000,1,CALC_017,,,,crab,NOAA Metlakatla Annette Islands Biota Study,NOAA Regional Studies,SEAK
Diver,NOAA Metlakatla Annette Islands Biota 2002,2002,4.670000000000000,55.093499999999999,-131.589900000000000,Octopus,Octopoda,cephalapods,Mollusca (Cephalopoda),Octopus,Background biomonitoring,1096-01-787017,,ng/g,wet,Provided,Whole Body,1.000000000000000,1,CALC_017,,,,cephalapods,NOAA Metlakatla Annette Islands Biota Study,NOAA Regional Studies,SEAK
Diver,NOAA Metlakatla Annette Islands Biota 2002,2002,2.230000000000000,55.063800000000001,-131.534799999999990,Dungeness Crab,Cancer magister,crab,Decapoda,Crabs/ Shrimp,Background biomonitoring,1096-01-970019,,ng/g,wet,Provided,Muscle,1.000000000000000,1,CALC_017,,,,crab,NOAA Metlakatla Annette Islands Biota Study,NOAA Regional Studies,SEAK
Diver,NOAA Metlakatla Annette Islands Biota 2002,2002,42.649999999999999,55.063800000000001,-131.534799999999990,Dungeness Crab,Cancer magister,crab,Decapoda,Crabs/ Shrimp,Background biomonitoring,1096-01-970020,,ng/g,wet,Provided,Other,1.000000000000000,1,CALC_017,,,,crab,NOAA Metlakatla Annette Islands Biota Study,NOAA Regional Studies,SEAK
Diver,Mussel Watch:Alaska 2003,2003,43.971428609999997,59.453333330000000,-135.336500000000001,Blue Mussel,Mytilus edulis,mussel,Bivalvia,Mussels,Background biomonitoring,MWAK-18-2003NBES1ME_1MS,,ng/g,wet,Provided,Other,1.000000000000000,1,CALC_018,,,,mussel,NOAA Mussel Watch,NOAA Mussel Watch,SEAK
Diver,Mussel Watch:Alaska 2003,2003,37.943428550000000,55.293833329999998,-131.548000000000002,Blue Mussel,Mytilus edulis,mussel,Bivalvia,Mussels,Background biomonitoring,MWAK-18-2003KTMP1ME_1MS,,ng/g,wet,Provided,Other,1.000000000000000,1,CALC_018,,,,mussel,NOAA Mussel Watch,NOAA Mussel Watch,SEAK
Diver,Mussel Watch:Alaska 2003,2003,110.171142799999998,60.960833330000000,-147.645999999999987,Blue Mussel,Mytilus edulis,mussel,Bivalvia,Mussels,Background biomonitoring,MWAK-18-2003UISB1ME_1MS,,ng/g,wet,Provided,Other,1.000000000000000,1,CALC_018,,,,mussel,NOAA Mussel Watch,NOAA Mussel Watch,SCAK
Diver,Mussel Watch:Alaska 2003,2003,46.004000009999999,61.132833329999997,-146.461000000000013,Blue Mussel,Mytilus edulis,mussel,Bivalvia,Mussels,Background biomonitoring,MWAK-18-2003PVMC1ME_1MS,,ng/g,wet,Provided,Other,1.000000000000000,1,CALC_018,,,,mussel,NOAA Mussel Watch,NOAA Mussel Watch,SCAK
Diver,Mussel Watch:Alaska 2003,2003,20.951999990000001,59.614500000000000,-151.444166700000011,Blue Mussel,Mytilus edulis,mussel,Bivalvia,Mussels,Background biomonitoring,MWAK-18-2003CIHS1ME_1MS,,ng/g,wet,Provided,Other,1.000000000000000,1,CALC_018,,,,mussel,NOAA Mussel Watch,NOAA Mussel Watch,SCAK
Diver,Mussel Watch:Alaska 2005,2005,11.037000000000001,60.960799999999999,-147.645999999999987,Mussel,Mytilus,mussel,Bivalvia,Mussels,Background biomonitoring,MWAK-20-MW2005UISBMS_1MS,,ng/g,wet,Provided,Other,1.000000000000000,1,CALC_018,,,,molluscs,NOAA Mussel Watch,NOAA Mussel Watch,SCAK
Diver,Mussel Watch:Alaska 2005,2005,20.042000000000002,61.132800000000003,-146.461000000000013,Mussel,Mytilus,mussel,Bivalvia,Mussels,Background biomonitoring,MWAK-20-MW2005PVMCMS_1MS,,ng/g,wet,Provided,Other,1.000000000000000,1,CALC_018,,,,molluscs,NOAA Mussel Watch,NOAA Mussel Watch,SCAK
Diver,Mussel Watch:Alaska 2005,2005,12.925000000000001,59.614500000000000,-151.444199999999995,Mussel,Mytilus,mussel,Bivalvia,Mussels,Background biomonitoring,MWAK-20-MW2005CIHSMS_1MS,,ng/g,wet,Provided,Other,1.000000000000000,1,CALC_018,,,,molluscs,NOAA Mussel Watch,NOAA Mussel Watch,SCAK
Diver,Mussel Watch:Alaska 2005,2005,14.449999999999999,59.453299999999999,-135.336500000000001,Mussel,Mytilus,mussel,Bivalvia,Mussels,Background biomonitoring,MWAK-20-MW2005NBESMS_1MS,,ng/g,wet,Provided,Other,1.000000000000000,1,CALC_018,,,,molluscs,NOAA Mussel Watch,NOAA Mussel Watch,SEAK
Diver,Mussel Watch:Alaska 2005,2005,13.695000000000000,55.293799999999997,-131.548000000000002,Mussel,Mytilus,mussel,Bivalvia,Mussels,Background biomonitoring,MWAK-20-MW2005KTMPMS_1MS,,ng/g,wet,Provided,Other,1.000000000000000,1,CALC_018,,,,molluscs,NOAA Mussel Watch,NOAA Mussel Watch,SEAK
Diver,Mussel Watch:Alaska 2007,2007,10.277930000000000,59.614500000000000,-151.444170000000014,Mussel,Mytilus,mussel,Bivalvia,Mussels,Background biomonitoring,MWAK-22-2007CIHS1MS_MS,,ng/g,wet,Provided,Whole Body,1.000000000000000,1,CALC_018,,,,molluscs,NOAA Mussel Watch,NOAA Mussel Watch,SCAK
Diver,Mussel Watch:Alaska 2007,2007,15.786930000000000,61.132829999999998,-146.461000000000013,Mussel,Mytilus,mussel,Bivalvia,Mussels,Background biomonitoring,MWAK-22-2007PVMC1MS_MS,,ng/g,wet,Provided,Whole Body,1.000000000000000,1,CALC_018,,,,molluscs,NOAA Mussel Watch,NOAA Mussel Watch,SCAK
Diver,Mussel Watch:Alaska 2007,2007,6.958950000000000,60.960830000000001,-147.645999999999987,Mussel,Mytilus,mussel,Bivalvia,Mussels,Background biomonitoring,MWAK-22-2007UISB1MS_MS,,ng/g,wet,Provided,Whole Body,1.000000000000000,1,CALC_018,,,,molluscs,NOAA Mussel Watch,NOAA Mussel Watch,SCAK
Diver,Mussel Watch:Alaska 2007,2007,16.641950000000001,59.453330000000001,-135.336500000000001,Mussel,Mytilus,mussel,Bivalvia,Mussels,Background biomonitoring,MWAK-22-2007NBES1MS_MS,,ng/g,wet,Provided,Whole Body,1.000000000000000,1,CALC_018,,,,molluscs,NOAA Mussel Watch,NOAA Mussel Watch,SEAK
Diver,Mussel Watch:Alaska 2007,2007,16.735910000000001,55.293830000000000,-131.548000000000002,Mussel,Mytilus,mussel,Bivalvia,Mussels,Background biomonitoring,MWAK-22-2007KTMP1MS_MS,,ng/g,wet,Provided,Whole Body,1.000000000000000,1,CALC_018,,,,molluscs,NOAA Mussel Watch,NOAA Mussel Watch,SEAK
Diver,Mussel Watch:Alaska 2007,2007,14.916980000000001,60.102080000000001,-149.364159999999998,Mussel,Mytilus,mussel,Bivalvia,Mussels,Background biomonitoring,MWAK-22-2007RBNR1MS_MS,,ng/g,wet,Provided,Whole Body,1.000000000000000,1,CALC_018,,,,molluscs,NOAA Mussel Watch,NOAA Mussel Watch,SCAK
Diver,Mussel Watch:Alaska 2007,2007,6.756970000000000,59.357999999999997,-151.930000000000007,California Mussel,Mytilus californianus,mussel,Bivalvia,Mussels,Background biomonitoring,MWAK-22-2007CINK1MS_MS,,ng/g,wet,Provided,Whole Body,1.000000000000000,1,CALC_018,,,,mussel,NOAA Mussel Watch,NOAA Mussel Watch,SCAK
Diver,Mussel Watch:Alaska 2007,2007,10.368919999999999,60.112969999999997,-149.373999999999995,Cockle,Clinocardium nuttallii,cockle,Bivalvia,Clams,Background biomonitoring,MWAK-22-2007RBMF1CN_CN,,ng/g,wet,Provided,Whole Body,1.000000000000000,1,CALC_018,,,,cockle,NOAA Mussel Watch,NOAA Mussel Watch,SCAK
Diver,Mussel Watch:Alaska 2007,2007,10.689940000000000,60.112969999999997,-149.373999999999995,Mussel,Mytilus,mussel,Bivalvia,Mussels,Background biomonitoring,MWAK-22-2007RBMF1MS_MS,,ng/g,wet,Provided,Whole Body,1.000000000000000,1,CALC_018,,,,molluscs,NOAA Mussel Watch,NOAA Mussel Watch,SCAK
Diver,Mussel Watch:Alaska 2007,2007,12.484940000000000,60.064880000000002,-149.439999999999998,Blue Mussel,Mytilus edulis,mussel,Bivalvia,Mussels,Background biomonitoring,MWAK-22-2007RBML1MS_MS,,ng/g,wet,Provided,Whole Body,1.000000000000000,1,CALC_018,,,,mussel,NOAA Mussel Watch,NOAA Mussel Watch,SCAK
Diver,NOAA Southwest Alaska Nearshore Monitoring 2007,2007,2.385000000000000,59.420699999999997,-150.646999999999991,Mussel,Mytilus,mussel,Bivalvia,Mussels,Background biomonitoring,1096-08-SS2007CINPMT,,ng/g,wet,Provided,Whole Body,1.000000000000000,1,CALC_018,,,,molluscs,NOAA Southwest Alaska Nearshore Monitoring,NOAA Regional Studies,SCAK
Diver,NOAA Southwest Alaska Nearshore Monitoring 2007,2007,2.548000000000000,59.537199999999999,-150.607100000000003,Mussel,Mytilus,mussel,Bivalvia,Mussels,Background biomonitoring,1096-08-SS2007CINBMT,,ng/g,wet,Provided,Whole Body,1.000000000000000,1,CALC_018,,,,molluscs,NOAA Southwest Alaska Nearshore Monitoring,NOAA Regional Studies,SCAK
Diver,NOAA Southwest Alaska Nearshore Monitoring 2007,2007,2.604000000000000,59.508499999999998,-150.341700000000003,Mussel,Mytilus,mussel,Bivalvia,Mussels,Background biomonitoring,1096-08-SS2007CIMFMT,,ng/g,wet,Provided,Whole Body,1.000000000000000,1,CALC_018,,,,molluscs,NOAA Southwest Alaska Nearshore Monitoring,NOAA Regional Studies,SCAK
Diver,NOAA Southwest Alaska Nearshore Monitoring 2007,2007,1.455000000000000,59.737699999999997,-149.958400000000012,Mussel,Mytilus,mussel,Bivalvia,Mussels,Background biomonitoring,1096-08-SS2007CIHBMT,,ng/g,wet,Provided,Whole Body,1.000000000000000,1,UCALC_018,,,,molluscs,NOAA Southwest Alaska Nearshore Monitoring,NOAA Regional Studies,SCAK
Diver,NOAA Southwest Alaska Nearshore Monitoring 2007,2007,2.010000000000000,59.874699999999997,-149.640400000000000,Mussel,Mytilus,mussel,Bivalvia,Mussels,Background biomonitoring,1096-08-SS2007CIABMT,,ng/g,wet,Provided,Whole Body,1.000000000000000,1,CALC_018,,,,molluscs,NOAA Southwest Alaska Nearshore Monitoring,NOAA Regional Studies,SCAK
Diver,NOAA Southwest Alaska Nearshore Monitoring 2007,2007,1.870000000000000,58.063499999999998,-154.484100000000012,Mussel,Mytilus,mussel,Bivalvia,Mussels,Background biomonitoring,1096-08-SS2007TAKIMT,,ng/g,wet,Provided,Whole Body,1.000000000000000,1,CALC_018,,,,molluscs,NOAA Southwest Alaska Nearshore Monitoring,NOAA Regional Studies,SCAK
Diver,Mussel Watch:Alaska 2007,2007,5.679960000000000,58.063499999999998,-154.484139999999996,Mussel,Mytilus,mussel,Bivalvia,Mussels,Background biomonitoring,MWAK-22-2007TAKI1MS_MS,,ng/g,wet,Provided,Whole Body,1.000000000000000,1,CALC_018,,,,molluscs,NOAA Mussel Watch,NOAA Mussel Watch,SCAK
Diver,NOAA Southwest Alaska Nearshore Monitoring 2007,2007,1.965000000000000,58.079300000000003,-154.465900000000005,Mussel,Mytilus,mussel,Bivalvia,Mussels,Background biomonitoring,1096-08-SS2007AMABMT,,ng/g,wet,Provided,Whole Body,1.000000000000000,1,CALC_018,,,,molluscs,NOAA Southwest Alaska Nearshore Monitoring,NOAA Regional Studies,SCAK
Diver,Mussel Watch:Alaska 2007,2007,7.116970000000000,58.079310000000000,-154.465939999999989,Mussel,Mytilus,mussel,Bivalvia,Mussels,Background biomonitoring,MWAK-22-2007AMAB1MS_MS,,ng/g,wet,Provided,Whole Body,1.000000000000000,1,CALC_018,,,,molluscs,NOAA Mussel Watch,NOAA Mussel Watch,SCAK
Diver,NOAA Southwest Alaska Nearshore Monitoring 2007,2007,1.386000000000000,58.190600000000003,-154.484900000000010,Mussel,Mytilus,mussel,Bivalvia,Mussels,Background biomonitoring,1096-08-SS2007KINBMT,,ng/g,wet,Provided,Whole Body,1.000000000000000,1,CALC_018,,,,molluscs,NOAA Southwest Alaska Nearshore Monitoring,NOAA Regional Studies,SCAK
Diver,Mussel Watch:Alaska 2007,2007,5.190930000000000,58.190579999999997,-154.484890000000007,Mussel,Mytilus,mussel,Bivalvia,Mussels,Background biomonitoring,MWAK-22-2007KINB1MS_MS,,ng/g,wet,Provided,Whole Body,1.000000000000000,1,CALC_018,,,,molluscs,NOAA Mussel Watch,NOAA Mussel Watch,SCAK
Diver,NOAA Southwest Alaska Nearshore Monitoring 2007,2007,2.112000000000000,58.256900000000002,-154.197699999999998,Mussel,Mytilus,mussel,Bivalvia,Mussels,Background biomonitoring,1096-08-SS2007KAFBMT,,ng/g,wet,Provided,Whole Body,1.000000000000000,1,CALC_018,,,,molluscs,NOAA Southwest Alaska Nearshore Monitoring,NOAA Regional Studies,SCAK
Diver,Mussel Watch:Alaska 2007,2007,5.521990000000000,58.256940000000000,-154.197689999999994,Mussel,Mytilus,mussel,Bivalvia,Mussels,Background biomonitoring,MWAK-22-2007KAFB1MS_MS,,ng/g,wet,Provided,Whole Body,1.000000000000000,1,CALC_018,,,,molluscs,NOAA Mussel Watch,NOAA Mussel Watch,SCAK
Diver,NOAA Southwest Alaska Nearshore Monitoring 2007,2007,2.580000000000000,58.316600000000001,-154.206600000000009,Mussel,Mytilus,mussel,Bivalvia,Mussels,Background biomonitoring,1096-08-SS2007KUKBMT,,ng/g,wet,Provided,Whole Body,1.000000000000000,1,CALC_018,,,,molluscs,NOAA Southwest Alaska Nearshore Monitoring,NOAA Regional Studies,SCAK
Diver,Mussel Watch:Alaska 2007,2007,6.515950000000000,58.316580000000002,-154.206580000000002,Mussel,Mytilus,mussel,Bivalvia,Mussels,Background biomonitoring,MWAK-22-2007KUKB1MS_MS,,ng/g,wet,Provided,Whole Body,1.000000000000000,1,CALC_018,,,,molluscs,NOAA Mussel Watch,NOAA Mussel Watch,SCAK
Diver,NOAA Southwest Alaska Nearshore Monitoring 2007,2007,4.455000000000000,58.451500000000003,-154.014299999999992,Mussel,Mytilus,mussel,Bivalvia,Mussels,Background biomonitoring,1096-08-SS2007CINIMT,,ng/g,wet,Provided,Whole Body,1.000000000000000,1,CALC_018,,,,molluscs,NOAA Southwest Alaska Nearshore Monitoring,NOAA Regional Studies,SCAK
Diver,NOAA AKMAP Special Study 2007,2007,13.640000000000001,51.785200000000003,-176.755300000000005,Blue Mussel,Mytilus edulis,mussel,Bivalvia,Mussels,Background biomonitoring,1096-10-SS2007AIBIME,,ng/g,wet,Provided,Whole Body,1.000000000000000,1,CALC_018,,,,mussel,NOAA AKMAP Special Study,NOAA Regional Studies,Aleutian
Diver,NOAA AKMAP Special Study 2007,2007,220.014000000000010,51.862299999999998,-176.638499999999993,Blue Mussel,Mytilus edulis,mussel,Bivalvia,Mussels,Background biomonitoring,1096-10-SS2007AISWME,,ng/g,wet,Provided,Whole Body,1.000000000000000,1,CALC_018,,,,mussel,NOAA AKMAP Special Study,NOAA Regional Studies,Aleutian
Diver,NOAA AKMAP Special Study 2007,2007,12.263999999999999,51.827399999999997,-176.150800000000004,Blue Mussel,Mytilus edulis,mussel,Bivalvia,Mussels,Background biomonitoring,1096-10-SS2007TICBME,,ng/g,wet,Provided,Whole Body,1.000000000000000,1,CALC_018,,,,mussel,NOAA AKMAP Special Study,NOAA Regional Studies,Aleutian
Diver,NOAA AKMAP Special Study 2007,2007,10.710000000000001,51.866100000000003,-176.153600000000012,Blue Mussel,Mytilus edulis,mussel,Bivalvia,Mussels,Background biomonitoring,1096-10-SS2007TIMPME,,ng/g,wet,Provided,Whole Body,1.000000000000000,1,CALC_018,,,,mussel,NOAA AKMAP Special Study,NOAA Regional Studies,Aleutian
Diver,NOAA AKMAP Special Study 2007,2007,10.907999999999999,52.140400000000000,-174.602900000000005,Blue Mussel,Mytilus edulis,mussel,Bivalvia,Mussels,Background biomonitoring,1096-10-SS2007AIDBME,,ng/g,wet,Provided,Whole Body,1.000000000000000,1,CALC_018,,,,mussel,NOAA AKMAP Special Study,NOAA Regional Studies,Aleutian
Diver,NOAA AKMAP Special Study 2007,2007,11.186000000000000,52.225099999999998,-174.160200000000003,Blue Mussel,Mytilus edulis,mussel,Bivalvia,Mussels,Background biomonitoring,1096-10-SS2007AINBME,,ng/g,wet,Provided,Whole Body,1.000000000000000,1,CALC_018,,,,mussel,NOAA AKMAP Special Study,NOAA Regional Studies,Aleutian
Diver,NOAA AKMAP Special Study 2007,2007,42.750000000000000,53.409399999999998,-167.523200000000003,Blue Mussel,Mytilus edulis,mussel,Bivalvia,Mussels,Background biomonitoring,1096-10-SS2007UIMCME,,ng/g,wet,Provided,Whole Body,1.000000000000000,1,CALC_018,,,,mussel,NOAA AKMAP Special Study,NOAA Regional Studies,Aleutian
Diver,NOAA AKMAP Special Study 2007,2007,9.590000000000000,53.616700000000002,-167.056099999999986,Blue Mussel,Mytilus edulis,mussel,Bivalvia,Mussels,Background biomonitoring,1096-10-SS2007UISKME,,ng/g,wet,Provided,Whole Body,1.000000000000000,1,CALC_018,,,,mussel,NOAA AKMAP Special Study,NOAA Regional Studies,Aleutian
Diver,NOAA AKMAP Special Study 2007,2007,52.039000000000001,53.881900000000002,-166.542100000000005,Blue Mussel,Mytilus edulis,mussel,Bivalvia,Mussels,Background biomonitoring,1096-10-SS2007UDDHME,,ng/g,wet,Provided,Whole Body,1.000000000000000,1,CALC_018,,,,mussel,NOAA AKMAP Special Study,NOAA Regional Studies,Aleutian
Diver,Mussel Watch:Alaska 2007,2007,13.132949999999999,58.796100000000003,-158.532479999999993,Blue Mussel,Mytilus spp.,mussel,Bivalvia,Mussels,Background biomonitoring,MWAK-22-2007NGEK1MM_MM,,ng/g,wet,Provided,Whole Body,1.000000000000000,1,CALC_018,,,,molluscs,NOAA Mussel Watch,NOAA Mussel Watch,West
Diver,NOAA Special Alaska Study 2007,2007,14.250000000000000,59.614500000000000,-151.444199999999995,Blue Mussel,Mytilus edulis,mussel,Bivalvia,Mussels,Background biomonitoring,1096-07-SS2008CIHS1ME,,ng/g,wet,Provided,Whole Body,1.000000000000000,1,CALC_018,,,,mussel,NOAA AKMAP Special Study,NOAA Regional Studies,SCAK
Diver,NOAA Special Alaska Study 2007,2007,2.652000000000000,59.614500000000000,-151.444199999999995,Pacific Littleneck Clam,Protothaca staminea,clam,Bivalvia,Clams,Background biomonitoring,1096-07-SS2008CIHS1PS,,ng/g,wet,Provided,Whole Body,1.000000000000000,1,CALC_018,,,,clam,NOAA AKMAP Special Study,NOAA Regional Studies,SCAK
Diver,NOAA Special Alaska Study 2007,2007,1.872000000000000,59.614500000000000,-151.444199999999995,Cockle,Clinocardium nuttallii,cockle,Bivalvia,Clams,Background biomonitoring,1096-07-SS2008CIHS1CN,,ng/g,wet,Provided,Whole Body,1.000000000000000,1,CALC_018,,,,cockle,NOAA AKMAP Special Study,NOAA Regional Studies,SCAK
Diver,NOAA Special Alaska Study 2007,2007,3.472000000000000,59.614500000000000,-151.444199999999995,Pacific Littleneck Clam,Protothaca staminea,clam,Bivalvia,Clams,Background biomonitoring,1096-07-SS2008CIHS2PS,,ng/g,wet,Provided,Whole Body,1.000000000000000,1,CALC_018,,,,clam,NOAA AKMAP Special Study,NOAA Regional Studies,SCAK
Diver,NOAA Special Alaska Study 2007,2007,7.308000000000000,59.614500000000000,-151.444199999999995,Blue Mussel,Mytilus edulis,mussel,Bivalvia,Mussels,Background biomonitoring,1096-07-SS2008CIHS2ME,,ng/g,wet,Provided,Whole Body,1.000000000000000,1,CALC_018,,,,mussel,NOAA AKMAP Special Study,NOAA Regional Studies,SCAK
Diver,NOAA Special Alaska Study 2007,2007,3.621000000000000,59.614500000000000,-151.444199999999995,Cockle,Clinocardium nuttallii,cockle,Bivalvia,Clams,Background biomonitoring,1096-07-SS2008CIHS2CN,,ng/g,wet,Provided,Whole Body,1.000000000000000,1,CALC_018,,,,cockle,NOAA AKMAP Special Study,NOAA Regional Studies,SCAK
Diver,NOAA Special Alaska Study 2007,2008,3.393000000000000,59.722999999999999,-151.026999999999987,Pacific Littleneck Clam,Protothaca staminea,clam,Bivalvia,Clams,Background biomonitoring,1096-07-SS2008CIBCPS,,ng/g,wet,Provided,Whole Body,1.000000000000000,1,CALC_018,,,,clam,NOAA AKMAP Special Study,NOAA Regional Studies,SCAK
Diver,NOAA Special Alaska Study 2007,2008,2.808000000000000,59.722999999999999,-151.026999999999987,Cockle,Clinocardium nuttallii,cockle,Bivalvia,Clams,Background biomonitoring,1096-07-SS2008CIBCCN,,ng/g,wet,Provided,Whole Body,1.000000000000000,1,CALC_018,,,,cockle,NOAA AKMAP Special Study,NOAA Regional Studies,SCAK
Diver,NOAA Special Alaska Study 2007,2008,8.800000000000001,59.722999999999999,-151.026999999999987,Blue Mussel,Mytilus edulis,mussel,Bivalvia,Mussels,Background biomonitoring,1096-07-SS2008CIBCME,,ng/g,wet,Provided,Whole Body,1.000000000000000,1,CALC_018,,,,mussel,NOAA AKMAP Special Study,NOAA Regional Studies,SCAK
Diver,Mussel Watch:Alaska 2008,2008,1.170000000000000,60.051389999999998,-151.668890000000005,Pacific Razor Clam,Siliqua patula,clam,Bivalvia,Clams,Background biomonitoring,MWAK-23-MW2008NINBRC_1RC,,ng/g,wet,Provided,Other,1.000000000000000,1,CALC_018,,,,clam,NOAA Mussel Watch,NOAA Mussel Watch,SCAK
Diver,Mussel Watch:Alaska 2008,2008,6.819920000000000,60.051389999999998,-151.668890000000005,Spot Shrimp,Pandalus platyceros,shrimp,Decapoda,Crabs/ Shrimp,Background biomonitoring,MWAK-23-2008NINB1SP_SP,,ng/g,wet,Provided,Whole Body,1.000000000000000,1,CALC_018,,,,shrimp,NOAA Mussel Watch,NOAA Mussel Watch,SCAK
Diver,Mussel Watch:Alaska 2009,2009,17.084930000000000,55.293830000000000,-131.548000000000002,Mussel,Mytilus,mussel,Bivalvia,Mussels,Background biomonitoring,MWAK-24-2009KTMP1MS_MS,,ng/g,wet,Provided,Whole Body,1.000000000000000,1,CALC_018,,,,molluscs,NOAA Mussel Watch,NOAA Mussel Watch,SEAK
Diver,Mussel Watch:Alaska 2009,2009,18.326979999999999,59.453330000000001,-135.336500000000001,Mussel,Mytilus,mussel,Bivalvia,Mussels,Background biomonitoring,MWAK-24-2009NBES1MS_MS,,ng/g,wet,Provided,Whole Body,1.000000000000000,1,CALC_018,,,,molluscs,NOAA Mussel Watch,NOAA Mussel Watch,SEAK
Diver,Mussel Watch:Alaska 2009,2009,17.029900000000001,61.132829999999998,-146.461000000000013,Bay Mussel,Mytilus trossulus,mussel,Bivalvia,Mussels,Background biomonitoring,MWAK-24-2009PVMC1BaM_aM,,ng/g,wet,Provided,Whole Body,1.000000000000000,1,CALC_018,,,,mussel,NOAA Mussel Watch,NOAA Mussel Watch,SCAK
Diver,Mussel Watch:Alaska 2009,2009,18.564959999999999,60.960830000000001,-147.645999999999987,Bay Mussel,Mytilus trossulus,mussel,Bivalvia,Mussels,Background biomonitoring,MWAK-24-2009UISB1BaM_aM,,ng/g,wet,Provided,Whole Body,1.000000000000000,1,CALC_018,,,,mussel,NOAA Mussel Watch,NOAA Mussel Watch,SCAK
Diver,NOAA North Pacific Research Board Study 2010,2010,16.434000000000001,59.299999999999997,-151.900000000000006,Soft Shell Clam,Mya arenaria,clam,Bivalvia,Clams,Background biomonitoring,1096-12-BA2010NPR_NHA,,ng/g,wet,Provided,Whole Body,1.000000000000000,1,CALC_018,,,,clam,NOAA North Pacific Research Board Study,NOAA Regional Studies,SCAK
Diver,NOAA North Pacific Research Board Study 2010,2010,22.286999999999999,59.570500000000003,-151.967999999999989,Cockle,Clinocardium nuttallii,cockle,Bivalvia,Clams,Background biomonitoring,1096-12-BA2010NPR_PGHA3,,ng/g,wet,Provided,Whole Body,1.000000000000000,1,CALC_018,,,,cockle,NOAA North Pacific Research Board Study,NOAA Regional Studies,SCAK
Diver,NOAA North Pacific Research Board Study 2010,2010,21.164999999999999,59.561999999999998,-151.699999999999989,Soft Shell Clam,Mya arenaria,clam,Bivalvia,Clams,Background biomonitoring,1096-12-BA2010NPR_PHGA,,ng/g,wet,Provided,Whole Body,1.000000000000000,1,CALC_018,,,,clam,NOAA North Pacific Research Board Study,NOAA Regional Studies,SCAK
Diver,NOAA North Pacific Research Board Study 2010,2010,18.140000000000001,59.506940000000000,-151.881390000000010,Cockle,Clinocardium nuttallii,cockle,Bivalvia,Clams,Background biomonitoring,1096-12-BA2010NPR_SHACN,,ng/g,wet,Provided,Whole Body,1.000000000000000,1,CALC_018,,,,cockle,NOAA North Pacific Research Board Study,NOAA Regional Studies,SCAK
Diver,NOAA North Pacific Research Board Study 2010,2010,25.884000000000000,59.506940000000000,-151.881390000000010,Soft Shell Clam,Mya arenaria,clam,Bivalvia,Clams,Background biomonitoring,1096-12-BA2010NPR_SHAMA,,ng/g,wet,Provided,Whole Body,1.000000000000000,1,CALC_018,,,,clam,NOAA North Pacific Research Board Study,NOAA Regional Studies,SCAK
Diver,Western Mariner Preassessment Tissue,2022,168.439999999999998,57.295879999999997,-135.619326999999998,Bay Mussel,Mytilus trossulus,mussel,Bivalvia,Mussels,Post-oil spill assessment,1092-A1-NRDAR-001,,ng/g,wet,Provided,Other,1.000000000000000,1,CALC_016,,,,mussel,NOAA Western Mariner Assessment,NOAA Western Mariner Assessment,SEAK
Diver,Western Mariner Preassessment Tissue,2022,6.770000000000000,57.300952000000002,-135.637727000000012,Bay Mussel,Mytilus trossulus,mussel,Bivalvia,Mussels,Post-oil spill assessment,1092-A1-NRDAR-002,,ng/g,wet,Provided,Other,1.000000000000000,1,CALC_016,,,,mussel,NOAA Western Mariner Assessment,NOAA Western Mariner Assessment,SEAK
Diver,Western Mariner Preassessment Tissue,2022,17.390000000000001,57.297235000000001,-135.590132000000011,Bay Mussel,Mytilus trossulus,mussel,Bivalvia,Mussels,Post-oil spill assessment,1092-A1-NRDAR-003,,ng/g,wet,Provided,Other,1.000000000000000,1,CALC_016,,,,mussel,NOAA Western Mariner Assessment,NOAA Western Mariner Assessment,SEAK
Diver,Western Mariner Preassessment Tissue,2022,222.080000000000013,57.268213000000003,-135.583302000000003,Bay Mussel,Mytilus trossulus,mussel,Bivalvia,Mussels,Post-oil spill assessment,1092-A1-NRDAR-004,,ng/g,wet,Provided,Other,1.000000000000000,1,CALC_016,,,,mussel,NOAA Western Mariner Assessment,NOAA Western Mariner Assessment,SEAK
Diver,Western Mariner Preassessment Tissue,2022,61.289999999999999,57.267482999999999,-135.583222000000006,Bay Mussel,Mytilus trossulus,mussel,Bivalvia,Mussels,Post-oil spill assessment,1092-A1-NRDAR-005,,ng/g,wet,Provided,Other,1.000000000000000,1,CALC_016,,,,mussel,NOAA Western Mariner Assessment,NOAA Western Mariner Assessment,SEAK
Diver,Western Mariner Preassessment Tissue,2022,4.780000000000000,57.156522000000002,-135.568096999999995,Bay Mussel,Mytilus trossulus,mussel,Bivalvia,Mussels,Post-oil spill assessment,1092-A1-NRDAR-008,,ng/g,wet,Provided,Other,1.000000000000000,1,UCALC_016,,,,mussel,NOAA Western Mariner Assessment,NOAA Western Mariner Assessment,SEAK
Diver,Western Mariner Preassessment Tissue,2022,4.450000000000000,57.173957999999999,-135.555258000000009,Bay Mussel,Mytilus trossulus,mussel,Bivalvia,Mussels,Post-oil spill assessment,1092-A1-NRDAR-007,,ng/g,wet,Provided,Other,1.000000000000000,1,UCALC_016,,,,mussel,NOAA Western Mariner Assessment,NOAA Western Mariner Assessment,SEAK
Diver,Western Mariner Preassessment Tissue,2022,4.600000000000000,57.228679999999997,-135.537006999999988,Bay Mussel,Mytilus trossulus,mussel,Bivalvia,Mussels,Post-oil spill assessment,1092-A1-NRDAR-006,,ng/g,wet,Provided,Other,1.000000000000000,1,UCALC_016,,,,mussel,NOAA Western Mariner Assessment,NOAA Western Mariner Assessment,SEAK
Diver,Western Mariner Preassessment Tissue,2022,2.720000000000000,57.147599999999997,-135.464783000000011,Pacific Herring,Clupea pallasii,forage fish,Chordata (Actinopterygii),Fish,Post-oil spill assessment,1092-A1-SS-12,,ng/g,wet,Provided,Eggs,1.000000000000000,1,UCALC_016,,,,forage fish,NOAA Western Mariner Assessment,NOAA Western Mariner Assessment,SEAK
Diver,Western Mariner Preassessment Tissue,2022,23.309999999999999,57.174149999999997,-135.461716999999993,Bay Mussel,Mytilus trossulus,mussel,Bivalvia,Mussels,Post-oil spill assessment,1092-A1-SS-10,,ng/g,wet,Provided,Other,1.000000000000000,1,CALC_016,,,,mussel,NOAA Western Mariner Assessment,NOAA Western Mariner Assessment,SEAK
Diver,Western Mariner Preassessment Tissue,2022,4.008000000000000,57.174149999999997,-135.461716999999993,Pacific Herring,Clupea pallasii,forage fish,Chordata (Actinopterygii),Fish,Post-oil spill assessment,1092-A1-SS-10.5,,ng/g,wet,Provided,Eggs,1.000000000000000,1,CALC_016,,,,forage fish,NOAA Western Mariner Assessment,NOAA Western Mariner Assessment,SEAK
Diver,Western Mariner Preassessment Tissue,2022,10.374000000000001,57.152799999999999,-135.582899999999995,Pacific Herring,Clupea pallasii,forage fish,Chordata (Actinopterygii),Fish,Post-oil spill assessment,1092-A1-SS-8,,ng/g,wet,Provided,Eggs,1.000000000000000,1,CALC_016,,,,forage fish,NOAA Western Mariner Assessment,NOAA Western Mariner Assessment,SEAK
Diver,Western Mariner Preassessment Tissue,2022,3.174000000000000,57.084400000000002,-135.414600000000007,Pacific Herring,Clupea pallasii,forage fish,Chordata (Actinopterygii),Fish,Post-oil spill assessment,1092-A1-SS-13,,ng/g,wet,Provided,Eggs,1.000000000000000,1,CALC_016,,,,forage fish,NOAA Western Mariner Assessment,NOAA Western Mariner Assessment,SEAK
Diver,Western Mariner Preassessment Tissue,2022,22.696999999999999,57.173900000000003,-135.605349999999987,Bay Mussel,Mytilus trossulus,mussel,Bivalvia,Mussels,Post-oil spill assessment,1092-A1-SS-7,,ng/g,wet,Provided,Other,1.000000000000000,1,CALC_016,,,,mussel,NOAA Western Mariner Assessment,NOAA Western Mariner Assessment,SEAK
Diver,Western Mariner Preassessment Tissue,2022,3.670000000000000,57.173900000000003,-135.605349999999987,Pacific Herring,Clupea pallasii,forage fish,Chordata (Actinopterygii),Fish,Post-oil spill assessment,1092-A1-SS-7.5,,ng/g,wet,Provided,Eggs,1.000000000000000,1,CALC_016,,,,forage fish,NOAA Western Mariner Assessment,NOAA Western Mariner Assessment,SEAK
Diver,Western Mariner Preassessment Tissue,2022,21.442000000000000,57.224283000000000,-135.552132999999998,Bay Mussel,Mytilus trossulus,mussel,Bivalvia,Mussels,Post-oil spill assessment,1092-A1-SS-5,,ng/g,wet,Provided,Other,1.000000000000000,1,CALC_016,,,,mussel,NOAA Western Mariner Assessment,NOAA Western Mariner Assessment,SEAK
Diver,Western Mariner Preassessment Tissue,2022,15.409000000000001,57.240349999999999,-135.528267000000000,Bay Mussel,Mytilus trossulus,mussel,Bivalvia,Mussels,Post-oil spill assessment,1092-A1-SS-4,,ng/g,wet,Provided,Other,1.000000000000000,1,CALC_016,,,,mussel,NOAA Western Mariner Assessment,NOAA Western Mariner Assessment,SEAK
Diver,Western Mariner Preassessment Tissue,2022,24.658000000000001,57.219482999999997,-135.509516999999988,Butter Clam,Saxidomus gigantea,clam,Bivalvia,Clams,Post-oil spill assessment,1092-A1-SS-6,,ng/g,wet,Provided,Other,1.000000000000000,1,CALC_016,,,,clam,NOAA Western Mariner Assessment,NOAA Western Mariner Assessment,SEAK
Diver,Western Mariner Preassessment Tissue,2022,5.985000000000000,57.146883000000003,-135.509217000000007,Pacific Herring,Clupea pallasii,forage fish,Chordata (Actinopterygii),Fish,Post-oil spill assessment,1092-A1-SS-9,,ng/g,wet,Provided,Eggs,1.000000000000000,1,CALC_016,,,,forage fish,NOAA Western Mariner Assessment,NOAA Western Mariner Assessment,SEAK
Diver,Western Mariner Preassessment Tissue,2022,38.701000000000001,57.290182999999999,-135.596949999999993,Bay Mussel,Mytilus trossulus,mussel,Bivalvia,Mussels,Post-oil spill assessment,1092-A1-SS-1,,ng/g,wet,Provided,Other,1.000000000000000,1,CALC_016,,,,mussel,NOAA Western Mariner Assessment,NOAA Western Mariner Assessment,SEAK
Diver,Western Mariner Preassessment Tissue,2022,23.027999999999999,57.252732999999999,-135.568283000000008,Bay Mussel,Mytilus trossulus,mussel,Bivalvia,Mussels,Post-oil spill assessment,1092-A1-SS-3,,ng/g,wet,Provided,Other,1.000000000000000,1,CALC_016,,,,mussel,NOAA Western Mariner Assessment,NOAA Western Mariner Assessment,SEAK
Diver,Western Mariner Preassessment Tissue,2022,8.029999999999999,57.270069999999997,-135.593660000000000,Cockle,Clinocardium nuttallii,cockle,Bivalvia,Clams,Post-oil spill assessment,1092-A1-GS003,,ng/g,wet,Provided,Whole Body,1.000000000000000,1,CALC_016,,,,cockle,NOAA Western Mariner Assessment,NOAA Western Mariner Assessment,SEAK
Diver,Western Mariner Preassessment Tissue,2022,10.820000000000000,57.270280000000000,-135.593989999999991,Bay Mussel,Mytilus trossulus,mussel,Bivalvia,Mussels,Post-oil spill assessment,1092-A1-GS001,,ng/g,wet,Provided,Whole Body,1.000000000000000,1,CALC_016,,,,mussel,NOAA Western Mariner Assessment,NOAA Western Mariner Assessment,SEAK
Diver,Western Mariner Preassessment Tissue,2022,4.620000000000000,57.270280000000000,-135.593989999999991,Bay Mussel,Mytilus trossulus,mussel,Bivalvia,Mussels,Post-oil spill assessment,1092-A1-GS002,,ng/g,wet,Provided,Whole Body,1.000000000000000,1,UCALC_016,,,,mussel,NOAA Western Mariner Assessment,NOAA Western Mariner Assessment,SEAK
Diver,Western Mariner Preassessment Tissue,2022,21.629999999999999,57.281399999999998,-135.598399999999998,Butter Clam,Saxidomus gigantea,clam,Bivalvia,Clams,Post-oil spill assessment,1092-A1-HI001,,ng/g,wet,Provided,Whole Body,1.000000000000000,1,CALC_016,,,,clam,NOAA Western Mariner Assessment,NOAA Western Mariner Assessment,SEAK
Diver,Western Mariner Preassessment Tissue,2022,34.210000000000001,57.281399999999998,-135.598399999999998,Butter Clam,Saxidomus gigantea,clam,Bivalvia,Clams,Post-oil spill assessment,1092-A1-HI002,,ng/g,wet,Provided,Whole Body,1.000000000000000,1,CALC_016,,,,clam,NOAA Western Mariner Assessment,NOAA Western Mariner Assessment,SEAK
Diver,Western Mariner Preassessment Tissue,2022,7.470000000000000,57.281399999999998,-135.598399999999998,Butter Clam,Saxidomus gigantea,clam,Bivalvia,Clams,Post-oil spill assessment,1092-A1-HI003,,ng/g,wet,Provided,Whole Body,1.000000000000000,1,CALC_016,,,,clam,NOAA Western Mariner Assessment,NOAA Western Mariner Assessment,SEAK
Diver,Western Mariner Preassessment Tissue,2022,4.820000000000000,57.281399999999998,-135.598399999999998,Cockle,Clinocardium nuttallii,cockle,Bivalvia,Clams,Post-oil spill assessment,1092-A1-HI004,,ng/g,wet,Provided,Whole Body,1.000000000000000,1,UCALC_016,,,,cockle,NOAA Western Mariner Assessment,NOAA Western Mariner Assessment,SEAK
Diver,Western Mariner Preassessment Tissue,2022,4.890000000000000,57.281399999999998,-135.598399999999998,Cockle,Clinocardium nuttallii,cockle,Bivalvia,Clams,Post-oil spill assessment,1092-A1-HI005,,ng/g,wet,Provided,Whole Body,1.000000000000000,1,UCALC_016,,,,cockle,NOAA Western Mariner Assessment,NOAA Western Mariner Assessment,SEAK
Diver,Western Mariner Preassessment Tissue,2022,9.150000000000000,57.281520000000000,-135.598180000000013,Bay Mussel,Mytilus trossulus,mussel,Bivalvia,Mussels,Post-oil spill assessment,1092-A1-HI006,,ng/g,wet,Provided,Whole Body,1.000000000000000,1,CALC_016,,,,mussel,NOAA Western Mariner Assessment,NOAA Western Mariner Assessment,SEAK
Diver,Western Mariner Preassessment Tissue,2022,7.320000000000000,57.281520000000000,-135.598180000000013,Bay Mussel,Mytilus trossulus,mussel,Bivalvia,Mussels,Post-oil spill assessment,1092-A1-HI007,,ng/g,wet,Provided,Whole Body,1.000000000000000,1,CALC_016,,,,mussel,NOAA Western Mariner Assessment,NOAA Western Mariner Assessment,SEAK
Diver,Western Mariner Preassessment Tissue,2022,4.710000000000000,57.281520000000000,-135.598180000000013,Bay Mussel,Mytilus trossulus,mussel,Bivalvia,Mussels,Post-oil spill assessment,1092-A1-HI008,,ng/g,wet,Provided,Whole Body,1.000000000000000,1,UCALC_016,,,,mussel,NOAA Western Mariner Assessment,NOAA Western Mariner Assessment,SEAK
Diver,Western Mariner Preassessment Tissue,2022,4.960000000000000,57.241950000000003,-135.622680000000003,Bay Mussel,Mytilus trossulus,mussel,Bivalvia,Mussels,Post-oil spill assessment,1092-A1-KS001,,ng/g,wet,Provided,Whole Body,1.000000000000000,1,UCALC_016,,,,mussel,NOAA Western Mariner Assessment,NOAA Western Mariner Assessment,SEAK
Diver,Western Mariner Preassessment Tissue,2022,4.980000000000000,57.241950000000003,-135.622680000000003,Bay Mussel,Mytilus trossulus,mussel,Bivalvia,Mussels,Post-oil spill assessment,1092-A1-KS002,,ng/g,wet,Provided,Whole Body,1.000000000000000,1,UCALC_016,,,,mussel,NOAA Western Mariner Assessment,NOAA Western Mariner Assessment,SEAK
Diver,Western Mariner Preassessment Tissue,2022,4.870000000000000,57.241950000000003,-135.622680000000003,Bay Mussel,Mytilus trossulus,mussel,Bivalvia,Mussels,Post-oil spill assessment,1092-A1-KS003,,ng/g,wet,Provided,Whole Body,1.000000000000000,1,UCALC_016,,,,mussel,NOAA Western Mariner Assessment,NOAA Western Mariner Assessment,SEAK
Diver,Western Mariner Preassessment Tissue,2022,4.750000000000000,57.241950000000003,-135.622680000000003,Butter Clam,Saxidomus gigantea,clam,Bivalvia,Clams,Post-oil spill assessment,1092-A1-KS004,,ng/g,wet,Provided,Whole Body,1.000000000000000,1,UCALC_016,,,,clam,NOAA Western Mariner Assessment,NOAA Western Mariner Assessment,SEAK
Diver,Western Mariner Preassessment Tissue,2022,4.680000000000000,57.241950000000003,-135.622680000000003,Butter Clam,Saxidomus gigantea,clam,Bivalvia,Clams,Post-oil spill assessment,1092-A1-KS005,,ng/g,wet,Provided,Whole Body,1.000000000000000,1,UCALC_016,,,,clam,NOAA Western Mariner Assessment,NOAA Western Mariner Assessment,SEAK
Diver,Western Mariner Preassessment Tissue,2022,4.560000000000000,57.241950000000003,-135.622680000000003,Butter Clam,Saxidomus gigantea,clam,Bivalvia,Clams,Post-oil spill assessment,1092-A1-KS006,,ng/g,wet,Provided,Whole Body,1.000000000000000,1,UCALC_016,,,,clam,NOAA Western Mariner Assessment,NOAA Western Mariner Assessment,SEAK
Diver,Western Mariner Preassessment Tissue,2022,4.210000000000000,57.241950000000003,-135.622680000000003,Cockle,Clinocardium nuttallii,cockle,Bivalvia,Clams,Post-oil spill assessment,1092-A1-KS007,,ng/g,wet,Provided,Whole Body,1.000000000000000,1,UCALC_016,,,,cockle,NOAA Western Mariner Assessment,NOAA Western Mariner Assessment,SEAK
Diver,Western Mariner Preassessment Tissue,2023,4.890000000000000,57.291776669999997,-135.615679999999998,Bay Mussel,Mytilus trossulus,mussel,Bivalvia,Mussels,Post-oil spill assessment,1092-A1-WMCOMP02,,ng/g,wet,Provided,Other,1.000000000000000,1,UCALC_016,,,,mussel,NOAA Western Mariner Assessment,NOAA Western Mariner Assessment,SEAK
Diver,Western Mariner Preassessment Tissue,2023,4.420000000000000,57.291390000000000,-135.615600000000001,Butter Clam,Saxidomus gigantea,clam,Bivalvia,Clams,Post-oil spill assessment,1092-A1-WM018,,ng/g,wet,Provided,Other,1.000000000000000,1,UCALC_016,,,,clam,NOAA Western Mariner Assessment,NOAA Western Mariner Assessment,SEAK
Diver,Western Mariner Preassessment Tissue,2023,4.740000000000000,57.291390000000000,-135.615600000000001,Cockle,Clinocardium nuttallii,cockle,Bivalvia,Clams,Post-oil spill assessment,1092-A1-WM019,,ng/g,wet,Provided,Other,1.000000000000000,1,UCALC_016,,,,cockle,NOAA Western Mariner Assessment,NOAA Western Mariner Assessment,SEAK
Diver,Western Mariner Preassessment Tissue,2023,4.990000000000000,57.291759999999996,-135.615460000000013,Butter Clam,Saxidomus gigantea,clam,Bivalvia,Clams,Post-oil spill assessment,1092-A1-WM020,,ng/g,wet,Provided,Other,1.000000000000000,1,UCALC_016,,,,clam,NOAA Western Mariner Assessment,NOAA Western Mariner Assessment,SEAK
Diver,Western Mariner Preassessment Tissue,2023,8.170999999999999,57.270150000000001,-135.593430000000012,Butter Clam,Saxidomus gigantea,clam,Bivalvia,Clams,Post-oil spill assessment,1092-A1-WM001,,ng/g,wet,Provided,Other,1.000000000000000,1,CALC_016,,,,clam,NOAA Western Mariner Assessment,NOAA Western Mariner Assessment,SEAK
Diver,Western Mariner Preassessment Tissue,2023,10.714000000000000,57.270170000000000,-135.593850000000003,Bay Mussel,Mytilus trossulus,mussel,Bivalvia,Mussels,Post-oil spill assessment,1092-A1-WM003,,ng/g,wet,Provided,Other,1.000000000000000,1,CALC_016,,,,mussel,NOAA Western Mariner Assessment,NOAA Western Mariner Assessment,SEAK
Diver,Western Mariner Preassessment Tissue,2023,4.900000000000000,57.270280000000000,-135.593310000000002,Cockle,Clinocardium nuttallii,cockle,Bivalvia,Clams,Post-oil spill assessment,1092-A1-WM002,,ng/g,wet,Provided,Other,1.000000000000000,1,UCALC_016,,,,cockle,NOAA Western Mariner Assessment,NOAA Western Mariner Assessment,SEAK
Diver,Western Mariner Preassessment Tissue,2023,4.929000000000000,57.270609999999998,-135.594069999999988,Bay Mussel,Mytilus trossulus,mussel,Bivalvia,Mussels,Post-oil spill assessment,1092-A1-WM006,,ng/g,wet,Provided,Other,1.000000000000000,1,CALC_016,,,,mussel,NOAA Western Mariner Assessment,NOAA Western Mariner Assessment,SEAK
Diver,Western Mariner Preassessment Tissue,2023,4.650000000000000,57.270629999999997,-135.593899999999991,Butter Clam,Saxidomus gigantea,clam,Bivalvia,Clams,Post-oil spill assessment,1092-A1-WM004,,ng/g,wet,Provided,Other,1.000000000000000,1,UCALC_016,,,,clam,NOAA Western Mariner Assessment,NOAA Western Mariner Assessment,SEAK
Diver,Western Mariner Preassessment Tissue,2023,4.630000000000000,57.270629999999997,-135.593899999999991,Cockle,Clinocardium nuttallii,cockle,Bivalvia,Clams,Post-oil spill assessment,1092-A1-WM005,,ng/g,wet,Provided,Other,1.000000000000000,1,UCALC_016,,,,cockle,NOAA Western Mariner Assessment,NOAA Western Mariner Assessment,SEAK
Diver,Western Mariner Preassessment Tissue,2023,3.933000000000000,57.281590000000001,-135.597416699999997,Bay Mussel,Mytilus trossulus,mussel,Bivalvia,Mussels,Post-oil spill assessment,1092-A1-WMCOMP01,,ng/g,wet,Provided,Other,1.000000000000000,1,CALC_016,,,,mussel,NOAA Western Mariner Assessment,NOAA Western Mariner Assessment,SEAK
Diver,Western Mariner Preassessment Tissue,2023,7.004000000000000,57.281250000000000,-135.598050000000001,Butter Clam,Saxidomus gigantea,clam,Bivalvia,Clams,Post-oil spill assessment,1092-A1-WM010,,ng/g,wet,Provided,Other,1.000000000000000,1,CALC_016,,,,clam,NOAA Western Mariner Assessment,NOAA Western Mariner Assessment,SEAK
Diver,Western Mariner Preassessment Tissue,2023,2.694000000000000,57.281350000000003,-135.597990000000010,Butter Clam,Saxidomus gigantea,clam,Bivalvia,Clams,Post-oil spill assessment,1092-A1-WM011,,ng/g,wet,Provided,Other,1.000000000000000,1,CALC_016,,,,clam,NOAA Western Mariner Assessment,NOAA Western Mariner Assessment,SEAK
Diver,Western Mariner Preassessment Tissue,2023,4.410000000000000,57.281350000000003,-135.597990000000010,Cockle,Clinocardium nuttallii,cockle,Bivalvia,Clams,Post-oil spill assessment,1092-A1-WM012,,ng/g,wet,Provided,Other,1.000000000000000,1,UCALC_016,,,,cockle,NOAA Western Mariner Assessment,NOAA Western Mariner Assessment,SEAK
Diver,Western Mariner Preassessment Tissue,2023,4.930000000000000,57.281480000000002,-135.597700000000003,Butter Clam,Saxidomus gigantea,clam,Bivalvia,Clams,Post-oil spill assessment,1092-A1-WM013,,ng/g,wet,Provided,Other,1.000000000000000,1,UCALC_016,,,,clam,NOAA Western Mariner Assessment,NOAA Western Mariner Assessment,SEAK
Diver,Western Mariner Preassessment Tissue,2023,4.820000000000000,57.281480000000002,-135.597700000000003,Cockle,Clinocardium nuttallii,cockle,Bivalvia,Clams,Post-oil spill assessment,1092-A1-WM014,,ng/g,wet,Provided,Other,1.000000000000000,1,UCALC_016,,,,cockle,NOAA Western Mariner Assessment,NOAA Western Mariner Assessment,SEAK
Diver,Western Mariner Preassessment Tissue,2023,2.870000000000000,57.294520769999998,-135.618883100000005,Bay Mussel,Mytilus trossulus,mussel,Bivalvia,Mussels,Post-oil spill assessment,1092-A1-WMCOMP04,,ng/g,wet,Provided,Other,1.000000000000000,1,UCALC_016,,,,mussel,NOAA Western Mariner Assessment,NOAA Western Mariner Assessment,SEAK
Diver,Western Mariner Preassessment Tissue,2023,4.450000000000000,57.300669999999997,-135.637000000000000,Bay Mussel,Mytilus trossulus,mussel,Bivalvia,Mussels,Post-oil spill assessment,1092-A1-WMCOMP03,,ng/g,wet,Provided,Other,1.000000000000000,1,UCALC_016,,,,mussel,NOAA Western Mariner Assessment,NOAA Western Mariner Assessment,SEAK
Diver,Western Mariner Preassessment Tissue,2023,2.940000000000000,57.296843330000002,-135.587726699999990,Bay Mussel,Mytilus trossulus,mussel,Bivalvia,Mussels,Post-oil spill assessment,1092-A1-WMCOMP05,,ng/g,wet,Provided,Other,1.000000000000000,1,UCALC_016,,,,mussel,NOAA Western Mariner Assessment,NOAA Western Mariner Assessment,SEAK
Diver,Western Mariner Preassessment Tissue,2023,2.910000000000000,57.290066670000002,-135.597603300000003,Bay Mussel,Mytilus trossulus,mussel,Bivalvia,Mussels,Post-oil spill assessment,1092-A1-WMCOMP06,,ng/g,wet,Provided,Other,1.000000000000000,1,UCALC_016,,,,mussel,NOAA Western Mariner Assessment,NOAA Western Mariner Assessment,SEAK
Diver,Western Mariner Preassessment Tissue,2023,3.633000000000000,57.267553329999998,-135.583126700000008,Bay Mussel,Mytilus trossulus,mussel,Bivalvia,Mussels,Post-oil spill assessment,1092-A1-WMCOMP07,,ng/g,wet,Provided,Other,1.000000000000000,1,CALC_016,,,,mussel,NOAA Western Mariner Assessment,NOAA Western Mariner Assessment,SEAK
Diver,Western Mariner Preassessment Tissue,2023,4.620000000000000,57.228479999999998,-135.537356700000004,Bay Mussel,Mytilus trossulus,mussel,Bivalvia,Mussels,Post-oil spill assessment,1092-A1-WMCOMP10,,ng/g,wet,Provided,Other,1.000000000000000,1,UCALC_016,,,,mussel,NOAA Western Mariner Assessment,NOAA Western Mariner Assessment,SEAK
Diver,Western Mariner Preassessment Tissue,2023,3.801000000000000,57.192760000000000,-135.476423299999993,Bay Mussel,Mytilus trossulus,mussel,Bivalvia,Mussels,Post-oil spill assessment,1092-A1-WMCOMP09,,ng/g,wet,Provided,Other,1.000000000000000,1,CALC_016,,,,mussel,NOAA Western Mariner Assessment,NOAA Western Mariner Assessment,SEAK
Diver,Western Mariner Preassessment Tissue,2023,3.920000000000000,57.192610000000002,-135.476059999999990,Cockle,Clinocardium nuttallii,cockle,Bivalvia,Clams,Post-oil spill assessment,1092-A1-WM043,,ng/g,wet,Provided,Other,1.000000000000000,1,CALC_016,,,,cockle,NOAA Western Mariner Assessment,NOAA Western Mariner Assessment,SEAK
Diver,Western Mariner Preassessment Tissue,2023,4.650000000000000,57.192790000000002,-135.476229999999987,Butter Clam,Saxidomus gigantea,clam,Bivalvia,Clams,Post-oil spill assessment,1092-A1-WM045,,ng/g,wet,Provided,Other,1.000000000000000,1,UCALC_016,,,,clam,NOAA Western Mariner Assessment,NOAA Western Mariner Assessment,SEAK
Diver,Western Mariner Preassessment Tissue,2023,3.381000000000000,57.251849999999997,-135.567313299999995,Bay Mussel,Mytilus trossulus,mussel,Bivalvia,Mussels,Post-oil spill assessment,1092-A1-WMCOMP08,,ng/g,wet,Provided,Other,1.000000000000000,1,CALC_016,,,,mussel,NOAA Western Mariner Assessment,NOAA Western Mariner Assessment,SEAK
Diver,Western Mariner Preassessment Tissue,2024,5.560000000000000,57.292271999999997,-135.615247000000011,Bay Mussel,Mytilus trossulus,mussel,Bivalvia,Mussels,Post-oil spill assessment,1092-A1-17MW001-24,,ng/g,wet,Provided,Other,1.000000000000000,1,CALC_016,,,,mussel,NOAA Western Mariner Assessment,NOAA Western Mariner Assessment,SEAK
Diver,Western Mariner Preassessment Tissue,2024,5.760000000000000,57.292119999999997,-135.615404000000012,Bay Mussel,Mytilus trossulus,mussel,Bivalvia,Mussels,Post-oil spill assessment,1092-A1-17MW002-24,,ng/g,wet,Provided,Other,1.000000000000000,1,CALC_016,,,,mussel,NOAA Western Mariner Assessment,NOAA Western Mariner Assessment,SEAK
Diver,Western Mariner Preassessment Tissue,2024,7.390000000000000,57.291792000000001,-135.615679000000000,Bay Mussel,Mytilus trossulus,mussel,Bivalvia,Mussels,Post-oil spill assessment,1092-A1-17MW003-24,,ng/g,wet,Provided,Other,1.000000000000000,1,CALC_016,,,,mussel,NOAA Western Mariner Assessment,NOAA Western Mariner Assessment,SEAK
Diver,Western Mariner Preassessment Tissue,2024,5.680000000000000,57.270200000000003,-135.593477000000007,Bay Mussel,Mytilus trossulus,mussel,Bivalvia,Mussels,Post-oil spill assessment,1092-A1-GS001-24,,ng/g,wet,Provided,Other,1.000000000000000,1,CALC_016,,,,mussel,NOAA Western Mariner Assessment,NOAA Western Mariner Assessment,SEAK
Diver,Western Mariner Preassessment Tissue,2024,5.820000000000000,57.270209999999999,-135.593783000000002,Bay Mussel,Mytilus trossulus,mussel,Bivalvia,Mussels,Post-oil spill assessment,1092-A1-GS002-24,,ng/g,wet,Provided,Other,1.000000000000000,1,CALC_016,,,,mussel,NOAA Western Mariner Assessment,NOAA Western Mariner Assessment,SEAK
Diver,Western Mariner Preassessment Tissue,2024,5.640000000000000,57.270418999999997,-135.594041000000004,Bay Mussel,Mytilus trossulus,mussel,Bivalvia,Mussels,Post-oil spill assessment,1092-A1-GS003-24,,ng/g,wet,Provided,Other,1.000000000000000,1,CALC_016,,,,mussel,NOAA Western Mariner Assessment,NOAA Western Mariner Assessment,SEAK
Diver,Western Mariner Preassessment Tissue,2024,5.660000000000000,57.270166000000003,-135.593978999999990,Bay Mussel,Mytilus trossulus,mussel,Bivalvia,Mussels,Post-oil spill assessment,1092-A1-GS004-24,,ng/g,wet,Provided,Other,1.000000000000000,1,CALC_016,,,,mussel,NOAA Western Mariner Assessment,NOAA Western Mariner Assessment,SEAK
Diver,Western Mariner Preassessment Tissue,2024,5.030000000000000,57.281612000000003,-135.597631000000007,Bay Mussel,Mytilus trossulus,mussel,Bivalvia,Mussels,Post-oil spill assessment,1092-A1-HI001-24,,ng/g,wet,Provided,Other,1.000000000000000,1,CALC_016,,,,mussel,NOAA Western Mariner Assessment,NOAA Western Mariner Assessment,SEAK
Diver,Western Mariner Preassessment Tissue,2024,6.200000000000000,57.281624999999998,-135.598115000000007,Bay Mussel,Mytilus trossulus,mussel,Bivalvia,Mussels,Post-oil spill assessment,1092-A1-HI002-24,,ng/g,wet,Provided,Other,1.000000000000000,1,CALC_016,,,,mussel,NOAA Western Mariner Assessment,NOAA Western Mariner Assessment,SEAK
Diver,Western Mariner Preassessment Tissue,2024,6.570000000000000,57.281466999999999,-135.598349000000013,Bay Mussel,Mytilus trossulus,mussel,Bivalvia,Mussels,Post-oil spill assessment,1092-A1-HI003-24,,ng/g,wet,Provided,Other,1.000000000000000,1,CALC_016,,,,mussel,NOAA Western Mariner Assessment,NOAA Western Mariner Assessment,SEAK
Diver,Western Mariner Preassessment Tissue,2024,4.690000000000000,57.192932999999996,-135.476668999999987,Bay Mussel,Mytilus trossulus,mussel,Bivalvia,Mussels,Post-oil spill assessment,1092-A1-OS001-24,,ng/g,wet,Provided,Other,1.000000000000000,1,UCALC_016,,,,mussel,NOAA Western Mariner Assessment,NOAA Western Mariner Assessment,SEAK
Diver,Western Mariner Preassessment Tissue,2024,4.610000000000000,57.193109000000000,-135.476937999999990,Bay Mussel,Mytilus trossulus,mussel,Bivalvia,Mussels,Post-oil spill assessment,1092-A1-OS003-24,,ng/g,wet,Provided,Other,1.000000000000000,1,CALC_016,,,,mussel,NOAA Western Mariner Assessment,NOAA Western Mariner Assessment,SEAK
Shigenaka,"Shigenaka 2008, Exxon Valdez Intertidal monitoring",2007,20.399999999999999,60.530000000000001,-147.606666999999987,Littleneck Clam,Leukoma staminea,clam,Bivalvia,Clams,Background biomonitoring / Post-oil spill assessment,TC17,,ng/g,dry,Provided,Whole Body,,,,1,,,clam,"Exxon Valdez Intertidal Study, Shigenaka",Other Peer-reviewed Studies,SCAK
Shigenaka,"Shigenaka 2008, Exxon Valdez Intertidal monitoring",2007,8.300000000000001,60.530000000000001,-147.606666999999987,Littleneck Clam,Leukoma staminea,clam,Bivalvia,Clams,Background biomonitoring / Post-oil spill assessment,TC 18,,ng/g,dry,Provided,Whole Body,,,,1,,,clam,"Exxon Valdez Intertidal Study, Shigenaka",Other Peer-reviewed Studies,SCAK
Shigenaka,"Shigenaka 2008, Exxon Valdez Intertidal monitoring",2007,12.600000000000000,60.530000000000001,-147.606666999999987,Littleneck Clam,Leukoma staminea,clam,Bivalvia,Clams,Background biomonitoring / Post-oil spill assessment,TC 20A,,ng/g,dry,Provided,Whole Body,,,,1,,,clam,"Exxon Valdez Intertidal Study, Shigenaka",Other Peer-reviewed Studies,SCAK
Shigenaka,"Shigenaka 2008, Exxon Valdez Intertidal monitoring",2007,20.800000000000001,60.530000000000001,-147.606666999999987,Littleneck Clam,Leukoma staminea,clam,Bivalvia,Clams,Background biomonitoring / Post-oil spill assessment,TC 19,,ng/g,dry,Provided,Whole Body,,,,1,,,clam,"Exxon Valdez Intertidal Study, Shigenaka",Other Peer-reviewed Studies,SCAK
Shigenaka,"Shigenaka 2008, Exxon Valdez Intertidal monitoring",2007,27.899999999999999,60.530000000000001,-147.606666999999987,Littleneck Clam,Leukoma staminea,clam,Bivalvia,Clams,Background biomonitoring / Post-oil spill assessment,TC 20,,ng/g,dry,Provided,Whole Body,,,,1,,,clam,"Exxon Valdez Intertidal Study, Shigenaka",Other Peer-reviewed Studies,SCAK
Shigenaka,"Shigenaka 2008, Exxon Valdez Intertidal monitoring",2007,19.899999999999999,60.536110999999998,-147.615555999999998,Littleneck Clam,Leukoma staminea,clam,Bivalvia,Clams,Background biomonitoring / Post-oil spill assessment,TC 15,,ng/g,dry,Provided,Whole Body,,,,1,,,clam,"Exxon Valdez Intertidal Study, Shigenaka",Other Peer-reviewed Studies,SCAK
Shigenaka,"Shigenaka 2008, Exxon Valdez Intertidal monitoring",2007,363.500000000000000,60.536110999999998,-147.615555999999998,Littleneck Clam,Leukoma staminea,clam,Bivalvia,Clams,Background biomonitoring / Post-oil spill assessment,TC 15,,ng/g,dry,Provided,Whole Body,,,,1,,,clam,"Exxon Valdez Intertidal Study, Shigenaka",Other Peer-reviewed Studies,SCAK
Shigenaka,"Shigenaka 2008, Exxon Valdez Intertidal monitoring",2007,352.699999999999989,60.536110999999998,-147.615555999999998,Littleneck Clam,Leukoma staminea,clam,Bivalvia,Clams,Background biomonitoring / Post-oil spill assessment,TC 15,,ng/g,dry,Provided,Whole Body,,,,1,,,clam,"Exxon Valdez Intertidal Study, Shigenaka",Other Peer-reviewed Studies,SCAK
Shigenaka,"Shigenaka 2008, Exxon Valdez Intertidal monitoring",2007,12.300000000000001,60.536110999999998,-147.615555999999998,Littleneck Clam,Leukoma staminea,clam,Bivalvia,Clams,Background biomonitoring / Post-oil spill assessment,TC 16,,ng/g,dry,Provided,Whole Body,,,,1,,,clam,"Exxon Valdez Intertidal Study, Shigenaka",Other Peer-reviewed Studies,SCAK
Shigenaka,"Shigenaka 2008, Exxon Valdez Intertidal monitoring",2007,43.000000000000000,60.536110999999998,-147.615555999999998,Littleneck Clam,Leukoma staminea,clam,Bivalvia,Clams,Background biomonitoring / Post-oil spill assessment,TC 16A,,ng/g,dry,Provided,Whole Body,,,,1,,,clam,"Exxon Valdez Intertidal Study, Shigenaka",Other Peer-reviewed Studies,SCAK
Shigenaka,"Shigenaka 2008, Exxon Valdez Intertidal monitoring",2007,14.600000000000000,60.261944000000000,-147.765832999999986,Littleneck Clam,Leukoma staminea,clam,Bivalvia,Clams,Background biomonitoring / Post-oil spill assessment,TC 35,,ng/g,dry,Provided,Whole Body,,,,1,,,clam,"Exxon Valdez Intertidal Study, Shigenaka",Other Peer-reviewed Studies,SCAK
Shigenaka,"Shigenaka 2008, Exxon Valdez Intertidal monitoring",2007,63.500000000000000,60.261944000000000,-147.765832999999986,Littleneck Clam,Leukoma staminea,clam,Bivalvia,Clams,Background biomonitoring / Post-oil spill assessment,TC 36,,ng/g,dry,Provided,Whole Body,,,,1,,,clam,"Exxon Valdez Intertidal Study, Shigenaka",Other Peer-reviewed Studies,SCAK
Shigenaka,"Shigenaka 2008, Exxon Valdez Intertidal monitoring",2007,6.200000000000000,60.116388999999998,-148.246667000000002,Littleneck Clam,Leukoma staminea,clam,Bivalvia,Clams,Background biomonitoring / Post-oil spill assessment,TC 41,,ng/g,dry,Provided,Whole Body,,,,1,,,clam,"Exxon Valdez Intertidal Study, Shigenaka",Other Peer-reviewed Studies,SCAK
Shigenaka,"Shigenaka 2008, Exxon Valdez Intertidal monitoring",2007,44.299999999999997,60.116388999999998,-148.246667000000002,Littleneck Clam,Leukoma staminea,clam,Bivalvia,Clams,Background biomonitoring / Post-oil spill assessment,TC 24,,ng/g,dry,Provided,Whole Body,,,,1,,,clam,"Exxon Valdez Intertidal Study, Shigenaka",Other Peer-reviewed Studies,SCAK
Shigenaka,"Shigenaka 2008, Exxon Valdez Intertidal monitoring",2007,13.100000000000000,60.685000000000002,-145.939444000000009,Littleneck Clam,Leukoma staminea,clam,Bivalvia,Clams,Background biomonitoring / Post-oil spill assessment,TC 04A,,ng/g,dry,Provided,Whole Body,,,,1,,,clam,"Exxon Valdez Intertidal Study, Shigenaka",Other Peer-reviewed Studies,SCAK
Shigenaka,"Shigenaka 2008, Exxon Valdez Intertidal monitoring",2007,373.000000000000000,60.685000000000002,-145.939444000000009,Littleneck Clam,Leukoma staminea,clam,Bivalvia,Clams,Background biomonitoring / Post-oil spill assessment,TC 04A,,ng/g,dry,Provided,Whole Body,,,,1,,,clam,"Exxon Valdez Intertidal Study, Shigenaka",Other Peer-reviewed Studies,SCAK
Shigenaka,"Shigenaka 2008, Exxon Valdez Intertidal monitoring",2007,357.100000000000023,60.685000000000002,-145.939444000000009,Littleneck Clam,Leukoma staminea,clam,Bivalvia,Clams,Background biomonitoring / Post-oil spill assessment,TC 04A,,ng/g,dry,Provided,Whole Body,,,,1,,,clam,"Exxon Valdez Intertidal Study, Shigenaka",Other Peer-reviewed Studies,SCAK
Shigenaka,"Shigenaka 2008, Exxon Valdez Intertidal monitoring",2007,24.199999999999999,60.685000000000002,-145.939444000000009,Littleneck Clam,Leukoma staminea,clam,Bivalvia,Clams,Background biomonitoring / Post-oil spill assessment,TC 01,,ng/g,dry,Provided,Whole Body,,,,1,,,clam,"Exxon Valdez Intertidal Study, Shigenaka",Other Peer-reviewed Studies,SCAK
Shigenaka,"Shigenaka 2008, Exxon Valdez Intertidal monitoring",2007,32.000000000000000,60.685000000000002,-145.939444000000009,Littleneck Clam,Leukoma staminea,clam,Bivalvia,Clams,Background biomonitoring / Post-oil spill assessment,TC 02,,ng/g,dry,Provided,Whole Body,,,,1,,,clam,"Exxon Valdez Intertidal Study, Shigenaka",Other Peer-reviewed Studies,SCAK
Shigenaka,"Shigenaka 2008, Exxon Valdez Intertidal monitoring",2007,22.699999999999999,60.685000000000002,-145.939444000000009,Littleneck Clam,Leukoma staminea,clam,Bivalvia,Clams,Background biomonitoring / Post-oil spill assessment,TC 03,,ng/g,dry,Provided,Whole Body,,,,1,,,clam,"Exxon Valdez Intertidal Study, Shigenaka",Other Peer-reviewed Studies,SCAK
Shigenaka,"Shigenaka 2008, Exxon Valdez Intertidal monitoring",2007,22.800000000000001,60.543889000000000,-147.602499999999992,Littleneck Clam,Leukoma staminea,clam,Bivalvia,Clams,Background biomonitoring / Post-oil spill assessment,TC 08b,,ng/g,dry,Provided,Whole Body,,,,1,,,clam,"Exxon Valdez Intertidal Study, Shigenaka",Other Peer-reviewed Studies,SCAK
Shigenaka,"Shigenaka 2008, Exxon Valdez Intertidal monitoring",2007,41.500000000000000,60.543889000000000,-147.602499999999992,Littleneck Clam,Leukoma staminea,clam,Bivalvia,Clams,Background biomonitoring / Post-oil spill assessment,TC 07,,ng/g,dry,Provided,Whole Body,,,,1,,,clam,"Exxon Valdez Intertidal Study, Shigenaka",Other Peer-reviewed Studies,SCAK
Nationwide,Mussel Watch,2012,17.140000000000001,60.339950000000002,-147.834804499999990,Blue Mussel,Mytilus edulis,mussel,Bivalvia,Mussels,Background biomonitoring,WPJB,,ng/g,,Provided,Other,,,,,,,mussel,NOAA Mussel Watch,NOAA Mussel Watch,SCAK
Nationwide,Mussel Watch,2012,137.800000000000011,60.113000000000000,-149.373999999999995,Blue Mussel,Mytilus edulis,mussel,Bivalvia,Mussels,Background biomonitoring,RBMF,,ng/g,,Provided,Other,,,,,,,mussel,NOAA Mussel Watch,NOAA Mussel Watch,SCAK
Nationwide,Mussel Watch,2012,46.909999999999997,59.464230680000000,-151.708499999999987,Blue Mussel,Mytilus edulis,mussel,Bivalvia,Mussels,Background biomonitoring,KBOB,,ng/g,,Provided,Other,,,,,,,mussel,NOAA Mussel Watch,NOAA Mussel Watch,SCAK
Nationwide,Mussel Watch,2012,18.530000000000001,60.672120000000000,-145.884090899999990,Blue Mussel,Mytilus edulis,mussel,Bivalvia,Mussels,Background biomonitoring,EPSB,,ng/g,,Provided,Other,,,,,,,mussel,NOAA Mussel Watch,NOAA Mussel Watch,SCAK
Nationwide,Mussel Watch,2012,11.980000000000000,60.459890000000001,-147.717488699999990,Blue Mussel,Mytilus edulis,mussel,Bivalvia,Mussels,Background biomonitoring,WPHE,,ng/g,,Provided,Other,,,,,,,mussel,NOAA Mussel Watch,NOAA Mussel Watch,SCAK
Nationwide,Mussel Watch,2012,8.808000000000000,60.201970000000003,-147.759809100000012,Blue Mussel,Mytilus edulis,mussel,Bivalvia,Mussels,Background biomonitoring,WPHO,,ng/g,,Provided,Other,,,,,,,mussel,NOAA Mussel Watch,NOAA Mussel Watch,SCAK
Nationwide,Mussel Watch,2012,13.175000000000001,60.130040000000001,-147.998295500000012,Blue Mussel,Mytilus edulis,mussel,Bivalvia,Mussels,Background biomonitoring,WPIB,,ng/g,,Provided,Other,,,,,,,mussel,NOAA Mussel Watch,NOAA Mussel Watch,SCAK
Nationwide,Mussel Watch,2012,20.649999999999999,60.943489999999997,-146.676695499999994,Blue Mussel,Mytilus edulis,mussel,Bivalvia,Mussels,Background biomonitoring,EPGB,,ng/g,,Provided,Other,,,,,,,mussel,NOAA Mussel Watch,NOAA Mussel Watch,SCAK
Nationwide,Mussel Watch,2012,14.350000000000000,59.539130680000000,-151.476911300000012,Blue Mussel,Mytilus edulis,mussel,Bivalvia,Mussels,Background biomonitoring,KBCI,,ng/g,,Provided,Other,,,,,,,mussel,NOAA Mussel Watch,NOAA Mussel Watch,SCAK
Nationwide,Mussel Watch,2012,74.349999999999994,60.595230000000001,-145.734797700000001,Blue Mussel,Mytilus edulis,mussel,Bivalvia,Mussels,Background biomonitoring,EPOI,,ng/g,,Provided,Other,,,,,,,mussel,NOAA Mussel Watch,NOAA Mussel Watch,SCAK
Nationwide,Mussel Watch,2012,50.590000000000003,60.862139999999997,-146.244309100000009,Blue Mussel,Mytilus edulis,mussel,Bivalvia,Mussels,Background biomonitoring,EPPF,,ng/g,,Provided,Other,,,,,,,mussel,NOAA Mussel Watch,NOAA Mussel Watch,SCAK
Nationwide,Mussel Watch,2012,295.500000000000000,60.102080000000001,-149.364189500000009,Blue Mussel,Mytilus edulis,mussel,Bivalvia,Mussels,Background biomonitoring,RBLP,,ng/g,,Provided,Other,,,,,,,mussel,NOAA Mussel Watch,NOAA Mussel Watch,SCAK
Wetzel,"Dr Wetzel, Mote Marine Database",2024,1409.111143000000084,70.433300000000003,-150.433300000000003,Arctic Cisco,Coregonus autumnalis,anadromous/freshwater fish,Chordata (Actinopterygii),Fish,,182,,ng/g,,Provided,Organ,,,,,,,anadromous/freshwater fish,Mote Marine Laboratory,Mote Marine Laboratory,North
Wetzel,"Dr Wetzel, Mote Marine Database",2024,1198.787010999999893,70.433300000000003,-150.433300000000003,Arctic Cisco,Coregonus autumnalis,anadromous/freshwater fish,Chordata (Actinopterygii),Fish,,183,,ng/g,,Provided,Organ,,,,,,,anadromous/freshwater fish,Mote Marine Laboratory,Mote Marine Laboratory,North
Wetzel,"Dr Wetzel, Mote Marine Database",2024,816.452595299999984,70.433300000000003,-150.433300000000003,Arctic Cisco,Coregonus autumnalis,anadromous/freshwater fish,Chordata (Actinopterygii),Fish,,184,,ng/g,,Provided,Organ,,,,,,,anadromous/freshwater fish,Mote Marine Laboratory,Mote Marine Laboratory,North
Wetzel,"Dr Wetzel, Mote Marine Database",2024,2474.239199000000099,70.433300000000003,-150.433300000000003,Arctic Cisco,Coregonus autumnalis,anadromous/freshwater fish,Chordata (Actinopterygii),Fish,,185,,ng/g,,Provided,Organ,,,,,,,anadromous/freshwater fish,Mote Marine Laboratory,Mote Marine Laboratory,North
Wetzel,"Dr Wetzel, Mote Marine Database",2024,1085.325006000000030,70.433300000000003,-150.433300000000003,Arctic Cisco,Coregonus autumnalis,anadromous/freshwater fish,Chordata (Actinopterygii),Fish,,186,,ng/g,,Provided,Organ,,,,,,,anadromous/freshwater fish,Mote Marine Laboratory,Mote Marine Laboratory,North
Wetzel,"Dr Wetzel, Mote Marine Database",2024,1408.968427000000020,70.433300000000003,-150.433300000000003,Arctic Cisco,Coregonus autumnalis,anadromous/freshwater fish,Chordata (Actinopterygii),Fish,,187,,ng/g,,Provided,Organ,,,,,,,anadromous/freshwater fish,Mote Marine Laboratory,Mote Marine Laboratory,North
Wetzel,"Dr Wetzel, Mote Marine Database",2024,1705.906408000000056,70.433300000000003,-150.433300000000003,Arctic Cisco,Coregonus autumnalis,anadromous/freshwater fish,Chordata (Actinopterygii),Fish,,188,,ng/g,,Provided,Organ,,,,,,,anadromous/freshwater fish,Mote Marine Laboratory,Mote Marine Laboratory,North
Wetzel,"Dr Wetzel, Mote Marine Database",2024,1173.924555000000055,70.433300000000003,-150.433300000000003,Arctic Cisco,Coregonus autumnalis,anadromous/freshwater fish,Chordata (Actinopterygii),Fish,,189,,ng/g,,Provided,Organ,,,,,,,anadromous/freshwater fish,Mote Marine Laboratory,Mote Marine Laboratory,North
Wetzel,"Dr Wetzel, Mote Marine Database",2024,1584.241162999999915,70.433300000000003,-150.433300000000003,Arctic Cisco,Coregonus autumnalis,anadromous/freshwater fish,Chordata (Actinopterygii),Fish,,190,,ng/g,,Provided,Organ,,,,,,,anadromous/freshwater fish,Mote Marine Laboratory,Mote Marine Laboratory,North
Wetzel,"Dr Wetzel, Mote Marine Database",2024,2295.133706999999958,70.433300000000003,-150.433300000000003,Arctic Cisco,Coregonus autumnalis,anadromous/freshwater fish,Chordata (Actinopterygii),Fish,,191,,ng/g,,Provided,Organ,,,,,,,anadromous/freshwater fish,Mote Marine Laboratory,Mote Marine Laboratory,North
Wetzel,"Dr Wetzel, Mote Marine Database",2024,722.459161699999981,70.433300000000003,-150.433300000000003,Arctic Cisco,Coregonus autumnalis,anadromous/freshwater fish,Chordata (Actinopterygii),Fish,,192,,ng/g,,Provided,Organ,,,,,,,anadromous/freshwater fish,Mote Marine Laboratory,Mote Marine Laboratory,North
Wetzel,"Dr Wetzel, Mote Marine Database",2024,1350.248045000000047,70.433300000000003,-150.433300000000003,Arctic Cisco,Coregonus autumnalis,anadromous/freshwater fish,Chordata (Actinopterygii),Fish,,193,,ng/g,,Provided,Organ,,,,,,,anadromous/freshwater fish,Mote Marine Laboratory,Mote Marine Laboratory,North
Wetzel,"Dr Wetzel, Mote Marine Database",2024,1165.107070000000022,70.433300000000003,-150.433300000000003,Arctic Cisco,Coregonus autumnalis,anadromous/freshwater fish,Chordata (Actinopterygii),Fish,,194,,ng/g,,Provided,Organ,,,,,,,anadromous/freshwater fish,Mote Marine Laboratory,Mote Marine Laboratory,North
Wetzel,"Dr Wetzel, Mote Marine Database",2024,1023.732692000000043,70.433300000000003,-150.433300000000003,Arctic Cisco,Coregonus autumnalis,anadromous/freshwater fish,Chordata (Actinopterygii),Fish,,195,,ng/g,,Provided,Organ,,,,,,,anadromous/freshwater fish,Mote Marine Laboratory,Mote Marine Laboratory,North
Wetzel,"Dr Wetzel, Mote Marine Database",2024,1102.613301999999976,70.433300000000003,-150.433300000000003,Arctic Cisco,Coregonus autumnalis,anadromous/freshwater fish,Chordata (Actinopterygii),Fish,,196,,ng/g,,Provided,Organ,,,,,,,anadromous/freshwater fish,Mote Marine Laboratory,Mote Marine Laboratory,North
Wetzel,"Dr Wetzel, Mote Marine Database",2024,1031.883849000000055,70.433300000000003,-150.433300000000003,Arctic Cisco,Coregonus autumnalis,anadromous/freshwater fish,Chordata (Actinopterygii),Fish,,197,,ng/g,,Provided,Organ,,,,,,,anadromous/freshwater fish,Mote Marine Laboratory,Mote Marine Laboratory,North
Wetzel,"Dr Wetzel, Mote Marine Database",2024,1044.399781999999959,70.433300000000003,-150.433300000000003,Arctic Cisco,Coregonus autumnalis,anadromous/freshwater fish,Chordata (Actinopterygii),Fish,,198,,ng/g,,Provided,Organ,,,,,,,anadromous/freshwater fish,Mote Marine Laboratory,Mote Marine Laboratory,North
Wetzel,"Dr Wetzel, Mote Marine Database",2024,1095.451023000000077,70.433300000000003,-150.433300000000003,Arctic Cisco,Coregonus autumnalis,anadromous/freshwater fish,Chordata (Actinopterygii),Fish,,199,,ng/g,,Provided,Organ,,,,,,,anadromous/freshwater fish,Mote Marine Laboratory,Mote Marine Laboratory,North
Wetzel,"Dr Wetzel, Mote Marine Database",2024,735.670342900000037,70.433300000000003,-150.433300000000003,Arctic Cisco,Coregonus autumnalis,anadromous/freshwater fish,Chordata (Actinopterygii),Fish,,200,,ng/g,,Provided,Organ,,,,,,,anadromous/freshwater fish,Mote Marine Laboratory,Mote Marine Laboratory,North
Wetzel,"Dr Wetzel, Mote Marine Database",2024,794.348999000000049,70.433300000000003,-150.433300000000003,Arctic Cisco,Coregonus autumnalis,anadromous/freshwater fish,Chordata (Actinopterygii),Fish,,201,,ng/g,,Provided,Organ,,,,,,,anadromous/freshwater fish,Mote Marine Laboratory,Mote Marine Laboratory,North
Wetzel,"Dr Wetzel, Mote Marine Database",2024,1006.262436999999977,70.433300000000003,-150.433300000000003,Arctic Cisco,Coregonus autumnalis,anadromous/freshwater fish,Chordata (Actinopterygii),Fish,,202,,ng/g,,Provided,Organ,,,,,,,anadromous/freshwater fish,Mote Marine Laboratory,Mote Marine Laboratory,North
Wetzel,"Dr Wetzel, Mote Marine Database",2024,1202.656653999999889,70.433300000000003,-150.433300000000003,Arctic Cisco,Coregonus autumnalis,anadromous/freshwater fish,Chordata (Actinopterygii),Fish,,203,,ng/g,,Provided,Organ,,,,,,,anadromous/freshwater fish,Mote Marine Laboratory,Mote Marine Laboratory,North
Wetzel,"Dr Wetzel, Mote Marine Database",2024,742.363738900000044,70.433300000000003,-150.433300000000003,Arctic Cisco,Coregonus autumnalis,anadromous/freshwater fish,Chordata (Actinopterygii),Fish,,204,,ng/g,,Provided,Organ,,,,,,,anadromous/freshwater fish,Mote Marine Laboratory,Mote Marine Laboratory,North
Wetzel,"Dr Wetzel, Mote Marine Database",2024,1368.359670000000051,70.433300000000003,-150.433300000000003,Arctic Cisco,Coregonus autumnalis,anadromous/freshwater fish,Chordata (Actinopterygii),Fish,,205,,ng/g,,Provided,Organ,,,,,,,anadromous/freshwater fish,Mote Marine Laboratory,Mote Marine Laboratory,North
Wetzel,"Dr Wetzel, Mote Marine Database",2024,826.546883800000046,70.433300000000003,-150.433300000000003,Arctic Cisco,Coregonus autumnalis,anadromous/freshwater fish,Chordata (Actinopterygii),Fish,,206,,ng/g,,Provided,Organ,,,,,,,anadromous/freshwater fish,Mote Marine Laboratory,Mote Marine Laboratory,North
Wetzel,"Dr Wetzel, Mote Marine Database",2024,1013.627362999999946,70.433300000000003,-150.433300000000003,Arctic Cisco,Coregonus autumnalis,anadromous/freshwater fish,Chordata (Actinopterygii),Fish,,207,,ng/g,,Provided,Organ,,,,,,,anadromous/freshwater fish,Mote Marine Laboratory,Mote Marine Laboratory,North
Wetzel,"Dr Wetzel, Mote Marine Database",2024,1010.818678999999975,70.433300000000003,-150.433300000000003,Arctic Cisco,Coregonus autumnalis,anadromous/freshwater fish,Chordata (Actinopterygii),Fish,,208,,ng/g,,Provided,Organ,,,,,,,anadromous/freshwater fish,Mote Marine Laboratory,Mote Marine Laboratory,North
Wetzel,"Dr Wetzel, Mote Marine Database",2024,1325.703385000000026,70.433300000000003,-150.433300000000003,Arctic Cisco,Coregonus autumnalis,anadromous/freshwater fish,Chordata (Actinopterygii),Fish,,209,,ng/g,,Provided,Organ,,,,,,,anadromous/freshwater fish,Mote Marine Laboratory,Mote Marine Laboratory,North
Wetzel,"Dr Wetzel, Mote Marine Database",2024,726.974410899999953,70.433300000000003,-150.433300000000003,Arctic Cisco,Coregonus autumnalis,anadromous/freshwater fish,Chordata (Actinopterygii),Fish,,210,,ng/g,,Provided,Organ,,,,,,,anadromous/freshwater fish,Mote Marine Laboratory,Mote Marine Laboratory,North
Wetzel,"Dr Wetzel, Mote Marine Database",2024,681.536566699999980,70.433300000000003,-150.433300000000003,Arctic Cisco,Coregonus autumnalis,anadromous/freshwater fish,Chordata (Actinopterygii),Fish,,211,,ng/g,,Provided,Organ,,,,,,,anadromous/freshwater fish,Mote Marine Laboratory,Mote Marine Laboratory,North
Wetzel,"Dr Wetzel, Mote Marine Database",2024,730.030807600000003,70.433300000000003,-150.433300000000003,Arctic Cisco,Coregonus autumnalis,anadromous/freshwater fish,Chordata (Actinopterygii),Fish,,212,,ng/g,,Provided,Organ,,,,,,,anadromous/freshwater fish,Mote Marine Laboratory,Mote Marine Laboratory,North
Wetzel,"Dr Wetzel, Mote Marine Database",2024,826.267011499999967,70.433300000000003,-150.433300000000003,Arctic Cisco,Coregonus autumnalis,anadromous/freshwater fish,Chordata (Actinopterygii),Fish,,213,,ng/g,,Provided,Organ,,,,,,,anadromous/freshwater fish,Mote Marine Laboratory,Mote Marine Laboratory,North
Wetzel,"Dr Wetzel, Mote Marine Database",2024,870.043334100000038,70.433300000000003,-150.433300000000003,Arctic Cisco,Coregonus autumnalis,anadromous/freshwater fish,Chordata (Actinopterygii),Fish,,214,,ng/g,,Provided,Organ,,,,,,,anadromous/freshwater fish,Mote Marine Laboratory,Mote Marine Laboratory,North
Wetzel,"Dr Wetzel, Mote Marine Database",2024,639.330818700000009,70.433300000000003,-150.433300000000003,Arctic Cisco,Coregonus autumnalis,anadromous/freshwater fish,Chordata (Actinopterygii),Fish,,215,,ng/g,,Provided,Organ,,,,,,,anadromous/freshwater fish,Mote Marine Laboratory,Mote Marine Laboratory,North
Wetzel,"Dr Wetzel, Mote Marine Database",2024,787.612031900000034,70.433300000000003,-150.433300000000003,Arctic Cisco,Coregonus autumnalis,anadromous/freshwater fish,Chordata (Actinopterygii),Fish,,216,,ng/g,,Provided,Organ,,,,,,,anadromous/freshwater fish,Mote Marine Laboratory,Mote Marine Laboratory,North
Wetzel,"Dr Wetzel, Mote Marine Database",2024,711.298180300000013,70.433300000000003,-150.433300000000003,Arctic Cisco,Coregonus autumnalis,anadromous/freshwater fish,Chordata (Actinopterygii),Fish,,217,,ng/g,,Provided,Organ,,,,,,,anadromous/freshwater fish,Mote Marine Laboratory,Mote Marine Laboratory,North
Wetzel,"Dr Wetzel, Mote Marine Database",2024,1455.059944000000087,70.433300000000003,-150.433300000000003,Arctic Cisco,Coregonus autumnalis,anadromous/freshwater fish,Chordata (Actinopterygii),Fish,,218,,ng/g,,Provided,Organ,,,,,,,anadromous/freshwater fish,Mote Marine Laboratory,Mote Marine Laboratory,North
Wetzel,"Dr Wetzel, Mote Marine Database",2024,1441.072523000000047,70.433300000000003,-150.433300000000003,Arctic Cisco,Coregonus autumnalis,anadromous/freshwater fish,Chordata (Actinopterygii),Fish,,219,,ng/g,,Provided,Organ,,,,,,,anadromous/freshwater fish,Mote Marine Laboratory,Mote Marine Laboratory,North
Wetzel,"Dr Wetzel, Mote Marine Database",2024,1049.744502999999895,70.433300000000003,-150.433300000000003,Arctic Cisco,Coregonus autumnalis,anadromous/freshwater fish,Chordata (Actinopterygii),Fish,,220,,ng/g,,Provided,Organ,,,,,,,anadromous/freshwater fish,Mote Marine Laboratory,Mote Marine Laboratory,North
Wetzel,"Dr Wetzel, Mote Marine Database",2024,1127.024085999999897,70.433300000000003,-150.433300000000003,Arctic Cisco,Coregonus autumnalis,anadromous/freshwater fish,Chordata (Actinopterygii),Fish,,221,,ng/g,,Provided,Organ,,,,,,,anadromous/freshwater fish,Mote Marine Laboratory,Mote Marine Laboratory,North
Wetzel,"Dr Wetzel, Mote Marine Database",2024,810.821706599999970,70.433300000000003,-150.433300000000003,Arctic Cisco,Coregonus autumnalis,anadromous/freshwater fish,Chordata (Actinopterygii),Fish,,222,,ng/g,,Provided,Organ,,,,,,,anadromous/freshwater fish,Mote Marine Laboratory,Mote Marine Laboratory,North
Wetzel,"Dr Wetzel, Mote Marine Database",2024,977.862456500000008,70.433300000000003,-150.433300000000003,Arctic Cisco,Coregonus autumnalis,anadromous/freshwater fish,Chordata (Actinopterygii),Fish,,223,,ng/g,,Provided,Organ,,,,,,,anadromous/freshwater fish,Mote Marine Laboratory,Mote Marine Laboratory,North
Wetzel,"Dr Wetzel, Mote Marine Database",2024,1062.238550000000032,70.433300000000003,-150.433300000000003,Arctic Cisco,Coregonus autumnalis,anadromous/freshwater fish,Chordata (Actinopterygii),Fish,,224,,ng/g,,Provided,Organ,,,,,,,anadromous/freshwater fish,Mote Marine Laboratory,Mote Marine Laboratory,North
Wetzel,"Dr Wetzel, Mote Marine Database",2024,882.870366800000056,70.433300000000003,-150.433300000000003,Arctic Cisco,Coregonus autumnalis,anadromous/freshwater fish,Chordata (Actinopterygii),Fish,,225,,ng/g,,Provided,Organ,,,,,,,anadromous/freshwater fish,Mote Marine Laboratory,Mote Marine Laboratory,North
Wetzel,"Dr Wetzel, Mote Marine Database",2024,1053.626005999999961,70.433300000000003,-150.433300000000003,Arctic Cisco,Coregonus autumnalis,anadromous/freshwater fish,Chordata (Actinopterygii),Fish,,226,,ng/g,,Provided,Organ,,,,,,,anadromous/freshwater fish,Mote Marine Laboratory,Mote Marine Laboratory,North
Wetzel,"Dr Wetzel, Mote Marine Database",2024,780.540546899999981,70.433300000000003,-150.433300000000003,Arctic Cisco,Coregonus autumnalis,anadromous/freshwater fish,Chordata (Actinopterygii),Fish,,227,,ng/g,,Provided,Organ,,,,,,,anadromous/freshwater fish,Mote Marine Laboratory,Mote Marine Laboratory,North
Wetzel,"Dr Wetzel, Mote Marine Database",2024,594.065412700000024,70.433300000000003,-150.433300000000003,Arctic Cisco,Coregonus autumnalis,anadromous/freshwater fish,Chordata (Actinopterygii),Fish,,252,,ng/g,,Provided,Organ,,,,,,,anadromous/freshwater fish,Mote Marine Laboratory,Mote Marine Laboratory,North
Wetzel,"Dr Wetzel, Mote Marine Database",2024,592.196195800000055,70.433300000000003,-150.433300000000003,Arctic Cisco,Coregonus autumnalis,anadromous/freshwater fish,Chordata (Actinopterygii),Fish,,253,,ng/g,,Provided,Organ,,,,,,,anadromous/freshwater fish,Mote Marine Laboratory,Mote Marine Laboratory,North
Wetzel,"Dr Wetzel, Mote Marine Database",2024,642.041697200000044,70.433300000000003,-150.433300000000003,Arctic Cisco,Coregonus autumnalis,anadromous/freshwater fish,Chordata (Actinopterygii),Fish,,254,,ng/g,,Provided,Organ,,,,,,,anadromous/freshwater fish,Mote Marine Laboratory,Mote Marine Laboratory,North
Wetzel,"Dr Wetzel, Mote Marine Database",2024,1192.482207000000017,70.433300000000003,-150.433300000000003,Arctic Cisco,Coregonus autumnalis,anadromous/freshwater fish,Chordata (Actinopterygii),Fish,,255,,ng/g,,Provided,Organ,,,,,,,anadromous/freshwater fish,Mote Marine Laboratory,Mote Marine Laboratory,North
Wetzel,"Dr Wetzel, Mote Marine Database",2024,620.261066899999946,70.433300000000003,-150.433300000000003,Arctic Cisco,Coregonus autumnalis,anadromous/freshwater fish,Chordata (Actinopterygii),Fish,,256,,ng/g,,Provided,Organ,,,,,,,anadromous/freshwater fish,Mote Marine Laboratory,Mote Marine Laboratory,North
Wetzel,"Dr Wetzel, Mote Marine Database",2024,745.965413199999944,70.433300000000003,-150.433300000000003,Arctic Cisco,Coregonus autumnalis,anadromous/freshwater fish,Chordata (Actinopterygii),Fish,,132,,ng/g,,Provided,Muscle,,,,,,,anadromous/freshwater fish,Mote Marine Laboratory,Mote Marine Laboratory,North
Wetzel,"Dr Wetzel, Mote Marine Database",2024,841.775384400000007,70.433300000000003,-150.433300000000003,Arctic Cisco,Coregonus autumnalis,anadromous/freshwater fish,Chordata (Actinopterygii),Fish,,133,,ng/g,,Provided,Muscle,,,,,,,anadromous/freshwater fish,Mote Marine Laboratory,Mote Marine Laboratory,North
Wetzel,"Dr Wetzel, Mote Marine Database",2024,680.659979399999997,70.433300000000003,-150.433300000000003,Arctic Cisco,Coregonus autumnalis,anadromous/freshwater fish,Chordata (Actinopterygii),Fish,,134,,ng/g,,Provided,Muscle,,,,,,,anadromous/freshwater fish,Mote Marine Laboratory,Mote Marine Laboratory,North
Wetzel,"Dr Wetzel, Mote Marine Database",2024,939.197399300000029,70.433300000000003,-150.433300000000003,Arctic Cisco,Coregonus autumnalis,anadromous/freshwater fish,Chordata (Actinopterygii),Fish,,135,,ng/g,,Provided,Muscle,,,,,,,anadromous/freshwater fish,Mote Marine Laboratory,Mote Marine Laboratory,North
Wetzel,"Dr Wetzel, Mote Marine Database",2024,584.227739599999950,70.433300000000003,-150.433300000000003,Arctic Cisco,Coregonus autumnalis,anadromous/freshwater fish,Chordata (Actinopterygii),Fish,,136,,ng/g,,Provided,Muscle,,,,,,,anadromous/freshwater fish,Mote Marine Laboratory,Mote Marine Laboratory,North
Wetzel,"Dr Wetzel, Mote Marine Database",2024,924.218487099999948,70.433300000000003,-150.433300000000003,Arctic Cisco,Coregonus autumnalis,anadromous/freshwater fish,Chordata (Actinopterygii),Fish,,137,,ng/g,,Provided,Muscle,,,,,,,anadromous/freshwater fish,Mote Marine Laboratory,Mote Marine Laboratory,North
Wetzel,"Dr Wetzel, Mote Marine Database",2024,934.897512399999982,70.433300000000003,-150.433300000000003,Arctic Cisco,Coregonus autumnalis,anadromous/freshwater fish,Chordata (Actinopterygii),Fish,,138,,ng/g,,Provided,Muscle,,,,,,,anadromous/freshwater fish,Mote Marine Laboratory,Mote Marine Laboratory,North
Wetzel,"Dr Wetzel, Mote Marine Database",2024,975.047566100000040,70.433300000000003,-150.433300000000003,Arctic Cisco,Coregonus autumnalis,anadromous/freshwater fish,Chordata (Actinopterygii),Fish,,139,,ng/g,,Provided,Muscle,,,,,,,anadromous/freshwater fish,Mote Marine Laboratory,Mote Marine Laboratory,North
Wetzel,"Dr Wetzel, Mote Marine Database",2024,1109.250682000000097,70.433300000000003,-150.433300000000003,Arctic Cisco,Coregonus autumnalis,anadromous/freshwater fish,Chordata (Actinopterygii),Fish,,140,,ng/g,,Provided,Muscle,,,,,,,anadromous/freshwater fish,Mote Marine Laboratory,Mote Marine Laboratory,North
Wetzel,"Dr Wetzel, Mote Marine Database",2024,1243.890411999999969,70.433300000000003,-150.433300000000003,Arctic Cisco,Coregonus autumnalis,anadromous/freshwater fish,Chordata (Actinopterygii),Fish,,141,,ng/g,,Provided,Muscle,,,,,,,anadromous/freshwater fish,Mote Marine Laboratory,Mote Marine Laboratory,North
Wetzel,"Dr Wetzel, Mote Marine Database",2024,607.991966100000013,70.433300000000003,-150.433300000000003,Arctic Cisco,Coregonus autumnalis,anadromous/freshwater fish,Chordata (Actinopterygii),Fish,,142,,ng/g,,Provided,Muscle,,,,,,,anadromous/freshwater fish,Mote Marine Laboratory,Mote Marine Laboratory,North
Wetzel,"Dr Wetzel, Mote Marine Database",2024,1071.978910999999925,70.433300000000003,-150.433300000000003,Arctic Cisco,Coregonus autumnalis,anadromous/freshwater fish,Chordata (Actinopterygii),Fish,,143,,ng/g,,Provided,Muscle,,,,,,,anadromous/freshwater fish,Mote Marine Laboratory,Mote Marine Laboratory,North
Wetzel,"Dr Wetzel, Mote Marine Database",2024,897.430014600000050,70.433300000000003,-150.433300000000003,Arctic Cisco,Coregonus autumnalis,anadromous/freshwater fish,Chordata (Actinopterygii),Fish,,144,,ng/g,,Provided,Muscle,,,,,,,anadromous/freshwater fish,Mote Marine Laboratory,Mote Marine Laboratory,North
Wetzel,"Dr Wetzel, Mote Marine Database",2024,705.191372699999988,70.433300000000003,-150.433300000000003,Arctic Cisco,Coregonus autumnalis,anadromous/freshwater fish,Chordata (Actinopterygii),Fish,,145,,ng/g,,Provided,Muscle,,,,,,,anadromous/freshwater fish,Mote Marine Laboratory,Mote Marine Laboratory,North
Wetzel,"Dr Wetzel, Mote Marine Database",2024,959.027501600000051,70.433300000000003,-150.433300000000003,Arctic Cisco,Coregonus autumnalis,anadromous/freshwater fish,Chordata (Actinopterygii),Fish,,146,,ng/g,,Provided,Muscle,,,,,,,anadromous/freshwater fish,Mote Marine Laboratory,Mote Marine Laboratory,North
Wetzel,"Dr Wetzel, Mote Marine Database",2024,914.545600300000046,70.433300000000003,-150.433300000000003,Arctic Cisco,Coregonus autumnalis,anadromous/freshwater fish,Chordata (Actinopterygii),Fish,,147,,ng/g,,Provided,Muscle,,,,,,,anadromous/freshwater fish,Mote Marine Laboratory,Mote Marine Laboratory,North
Wetzel,"Dr Wetzel, Mote Marine Database",2024,667.353278300000056,70.433300000000003,-150.433300000000003,Arctic Cisco,Coregonus autumnalis,anadromous/freshwater fish,Chordata (Actinopterygii),Fish,,148,,ng/g,,Provided,Muscle,,,,,,,anadromous/freshwater fish,Mote Marine Laboratory,Mote Marine Laboratory,North
Wetzel,"Dr Wetzel, Mote Marine Database",2024,744.625616700000023,70.433300000000003,-150.433300000000003,Arctic Cisco,Coregonus autumnalis,anadromous/freshwater fish,Chordata (Actinopterygii),Fish,,149,,ng/g,,Provided,Muscle,,,,,,,anadromous/freshwater fish,Mote Marine Laboratory,Mote Marine Laboratory,North
Wetzel,"Dr Wetzel, Mote Marine Database",2024,662.207793599999945,70.433300000000003,-150.433300000000003,Arctic Cisco,Coregonus autumnalis,anadromous/freshwater fish,Chordata (Actinopterygii),Fish,,150,,ng/g,,Provided,Muscle,,,,,,,anadromous/freshwater fish,Mote Marine Laboratory,Mote Marine Laboratory,North
Wetzel,"Dr Wetzel, Mote Marine Database",2024,649.772319599999946,70.433300000000003,-150.433300000000003,Arctic Cisco,Coregonus autumnalis,anadromous/freshwater fish,Chordata (Actinopterygii),Fish,,151,,ng/g,,Provided,Muscle,,,,,,,anadromous/freshwater fish,Mote Marine Laboratory,Mote Marine Laboratory,North
Wetzel,"Dr Wetzel, Mote Marine Database",2024,767.959124100000054,70.433300000000003,-150.433300000000003,Arctic Cisco,Coregonus autumnalis,anadromous/freshwater fish,Chordata (Actinopterygii),Fish,,152,,ng/g,,Provided,Muscle,,,,,,,anadromous/freshwater fish,Mote Marine Laboratory,Mote Marine Laboratory,North
Wetzel,"Dr Wetzel, Mote Marine Database",2024,670.284442700000000,70.433300000000003,-150.433300000000003,Arctic Cisco,Coregonus autumnalis,anadromous/freshwater fish,Chordata (Actinopterygii),Fish,,153,,ng/g,,Provided,Muscle,,,,,,,anadromous/freshwater fish,Mote Marine Laboratory,Mote Marine Laboratory,North
Wetzel,"Dr Wetzel, Mote Marine Database",2024,540.859869099999969,70.433300000000003,-150.433300000000003,Arctic Cisco,Coregonus autumnalis,anadromous/freshwater fish,Chordata (Actinopterygii),Fish,,154,,ng/g,,Provided,Muscle,,,,,,,anadromous/freshwater fish,Mote Marine Laboratory,Mote Marine Laboratory,North
Wetzel,"Dr Wetzel, Mote Marine Database",2024,609.515164899999945,70.433300000000003,-150.433300000000003,Arctic Cisco,Coregonus autumnalis,anadromous/freshwater fish,Chordata (Actinopterygii),Fish,,155,,ng/g,,Provided,Muscle,,,,,,,anadromous/freshwater fish,Mote Marine Laboratory,Mote Marine Laboratory,North
Wetzel,"Dr Wetzel, Mote Marine Database",2024,692.021785000000023,70.433300000000003,-150.433300000000003,Arctic Cisco,Coregonus autumnalis,anadromous/freshwater fish,Chordata (Actinopterygii),Fish,,156,,ng/g,,Provided,Muscle,,,,,,,anadromous/freshwater fish,Mote Marine Laboratory,Mote Marine Laboratory,North
Wetzel,"Dr Wetzel, Mote Marine Database",2024,687.615515200000004,70.433300000000003,-150.433300000000003,Arctic Cisco,Coregonus autumnalis,anadromous/freshwater fish,Chordata (Actinopterygii),Fish,,157,,ng/g,,Provided,Muscle,,,,,,,anadromous/freshwater fish,Mote Marine Laboratory,Mote Marine Laboratory,North
Wetzel,"Dr Wetzel, Mote Marine Database",2024,449.694568800000013,70.433300000000003,-150.433300000000003,Arctic Cisco,Coregonus autumnalis,anadromous/freshwater fish,Chordata (Actinopterygii),Fish,,158,,ng/g,,Provided,Muscle,,,,,,,anadromous/freshwater fish,Mote Marine Laboratory,Mote Marine Laboratory,North
Wetzel,"Dr Wetzel, Mote Marine Database",2024,670.060475900000029,70.433300000000003,-150.433300000000003,Arctic Cisco,Coregonus autumnalis,anadromous/freshwater fish,Chordata (Actinopterygii),Fish,,159,,ng/g,,Provided,Muscle,,,,,,,anadromous/freshwater fish,Mote Marine Laboratory,Mote Marine Laboratory,North
Wetzel,"Dr Wetzel, Mote Marine Database",2024,566.555422300000032,70.433300000000003,-150.433300000000003,Arctic Cisco,Coregonus autumnalis,anadromous/freshwater fish,Chordata (Actinopterygii),Fish,,160,,ng/g,,Provided,Muscle,,,,,,,anadromous/freshwater fish,Mote Marine Laboratory,Mote Marine Laboratory,North
Wetzel,"Dr Wetzel, Mote Marine Database",2024,601.239175000000046,70.433300000000003,-150.433300000000003,Arctic Cisco,Coregonus autumnalis,anadromous/freshwater fish,Chordata (Actinopterygii),Fish,,161,,ng/g,,Provided,Muscle,,,,,,,anadromous/freshwater fish,Mote Marine Laboratory,Mote Marine Laboratory,North
Wetzel,"Dr Wetzel, Mote Marine Database",2024,524.288918699999954,70.433300000000003,-150.433300000000003,Arctic Cisco,Coregonus autumnalis,anadromous/freshwater fish,Chordata (Actinopterygii),Fish,,162,,ng/g,,Provided,Muscle,,,,,,,anadromous/freshwater fish,Mote Marine Laboratory,Mote Marine Laboratory,North
Wetzel,"Dr Wetzel, Mote Marine Database",2024,424.171992299999999,70.433300000000003,-150.433300000000003,Arctic Cisco,Coregonus autumnalis,anadromous/freshwater fish,Chordata (Actinopterygii),Fish,,163,,ng/g,,Provided,Muscle,,,,,,,anadromous/freshwater fish,Mote Marine Laboratory,Mote Marine Laboratory,North
Wetzel,"Dr Wetzel, Mote Marine Database",2024,535.084409899999969,70.433300000000003,-150.433300000000003,Arctic Cisco,Coregonus autumnalis,anadromous/freshwater fish,Chordata (Actinopterygii),Fish,,164,,ng/g,,Provided,Muscle,,,,,,,anadromous/freshwater fish,Mote Marine Laboratory,Mote Marine Laboratory,North
Wetzel,"Dr Wetzel, Mote Marine Database",2024,373.554861700000004,70.433300000000003,-150.433300000000003,Arctic Cisco,Coregonus autumnalis,anadromous/freshwater fish,Chordata (Actinopterygii),Fish,,165,,ng/g,,Provided,Muscle,,,,,,,anadromous/freshwater fish,Mote Marine Laboratory,Mote Marine Laboratory,North
Wetzel,"Dr Wetzel, Mote Marine Database",2024,556.124738900000011,70.433300000000003,-150.433300000000003,Arctic Cisco,Coregonus autumnalis,anadromous/freshwater fish,Chordata (Actinopterygii),Fish,,166,,ng/g,,Provided,Muscle,,,,,,,anadromous/freshwater fish,Mote Marine Laboratory,Mote Marine Laboratory,North
Wetzel,"Dr Wetzel, Mote Marine Database",2024,579.610500099999967,70.433300000000003,-150.433300000000003,Arctic Cisco,Coregonus autumnalis,anadromous/freshwater fish,Chordata (Actinopterygii),Fish,,167,,ng/g,,Provided,Muscle,,,,,,,anadromous/freshwater fish,Mote Marine Laboratory,Mote Marine Laboratory,North
Wetzel,"Dr Wetzel, Mote Marine Database",2024,511.126969499999973,70.433300000000003,-150.433300000000003,Arctic Cisco,Coregonus autumnalis,anadromous/freshwater fish,Chordata (Actinopterygii),Fish,,168,,ng/g,,Provided,Muscle,,,,,,,anadromous/freshwater fish,Mote Marine Laboratory,Mote Marine Laboratory,North
Wetzel,"Dr Wetzel, Mote Marine Database",2024,816.627533100000051,70.433300000000003,-150.433300000000003,Arctic Cisco,Coregonus autumnalis,anadromous/freshwater fish,Chordata (Actinopterygii),Fish,,169,,ng/g,,Provided,Muscle,,,,,,,anadromous/freshwater fish,Mote Marine Laboratory,Mote Marine Laboratory,North
Wetzel,"Dr Wetzel, Mote Marine Database",2024,363.901120400000025,70.433300000000003,-150.433300000000003,Arctic Cisco,Coregonus autumnalis,anadromous/freshwater fish,Chordata (Actinopterygii),Fish,,170,,ng/g,,Provided,Muscle,,,,,,,anadromous/freshwater fish,Mote Marine Laboratory,Mote Marine Laboratory,North
Wetzel,"Dr Wetzel, Mote Marine Database",2024,403.244330100000013,70.433300000000003,-150.433300000000003,Arctic Cisco,Coregonus autumnalis,anadromous/freshwater fish,Chordata (Actinopterygii),Fish,,171,,ng/g,,Provided,Muscle,,,,,,,anadromous/freshwater fish,Mote Marine Laboratory,Mote Marine Laboratory,North
Wetzel,"Dr Wetzel, Mote Marine Database",2024,434.360712900000010,70.433300000000003,-150.433300000000003,Arctic Cisco,Coregonus autumnalis,anadromous/freshwater fish,Chordata (Actinopterygii),Fish,,172,,ng/g,,Provided,Muscle,,,,,,,anadromous/freshwater fish,Mote Marine Laboratory,Mote Marine Laboratory,North
Wetzel,"Dr Wetzel, Mote Marine Database",2024,330.173961700000007,70.433300000000003,-150.433300000000003,Arctic Cisco,Coregonus autumnalis,anadromous/freshwater fish,Chordata (Actinopterygii),Fish,,173,,ng/g,,Provided,Muscle,,,,,,,anadromous/freshwater fish,Mote Marine Laboratory,Mote Marine Laboratory,North
Wetzel,"Dr Wetzel, Mote Marine Database",2024,271.212277700000016,70.433300000000003,-150.433300000000003,Arctic Cisco,Coregonus autumnalis,anadromous/freshwater fish,Chordata (Actinopterygii),Fish,,174,,ng/g,,Provided,Muscle,,,,,,,anadromous/freshwater fish,Mote Marine Laboratory,Mote Marine Laboratory,North
Wetzel,"Dr Wetzel, Mote Marine Database",2024,537.582498999999984,70.433300000000003,-150.433300000000003,Arctic Cisco,Coregonus autumnalis,anadromous/freshwater fish,Chordata (Actinopterygii),Fish,,175,,ng/g,,Provided,Muscle,,,,,,,anadromous/freshwater fish,Mote Marine Laboratory,Mote Marine Laboratory,North
Wetzel,"Dr Wetzel, Mote Marine Database",2024,574.400426400000015,70.433300000000003,-150.433300000000003,Arctic Cisco,Coregonus autumnalis,anadromous/freshwater fish,Chordata (Actinopterygii),Fish,,176,,ng/g,,Provided,Muscle,,,,,,,anadromous/freshwater fish,Mote Marine Laboratory,Mote Marine Laboratory,North
Wetzel,"Dr Wetzel, Mote Marine Database",2024,164.840319200000010,70.433300000000003,-150.433300000000003,Arctic Cisco,Coregonus autumnalis,anadromous/freshwater fish,Chordata (Actinopterygii),Fish,,177,,ng/g,,Provided,Muscle,,,,,,,anadromous/freshwater fish,Mote Marine Laboratory,Mote Marine Laboratory,North
Wetzel,"Dr Wetzel, Mote Marine Database",2024,442.958766500000024,70.433300000000003,-150.433300000000003,Arctic Cisco,Coregonus autumnalis,anadromous/freshwater fish,Chordata (Actinopterygii),Fish,,257,,ng/g,,Provided,Muscle,,,,,,,anadromous/freshwater fish,Mote Marine Laboratory,Mote Marine Laboratory,North
Wetzel,"Dr Wetzel, Mote Marine Database",2024,385.451268000000027,70.433300000000003,-150.433300000000003,Arctic Cisco,Coregonus autumnalis,anadromous/freshwater fish,Chordata (Actinopterygii),Fish,,258,,ng/g,,Provided,Muscle,,,,,,,anadromous/freshwater fish,Mote Marine Laboratory,Mote Marine Laboratory,North
Wetzel,"Dr Wetzel, Mote Marine Database",2024,402.940457999999978,70.433300000000003,-150.433300000000003,Arctic Cisco,Coregonus autumnalis,anadromous/freshwater fish,Chordata (Actinopterygii),Fish,,259,,ng/g,,Provided,Muscle,,,,,,,anadromous/freshwater fish,Mote Marine Laboratory,Mote Marine Laboratory,North
Wetzel,"Dr Wetzel, Mote Marine Database",2024,308.712872600000026,70.433300000000003,-150.433300000000003,Arctic Cisco,Coregonus autumnalis,anadromous/freshwater fish,Chordata (Actinopterygii),Fish,,260,,ng/g,,Provided,Muscle,,,,,,,anadromous/freshwater fish,Mote Marine Laboratory,Mote Marine Laboratory,North
Wetzel,"Dr Wetzel, Mote Marine Database",2024,398.740719500000012,70.433300000000003,-150.433300000000003,Arctic Cisco,Coregonus autumnalis,anadromous/freshwater fish,Chordata (Actinopterygii),Fish,,261,,ng/g,,Provided,Muscle,,,,,,,anadromous/freshwater fish,Mote Marine Laboratory,Mote Marine Laboratory,North
Wetzel,"Dr Wetzel, Mote Marine Database",2008,239.536918500000013,70.495800000000003,-157.393000000000001,Broad Whitefish,Coregonus nasus,anadromous/freshwater fish,Chordata (Actinopterygii),Fish,,NPRA-08-0090,,ng/g,,Provided,Organ,,,,,,,anadromous/freshwater fish,Mote Marine Laboratory,Mote Marine Laboratory,North
Wetzel,"Dr Wetzel, Mote Marine Database",2008,0.000000000000000,70.495800000000003,-157.393000000000001,Broad Whitefish,Coregonus nasus,anadromous/freshwater fish,Chordata (Actinopterygii),Fish,,NPRA-08-0102,,ng/g,,Provided,Organ,,,,,,,anadromous/freshwater fish,Mote Marine Laboratory,Mote Marine Laboratory,North
Wetzel,"Dr Wetzel, Mote Marine Database",2008,0.000000000000000,70.495800000000003,-157.393000000000001,Broad Whitefish,Coregonus nasus,anadromous/freshwater fish,Chordata (Actinopterygii),Fish,,NPRA-08-0106,,ng/g,,Provided,Organ,,,,,,,anadromous/freshwater fish,Mote Marine Laboratory,Mote Marine Laboratory,North
Wetzel,"Dr Wetzel, Mote Marine Database",2008,0.000000000000000,70.495800000000003,-157.393000000000001,Broad Whitefish,Coregonus nasus,anadromous/freshwater fish,Chordata (Actinopterygii),Fish,,NPRA-08-0114,,ng/g,,Provided,Organ,,,,,,,anadromous/freshwater fish,Mote Marine Laboratory,Mote Marine Laboratory,North
Wetzel,"Dr Wetzel, Mote Marine Database",2008,0.000000000000000,70.495800000000003,-157.393000000000001,Broad Whitefish,Coregonus nasus,anadromous/freshwater fish,Chordata (Actinopterygii),Fish,,NPRA-08-0116,,ng/g,,Provided,Organ,,,,,,,anadromous/freshwater fish,Mote Marine Laboratory,Mote Marine Laboratory,North
Wetzel,"Dr Wetzel, Mote Marine Database",2008,0.000000000000000,70.495800000000003,-157.393000000000001,Broad Whitefish,Coregonus nasus,anadromous/freshwater fish,Chordata (Actinopterygii),Fish,,NPRA-08-0120,,ng/g,,Provided,Organ,,,,,,,anadromous/freshwater fish,Mote Marine Laboratory,Mote Marine Laboratory,North
Wetzel,"Dr Wetzel, Mote Marine Database",2008,54.939921679999998,70.495800000000003,-157.393000000000001,Broad Whitefish,Coregonus nasus,anadromous/freshwater fish,Chordata (Actinopterygii),Fish,,NPRA-08-0122,,ng/g,,Provided,Organ,,,,,,,anadromous/freshwater fish,Mote Marine Laboratory,Mote Marine Laboratory,North
Wetzel,"Dr Wetzel, Mote Marine Database",2008,0.000000000000000,70.495800000000003,-157.393000000000001,Broad Whitefish,Coregonus nasus,anadromous/freshwater fish,Chordata (Actinopterygii),Fish,,NPRA-08-0124,,ng/g,,Provided,Organ,,,,,,,anadromous/freshwater fish,Mote Marine Laboratory,Mote Marine Laboratory,North
Wetzel,"Dr Wetzel, Mote Marine Database",2022,250.380213599999990,70.216300000000004,-151.005699999999990,Broad Whitefish,Coregonus nasus,anadromous/freshwater fish,Chordata (Actinopterygii),Fish,,AKN-22-0740,,ng/g,,Provided,Organ,,,,,,,anadromous/freshwater fish,Mote Marine Laboratory,Mote Marine Laboratory,North
Wetzel,"Dr Wetzel, Mote Marine Database",2006,0.000000000000000,70.091539999999995,-151.092639999999989,Broad Whitefish,Coregonus nasus,anadromous/freshwater fish,Chordata (Actinopterygii),Fish,,NPRA-06-3995,,ng/g,,Provided,Organ,,,,,,,anadromous/freshwater fish,Mote Marine Laboratory,Mote Marine Laboratory,North
Wetzel,"Dr Wetzel, Mote Marine Database",2006,0.000000000000000,70.091539999999995,-151.092639999999989,Broad Whitefish,Coregonus nasus,anadromous/freshwater fish,Chordata (Actinopterygii),Fish,,NPRA-06-3999,,ng/g,,Provided,Organ,,,,,,,anadromous/freshwater fish,Mote Marine Laboratory,Mote Marine Laboratory,North
Wetzel,"Dr Wetzel, Mote Marine Database",2006,0.000000000000000,70.091539999999995,-151.092639999999989,Broad Whitefish,Coregonus nasus,anadromous/freshwater fish,Chordata (Actinopterygii),Fish,,NPRA-06-4003,,ng/g,,Provided,Organ,,,,,,,anadromous/freshwater fish,Mote Marine Laboratory,Mote Marine Laboratory,North
Wetzel,"Dr Wetzel, Mote Marine Database",2006,0.000000000000000,70.091539999999995,-151.092639999999989,Broad Whitefish,Coregonus nasus,anadromous/freshwater fish,Chordata (Actinopterygii),Fish,,NPRA-06-4007,,ng/g,,Provided,Organ,,,,,,,anadromous/freshwater fish,Mote Marine Laboratory,Mote Marine Laboratory,North
Wetzel,"Dr Wetzel, Mote Marine Database",2006,0.000000000000000,70.091539999999995,-151.092639999999989,Broad Whitefish,Coregonus nasus,anadromous/freshwater fish,Chordata (Actinopterygii),Fish,,NPRA-06-4011,,ng/g,,Provided,Organ,,,,,,,anadromous/freshwater fish,Mote Marine Laboratory,Mote Marine Laboratory,North
Wetzel,"Dr Wetzel, Mote Marine Database",2006,0.000000000000000,70.091539999999995,-151.092639999999989,Broad Whitefish,Coregonus nasus,anadromous/freshwater fish,Chordata (Actinopterygii),Fish,,NPRA-06-4015,,ng/g,,Provided,Organ,,,,,,,anadromous/freshwater fish,Mote Marine Laboratory,Mote Marine Laboratory,North
Wetzel,"Dr Wetzel, Mote Marine Database",2006,0.000000000000000,70.091539999999995,-151.092639999999989,Broad Whitefish,Coregonus nasus,anadromous/freshwater fish,Chordata (Actinopterygii),Fish,,NPRA-06-4019,,ng/g,,Provided,Organ,,,,,,,anadromous/freshwater fish,Mote Marine Laboratory,Mote Marine Laboratory,North
Wetzel,"Dr Wetzel, Mote Marine Database",2006,0.000000000000000,70.091539999999995,-151.092639999999989,Broad Whitefish,Coregonus nasus,anadromous/freshwater fish,Chordata (Actinopterygii),Fish,,NPRA-06-4023,,ng/g,,Provided,Organ,,,,,,,anadromous/freshwater fish,Mote Marine Laboratory,Mote Marine Laboratory,North
Wetzel,"Dr Wetzel, Mote Marine Database",2006,0.000000000000000,70.091539999999995,-151.092639999999989,Broad Whitefish,Coregonus nasus,anadromous/freshwater fish,Chordata (Actinopterygii),Fish,,NPRA-06-4027,,ng/g,,Provided,Organ,,,,,,,anadromous/freshwater fish,Mote Marine Laboratory,Mote Marine Laboratory,North
Wetzel,"Dr Wetzel, Mote Marine Database",2006,0.000000000000000,70.091539999999995,-151.092639999999989,Broad Whitefish,Coregonus nasus,anadromous/freshwater fish,Chordata (Actinopterygii),Fish,,NPRA-06-4031,,ng/g,,Provided,Organ,,,,,,,anadromous/freshwater fish,Mote Marine Laboratory,Mote Marine Laboratory,North
Wetzel,"Dr Wetzel, Mote Marine Database",2006,0.000000000000000,70.091539999999995,-151.092639999999989,Broad Whitefish,Coregonus nasus,anadromous/freshwater fish,Chordata (Actinopterygii),Fish,,NPRA-06-4035,,ng/g,,Provided,Organ,,,,,,,anadromous/freshwater fish,Mote Marine Laboratory,Mote Marine Laboratory,North
Wetzel,"Dr Wetzel, Mote Marine Database",2006,0.000000000000000,70.091539999999995,-151.092639999999989,Broad Whitefish,Coregonus nasus,anadromous/freshwater fish,Chordata (Actinopterygii),Fish,,NPRA-06-4039,,ng/g,,Provided,Organ,,,,,,,anadromous/freshwater fish,Mote Marine Laboratory,Mote Marine Laboratory,North
Wetzel,"Dr Wetzel, Mote Marine Database",2006,0.000000000000000,70.091539999999995,-151.092639999999989,Broad Whitefish,Coregonus nasus,anadromous/freshwater fish,Chordata (Actinopterygii),Fish,,NPRA-06-4043,,ng/g,,Provided,Organ,,,,,,,anadromous/freshwater fish,Mote Marine Laboratory,Mote Marine Laboratory,North
Wetzel,"Dr Wetzel, Mote Marine Database",2006,0.000000000000000,70.091539999999995,-151.092639999999989,Broad Whitefish,Coregonus nasus,anadromous/freshwater fish,Chordata (Actinopterygii),Fish,,NPRA-06-4047,,ng/g,,Provided,Organ,,,,,,,anadromous/freshwater fish,Mote Marine Laboratory,Mote Marine Laboratory,North
Wetzel,"Dr Wetzel, Mote Marine Database",2006,0.000000000000000,70.329999999999998,-150.750000000000000,Broad Whitefish,Coregonus nasus,anadromous/freshwater fish,Chordata (Actinopterygii),Fish,,NPRA-06-4051,,ng/g,,Provided,Organ,,,,,,,anadromous/freshwater fish,Mote Marine Laboratory,Mote Marine Laboratory,North
Wetzel,"Dr Wetzel, Mote Marine Database",2006,0.000000000000000,70.329999999999998,-150.750000000000000,Broad Whitefish,Coregonus nasus,anadromous/freshwater fish,Chordata (Actinopterygii),Fish,,NPRA-06-4055,,ng/g,,Provided,Organ,,,,,,,anadromous/freshwater fish,Mote Marine Laboratory,Mote Marine Laboratory,North
Wetzel,"Dr Wetzel, Mote Marine Database",2006,0.000000000000000,70.433300000000003,-150.433300000000003,Broad Whitefish,Coregonus nasus,anadromous/freshwater fish,Chordata (Actinopterygii),Fish,,NPRA-06-4118,,ng/g,,Provided,Organ,,,,,,,anadromous/freshwater fish,Mote Marine Laboratory,Mote Marine Laboratory,North
Wetzel,"Dr Wetzel, Mote Marine Database",2006,0.000000000000000,70.433300000000003,-150.433300000000003,Broad Whitefish,Coregonus nasus,anadromous/freshwater fish,Chordata (Actinopterygii),Fish,,NPRA-06-4122,,ng/g,,Provided,Organ,,,,,,,anadromous/freshwater fish,Mote Marine Laboratory,Mote Marine Laboratory,North
Wetzel,"Dr Wetzel, Mote Marine Database",2006,0.000000000000000,70.342100000000002,-150.930399999999992,Broad Whitefish,Coregonus nasus,anadromous/freshwater fish,Chordata (Actinopterygii),Fish,,NPRA-06-4126,,ng/g,,Provided,Organ,,,,,,,anadromous/freshwater fish,Mote Marine Laboratory,Mote Marine Laboratory,North
Wetzel,"Dr Wetzel, Mote Marine Database",2006,0.000000000000000,70.342100000000002,-150.930399999999992,Broad Whitefish,Coregonus nasus,anadromous/freshwater fish,Chordata (Actinopterygii),Fish,,NPRA-06-4130,,ng/g,,Provided,Organ,,,,,,,anadromous/freshwater fish,Mote Marine Laboratory,Mote Marine Laboratory,North
Wetzel,"Dr Wetzel, Mote Marine Database",2006,0.000000000000000,70.342100000000002,-150.930399999999992,Broad Whitefish,Coregonus nasus,anadromous/freshwater fish,Chordata (Actinopterygii),Fish,,NPRA-06-4134,,ng/g,,Provided,Organ,,,,,,,anadromous/freshwater fish,Mote Marine Laboratory,Mote Marine Laboratory,North
Wetzel,"Dr Wetzel, Mote Marine Database",2006,0.000000000000000,70.342100000000002,-150.930399999999992,Broad Whitefish,Coregonus nasus,anadromous/freshwater fish,Chordata (Actinopterygii),Fish,,NPRA-06-4138,,ng/g,,Provided,Organ,,,,,,,anadromous/freshwater fish,Mote Marine Laboratory,Mote Marine Laboratory,North
Wetzel,"Dr Wetzel, Mote Marine Database",2006,0.000000000000000,70.342100000000002,-150.930399999999992,Broad Whitefish,Coregonus nasus,anadromous/freshwater fish,Chordata (Actinopterygii),Fish,,NPRA-06-4142,,ng/g,,Provided,Organ,,,,,,,anadromous/freshwater fish,Mote Marine Laboratory,Mote Marine Laboratory,North
Wetzel,"Dr Wetzel, Mote Marine Database",2006,0.000000000000000,70.433300000000003,-150.433300000000003,Broad Whitefish,Coregonus nasus,anadromous/freshwater fish,Chordata (Actinopterygii),Fish,,NPRA-06-4146,,ng/g,,Provided,Organ,,,,,,,anadromous/freshwater fish,Mote Marine Laboratory,Mote Marine Laboratory,North
Wetzel,"Dr Wetzel, Mote Marine Database",2006,0.000000000000000,70.342100000000002,-150.930399999999992,Broad Whitefish,Coregonus nasus,anadromous/freshwater fish,Chordata (Actinopterygii),Fish,,NPRA-06-4187,,ng/g,,Provided,Organ,,,,,,,anadromous/freshwater fish,Mote Marine Laboratory,Mote Marine Laboratory,North
Wetzel,"Dr Wetzel, Mote Marine Database",2006,0.000000000000000,70.342100000000002,-150.930399999999992,Broad Whitefish,Coregonus nasus,anadromous/freshwater fish,Chordata (Actinopterygii),Fish,,NPRA-06-4191,,ng/g,,Provided,Organ,,,,,,,anadromous/freshwater fish,Mote Marine Laboratory,Mote Marine Laboratory,North
Wetzel,"Dr Wetzel, Mote Marine Database",2006,0.000000000000000,70.342100000000002,-150.930399999999992,Broad Whitefish,Coregonus nasus,anadromous/freshwater fish,Chordata (Actinopterygii),Fish,,NPRA-06-4195,,ng/g,,Provided,Organ,,,,,,,anadromous/freshwater fish,Mote Marine Laboratory,Mote Marine Laboratory,North
Wetzel,"Dr Wetzel, Mote Marine Database",2006,0.000000000000000,70.342100000000002,-150.930399999999992,Broad Whitefish,Coregonus nasus,anadromous/freshwater fish,Chordata (Actinopterygii),Fish,,NPRA-06-4199,,ng/g,,Provided,Organ,,,,,,,anadromous/freshwater fish,Mote Marine Laboratory,Mote Marine Laboratory,North
Wetzel,"Dr Wetzel, Mote Marine Database",2006,0.000000000000000,70.433300000000003,-150.433300000000003,Broad Whitefish,Coregonus nasus,anadromous/freshwater fish,Chordata (Actinopterygii),Fish,,NPRA-06-4203,,ng/g,,Provided,Organ,,,,,,,anadromous/freshwater fish,Mote Marine Laboratory,Mote Marine Laboratory,North
Wetzel,"Dr Wetzel, Mote Marine Database",2006,0.000000000000000,70.433300000000003,-150.433300000000003,Broad Whitefish,Coregonus nasus,anadromous/freshwater fish,Chordata (Actinopterygii),Fish,,NPRA-06-4207,,ng/g,,Provided,Organ,,,,,,,anadromous/freshwater fish,Mote Marine Laboratory,Mote Marine Laboratory,North
Wetzel,"Dr Wetzel, Mote Marine Database",2006,0.000000000000000,70.433300000000003,-150.433300000000003,Broad Whitefish,Coregonus nasus,anadromous/freshwater fish,Chordata (Actinopterygii),Fish,,NPRA-06-4211,,ng/g,,Provided,Organ,,,,,,,anadromous/freshwater fish,Mote Marine Laboratory,Mote Marine Laboratory,North
Wetzel,"Dr Wetzel, Mote Marine Database",2006,0.000000000000000,70.487430000000003,-153.796580000000006,Broad Whitefish,Coregonus nasus,anadromous/freshwater fish,Chordata (Actinopterygii),Fish,,NPRA-06-4215,,ng/g,,Provided,Organ,,,,,,,anadromous/freshwater fish,Mote Marine Laboratory,Mote Marine Laboratory,North
Wetzel,"Dr Wetzel, Mote Marine Database",2006,0.000000000000000,70.487430000000003,-153.796580000000006,Broad Whitefish,Coregonus nasus,anadromous/freshwater fish,Chordata (Actinopterygii),Fish,,NPRA-06-4219,,ng/g,,Provided,Organ,,,,,,,anadromous/freshwater fish,Mote Marine Laboratory,Mote Marine Laboratory,North
Wetzel,"Dr Wetzel, Mote Marine Database",2006,0.000000000000000,70.487430000000003,-153.796580000000006,Broad Whitefish,Coregonus nasus,anadromous/freshwater fish,Chordata (Actinopterygii),Fish,,NPRA-06-4223,,ng/g,,Provided,Organ,,,,,,,anadromous/freshwater fish,Mote Marine Laboratory,Mote Marine Laboratory,North
Wetzel,"Dr Wetzel, Mote Marine Database",2006,0.000000000000000,70.487430000000003,-153.796580000000006,Broad Whitefish,Coregonus nasus,anadromous/freshwater fish,Chordata (Actinopterygii),Fish,,NPRA-06-4227,,ng/g,,Provided,Organ,,,,,,,anadromous/freshwater fish,Mote Marine Laboratory,Mote Marine Laboratory,North
Wetzel,"Dr Wetzel, Mote Marine Database",2006,0.000000000000000,70.487430000000003,-153.796580000000006,Broad Whitefish,Coregonus nasus,anadromous/freshwater fish,Chordata (Actinopterygii),Fish,,NPRA-06-4231,,ng/g,,Provided,Organ,,,,,,,anadromous/freshwater fish,Mote Marine Laboratory,Mote Marine Laboratory,North
Wetzel,"Dr Wetzel, Mote Marine Database",2006,0.000000000000000,70.487430000000003,-153.796580000000006,Broad Whitefish,Coregonus nasus,anadromous/freshwater fish,Chordata (Actinopterygii),Fish,,NPRA-06-4235,,ng/g,,Provided,Organ,,,,,,,anadromous/freshwater fish,Mote Marine Laboratory,Mote Marine Laboratory,North
Wetzel,"Dr Wetzel, Mote Marine Database",2006,0.000000000000000,70.487430000000003,-153.796580000000006,Broad Whitefish,Coregonus nasus,anadromous/freshwater fish,Chordata (Actinopterygii),Fish,,NPRA-06-4248,,ng/g,,Provided,Organ,,,,,,,anadromous/freshwater fish,Mote Marine Laboratory,Mote Marine Laboratory,North
Wetzel,"Dr Wetzel, Mote Marine Database",2006,0.000000000000000,70.487430000000003,-153.796580000000006,Broad Whitefish,Coregonus nasus,anadromous/freshwater fish,Chordata (Actinopterygii),Fish,,NPRA-06-4252,,ng/g,,Provided,Organ,,,,,,,anadromous/freshwater fish,Mote Marine Laboratory,Mote Marine Laboratory,North
Wetzel,"Dr Wetzel, Mote Marine Database",2006,0.000000000000000,70.487430000000003,-153.796580000000006,Broad Whitefish,Coregonus nasus,anadromous/freshwater fish,Chordata (Actinopterygii),Fish,,NPRA-06-4256,,ng/g,,Provided,Organ,,,,,,,anadromous/freshwater fish,Mote Marine Laboratory,Mote Marine Laboratory,North
Wetzel,"Dr Wetzel, Mote Marine Database",2006,0.000000000000000,70.487430000000003,-153.796580000000006,Broad Whitefish,Coregonus nasus,anadromous/freshwater fish,Chordata (Actinopterygii),Fish,,NPRA-06-4260,,ng/g,,Provided,Organ,,,,,,,anadromous/freshwater fish,Mote Marine Laboratory,Mote Marine Laboratory,North
Wetzel,"Dr Wetzel, Mote Marine Database",2006,0.000000000000000,70.487430000000003,-153.796580000000006,Broad Whitefish,Coregonus nasus,anadromous/freshwater fish,Chordata (Actinopterygii),Fish,,NPRA-06-4264,,ng/g,,Provided,Organ,,,,,,,anadromous/freshwater fish,Mote Marine Laboratory,Mote Marine Laboratory,North
Wetzel,"Dr Wetzel, Mote Marine Database",2006,0.000000000000000,70.487430000000003,-153.796580000000006,Broad Whitefish,Coregonus nasus,anadromous/freshwater fish,Chordata (Actinopterygii),Fish,,NPRA-06-4272,,ng/g,,Provided,Organ,,,,,,,anadromous/freshwater fish,Mote Marine Laboratory,Mote Marine Laboratory,North
Wetzel,"Dr Wetzel, Mote Marine Database",2006,0.000000000000000,70.487430000000003,-153.796580000000006,Broad Whitefish,Coregonus nasus,anadromous/freshwater fish,Chordata (Actinopterygii),Fish,,NPRA-06-4276,,ng/g,,Provided,Organ,,,,,,,anadromous/freshwater fish,Mote Marine Laboratory,Mote Marine Laboratory,North
Wetzel,"Dr Wetzel, Mote Marine Database",2006,0.000000000000000,70.823599999999999,-154.302500000000009,Broad Whitefish,Coregonus nasus,anadromous/freshwater fish,Chordata (Actinopterygii),Fish,,NPRA-06-4290,,ng/g,,Provided,Organ,,,,,,,anadromous/freshwater fish,Mote Marine Laboratory,Mote Marine Laboratory,North
Wetzel,"Dr Wetzel, Mote Marine Database",2006,0.000000000000000,70.823599999999999,-154.302500000000009,Broad Whitefish,Coregonus nasus,anadromous/freshwater fish,Chordata (Actinopterygii),Fish,,NPRA-06-4294,,ng/g,,Provided,Organ,,,,,,,anadromous/freshwater fish,Mote Marine Laboratory,Mote Marine Laboratory,North
Wetzel,"Dr Wetzel, Mote Marine Database",2006,0.000000000000000,70.823599999999999,-154.302500000000009,Broad Whitefish,Coregonus nasus,anadromous/freshwater fish,Chordata (Actinopterygii),Fish,,NPRA-06-4298,,ng/g,,Provided,Organ,,,,,,,anadromous/freshwater fish,Mote Marine Laboratory,Mote Marine Laboratory,North
Wetzel,"Dr Wetzel, Mote Marine Database",2006,0.000000000000000,70.823599999999999,-154.302500000000009,Broad Whitefish,Coregonus nasus,anadromous/freshwater fish,Chordata (Actinopterygii),Fish,,NPRA-06-4306,,ng/g,,Provided,Organ,,,,,,,anadromous/freshwater fish,Mote Marine Laboratory,Mote Marine Laboratory,North
Wetzel,"Dr Wetzel, Mote Marine Database",2006,0.000000000000000,70.823599999999999,-154.302500000000009,Broad Whitefish,Coregonus nasus,anadromous/freshwater fish,Chordata (Actinopterygii),Fish,,NPRA-06-4310,,ng/g,,Provided,Organ,,,,,,,anadromous/freshwater fish,Mote Marine Laboratory,Mote Marine Laboratory,North
Wetzel,"Dr Wetzel, Mote Marine Database",2006,0.000000000000000,70.494470000000007,-153.856560000000002,Broad Whitefish,Coregonus nasus,anadromous/freshwater fish,Chordata (Actinopterygii),Fish,,NPRA-06-4369,,ng/g,,Provided,Organ,,,,,,,anadromous/freshwater fish,Mote Marine Laboratory,Mote Marine Laboratory,North
Wetzel,"Dr Wetzel, Mote Marine Database",2006,0.000000000000000,70.494470000000007,-153.856560000000002,Broad Whitefish,Coregonus nasus,anadromous/freshwater fish,Chordata (Actinopterygii),Fish,,NPRA-06-4373,,ng/g,,Provided,Organ,,,,,,,anadromous/freshwater fish,Mote Marine Laboratory,Mote Marine Laboratory,North
Wetzel,"Dr Wetzel, Mote Marine Database",2006,0.000000000000000,70.449870000000004,-153.538019999999989,Broad Whitefish,Coregonus nasus,anadromous/freshwater fish,Chordata (Actinopterygii),Fish,,NPRA-06-4386,,ng/g,,Provided,Organ,,,,,,,anadromous/freshwater fish,Mote Marine Laboratory,Mote Marine Laboratory,North
Wetzel,"Dr Wetzel, Mote Marine Database",2006,0.000000000000000,70.449870000000004,-153.538019999999989,Broad Whitefish,Coregonus nasus,anadromous/freshwater fish,Chordata (Actinopterygii),Fish,,NPRA-06-4390,,ng/g,,Provided,Organ,,,,,,,anadromous/freshwater fish,Mote Marine Laboratory,Mote Marine Laboratory,North
Wetzel,"Dr Wetzel, Mote Marine Database",2006,0.000000000000000,70.449870000000004,-153.538019999999989,Broad Whitefish,Coregonus nasus,anadromous/freshwater fish,Chordata (Actinopterygii),Fish,,NPRA-06-4398,,ng/g,,Provided,Organ,,,,,,,anadromous/freshwater fish,Mote Marine Laboratory,Mote Marine Laboratory,North
Wetzel,"Dr Wetzel, Mote Marine Database",2006,0.000000000000000,70.449870000000004,-153.538019999999989,Broad Whitefish,Coregonus nasus,anadromous/freshwater fish,Chordata (Actinopterygii),Fish,,NPRA-06-4402,,ng/g,,Provided,Organ,,,,,,,anadromous/freshwater fish,Mote Marine Laboratory,Mote Marine Laboratory,North
Wetzel,"Dr Wetzel, Mote Marine Database",2006,0.000000000000000,70.449870000000004,-153.538019999999989,Broad Whitefish,Coregonus nasus,anadromous/freshwater fish,Chordata (Actinopterygii),Fish,,NPRA-06-4406,,ng/g,,Provided,Organ,,,,,,,anadromous/freshwater fish,Mote Marine Laboratory,Mote Marine Laboratory,North
Wetzel,"Dr Wetzel, Mote Marine Database",2006,0.000000000000000,70.449870000000004,-153.538019999999989,Broad Whitefish,Coregonus nasus,anadromous/freshwater fish,Chordata (Actinopterygii),Fish,,NPRA-06-4410,,ng/g,,Provided,Organ,,,,,,,anadromous/freshwater fish,Mote Marine Laboratory,Mote Marine Laboratory,North
Wetzel,"Dr Wetzel, Mote Marine Database",2006,0.000000000000000,70.494470000000007,-153.856560000000002,Broad Whitefish,Coregonus nasus,anadromous/freshwater fish,Chordata (Actinopterygii),Fish,,NPRA-06-4414,,ng/g,,Provided,Organ,,,,,,,anadromous/freshwater fish,Mote Marine Laboratory,Mote Marine Laboratory,North
Wetzel,"Dr Wetzel, Mote Marine Database",2006,0.000000000000000,70.494470000000007,-153.856560000000002,Broad Whitefish,Coregonus nasus,anadromous/freshwater fish,Chordata (Actinopterygii),Fish,,NPRA-06-4418,,ng/g,,Provided,Organ,,,,,,,anadromous/freshwater fish,Mote Marine Laboratory,Mote Marine Laboratory,North
Wetzel,"Dr Wetzel, Mote Marine Database",2006,0.000000000000000,70.494470000000007,-153.856560000000002,Broad Whitefish,Coregonus nasus,anadromous/freshwater fish,Chordata (Actinopterygii),Fish,,NPRA-06-4422,,ng/g,,Provided,Organ,,,,,,,anadromous/freshwater fish,Mote Marine Laboratory,Mote Marine Laboratory,North
Wetzel,"Dr Wetzel, Mote Marine Database",2006,0.000000000000000,70.449870000000004,-153.538019999999989,Broad Whitefish,Coregonus nasus,anadromous/freshwater fish,Chordata (Actinopterygii),Fish,,NPRA-06-4426,,ng/g,,Provided,Organ,,,,,,,anadromous/freshwater fish,Mote Marine Laboratory,Mote Marine Laboratory,North
Wetzel,"Dr Wetzel, Mote Marine Database",2006,0.000000000000000,70.333759999999998,-150.772030000000001,Broad Whitefish,Coregonus nasus,anadromous/freshwater fish,Chordata (Actinopterygii),Fish,,NPRA-06-4474,,ng/g,,Provided,Organ,,,,,,,anadromous/freshwater fish,Mote Marine Laboratory,Mote Marine Laboratory,North
Wetzel,"Dr Wetzel, Mote Marine Database",2006,0.000000000000000,70.333759999999998,-150.772030000000001,Broad Whitefish,Coregonus nasus,anadromous/freshwater fish,Chordata (Actinopterygii),Fish,,NPRA-06-4476,,ng/g,,Provided,Organ,,,,,,,anadromous/freshwater fish,Mote Marine Laboratory,Mote Marine Laboratory,North
Wetzel,"Dr Wetzel, Mote Marine Database",2006,0.000000000000000,70.333759999999998,-150.772030000000001,Broad Whitefish,Coregonus nasus,anadromous/freshwater fish,Chordata (Actinopterygii),Fish,,NPRA-06-4478,,ng/g,,Provided,Organ,,,,,,,anadromous/freshwater fish,Mote Marine Laboratory,Mote Marine Laboratory,North
Wetzel,"Dr Wetzel, Mote Marine Database",2006,0.000000000000000,70.333759999999998,-150.772030000000001,Broad Whitefish,Coregonus nasus,anadromous/freshwater fish,Chordata (Actinopterygii),Fish,,NPRA-06-4480,,ng/g,,Provided,Organ,,,,,,,anadromous/freshwater fish,Mote Marine Laboratory,Mote Marine Laboratory,North
Wetzel,"Dr Wetzel, Mote Marine Database",2006,0.000000000000000,70.333759999999998,-150.772030000000001,Broad Whitefish,Coregonus nasus,anadromous/freshwater fish,Chordata (Actinopterygii),Fish,,NPRA-06-4482,,ng/g,,Provided,Organ,,,,,,,anadromous/freshwater fish,Mote Marine Laboratory,Mote Marine Laboratory,North
Wetzel,"Dr Wetzel, Mote Marine Database",2006,0.000000000000000,70.333759999999998,-150.772030000000001,Broad Whitefish,Coregonus nasus,anadromous/freshwater fish,Chordata (Actinopterygii),Fish,,NPRA-06-4484,,ng/g,,Provided,Organ,,,,,,,anadromous/freshwater fish,Mote Marine Laboratory,Mote Marine Laboratory,North
Wetzel,"Dr Wetzel, Mote Marine Database",2006,0.000000000000000,70.333759999999998,-150.772030000000001,Broad Whitefish,Coregonus nasus,anadromous/freshwater fish,Chordata (Actinopterygii),Fish,,NPRA-06-4486,,ng/g,,Provided,Organ,,,,,,,anadromous/freshwater fish,Mote Marine Laboratory,Mote Marine Laboratory,North
Wetzel,"Dr Wetzel, Mote Marine Database",2006,0.000000000000000,70.333759999999998,-150.772030000000001,Broad Whitefish,Coregonus nasus,anadromous/freshwater fish,Chordata (Actinopterygii),Fish,,NPRA-06-4488,,ng/g,,Provided,Organ,,,,,,,anadromous/freshwater fish,Mote Marine Laboratory,Mote Marine Laboratory,North
Wetzel,"Dr Wetzel, Mote Marine Database",2006,0.000000000000000,70.333759999999998,-150.772030000000001,Broad Whitefish,Coregonus nasus,anadromous/freshwater fish,Chordata (Actinopterygii),Fish,,NPRA-06-4490,,ng/g,,Provided,Organ,,,,,,,anadromous/freshwater fish,Mote Marine Laboratory,Mote Marine Laboratory,North
Wetzel,"Dr Wetzel, Mote Marine Database",2006,0.000000000000000,70.333759999999998,-150.772030000000001,Broad Whitefish,Coregonus nasus,anadromous/freshwater fish,Chordata (Actinopterygii),Fish,,NPRA-06-4492,,ng/g,,Provided,Organ,,,,,,,anadromous/freshwater fish,Mote Marine Laboratory,Mote Marine Laboratory,North
Wetzel,"Dr Wetzel, Mote Marine Database",2006,0.000000000000000,70.333759999999998,-150.772030000000001,Broad Whitefish,Coregonus nasus,anadromous/freshwater fish,Chordata (Actinopterygii),Fish,,NPRA-06-4494,,ng/g,,Provided,Organ,,,,,,,anadromous/freshwater fish,Mote Marine Laboratory,Mote Marine Laboratory,North
Wetzel,"Dr Wetzel, Mote Marine Database",2005,16.668758870000001,69.766900000000007,-154.661000000000001,Broad Whitefish,Coregonus nasus,anadromous/freshwater fish,Chordata (Actinopterygii),Fish,,NPRA-05-1091,,ng/g,,Provided,Organ,,,,,,,anadromous/freshwater fish,Mote Marine Laboratory,Mote Marine Laboratory,North
Wetzel,"Dr Wetzel, Mote Marine Database",2005,659.236651800000004,70.659719999999993,-154.347340000000003,Broad Whitefish,Coregonus nasus,anadromous/freshwater fish,Chordata (Actinopterygii),Fish,,NPRA-05-1092,,ng/g,,Provided,Organ,,,,,,,anadromous/freshwater fish,Mote Marine Laboratory,Mote Marine Laboratory,North
Wetzel,"Dr Wetzel, Mote Marine Database",2005,104.860554199999996,70.571399999999997,-153.514199999999988,Broad Whitefish,Coregonus nasus,anadromous/freshwater fish,Chordata (Actinopterygii),Fish,,NPRA-05-1093,,ng/g,,Provided,Organ,,,,,,,anadromous/freshwater fish,Mote Marine Laboratory,Mote Marine Laboratory,North
Wetzel,"Dr Wetzel, Mote Marine Database",2005,44.121024300000002,69.049999999999997,-140.449999999999989,Broad Whitefish,Coregonus nasus,anadromous/freshwater fish,Chordata (Actinopterygii),Fish,,NPRA-05-1094,,ng/g,,Provided,Organ,,,,,,,anadromous/freshwater fish,Mote Marine Laboratory,Mote Marine Laboratory,North
Wetzel,"Dr Wetzel, Mote Marine Database",2005,195.915365400000013,69.049999999999997,-140.449999999999989,Broad Whitefish,Coregonus nasus,anadromous/freshwater fish,Chordata (Actinopterygii),Fish,,NPRA-05-1095,,ng/g,,Provided,Organ,,,,,,,anadromous/freshwater fish,Mote Marine Laboratory,Mote Marine Laboratory,North
Wetzel,"Dr Wetzel, Mote Marine Database",2005,32.790366179999999,70.571399999999997,-153.514199999999988,Broad Whitefish,Coregonus nasus,anadromous/freshwater fish,Chordata (Actinopterygii),Fish,,NPRA-05-1096,,ng/g,,Provided,Organ,,,,,,,anadromous/freshwater fish,Mote Marine Laboratory,Mote Marine Laboratory,North
Wetzel,"Dr Wetzel, Mote Marine Database",2005,94.086594779999999,70.571399999999997,-153.514199999999988,Broad Whitefish,Coregonus nasus,anadromous/freshwater fish,Chordata (Actinopterygii),Fish,,NPRA-05-1097,,ng/g,,Provided,Organ,,,,,,,anadromous/freshwater fish,Mote Marine Laboratory,Mote Marine Laboratory,North
Wetzel,"Dr Wetzel, Mote Marine Database",2005,60.318362780000001,70.571399999999997,-153.514199999999988,Broad Whitefish,Coregonus nasus,anadromous/freshwater fish,Chordata (Actinopterygii),Fish,,NPRA-05-1098,,ng/g,,Provided,Organ,,,,,,,anadromous/freshwater fish,Mote Marine Laboratory,Mote Marine Laboratory,North
Wetzel,"Dr Wetzel, Mote Marine Database",2005,168.457691000000011,70.571399999999997,-153.514199999999988,Broad Whitefish,Coregonus nasus,anadromous/freshwater fish,Chordata (Actinopterygii),Fish,,NPRA-05-1099,,ng/g,,Provided,Organ,,,,,,,anadromous/freshwater fish,Mote Marine Laboratory,Mote Marine Laboratory,North
Wetzel,"Dr Wetzel, Mote Marine Database",2005,463.744797600000027,69.049999999999997,-140.449999999999989,Broad Whitefish,Coregonus nasus,anadromous/freshwater fish,Chordata (Actinopterygii),Fish,,NPRA-05-1103,,ng/g,,Provided,Organ,,,,,,,anadromous/freshwater fish,Mote Marine Laboratory,Mote Marine Laboratory,North
Wetzel,"Dr Wetzel, Mote Marine Database",2005,198.383022199999999,69.049999999999997,-140.449999999999989,Broad Whitefish,Coregonus nasus,anadromous/freshwater fish,Chordata (Actinopterygii),Fish,,NPRA-05-1104,,ng/g,,Provided,Organ,,,,,,,anadromous/freshwater fish,Mote Marine Laboratory,Mote Marine Laboratory,North
Wetzel,"Dr Wetzel, Mote Marine Database",2005,119.956493300000005,69.049999999999997,-140.449999999999989,Broad Whitefish,Coregonus nasus,anadromous/freshwater fish,Chordata (Actinopterygii),Fish,,NPRA-05-1105,,ng/g,,Provided,Organ,,,,,,,anadromous/freshwater fish,Mote Marine Laboratory,Mote Marine Laboratory,North
Wetzel,"Dr Wetzel, Mote Marine Database",2005,48.331619470000000,69.049999999999997,-140.449999999999989,Broad Whitefish,Coregonus nasus,anadromous/freshwater fish,Chordata (Actinopterygii),Fish,,NPRA-05-1106,,ng/g,,Provided,Organ,,,,,,,anadromous/freshwater fish,Mote Marine Laboratory,Mote Marine Laboratory,North
Wetzel,"Dr Wetzel, Mote Marine Database",2005,298.361234099999990,69.049999999999997,-140.449999999999989,Broad Whitefish,Coregonus nasus,anadromous/freshwater fish,Chordata (Actinopterygii),Fish,,NPRA-05-1107,,ng/g,,Provided,Organ,,,,,,,anadromous/freshwater fish,Mote Marine Laboratory,Mote Marine Laboratory,North
Wetzel,"Dr Wetzel, Mote Marine Database",2005,115.103278500000002,69.049999999999997,-140.449999999999989,Broad Whitefish,Coregonus nasus,anadromous/freshwater fish,Chordata (Actinopterygii),Fish,,NPRA-05-1108,,ng/g,,Provided,Organ,,,,,,,anadromous/freshwater fish,Mote Marine Laboratory,Mote Marine Laboratory,North
Wetzel,"Dr Wetzel, Mote Marine Database",2005,209.886493199999990,69.049999999999997,-140.449999999999989,Broad Whitefish,Coregonus nasus,anadromous/freshwater fish,Chordata (Actinopterygii),Fish,,NPRA-05-1109,,ng/g,,Provided,Organ,,,,,,,anadromous/freshwater fish,Mote Marine Laboratory,Mote Marine Laboratory,North
Wetzel,"Dr Wetzel, Mote Marine Database",2005,120.784115600000007,69.049999999999997,-140.449999999999989,Broad Whitefish,Coregonus nasus,anadromous/freshwater fish,Chordata (Actinopterygii),Fish,,NPRA-05-1110,,ng/g,,Provided,Organ,,,,,,,anadromous/freshwater fish,Mote Marine Laboratory,Mote Marine Laboratory,North
Wetzel,"Dr Wetzel, Mote Marine Database",2005,87.869829659999994,69.049999999999997,-140.449999999999989,Broad Whitefish,Coregonus nasus,anadromous/freshwater fish,Chordata (Actinopterygii),Fish,,NPRA-05-1114,,ng/g,,Provided,Organ,,,,,,,anadromous/freshwater fish,Mote Marine Laboratory,Mote Marine Laboratory,North
Wetzel,"Dr Wetzel, Mote Marine Database",2005,28.825688440000000,69.049999999999997,-140.449999999999989,Broad Whitefish,Coregonus nasus,anadromous/freshwater fish,Chordata (Actinopterygii),Fish,,NPRA-05-1116,,ng/g,,Provided,Organ,,,,,,,anadromous/freshwater fish,Mote Marine Laboratory,Mote Marine Laboratory,North
Wetzel,"Dr Wetzel, Mote Marine Database",2005,484.197713700000008,70.659719999999993,-154.347340000000003,Broad Whitefish,Coregonus nasus,anadromous/freshwater fish,Chordata (Actinopterygii),Fish,,NPRA-05-1117,,ng/g,,Provided,Organ,,,,,,,anadromous/freshwater fish,Mote Marine Laboratory,Mote Marine Laboratory,North
Wetzel,"Dr Wetzel, Mote Marine Database",2005,59.843023789999997,70.659719999999993,-154.347340000000003,Broad Whitefish,Coregonus nasus,anadromous/freshwater fish,Chordata (Actinopterygii),Fish,,NPRA-05-1118,,ng/g,,Provided,Organ,,,,,,,anadromous/freshwater fish,Mote Marine Laboratory,Mote Marine Laboratory,North
Wetzel,"Dr Wetzel, Mote Marine Database",2005,0.000000000000000,70.659719999999993,-154.347340000000003,Broad Whitefish,Coregonus nasus,anadromous/freshwater fish,Chordata (Actinopterygii),Fish,,NPRA-05-1119,,ng/g,,Provided,Organ,,,,,,,anadromous/freshwater fish,Mote Marine Laboratory,Mote Marine Laboratory,North
Wetzel,"Dr Wetzel, Mote Marine Database",2005,0.000000000000000,70.659719999999993,-154.347340000000003,Broad Whitefish,Coregonus nasus,anadromous/freshwater fish,Chordata (Actinopterygii),Fish,,NPRA-05-1120,,ng/g,,Provided,Organ,,,,,,,anadromous/freshwater fish,Mote Marine Laboratory,Mote Marine Laboratory,North
Wetzel,"Dr Wetzel, Mote Marine Database",2005,691.173856300000011,70.659719999999993,-154.347340000000003,Broad Whitefish,Coregonus nasus,anadromous/freshwater fish,Chordata (Actinopterygii),Fish,,NPRA-05-1121,,ng/g,,Provided,Organ,,,,,,,anadromous/freshwater fish,Mote Marine Laboratory,Mote Marine Laboratory,North
Wetzel,"Dr Wetzel, Mote Marine Database",2005,425.791302200000018,70.659719999999993,-154.347340000000003,Broad Whitefish,Coregonus nasus,anadromous/freshwater fish,Chordata (Actinopterygii),Fish,,NPRA-05-1122,,ng/g,,Provided,Organ,,,,,,,anadromous/freshwater fish,Mote Marine Laboratory,Mote Marine Laboratory,North
Wetzel,"Dr Wetzel, Mote Marine Database",2005,347.988038300000028,70.659719999999993,-154.347340000000003,Broad Whitefish,Coregonus nasus,anadromous/freshwater fish,Chordata (Actinopterygii),Fish,,NPRA-05-1123,,ng/g,,Provided,Organ,,,,,,,anadromous/freshwater fish,Mote Marine Laboratory,Mote Marine Laboratory,North
Wetzel,"Dr Wetzel, Mote Marine Database",2005,716.792855300000042,70.659719999999993,-154.347340000000003,Broad Whitefish,Coregonus nasus,anadromous/freshwater fish,Chordata (Actinopterygii),Fish,,NPRA-05-2093,,ng/g,,Provided,Organ,,,,,,,anadromous/freshwater fish,Mote Marine Laboratory,Mote Marine Laboratory,North
Wetzel,"Dr Wetzel, Mote Marine Database",2005,162.133153499999992,70.659719999999993,-154.347340000000003,Broad Whitefish,Coregonus nasus,anadromous/freshwater fish,Chordata (Actinopterygii),Fish,,NPRA-05-2097,,ng/g,,Provided,Organ,,,,,,,anadromous/freshwater fish,Mote Marine Laboratory,Mote Marine Laboratory,North
Wetzel,"Dr Wetzel, Mote Marine Database",2005,104.173920699999996,70.659719999999993,-154.347340000000003,Broad Whitefish,Coregonus nasus,anadromous/freshwater fish,Chordata (Actinopterygii),Fish,,NPRA-05-2098,,ng/g,,Provided,Organ,,,,,,,anadromous/freshwater fish,Mote Marine Laboratory,Mote Marine Laboratory,North
Wetzel,"Dr Wetzel, Mote Marine Database",2005,56.657425840000002,70.659719999999993,-154.347340000000003,Broad Whitefish,Coregonus nasus,anadromous/freshwater fish,Chordata (Actinopterygii),Fish,,NPRA-05-2121,,ng/g,,Provided,Organ,,,,,,,anadromous/freshwater fish,Mote Marine Laboratory,Mote Marine Laboratory,North
Wetzel,"Dr Wetzel, Mote Marine Database",2005,0.000000000000000,70.659719999999993,-154.347340000000003,Broad Whitefish,Coregonus nasus,anadromous/freshwater fish,Chordata (Actinopterygii),Fish,,NPRA-05-2122,,ng/g,,Provided,Organ,,,,,,,anadromous/freshwater fish,Mote Marine Laboratory,Mote Marine Laboratory,North
Wetzel,"Dr Wetzel, Mote Marine Database",2005,211.326642099999987,70.659719999999993,-154.347340000000003,Broad Whitefish,Coregonus nasus,anadromous/freshwater fish,Chordata (Actinopterygii),Fish,,NPRA-05-2123,,ng/g,,Provided,Organ,,,,,,,anadromous/freshwater fish,Mote Marine Laboratory,Mote Marine Laboratory,North
Wetzel,"Dr Wetzel, Mote Marine Database",2005,124.999168100000006,70.659719999999993,-154.347340000000003,Broad Whitefish,Coregonus nasus,anadromous/freshwater fish,Chordata (Actinopterygii),Fish,,NPRA-05-2124,,ng/g,,Provided,Organ,,,,,,,anadromous/freshwater fish,Mote Marine Laboratory,Mote Marine Laboratory,North
Wetzel,"Dr Wetzel, Mote Marine Database",2006,0.000000000000000,70.091539999999995,-151.092639999999989,Broad Whitefish,Coregonus nasus,anadromous/freshwater fish,Chordata (Actinopterygii),Fish,,NPRA-06-3991,,ng/g,,Provided,Organ,,,,,,,anadromous/freshwater fish,Mote Marine Laboratory,Mote Marine Laboratory,North
Wetzel,"Dr Wetzel, Mote Marine Database",2008,16.376152080000001,70.495800000000003,-157.393000000000001,Broad Whitefish,Coregonus nasus,anadromous/freshwater fish,Chordata (Actinopterygii),Fish,,NPRA-10-0089,,ng/g,,Provided,Muscle,,,,,,,anadromous/freshwater fish,Mote Marine Laboratory,Mote Marine Laboratory,North
Wetzel,"Dr Wetzel, Mote Marine Database",2008,0.000000000000000,70.495800000000003,-157.393000000000001,Broad Whitefish,Coregonus nasus,anadromous/freshwater fish,Chordata (Actinopterygii),Fish,,NPRA-10-0101,,ng/g,,Provided,Muscle,,,,,,,anadromous/freshwater fish,Mote Marine Laboratory,Mote Marine Laboratory,North
Wetzel,"Dr Wetzel, Mote Marine Database",2008,0.000000000000000,70.495800000000003,-157.393000000000001,Broad Whitefish,Coregonus nasus,anadromous/freshwater fish,Chordata (Actinopterygii),Fish,,NPRA-10-0105,,ng/g,,Provided,Muscle,,,,,,,anadromous/freshwater fish,Mote Marine Laboratory,Mote Marine Laboratory,North
Wetzel,"Dr Wetzel, Mote Marine Database",2008,0.000000000000000,70.495800000000003,-157.393000000000001,Broad Whitefish,Coregonus nasus,anadromous/freshwater fish,Chordata (Actinopterygii),Fish,,NPRA-10-0113,,ng/g,,Provided,Muscle,,,,,,,anadromous/freshwater fish,Mote Marine Laboratory,Mote Marine Laboratory,North
Wetzel,"Dr Wetzel, Mote Marine Database",2008,0.000000000000000,70.495800000000003,-157.393000000000001,Broad Whitefish,Coregonus nasus,anadromous/freshwater fish,Chordata (Actinopterygii),Fish,,NPRA-10-0115,,ng/g,,Provided,Muscle,,,,,,,anadromous/freshwater fish,Mote Marine Laboratory,Mote Marine Laboratory,North
Wetzel,"Dr Wetzel, Mote Marine Database",2008,0.000000000000000,70.495800000000003,-157.393000000000001,Broad Whitefish,Coregonus nasus,anadromous/freshwater fish,Chordata (Actinopterygii),Fish,,NPRA-10-0117,,ng/g,,Provided,Muscle,,,,,,,anadromous/freshwater fish,Mote Marine Laboratory,Mote Marine Laboratory,North
Wetzel,"Dr Wetzel, Mote Marine Database",2008,42.067971340000000,70.495800000000003,-157.393000000000001,Broad Whitefish,Coregonus nasus,anadromous/freshwater fish,Chordata (Actinopterygii),Fish,,NPRA-10-0119,,ng/g,,Provided,Muscle,,,,,,,anadromous/freshwater fish,Mote Marine Laboratory,Mote Marine Laboratory,North
Wetzel,"Dr Wetzel, Mote Marine Database",2008,16.281879369999999,70.495800000000003,-157.393000000000001,Broad Whitefish,Coregonus nasus,anadromous/freshwater fish,Chordata (Actinopterygii),Fish,,NPRA-10-0121,,ng/g,,Provided,Muscle,,,,,,,anadromous/freshwater fish,Mote Marine Laboratory,Mote Marine Laboratory,North
Wetzel,"Dr Wetzel, Mote Marine Database",2008,13.029660200000000,70.495800000000003,-157.393000000000001,Broad Whitefish,Coregonus nasus,anadromous/freshwater fish,Chordata (Actinopterygii),Fish,,NPRA-10-0123,,ng/g,,Provided,Muscle,,,,,,,anadromous/freshwater fish,Mote Marine Laboratory,Mote Marine Laboratory,North
Wetzel,"Dr Wetzel, Mote Marine Database",2022,69.548006189999995,70.216300000000004,-151.005699999999990,Broad Whitefish,Coregonus nasus,anadromous/freshwater fish,Chordata (Actinopterygii),Fish,,AKN-22-0980,,ng/g,,Provided,Muscle,,,,,,,anadromous/freshwater fish,Mote Marine Laboratory,Mote Marine Laboratory,North
Wetzel,"Dr Wetzel, Mote Marine Database",2006,0.000000000000000,70.091539999999995,-151.092639999999989,Broad Whitefish,Coregonus nasus,anadromous/freshwater fish,Chordata (Actinopterygii),Fish,,NPRA-06-3994,,ng/g,,Provided,Muscle,,,,,,,anadromous/freshwater fish,Mote Marine Laboratory,Mote Marine Laboratory,North
Wetzel,"Dr Wetzel, Mote Marine Database",2006,0.000000000000000,70.091539999999995,-151.092639999999989,Broad Whitefish,Coregonus nasus,anadromous/freshwater fish,Chordata (Actinopterygii),Fish,,NPRA-06-3998,,ng/g,,Provided,Muscle,,,,,,,anadromous/freshwater fish,Mote Marine Laboratory,Mote Marine Laboratory,North
Wetzel,"Dr Wetzel, Mote Marine Database",2006,0.000000000000000,70.091539999999995,-151.092639999999989,Broad Whitefish,Coregonus nasus,anadromous/freshwater fish,Chordata (Actinopterygii),Fish,,NPRA-06-4002,,ng/g,,Provided,Muscle,,,,,,,anadromous/freshwater fish,Mote Marine Laboratory,Mote Marine Laboratory,North
Wetzel,"Dr Wetzel, Mote Marine Database",2006,0.000000000000000,70.091539999999995,-151.092639999999989,Broad Whitefish,Coregonus nasus,anadromous/freshwater fish,Chordata (Actinopterygii),Fish,,NPRA-06-4006,,ng/g,,Provided,Muscle,,,,,,,anadromous/freshwater fish,Mote Marine Laboratory,Mote Marine Laboratory,North
Wetzel,"Dr Wetzel, Mote Marine Database",2006,0.000000000000000,70.091539999999995,-151.092639999999989,Broad Whitefish,Coregonus nasus,anadromous/freshwater fish,Chordata (Actinopterygii),Fish,,NPRA-06-4010,,ng/g,,Provided,Muscle,,,,,,,anadromous/freshwater fish,Mote Marine Laboratory,Mote Marine Laboratory,North
Wetzel,"Dr Wetzel, Mote Marine Database",2006,0.000000000000000,70.091539999999995,-151.092639999999989,Broad Whitefish,Coregonus nasus,anadromous/freshwater fish,Chordata (Actinopterygii),Fish,,NPRA-06-4014,,ng/g,,Provided,Muscle,,,,,,,anadromous/freshwater fish,Mote Marine Laboratory,Mote Marine Laboratory,North
Wetzel,"Dr Wetzel, Mote Marine Database",2006,0.000000000000000,70.091539999999995,-151.092639999999989,Broad Whitefish,Coregonus nasus,anadromous/freshwater fish,Chordata (Actinopterygii),Fish,,NPRA-06-4018,,ng/g,,Provided,Muscle,,,,,,,anadromous/freshwater fish,Mote Marine Laboratory,Mote Marine Laboratory,North
Wetzel,"Dr Wetzel, Mote Marine Database",2006,0.000000000000000,70.091539999999995,-151.092639999999989,Broad Whitefish,Coregonus nasus,anadromous/freshwater fish,Chordata (Actinopterygii),Fish,,NPRA-06-4022,,ng/g,,Provided,Muscle,,,,,,,anadromous/freshwater fish,Mote Marine Laboratory,Mote Marine Laboratory,North
Wetzel,"Dr Wetzel, Mote Marine Database",2006,0.000000000000000,70.091539999999995,-151.092639999999989,Broad Whitefish,Coregonus nasus,anadromous/freshwater fish,Chordata (Actinopterygii),Fish,,NPRA-06-4026,,ng/g,,Provided,Muscle,,,,,,,anadromous/freshwater fish,Mote Marine Laboratory,Mote Marine Laboratory,North
Wetzel,"Dr Wetzel, Mote Marine Database",2006,0.000000000000000,70.091539999999995,-151.092639999999989,Broad Whitefish,Coregonus nasus,anadromous/freshwater fish,Chordata (Actinopterygii),Fish,,NPRA-06-4030,,ng/g,,Provided,Muscle,,,,,,,anadromous/freshwater fish,Mote Marine Laboratory,Mote Marine Laboratory,North
Wetzel,"Dr Wetzel, Mote Marine Database",2006,0.000000000000000,70.091539999999995,-151.092639999999989,Broad Whitefish,Coregonus nasus,anadromous/freshwater fish,Chordata (Actinopterygii),Fish,,NPRA-06-4034,,ng/g,,Provided,Muscle,,,,,,,anadromous/freshwater fish,Mote Marine Laboratory,Mote Marine Laboratory,North
Wetzel,"Dr Wetzel, Mote Marine Database",2006,0.000000000000000,70.091539999999995,-151.092639999999989,Broad Whitefish,Coregonus nasus,anadromous/freshwater fish,Chordata (Actinopterygii),Fish,,NPRA-06-4038,,ng/g,,Provided,Muscle,,,,,,,anadromous/freshwater fish,Mote Marine Laboratory,Mote Marine Laboratory,North
Wetzel,"Dr Wetzel, Mote Marine Database",2006,0.000000000000000,70.091539999999995,-151.092639999999989,Broad Whitefish,Coregonus nasus,anadromous/freshwater fish,Chordata (Actinopterygii),Fish,,NPRA-06-4042,,ng/g,,Provided,Muscle,,,,,,,anadromous/freshwater fish,Mote Marine Laboratory,Mote Marine Laboratory,North
Wetzel,"Dr Wetzel, Mote Marine Database",2006,0.000000000000000,70.091539999999995,-151.092639999999989,Broad Whitefish,Coregonus nasus,anadromous/freshwater fish,Chordata (Actinopterygii),Fish,,NPRA-06-4046,,ng/g,,Provided,Muscle,,,,,,,anadromous/freshwater fish,Mote Marine Laboratory,Mote Marine Laboratory,North
Wetzel,"Dr Wetzel, Mote Marine Database",2006,0.000000000000000,70.329999999999998,-150.750000000000000,Broad Whitefish,Coregonus nasus,anadromous/freshwater fish,Chordata (Actinopterygii),Fish,,NPRA-06-4050,,ng/g,,Provided,Muscle,,,,,,,anadromous/freshwater fish,Mote Marine Laboratory,Mote Marine Laboratory,North
Wetzel,"Dr Wetzel, Mote Marine Database",2006,0.000000000000000,70.433300000000003,-150.433300000000003,Broad Whitefish,Coregonus nasus,anadromous/freshwater fish,Chordata (Actinopterygii),Fish,,NPRA-06-4105,,ng/g,,Provided,Muscle,,,,,,,anadromous/freshwater fish,Mote Marine Laboratory,Mote Marine Laboratory,North
Wetzel,"Dr Wetzel, Mote Marine Database",2006,0.000000000000000,70.433300000000003,-150.433300000000003,Broad Whitefish,Coregonus nasus,anadromous/freshwater fish,Chordata (Actinopterygii),Fish,,NPRA-06-4113,,ng/g,,Provided,Muscle,,,,,,,anadromous/freshwater fish,Mote Marine Laboratory,Mote Marine Laboratory,North
Wetzel,"Dr Wetzel, Mote Marine Database",2006,0.000000000000000,70.433300000000003,-150.433300000000003,Broad Whitefish,Coregonus nasus,anadromous/freshwater fish,Chordata (Actinopterygii),Fish,,NPRA-06-4117,,ng/g,,Provided,Muscle,,,,,,,anadromous/freshwater fish,Mote Marine Laboratory,Mote Marine Laboratory,North
Wetzel,"Dr Wetzel, Mote Marine Database",2006,0.000000000000000,70.433300000000003,-150.433300000000003,Broad Whitefish,Coregonus nasus,anadromous/freshwater fish,Chordata (Actinopterygii),Fish,,NPRA-06-4121,,ng/g,,Provided,Muscle,,,,,,,anadromous/freshwater fish,Mote Marine Laboratory,Mote Marine Laboratory,North
Wetzel,"Dr Wetzel, Mote Marine Database",2006,0.000000000000000,70.342100000000002,-150.930399999999992,Broad Whitefish,Coregonus nasus,anadromous/freshwater fish,Chordata (Actinopterygii),Fish,,NPRA-06-4125,,ng/g,,Provided,Muscle,,,,,,,anadromous/freshwater fish,Mote Marine Laboratory,Mote Marine Laboratory,North
Wetzel,"Dr Wetzel, Mote Marine Database",2006,0.000000000000000,70.342100000000002,-150.930399999999992,Broad Whitefish,Coregonus nasus,anadromous/freshwater fish,Chordata (Actinopterygii),Fish,,NPRA-06-4129,,ng/g,,Provided,Muscle,,,,,,,anadromous/freshwater fish,Mote Marine Laboratory,Mote Marine Laboratory,North
Wetzel,"Dr Wetzel, Mote Marine Database",2006,0.000000000000000,70.342100000000002,-150.930399999999992,Broad Whitefish,Coregonus nasus,anadromous/freshwater fish,Chordata (Actinopterygii),Fish,,NPRA-06-4133,,ng/g,,Provided,Muscle,,,,,,,anadromous/freshwater fish,Mote Marine Laboratory,Mote Marine Laboratory,North
Wetzel,"Dr Wetzel, Mote Marine Database",2006,0.000000000000000,70.342100000000002,-150.930399999999992,Broad Whitefish,Coregonus nasus,anadromous/freshwater fish,Chordata (Actinopterygii),Fish,,NPRA-06-4137,,ng/g,,Provided,Muscle,,,,,,,anadromous/freshwater fish,Mote Marine Laboratory,Mote Marine Laboratory,North
Wetzel,"Dr Wetzel, Mote Marine Database",2006,0.000000000000000,70.342100000000002,-150.930399999999992,Broad Whitefish,Coregonus nasus,anadromous/freshwater fish,Chordata (Actinopterygii),Fish,,NPRA-06-4141,,ng/g,,Provided,Muscle,,,,,,,anadromous/freshwater fish,Mote Marine Laboratory,Mote Marine Laboratory,North
Wetzel,"Dr Wetzel, Mote Marine Database",2006,0.000000000000000,70.433300000000003,-150.433300000000003,Broad Whitefish,Coregonus nasus,anadromous/freshwater fish,Chordata (Actinopterygii),Fish,,NPRA-06-4145,,ng/g,,Provided,Muscle,,,,,,,anadromous/freshwater fish,Mote Marine Laboratory,Mote Marine Laboratory,North
Wetzel,"Dr Wetzel, Mote Marine Database",2006,0.000000000000000,70.342100000000002,-150.930399999999992,Broad Whitefish,Coregonus nasus,anadromous/freshwater fish,Chordata (Actinopterygii),Fish,,NPRA-06-4186,,ng/g,,Provided,Muscle,,,,,,,anadromous/freshwater fish,Mote Marine Laboratory,Mote Marine Laboratory,North
Wetzel,"Dr Wetzel, Mote Marine Database",2006,0.000000000000000,70.342100000000002,-150.930399999999992,Broad Whitefish,Coregonus nasus,anadromous/freshwater fish,Chordata (Actinopterygii),Fish,,NPRA-06-4190,,ng/g,,Provided,Muscle,,,,,,,anadromous/freshwater fish,Mote Marine Laboratory,Mote Marine Laboratory,North
Wetzel,"Dr Wetzel, Mote Marine Database",2006,0.000000000000000,70.342100000000002,-150.930399999999992,Broad Whitefish,Coregonus nasus,anadromous/freshwater fish,Chordata (Actinopterygii),Fish,,NPRA-06-4194,,ng/g,,Provided,Muscle,,,,,,,anadromous/freshwater fish,Mote Marine Laboratory,Mote Marine Laboratory,North
Wetzel,"Dr Wetzel, Mote Marine Database",2006,0.000000000000000,70.342100000000002,-150.930399999999992,Broad Whitefish,Coregonus nasus,anadromous/freshwater fish,Chordata (Actinopterygii),Fish,,NPRA-06-4198,,ng/g,,Provided,Muscle,,,,,,,anadromous/freshwater fish,Mote Marine Laboratory,Mote Marine Laboratory,North
Wetzel,"Dr Wetzel, Mote Marine Database",2006,0.000000000000000,70.433300000000003,-150.433300000000003,Broad Whitefish,Coregonus nasus,anadromous/freshwater fish,Chordata (Actinopterygii),Fish,,NPRA-06-4202,,ng/g,,Provided,Muscle,,,,,,,anadromous/freshwater fish,Mote Marine Laboratory,Mote Marine Laboratory,North
Wetzel,"Dr Wetzel, Mote Marine Database",2006,0.000000000000000,70.433300000000003,-150.433300000000003,Broad Whitefish,Coregonus nasus,anadromous/freshwater fish,Chordata (Actinopterygii),Fish,,NPRA-06-4206,,ng/g,,Provided,Muscle,,,,,,,anadromous/freshwater fish,Mote Marine Laboratory,Mote Marine Laboratory,North
Wetzel,"Dr Wetzel, Mote Marine Database",2006,0.000000000000000,70.433300000000003,-150.433300000000003,Broad Whitefish,Coregonus nasus,anadromous/freshwater fish,Chordata (Actinopterygii),Fish,,NPRA-06-4210,,ng/g,,Provided,Muscle,,,,,,,anadromous/freshwater fish,Mote Marine Laboratory,Mote Marine Laboratory,North
Wetzel,"Dr Wetzel, Mote Marine Database",2006,0.000000000000000,70.487430000000003,-153.796580000000006,Broad Whitefish,Coregonus nasus,anadromous/freshwater fish,Chordata (Actinopterygii),Fish,,NPRA-06-4214,,ng/g,,Provided,Muscle,,,,,,,anadromous/freshwater fish,Mote Marine Laboratory,Mote Marine Laboratory,North
Wetzel,"Dr Wetzel, Mote Marine Database",2006,0.000000000000000,70.487430000000003,-153.796580000000006,Broad Whitefish,Coregonus nasus,anadromous/freshwater fish,Chordata (Actinopterygii),Fish,,NPRA-06-4218,,ng/g,,Provided,Muscle,,,,,,,anadromous/freshwater fish,Mote Marine Laboratory,Mote Marine Laboratory,North
Wetzel,"Dr Wetzel, Mote Marine Database",2006,0.000000000000000,70.487430000000003,-153.796580000000006,Broad Whitefish,Coregonus nasus,anadromous/freshwater fish,Chordata (Actinopterygii),Fish,,NPRA-06-4222,,ng/g,,Provided,Muscle,,,,,,,anadromous/freshwater fish,Mote Marine Laboratory,Mote Marine Laboratory,North
Wetzel,"Dr Wetzel, Mote Marine Database",2006,0.000000000000000,70.487430000000003,-153.796580000000006,Broad Whitefish,Coregonus nasus,anadromous/freshwater fish,Chordata (Actinopterygii),Fish,,NPRA-06-4226,,ng/g,,Provided,Muscle,,,,,,,anadromous/freshwater fish,Mote Marine Laboratory,Mote Marine Laboratory,North
Wetzel,"Dr Wetzel, Mote Marine Database",2006,0.000000000000000,70.487430000000003,-153.796580000000006,Broad Whitefish,Coregonus nasus,anadromous/freshwater fish,Chordata (Actinopterygii),Fish,,NPRA-06-4230,,ng/g,,Provided,Muscle,,,,,,,anadromous/freshwater fish,Mote Marine Laboratory,Mote Marine Laboratory,North
Wetzel,"Dr Wetzel, Mote Marine Database",2006,0.000000000000000,70.487430000000003,-153.796580000000006,Broad Whitefish,Coregonus nasus,anadromous/freshwater fish,Chordata (Actinopterygii),Fish,,NPRA-06-4234,,ng/g,,Provided,Muscle,,,,,,,anadromous/freshwater fish,Mote Marine Laboratory,Mote Marine Laboratory,North
Wetzel,"Dr Wetzel, Mote Marine Database",2006,0.000000000000000,70.487430000000003,-153.796580000000006,Broad Whitefish,Coregonus nasus,anadromous/freshwater fish,Chordata (Actinopterygii),Fish,,NPRA-06-4247,,ng/g,,Provided,Muscle,,,,,,,anadromous/freshwater fish,Mote Marine Laboratory,Mote Marine Laboratory,North
Wetzel,"Dr Wetzel, Mote Marine Database",2006,0.000000000000000,70.487430000000003,-153.796580000000006,Broad Whitefish,Coregonus nasus,anadromous/freshwater fish,Chordata (Actinopterygii),Fish,,NPRA-06-4251,,ng/g,,Provided,Muscle,,,,,,,anadromous/freshwater fish,Mote Marine Laboratory,Mote Marine Laboratory,North
Wetzel,"Dr Wetzel, Mote Marine Database",2006,0.000000000000000,70.487430000000003,-153.796580000000006,Broad Whitefish,Coregonus nasus,anadromous/freshwater fish,Chordata (Actinopterygii),Fish,,NPRA-06-4255,,ng/g,,Provided,Muscle,,,,,,,anadromous/freshwater fish,Mote Marine Laboratory,Mote Marine Laboratory,North
Wetzel,"Dr Wetzel, Mote Marine Database",2006,0.000000000000000,70.487430000000003,-153.796580000000006,Broad Whitefish,Coregonus nasus,anadromous/freshwater fish,Chordata (Actinopterygii),Fish,,NPRA-06-4263,,ng/g,,Provided,Muscle,,,,,,,anadromous/freshwater fish,Mote Marine Laboratory,Mote Marine Laboratory,North
Wetzel,"Dr Wetzel, Mote Marine Database",2006,0.000000000000000,70.487430000000003,-153.796580000000006,Broad Whitefish,Coregonus nasus,anadromous/freshwater fish,Chordata (Actinopterygii),Fish,,NPRA-06-4267,,ng/g,,Provided,Muscle,,,,,,,anadromous/freshwater fish,Mote Marine Laboratory,Mote Marine Laboratory,North
Wetzel,"Dr Wetzel, Mote Marine Database",2006,0.000000000000000,70.487430000000003,-153.796580000000006,Broad Whitefish,Coregonus nasus,anadromous/freshwater fish,Chordata (Actinopterygii),Fish,,NPRA-06-4271,,ng/g,,Provided,Muscle,,,,,,,anadromous/freshwater fish,Mote Marine Laboratory,Mote Marine Laboratory,North
Wetzel,"Dr Wetzel, Mote Marine Database",2006,0.000000000000000,70.487430000000003,-153.796580000000006,Broad Whitefish,Coregonus nasus,anadromous/freshwater fish,Chordata (Actinopterygii),Fish,,NPRA-06-4275,,ng/g,,Provided,Muscle,,,,,,,anadromous/freshwater fish,Mote Marine Laboratory,Mote Marine Laboratory,North
Wetzel,"Dr Wetzel, Mote Marine Database",2006,0.000000000000000,70.823599999999999,-154.302500000000009,Broad Whitefish,Coregonus nasus,anadromous/freshwater fish,Chordata (Actinopterygii),Fish,,NPRA-06-4289,,ng/g,,Provided,Muscle,,,,,,,anadromous/freshwater fish,Mote Marine Laboratory,Mote Marine Laboratory,North
Wetzel,"Dr Wetzel, Mote Marine Database",2006,0.000000000000000,70.823599999999999,-154.302500000000009,Broad Whitefish,Coregonus nasus,anadromous/freshwater fish,Chordata (Actinopterygii),Fish,,NPRA-06-4293,,ng/g,,Provided,Muscle,,,,,,,anadromous/freshwater fish,Mote Marine Laboratory,Mote Marine Laboratory,North
Wetzel,"Dr Wetzel, Mote Marine Database",2006,0.000000000000000,70.823599999999999,-154.302500000000009,Broad Whitefish,Coregonus nasus,anadromous/freshwater fish,Chordata (Actinopterygii),Fish,,NPRA-06-4297,,ng/g,,Provided,Muscle,,,,,,,anadromous/freshwater fish,Mote Marine Laboratory,Mote Marine Laboratory,North
Wetzel,"Dr Wetzel, Mote Marine Database",2006,0.000000000000000,70.823599999999999,-154.302500000000009,Broad Whitefish,Coregonus nasus,anadromous/freshwater fish,Chordata (Actinopterygii),Fish,,NPRA-06-4305,,ng/g,,Provided,Muscle,,,,,,,anadromous/freshwater fish,Mote Marine Laboratory,Mote Marine Laboratory,North
Wetzel,"Dr Wetzel, Mote Marine Database",2006,0.000000000000000,70.823599999999999,-154.302500000000009,Broad Whitefish,Coregonus nasus,anadromous/freshwater fish,Chordata (Actinopterygii),Fish,,NPRA-06-4309,,ng/g,,Provided,Muscle,,,,,,,anadromous/freshwater fish,Mote Marine Laboratory,Mote Marine Laboratory,North
Wetzel,"Dr Wetzel, Mote Marine Database",2006,0.000000000000000,70.494470000000007,-153.856560000000002,Broad Whitefish,Coregonus nasus,anadromous/freshwater fish,Chordata (Actinopterygii),Fish,,NPRA-06-4313,,ng/g,,Provided,Muscle,,,,,,,anadromous/freshwater fish,Mote Marine Laboratory,Mote Marine Laboratory,North
Wetzel,"Dr Wetzel, Mote Marine Database",2006,0.000000000000000,70.494470000000007,-153.856560000000002,Broad Whitefish,Coregonus nasus,anadromous/freshwater fish,Chordata (Actinopterygii),Fish,,NPRA-06-4317,,ng/g,,Provided,Muscle,,,,,,,anadromous/freshwater fish,Mote Marine Laboratory,Mote Marine Laboratory,North
Wetzel,"Dr Wetzel, Mote Marine Database",2006,0.000000000000000,70.494470000000007,-153.856560000000002,Broad Whitefish,Coregonus nasus,anadromous/freshwater fish,Chordata (Actinopterygii),Fish,,NPRA-06-4321,,ng/g,,Provided,Muscle,,,,,,,anadromous/freshwater fish,Mote Marine Laboratory,Mote Marine Laboratory,North
Wetzel,"Dr Wetzel, Mote Marine Database",2006,0.000000000000000,70.494470000000007,-153.856560000000002,Broad Whitefish,Coregonus nasus,anadromous/freshwater fish,Chordata (Actinopterygii),Fish,,NPRA-06-4368,,ng/g,,Provided,Muscle,,,,,,,anadromous/freshwater fish,Mote Marine Laboratory,Mote Marine Laboratory,North
Wetzel,"Dr Wetzel, Mote Marine Database",2006,0.000000000000000,70.494470000000007,-153.856560000000002,Broad Whitefish,Coregonus nasus,anadromous/freshwater fish,Chordata (Actinopterygii),Fish,,NPRA-06-4372,,ng/g,,Provided,Muscle,,,,,,,anadromous/freshwater fish,Mote Marine Laboratory,Mote Marine Laboratory,North
Wetzel,"Dr Wetzel, Mote Marine Database",2006,0.000000000000000,70.449870000000004,-153.538019999999989,Broad Whitefish,Coregonus nasus,anadromous/freshwater fish,Chordata (Actinopterygii),Fish,,NPRA-06-4385,,ng/g,,Provided,Muscle,,,,,,,anadromous/freshwater fish,Mote Marine Laboratory,Mote Marine Laboratory,North
Wetzel,"Dr Wetzel, Mote Marine Database",2006,0.000000000000000,70.449870000000004,-153.538019999999989,Broad Whitefish,Coregonus nasus,anadromous/freshwater fish,Chordata (Actinopterygii),Fish,,NPRA-06-4389,,ng/g,,Provided,Muscle,,,,,,,anadromous/freshwater fish,Mote Marine Laboratory,Mote Marine Laboratory,North
Wetzel,"Dr Wetzel, Mote Marine Database",2006,0.000000000000000,70.449870000000004,-153.538019999999989,Broad Whitefish,Coregonus nasus,anadromous/freshwater fish,Chordata (Actinopterygii),Fish,,NPRA-06-4393,,ng/g,,Provided,Muscle,,,,,,,anadromous/freshwater fish,Mote Marine Laboratory,Mote Marine Laboratory,North
Wetzel,"Dr Wetzel, Mote Marine Database",2006,0.000000000000000,70.449870000000004,-153.538019999999989,Broad Whitefish,Coregonus nasus,anadromous/freshwater fish,Chordata (Actinopterygii),Fish,,NPRA-06-4397,,ng/g,,Provided,Muscle,,,,,,,anadromous/freshwater fish,Mote Marine Laboratory,Mote Marine Laboratory,North
Wetzel,"Dr Wetzel, Mote Marine Database",2006,0.000000000000000,70.449870000000004,-153.538019999999989,Broad Whitefish,Coregonus nasus,anadromous/freshwater fish,Chordata (Actinopterygii),Fish,,NPRA-06-4401,,ng/g,,Provided,Muscle,,,,,,,anadromous/freshwater fish,Mote Marine Laboratory,Mote Marine Laboratory,North
Wetzel,"Dr Wetzel, Mote Marine Database",2006,0.000000000000000,70.449870000000004,-153.538019999999989,Broad Whitefish,Coregonus nasus,anadromous/freshwater fish,Chordata (Actinopterygii),Fish,,NPRA-06-4405,,ng/g,,Provided,Muscle,,,,,,,anadromous/freshwater fish,Mote Marine Laboratory,Mote Marine Laboratory,North
Wetzel,"Dr Wetzel, Mote Marine Database",2006,0.000000000000000,70.449870000000004,-153.538019999999989,Broad Whitefish,Coregonus nasus,anadromous/freshwater fish,Chordata (Actinopterygii),Fish,,NPRA-06-4409,,ng/g,,Provided,Muscle,,,,,,,anadromous/freshwater fish,Mote Marine Laboratory,Mote Marine Laboratory,North
Wetzel,"Dr Wetzel, Mote Marine Database",2006,0.000000000000000,70.449870000000004,-153.538019999999989,Broad Whitefish,Coregonus nasus,anadromous/freshwater fish,Chordata (Actinopterygii),Fish,,NPRA-06-4413,,ng/g,,Provided,Muscle,,,,,,,anadromous/freshwater fish,Mote Marine Laboratory,Mote Marine Laboratory,North
Wetzel,"Dr Wetzel, Mote Marine Database",2006,0.000000000000000,70.449870000000004,-153.538019999999989,Broad Whitefish,Coregonus nasus,anadromous/freshwater fish,Chordata (Actinopterygii),Fish,,NPRA-06-4417,,ng/g,,Provided,Muscle,,,,,,,anadromous/freshwater fish,Mote Marine Laboratory,Mote Marine Laboratory,North
Wetzel,"Dr Wetzel, Mote Marine Database",2006,0.000000000000000,70.449870000000004,-153.538019999999989,Broad Whitefish,Coregonus nasus,anadromous/freshwater fish,Chordata (Actinopterygii),Fish,,NPRA-06-4421,,ng/g,,Provided,Muscle,,,,,,,anadromous/freshwater fish,Mote Marine Laboratory,Mote Marine Laboratory,North
Wetzel,"Dr Wetzel, Mote Marine Database",2006,0.000000000000000,70.449870000000004,-153.538019999999989,Broad Whitefish,Coregonus nasus,anadromous/freshwater fish,Chordata (Actinopterygii),Fish,,NPRA-06-4425,,ng/g,,Provided,Muscle,,,,,,,anadromous/freshwater fish,Mote Marine Laboratory,Mote Marine Laboratory,North
Wetzel,"Dr Wetzel, Mote Marine Database",2006,0.000000000000000,70.333759999999998,-150.772030000000001,Broad Whitefish,Coregonus nasus,anadromous/freshwater fish,Chordata (Actinopterygii),Fish,,NPRA-06-4473,,ng/g,,Provided,Muscle,,,,,,,anadromous/freshwater fish,Mote Marine Laboratory,Mote Marine Laboratory,North
Wetzel,"Dr Wetzel, Mote Marine Database",2006,0.000000000000000,70.333759999999998,-150.772030000000001,Broad Whitefish,Coregonus nasus,anadromous/freshwater fish,Chordata (Actinopterygii),Fish,,NPRA-06-4475,,ng/g,,Provided,Muscle,,,,,,,anadromous/freshwater fish,Mote Marine Laboratory,Mote Marine Laboratory,North
Wetzel,"Dr Wetzel, Mote Marine Database",2006,0.000000000000000,70.333759999999998,-150.772030000000001,Broad Whitefish,Coregonus nasus,anadromous/freshwater fish,Chordata (Actinopterygii),Fish,,NPRA-06-4477,,ng/g,,Provided,Muscle,,,,,,,anadromous/freshwater fish,Mote Marine Laboratory,Mote Marine Laboratory,North
Wetzel,"Dr Wetzel, Mote Marine Database",2006,0.000000000000000,70.333759999999998,-150.772030000000001,Broad Whitefish,Coregonus nasus,anadromous/freshwater fish,Chordata (Actinopterygii),Fish,,NPRA-06-4479,,ng/g,,Provided,Muscle,,,,,,,anadromous/freshwater fish,Mote Marine Laboratory,Mote Marine Laboratory,North
Wetzel,"Dr Wetzel, Mote Marine Database",2006,0.000000000000000,70.333759999999998,-150.772030000000001,Broad Whitefish,Coregonus nasus,anadromous/freshwater fish,Chordata (Actinopterygii),Fish,,NPRA-06-4481,,ng/g,,Provided,Muscle,,,,,,,anadromous/freshwater fish,Mote Marine Laboratory,Mote Marine Laboratory,North
Wetzel,"Dr Wetzel, Mote Marine Database",2006,0.000000000000000,70.333759999999998,-150.772030000000001,Broad Whitefish,Coregonus nasus,anadromous/freshwater fish,Chordata (Actinopterygii),Fish,,NPRA-06-4483,,ng/g,,Provided,Muscle,,,,,,,anadromous/freshwater fish,Mote Marine Laboratory,Mote Marine Laboratory,North
Wetzel,"Dr Wetzel, Mote Marine Database",2006,0.000000000000000,70.333759999999998,-150.772030000000001,Broad Whitefish,Coregonus nasus,anadromous/freshwater fish,Chordata (Actinopterygii),Fish,,NPRA-06-4485,,ng/g,,Provided,Muscle,,,,,,,anadromous/freshwater fish,Mote Marine Laboratory,Mote Marine Laboratory,North
Wetzel,"Dr Wetzel, Mote Marine Database",2006,0.000000000000000,70.333759999999998,-150.772030000000001,Broad Whitefish,Coregonus nasus,anadromous/freshwater fish,Chordata (Actinopterygii),Fish,,NPRA-06-4487,,ng/g,,Provided,Muscle,,,,,,,anadromous/freshwater fish,Mote Marine Laboratory,Mote Marine Laboratory,North
Wetzel,"Dr Wetzel, Mote Marine Database",2006,0.000000000000000,70.333759999999998,-150.772030000000001,Broad Whitefish,Coregonus nasus,anadromous/freshwater fish,Chordata (Actinopterygii),Fish,,NPRA-06-4489,,ng/g,,Provided,Muscle,,,,,,,anadromous/freshwater fish,Mote Marine Laboratory,Mote Marine Laboratory,North
Wetzel,"Dr Wetzel, Mote Marine Database",2006,0.000000000000000,70.333759999999998,-150.772030000000001,Broad Whitefish,Coregonus nasus,anadromous/freshwater fish,Chordata (Actinopterygii),Fish,,NPRA-06-4491,,ng/g,,Provided,Muscle,,,,,,,anadromous/freshwater fish,Mote Marine Laboratory,Mote Marine Laboratory,North
Wetzel,"Dr Wetzel, Mote Marine Database",2006,0.000000000000000,70.333759999999998,-150.772030000000001,Broad Whitefish,Coregonus nasus,anadromous/freshwater fish,Chordata (Actinopterygii),Fish,,NPRA-06-4493,,ng/g,,Provided,Muscle,,,,,,,anadromous/freshwater fish,Mote Marine Laboratory,Mote Marine Laboratory,North
Wetzel,"Dr Wetzel, Mote Marine Database",2005,13.389747760000001,70.659719999999993,-154.347340000000003,Broad Whitefish,Coregonus nasus,anadromous/freshwater fish,Chordata (Actinopterygii),Fish,,NPRA-05-2099,,ng/g,,Provided,Muscle,,,,,,,anadromous/freshwater fish,Mote Marine Laboratory,Mote Marine Laboratory,North
Wetzel,"Dr Wetzel, Mote Marine Database",2005,63.437037529999998,70.659719999999993,-154.347340000000003,Broad Whitefish,Coregonus nasus,anadromous/freshwater fish,Chordata (Actinopterygii),Fish,,NPRA-05-2100,,ng/g,,Provided,Muscle,,,,,,,anadromous/freshwater fish,Mote Marine Laboratory,Mote Marine Laboratory,North
Wetzel,"Dr Wetzel, Mote Marine Database",2005,30.190613880000001,70.659719999999993,-154.347340000000003,Broad Whitefish,Coregonus nasus,anadromous/freshwater fish,Chordata (Actinopterygii),Fish,,NPRA-05-2101,,ng/g,,Provided,Muscle,,,,,,,anadromous/freshwater fish,Mote Marine Laboratory,Mote Marine Laboratory,North
Wetzel,"Dr Wetzel, Mote Marine Database",2005,32.164188439999997,70.659719999999993,-154.347340000000003,Broad Whitefish,Coregonus nasus,anadromous/freshwater fish,Chordata (Actinopterygii),Fish,,NPRA-05-2102,,ng/g,,Provided,Muscle,,,,,,,anadromous/freshwater fish,Mote Marine Laboratory,Mote Marine Laboratory,North
Wetzel,"Dr Wetzel, Mote Marine Database",2005,51.503860779999997,70.659719999999993,-154.347340000000003,Broad Whitefish,Coregonus nasus,anadromous/freshwater fish,Chordata (Actinopterygii),Fish,,NPRA-05-2103,,ng/g,,Provided,Muscle,,,,,,,anadromous/freshwater fish,Mote Marine Laboratory,Mote Marine Laboratory,North
Wetzel,"Dr Wetzel, Mote Marine Database",2005,42.217334719999997,70.659719999999993,-154.347340000000003,Broad Whitefish,Coregonus nasus,anadromous/freshwater fish,Chordata (Actinopterygii),Fish,,NPRA-05-2104,,ng/g,,Provided,Muscle,,,,,,,anadromous/freshwater fish,Mote Marine Laboratory,Mote Marine Laboratory,North
Wetzel,"Dr Wetzel, Mote Marine Database",2005,31.087811330000001,70.659719999999993,-154.347340000000003,Broad Whitefish,Coregonus nasus,anadromous/freshwater fish,Chordata (Actinopterygii),Fish,,NPRA-05-2105,,ng/g,,Provided,Muscle,,,,,,,anadromous/freshwater fish,Mote Marine Laboratory,Mote Marine Laboratory,North
Wetzel,"Dr Wetzel, Mote Marine Database",2005,38.822506799999999,70.659719999999993,-154.347340000000003,Broad Whitefish,Coregonus nasus,anadromous/freshwater fish,Chordata (Actinopterygii),Fish,,NPRA-05-2106,,ng/g,,Provided,Muscle,,,,,,,anadromous/freshwater fish,Mote Marine Laboratory,Mote Marine Laboratory,North
Wetzel,"Dr Wetzel, Mote Marine Database",2005,39.710807220000000,69.049999999999997,-140.449999999999989,Broad Whitefish,Coregonus nasus,anadromous/freshwater fish,Chordata (Actinopterygii),Fish,,NPRA-05-2109,,ng/g,,Provided,Muscle,,,,,,,anadromous/freshwater fish,Mote Marine Laboratory,Mote Marine Laboratory,North
Wetzel,"Dr Wetzel, Mote Marine Database",2005,32.116159979999999,69.049999999999997,-140.449999999999989,Broad Whitefish,Coregonus nasus,anadromous/freshwater fish,Chordata (Actinopterygii),Fish,,NPRA-05-2110,,ng/g,,Provided,Muscle,,,,,,,anadromous/freshwater fish,Mote Marine Laboratory,Mote Marine Laboratory,North
Wetzel,"Dr Wetzel, Mote Marine Database",2005,100.550689399999996,69.049999999999997,-140.449999999999989,Broad Whitefish,Coregonus nasus,anadromous/freshwater fish,Chordata (Actinopterygii),Fish,,NPRA-05-2111,,ng/g,,Provided,Muscle,,,,,,,anadromous/freshwater fish,Mote Marine Laboratory,Mote Marine Laboratory,North
Wetzel,"Dr Wetzel, Mote Marine Database",2005,45.706469089999999,69.049999999999997,-140.449999999999989,Broad Whitefish,Coregonus nasus,anadromous/freshwater fish,Chordata (Actinopterygii),Fish,,NPRA-05-2112,,ng/g,,Provided,Muscle,,,,,,,anadromous/freshwater fish,Mote Marine Laboratory,Mote Marine Laboratory,North
Wetzel,"Dr Wetzel, Mote Marine Database",2005,63.521919529999998,69.049999999999997,-140.449999999999989,Broad Whitefish,Coregonus nasus,anadromous/freshwater fish,Chordata (Actinopterygii),Fish,,NPRA-05-2113,,ng/g,,Provided,Muscle,,,,,,,anadromous/freshwater fish,Mote Marine Laboratory,Mote Marine Laboratory,North
Wetzel,"Dr Wetzel, Mote Marine Database",2005,80.020071500000000,69.049999999999997,-140.449999999999989,Broad Whitefish,Coregonus nasus,anadromous/freshwater fish,Chordata (Actinopterygii),Fish,,NPRA-05-2114,,ng/g,,Provided,Muscle,,,,,,,anadromous/freshwater fish,Mote Marine Laboratory,Mote Marine Laboratory,North
Wetzel,"Dr Wetzel, Mote Marine Database",2005,51.520631219999999,69.049999999999997,-140.449999999999989,Broad Whitefish,Coregonus nasus,anadromous/freshwater fish,Chordata (Actinopterygii),Fish,,NPRA-05-2115,,ng/g,,Provided,Muscle,,,,,,,anadromous/freshwater fish,Mote Marine Laboratory,Mote Marine Laboratory,North
Wetzel,"Dr Wetzel, Mote Marine Database",2005,51.255953679999998,70.659719999999993,-154.347340000000003,Broad Whitefish,Coregonus nasus,anadromous/freshwater fish,Chordata (Actinopterygii),Fish,,NPRA-05-2116,,ng/g,,Provided,Muscle,,,,,,,anadromous/freshwater fish,Mote Marine Laboratory,Mote Marine Laboratory,North
Wetzel,"Dr Wetzel, Mote Marine Database",2005,62.808205229999999,70.659719999999993,-154.347340000000003,Broad Whitefish,Coregonus nasus,anadromous/freshwater fish,Chordata (Actinopterygii),Fish,,NPRA-05-2117,,ng/g,,Provided,Muscle,,,,,,,anadromous/freshwater fish,Mote Marine Laboratory,Mote Marine Laboratory,North
Wetzel,"Dr Wetzel, Mote Marine Database",2005,65.922830390000001,69.049999999999997,-140.449999999999989,Broad Whitefish,Coregonus nasus,anadromous/freshwater fish,Chordata (Actinopterygii),Fish,,NPRA-05-2118,,ng/g,,Provided,Muscle,,,,,,,anadromous/freshwater fish,Mote Marine Laboratory,Mote Marine Laboratory,North
Wetzel,"Dr Wetzel, Mote Marine Database",2005,258.828911300000016,69.049999999999997,-140.449999999999989,Broad Whitefish,Coregonus nasus,anadromous/freshwater fish,Chordata (Actinopterygii),Fish,,NPRA-05-2125,,ng/g,,Provided,Muscle,,,,,,,anadromous/freshwater fish,Mote Marine Laboratory,Mote Marine Laboratory,North
Wetzel,"Dr Wetzel, Mote Marine Database",2005,0.000000000000000,69.049999999999997,-140.449999999999989,Broad Whitefish,Coregonus nasus,anadromous/freshwater fish,Chordata (Actinopterygii),Fish,,NPRA-05-2126,,ng/g,,Provided,Muscle,,,,,,,anadromous/freshwater fish,Mote Marine Laboratory,Mote Marine Laboratory,North
Wetzel,"Dr Wetzel, Mote Marine Database",2005,111.126035700000003,70.571399999999997,-153.514199999999988,Broad Whitefish,Coregonus nasus,anadromous/freshwater fish,Chordata (Actinopterygii),Fish,,NPRA-05-2127,,ng/g,,Provided,Muscle,,,,,,,anadromous/freshwater fish,Mote Marine Laboratory,Mote Marine Laboratory,North
Wetzel,"Dr Wetzel, Mote Marine Database",2005,67.034194099999993,70.571399999999997,-153.514199999999988,Broad Whitefish,Coregonus nasus,anadromous/freshwater fish,Chordata (Actinopterygii),Fish,,NPRA-05-2128,,ng/g,,Provided,Muscle,,,,,,,anadromous/freshwater fish,Mote Marine Laboratory,Mote Marine Laboratory,North
Wetzel,"Dr Wetzel, Mote Marine Database",2005,0.000000000000000,70.571399999999997,-153.514199999999988,Broad Whitefish,Coregonus nasus,anadromous/freshwater fish,Chordata (Actinopterygii),Fish,,NPRA-05-2129,,ng/g,,Provided,Muscle,,,,,,,anadromous/freshwater fish,Mote Marine Laboratory,Mote Marine Laboratory,North
Wetzel,"Dr Wetzel, Mote Marine Database",2005,0.000000000000000,70.571399999999997,-153.514199999999988,Broad Whitefish,Coregonus nasus,anadromous/freshwater fish,Chordata (Actinopterygii),Fish,,NPRA-05-2130,,ng/g,,Provided,Muscle,,,,,,,anadromous/freshwater fish,Mote Marine Laboratory,Mote Marine Laboratory,North
Wetzel,"Dr Wetzel, Mote Marine Database",2005,0.000000000000000,70.571399999999997,-153.514199999999988,Broad Whitefish,Coregonus nasus,anadromous/freshwater fish,Chordata (Actinopterygii),Fish,,NPRA-05-2133,,ng/g,,Provided,Muscle,,,,,,,anadromous/freshwater fish,Mote Marine Laboratory,Mote Marine Laboratory,North
Wetzel,"Dr Wetzel, Mote Marine Database",2005,0.000000000000000,69.766900000000007,-154.661000000000001,Broad Whitefish,Coregonus nasus,anadromous/freshwater fish,Chordata (Actinopterygii),Fish,,NPRA-05-2134,,ng/g,,Provided,Muscle,,,,,,,anadromous/freshwater fish,Mote Marine Laboratory,Mote Marine Laboratory,North
Wetzel,"Dr Wetzel, Mote Marine Database",2005,0.000000000000000,70.659719999999993,-154.347340000000003,Broad Whitefish,Coregonus nasus,anadromous/freshwater fish,Chordata (Actinopterygii),Fish,,NPRA-05-2135,,ng/g,,Provided,Muscle,,,,,,,anadromous/freshwater fish,Mote Marine Laboratory,Mote Marine Laboratory,North
Wetzel,"Dr Wetzel, Mote Marine Database",2005,0.000000000000000,70.659719999999993,-154.347340000000003,Broad Whitefish,Coregonus nasus,anadromous/freshwater fish,Chordata (Actinopterygii),Fish,,NPRA-05-2136,,ng/g,,Provided,Muscle,,,,,,,anadromous/freshwater fish,Mote Marine Laboratory,Mote Marine Laboratory,North
Wetzel,"Dr Wetzel, Mote Marine Database",2005,0.000000000000000,70.659719999999993,-154.347340000000003,Broad Whitefish,Coregonus nasus,anadromous/freshwater fish,Chordata (Actinopterygii),Fish,,NPRA-05-2137,,ng/g,,Provided,Muscle,,,,,,,anadromous/freshwater fish,Mote Marine Laboratory,Mote Marine Laboratory,North
Wetzel,"Dr Wetzel, Mote Marine Database",2005,0.000000000000000,70.659719999999993,-154.347340000000003,Broad Whitefish,Coregonus nasus,anadromous/freshwater fish,Chordata (Actinopterygii),Fish,,NPRA-05-2138,,ng/g,,Provided,Muscle,,,,,,,anadromous/freshwater fish,Mote Marine Laboratory,Mote Marine Laboratory,North
Wetzel,"Dr Wetzel, Mote Marine Database",2005,0.000000000000000,70.659719999999993,-154.347340000000003,Broad Whitefish,Coregonus nasus,anadromous/freshwater fish,Chordata (Actinopterygii),Fish,,NPRA-05-2139,,ng/g,,Provided,Muscle,,,,,,,anadromous/freshwater fish,Mote Marine Laboratory,Mote Marine Laboratory,North
Wetzel,"Dr Wetzel, Mote Marine Database",2005,0.000000000000000,69.049999999999997,-140.449999999999989,Broad Whitefish,Coregonus nasus,anadromous/freshwater fish,Chordata (Actinopterygii),Fish,,NPRA-05-2140,,ng/g,,Provided,Muscle,,,,,,,anadromous/freshwater fish,Mote Marine Laboratory,Mote Marine Laboratory,North
Wetzel,"Dr Wetzel, Mote Marine Database",2005,0.000000000000000,69.049999999999997,-140.449999999999989,Broad Whitefish,Coregonus nasus,anadromous/freshwater fish,Chordata (Actinopterygii),Fish,,NPRA-05-2141,,ng/g,,Provided,Muscle,,,,,,,anadromous/freshwater fish,Mote Marine Laboratory,Mote Marine Laboratory,North
Wetzel,"Dr Wetzel, Mote Marine Database",2006,0.000000000000000,70.091539999999995,-151.092639999999989,Broad Whitefish,Coregonus nasus,anadromous/freshwater fish,Chordata (Actinopterygii),Fish,,NPRA-06-3990,,ng/g,,Provided,Muscle,,,,,,,anadromous/freshwater fish,Mote Marine Laboratory,Mote Marine Laboratory,North
Wetzel,"Dr Wetzel, Mote Marine Database",2008,88.832797060000004,70.495800000000003,-157.393000000000001,Burbot,Lota lota,anadromous/freshwater fish,Chordata (Actinopterygii),Fish,,NPRA-10-0112,,ng/g,,Provided,Organ,,,,,,,anadromous/freshwater fish,Mote Marine Laboratory,Mote Marine Laboratory,North
Wetzel,"Dr Wetzel, Mote Marine Database",2008,0.000000000000000,70.121840000000006,-159.634970000000010,Burbot,Lota lota,anadromous/freshwater fish,Chordata (Actinopterygii),Fish,,NPRA-10-0128,,ng/g,,Provided,Organ,,,,,,,anadromous/freshwater fish,Mote Marine Laboratory,Mote Marine Laboratory,North
Wetzel,"Dr Wetzel, Mote Marine Database",2008,0.000000000000000,70.121840000000006,-159.634970000000010,Burbot,Lota lota,anadromous/freshwater fish,Chordata (Actinopterygii),Fish,,NPRA-10-0132,,ng/g,,Provided,Organ,,,,,,,anadromous/freshwater fish,Mote Marine Laboratory,Mote Marine Laboratory,North
Wetzel,"Dr Wetzel, Mote Marine Database",2008,0.000000000000000,70.121840000000006,-159.634970000000010,Burbot,Lota lota,anadromous/freshwater fish,Chordata (Actinopterygii),Fish,,NPRA-10-0134,,ng/g,,Provided,Organ,,,,,,,anadromous/freshwater fish,Mote Marine Laboratory,Mote Marine Laboratory,North
Wetzel,"Dr Wetzel, Mote Marine Database",2006,0.000000000000000,70.449870000000004,-153.538019999999989,Burbot,Lota lota,anadromous/freshwater fish,Chordata (Actinopterygii),Fish,,NPRA-06-4431,,ng/g,,Provided,Organ,,,,,,,anadromous/freshwater fish,Mote Marine Laboratory,Mote Marine Laboratory,North
Wetzel,"Dr Wetzel, Mote Marine Database",2006,0.000000000000000,70.702799999999996,-154.526890000000009,Burbot,Lota lota,anadromous/freshwater fish,Chordata (Actinopterygii),Fish,,NPRA-06-4459,,ng/g,,Provided,Organ,,,,,,,anadromous/freshwater fish,Mote Marine Laboratory,Mote Marine Laboratory,North
Wetzel,"Dr Wetzel, Mote Marine Database",2006,0.000000000000000,70.702799999999996,-154.526890000000009,Burbot,Lota lota,anadromous/freshwater fish,Chordata (Actinopterygii),Fish,,NPRA-06-4463,,ng/g,,Provided,Organ,,,,,,,anadromous/freshwater fish,Mote Marine Laboratory,Mote Marine Laboratory,North
Wetzel,"Dr Wetzel, Mote Marine Database",2006,0.000000000000000,70.702799999999996,-154.526890000000009,Burbot,Lota lota,anadromous/freshwater fish,Chordata (Actinopterygii),Fish,,NPRA-06-4467,,ng/g,,Provided,Organ,,,,,,,anadromous/freshwater fish,Mote Marine Laboratory,Mote Marine Laboratory,North
Wetzel,"Dr Wetzel, Mote Marine Database",2008,0.000000000000000,70.495800000000003,-157.393000000000001,Burbot,Lota lota,anadromous/freshwater fish,Chordata (Actinopterygii),Fish,,NPRA-10-0111,,ng/g,,Provided,Muscle,,,,,,,anadromous/freshwater fish,Mote Marine Laboratory,Mote Marine Laboratory,North
Wetzel,"Dr Wetzel, Mote Marine Database",2008,0.000000000000000,70.121840000000006,-159.634970000000010,Burbot,Lota lota,anadromous/freshwater fish,Chordata (Actinopterygii),Fish,,NPRA-10-0125,,ng/g,,Provided,Muscle,,,,,,,anadromous/freshwater fish,Mote Marine Laboratory,Mote Marine Laboratory,North
Wetzel,"Dr Wetzel, Mote Marine Database",2008,0.000000000000000,70.121840000000006,-159.634970000000010,Burbot,Lota lota,anadromous/freshwater fish,Chordata (Actinopterygii),Fish,,NPRA-10-0127,,ng/g,,Provided,Muscle,,,,,,,anadromous/freshwater fish,Mote Marine Laboratory,Mote Marine Laboratory,North
Wetzel,"Dr Wetzel, Mote Marine Database",2008,0.000000000000000,70.121840000000006,-159.634970000000010,Burbot,Lota lota,anadromous/freshwater fish,Chordata (Actinopterygii),Fish,,NPRA-10-0129,,ng/g,,Provided,Muscle,,,,,,,anadromous/freshwater fish,Mote Marine Laboratory,Mote Marine Laboratory,North
Wetzel,"Dr Wetzel, Mote Marine Database",2008,0.000000000000000,70.121840000000006,-159.634970000000010,Burbot,Lota lota,anadromous/freshwater fish,Chordata (Actinopterygii),Fish,,NPRA-10-0131,,ng/g,,Provided,Muscle,,,,,,,anadromous/freshwater fish,Mote Marine Laboratory,Mote Marine Laboratory,North
Wetzel,"Dr Wetzel, Mote Marine Database",2008,0.000000000000000,70.121840000000006,-159.634970000000010,Burbot,Lota lota,anadromous/freshwater fish,Chordata (Actinopterygii),Fish,,NPRA-10-0133,,ng/g,,Provided,Muscle,,,,,,,anadromous/freshwater fish,Mote Marine Laboratory,Mote Marine Laboratory,North
Wetzel,"Dr Wetzel, Mote Marine Database",2006,0.000000000000000,70.702799999999996,-154.526890000000009,Burbot,Lota lota,anadromous/freshwater fish,Chordata (Actinopterygii),Fish,,NPRA-06-4458,,ng/g,,Provided,Muscle,,,,,,,anadromous/freshwater fish,Mote Marine Laboratory,Mote Marine Laboratory,North
Wetzel,"Dr Wetzel, Mote Marine Database",2006,0.000000000000000,70.702799999999996,-154.526890000000009,Burbot,Lota lota,anadromous/freshwater fish,Chordata (Actinopterygii),Fish,,NPRA-06-4462,,ng/g,,Provided,Muscle,,,,,,,anadromous/freshwater fish,Mote Marine Laboratory,Mote Marine Laboratory,North
Wetzel,"Dr Wetzel, Mote Marine Database",2006,0.000000000000000,70.702799999999996,-154.526890000000009,Burbot,Lota lota,anadromous/freshwater fish,Chordata (Actinopterygii),Fish,,NPRA-06-4466,,ng/g,,Provided,Muscle,,,,,,,anadromous/freshwater fish,Mote Marine Laboratory,Mote Marine Laboratory,North
Wetzel,"Dr Wetzel, Mote Marine Database",2008,3821.527415000000019,61.270600000000002,-150.575799999999987,Eulachon (Hooligan),Thaleichthys pacificus,forage fish,Chordata (Actinopterygii),Fish,,CIB-08-0161F,,ng/g,,Provided,Whole Body,,,,,,,forage fish,Mote Marine Laboratory,Mote Marine Laboratory,SCAK
Wetzel,"Dr Wetzel, Mote Marine Database",2008,14779.229670000000624,61.250799999999998,-150.288000000000011,Eulachon (Hooligan),Thaleichthys pacificus,forage fish,Chordata (Actinopterygii),Fish,,CIB-08-0166F,,ng/g,,Provided,Whole Body,,,,,,,forage fish,Mote Marine Laboratory,Mote Marine Laboratory,SCAK
Wetzel,"Dr Wetzel, Mote Marine Database",2008,273.845483699999988,70.121840000000006,-159.634970000000010,Grayling,Thymallus arcticus,anadromous/freshwater fish,Chordata (Actinopterygii),Fish,,NPRA-06-4458,,ng/g,,Provided,Organ,,,,,,,anadromous/freshwater fish,Mote Marine Laboratory,Mote Marine Laboratory,North
Wetzel,"Dr Wetzel, Mote Marine Database",2008,229.204867500000006,70.121840000000006,-159.634970000000010,Grayling,Thymallus arcticus,anadromous/freshwater fish,Chordata (Actinopterygii),Fish,,NPRA-06-4462,,ng/g,,Provided,Organ,,,,,,,anadromous/freshwater fish,Mote Marine Laboratory,Mote Marine Laboratory,North
Wetzel,"Dr Wetzel, Mote Marine Database",2008,208.508452299999988,70.121840000000006,-159.634970000000010,Grayling,Thymallus arcticus,anadromous/freshwater fish,Chordata (Actinopterygii),Fish,,NPRA-06-4466,,ng/g,,Provided,Organ,,,,,,,anadromous/freshwater fish,Mote Marine Laboratory,Mote Marine Laboratory,North
Wetzel,"Dr Wetzel, Mote Marine Database",2010,98.809569809999999,70.608099999999993,-160.111099999999993,Grayling,Thymallus arcticus,anadromous/freshwater fish,Chordata (Actinopterygii),Fish,,NPRA-06-4458,,ng/g,,Provided,Organ,,,,,,,anadromous/freshwater fish,Mote Marine Laboratory,Mote Marine Laboratory,North
Wetzel,"Dr Wetzel, Mote Marine Database",2010,0.000000000000000,70.608099999999993,-160.111099999999993,Grayling,Thymallus arcticus,anadromous/freshwater fish,Chordata (Actinopterygii),Fish,,NPRA-06-4462,,ng/g,,Provided,Organ,,,,,,,anadromous/freshwater fish,Mote Marine Laboratory,Mote Marine Laboratory,North
Wetzel,"Dr Wetzel, Mote Marine Database",2010,0.000000000000000,70.608099999999993,-160.111099999999993,Grayling,Thymallus arcticus,anadromous/freshwater fish,Chordata (Actinopterygii),Fish,,NPRA-06-4466,,ng/g,,Provided,Organ,,,,,,,anadromous/freshwater fish,Mote Marine Laboratory,Mote Marine Laboratory,North
Wetzel,"Dr Wetzel, Mote Marine Database",2010,0.000000000000000,70.608099999999993,-160.111099999999993,Grayling,Thymallus arcticus,anadromous/freshwater fish,Chordata (Actinopterygii),Fish,,NPRA-06-4458,,ng/g,,Provided,Organ,,,,,,,anadromous/freshwater fish,Mote Marine Laboratory,Mote Marine Laboratory,North
Wetzel,"Dr Wetzel, Mote Marine Database",2010,0.000000000000000,70.608099999999993,-160.111099999999993,Grayling,Thymallus arcticus,anadromous/freshwater fish,Chordata (Actinopterygii),Fish,,NPRA-06-4462,,ng/g,,Provided,Organ,,,,,,,anadromous/freshwater fish,Mote Marine Laboratory,Mote Marine Laboratory,North
Wetzel,"Dr Wetzel, Mote Marine Database",2008,73.262046049999995,70.121840000000006,-159.634970000000010,Grayling,Thymallus arcticus,anadromous/freshwater fish,Chordata (Actinopterygii),Fish,,NPRA-06-4466,,ng/g,,Provided,Muscle,,,,,,,anadromous/freshwater fish,Mote Marine Laboratory,Mote Marine Laboratory,North
Wetzel,"Dr Wetzel, Mote Marine Database",2008,0.000000000000000,70.121840000000006,-159.634970000000010,Grayling,Thymallus arcticus,anadromous/freshwater fish,Chordata (Actinopterygii),Fish,,NPRA-06-4458,,ng/g,,Provided,Muscle,,,,,,,anadromous/freshwater fish,Mote Marine Laboratory,Mote Marine Laboratory,North
Wetzel,"Dr Wetzel, Mote Marine Database",2010,0.000000000000000,70.608099999999993,-160.111099999999993,Grayling,Thymallus arcticus,anadromous/freshwater fish,Chordata (Actinopterygii),Fish,,NPRA-06-4462,,ng/g,,Provided,Muscle,,,,,,,anadromous/freshwater fish,Mote Marine Laboratory,Mote Marine Laboratory,North
Wetzel,"Dr Wetzel, Mote Marine Database",2010,0.000000000000000,70.608099999999993,-160.111099999999993,Grayling,Thymallus arcticus,anadromous/freshwater fish,Chordata (Actinopterygii),Fish,,NPRA-06-4466,,ng/g,,Provided,Muscle,,,,,,,anadromous/freshwater fish,Mote Marine Laboratory,Mote Marine Laboratory,North
Wetzel,"Dr Wetzel, Mote Marine Database",2010,0.000000000000000,70.608099999999993,-160.111099999999993,Grayling,Thymallus arcticus,anadromous/freshwater fish,Chordata (Actinopterygii),Fish,,NPRA-06-4458,,ng/g,,Provided,Muscle,,,,,,,anadromous/freshwater fish,Mote Marine Laboratory,Mote Marine Laboratory,North
Wetzel,"Dr Wetzel, Mote Marine Database",2010,0.000000000000000,70.608099999999993,-160.111099999999993,Grayling,Thymallus arcticus,anadromous/freshwater fish,Chordata (Actinopterygii),Fish,,NPRA-06-4462,,ng/g,,Provided,Muscle,,,,,,,anadromous/freshwater fish,Mote Marine Laboratory,Mote Marine Laboratory,North
Wetzel,"Dr Wetzel, Mote Marine Database",2010,67.346058880000001,70.608099999999993,-160.111099999999993,Grayling,Thymallus arcticus,anadromous/freshwater fish,Chordata (Actinopterygii),Fish,,NPRA-06-4466,,ng/g,,Provided,Muscle,,,,,,,anadromous/freshwater fish,Mote Marine Laboratory,Mote Marine Laboratory,North
Wetzel,"Dr Wetzel, Mote Marine Database",2008,8092.272149000000354,61.346100000000000,-149.731699999999989,Chinook Salmon,Oncorhynchus tshawytscha,salmon,Chordata (Actinopterygii),Fish,,CIB-08-0154L,,ng/g,,Provided,Organ,,,,,,,salmon,Mote Marine Laboratory,Mote Marine Laboratory,SCAK
Wetzel,"Dr Wetzel, Mote Marine Database",2008,11511.053830000000744,61.329300000000003,-149.568099999999987,Chinook Salmon,Oncorhynchus tshawytscha,salmon,Chordata (Actinopterygii),Fish,,CIB-08-0155L,,ng/g,,Provided,Organ,,,,,,,salmon,Mote Marine Laboratory,Mote Marine Laboratory,SCAK
Wetzel,"Dr Wetzel, Mote Marine Database",2008,8435.912202999999863,61.329300000000003,-149.568099999999987,Chinook Salmon,Oncorhynchus tshawytscha,salmon,Chordata (Actinopterygii),Fish,,CIB-08-0156L,,ng/g,,Provided,Organ,,,,,,,salmon,Mote Marine Laboratory,Mote Marine Laboratory,SCAK
Wetzel,"Dr Wetzel, Mote Marine Database",2008,1439.578336000000036,61.329300000000003,-149.568099999999987,Chinook Salmon,Oncorhynchus tshawytscha,salmon,Chordata (Actinopterygii),Fish,,CIB-08-0157L,,ng/g,,Provided,Organ,,,,,,,salmon,Mote Marine Laboratory,Mote Marine Laboratory,SCAK
Wetzel,"Dr Wetzel, Mote Marine Database",2008,15313.760860000000321,61.250799999999998,-150.288000000000011,Chinook Salmon,Oncorhynchus tshawytscha,salmon,Chordata (Actinopterygii),Fish,,CIB-08-0168L,,ng/g,,Provided,Organ,,,,,,,salmon,Mote Marine Laboratory,Mote Marine Laboratory,SCAK
Wetzel,"Dr Wetzel, Mote Marine Database",2008,12550.000000000000000,61.346100000000000,-149.731699999999989,Chinook Salmon,Oncorhynchus tshawytscha,salmon,Chordata (Actinopterygii),Fish,,CIB-08-0155M,,ng/g,,Provided,Muscle,,,,,,,salmon,Mote Marine Laboratory,Mote Marine Laboratory,SCAK
Wetzel,"Dr Wetzel, Mote Marine Database",2008,20770.000000000000000,61.346100000000000,-149.731699999999989,Chinook Salmon,Oncorhynchus tshawytscha,salmon,Chordata (Actinopterygii),Fish,,CIB-08-0157M,,ng/g,,Provided,Muscle,,,,,,,salmon,Mote Marine Laboratory,Mote Marine Laboratory,SCAK
Wetzel,"Dr Wetzel, Mote Marine Database",2008,25300.000000000000000,61.250799999999998,-150.288000000000011,Chinook Salmon,Oncorhynchus tshawytscha,salmon,Chordata (Actinopterygii),Fish,,CIB-08-0167M,,ng/g,,Provided,Muscle,,,,,,,salmon,Mote Marine Laboratory,Mote Marine Laboratory,SCAK
Wetzel,"Dr Wetzel, Mote Marine Database",2008,5420.000000000000000,61.250799999999998,-150.288000000000011,Chinook Salmon,Oncorhynchus tshawytscha,salmon,Chordata (Actinopterygii),Fish,,CIB-08-0168M,,ng/g,,Provided,Muscle,,,,,,,salmon,Mote Marine Laboratory,Mote Marine Laboratory,SCAK
Wetzel,"Dr Wetzel, Mote Marine Database",2008,118480.000000000000000,61.240299999999998,-149.886099999999999,Chinook Salmon,Oncorhynchus tshawytscha,salmon,Chordata (Actinopterygii),Fish,,CIB-08-0175M,,ng/g,,Provided,Muscle,,,,,,,salmon,Mote Marine Laboratory,Mote Marine Laboratory,SCAK
Wetzel,"Dr Wetzel, Mote Marine Database",2008,30400.000000000000000,61.240299999999998,-149.886099999999999,Chinook Salmon,Oncorhynchus tshawytscha,salmon,Chordata (Actinopterygii),Fish,,CIB-08-0176M,,ng/g,,Provided,Muscle,,,,,,,salmon,Mote Marine Laboratory,Mote Marine Laboratory,SCAK
Wetzel,"Dr Wetzel, Mote Marine Database",2008,3450.000000000000000,61.240299999999998,-149.886099999999999,Chinook Salmon,Oncorhynchus tshawytscha,salmon,Chordata (Actinopterygii),Fish,,CIB-08-0178M,,ng/g,,Provided,Muscle,,,,,,,salmon,Mote Marine Laboratory,Mote Marine Laboratory,SCAK
Wetzel,"Dr Wetzel, Mote Marine Database",2008,15120.000000000000000,61.250799999999998,-150.288000000000011,Chinook Salmon,Oncorhynchus tshawytscha,salmon,Chordata (Actinopterygii),Fish,,CIB-08-0167E,,ng/g,,Provided,Eggs,,,,,,,salmon,Mote Marine Laboratory,Mote Marine Laboratory,SCAK
Wetzel,"Dr Wetzel, Mote Marine Database",2008,0.000000000000000,61.250799999999998,-150.288000000000011,Chinook Salmon,Oncorhynchus tshawytscha,salmon,Chordata (Actinopterygii),Fish,,CIB-08-0168E,,ng/g,,Provided,Eggs,,,,,,,salmon,Mote Marine Laboratory,Mote Marine Laboratory,SCAK
Wetzel,"Dr Wetzel, Mote Marine Database",2008,8250.000000000000000,61.226100000000002,-149.892500000000013,Chinook Salmon,Oncorhynchus tshawytscha,salmon,Chordata (Actinopterygii),Fish,,CIB-08-0176E,,ng/g,,Provided,Eggs,,,,,,,salmon,Mote Marine Laboratory,Mote Marine Laboratory,SCAK
Wetzel,"Dr Wetzel, Mote Marine Database",2008,1994.725846000000047,61.346100000000000,-149.731699999999989,Chinook Salmon,Oncorhynchus tshawytscha,salmon,Chordata (Actinopterygii),Fish,,CIB-08-0154F,,ng/g,,Provided,Whole Body,,,,,,,salmon,Mote Marine Laboratory,Mote Marine Laboratory,SCAK
Wetzel,"Dr Wetzel, Mote Marine Database",2008,2841.948545000000195,61.346100000000000,-149.731699999999989,Chinook Salmon,Oncorhynchus tshawytscha,salmon,Chordata (Actinopterygii),Fish,,CIB-08-0155F,,ng/g,,Provided,Whole Body,,,,,,,salmon,Mote Marine Laboratory,Mote Marine Laboratory,SCAK
Wetzel,"Dr Wetzel, Mote Marine Database",2008,5344.958445999999640,61.346100000000000,-149.731699999999989,Chinook Salmon,Oncorhynchus tshawytscha,salmon,Chordata (Actinopterygii),Fish,,CIB-08-0156F,,ng/g,,Provided,Whole Body,,,,,,,salmon,Mote Marine Laboratory,Mote Marine Laboratory,SCAK
Wetzel,"Dr Wetzel, Mote Marine Database",2008,3679.148134999999911,61.346100000000000,-149.731699999999989,Chinook Salmon,Oncorhynchus tshawytscha,salmon,Chordata (Actinopterygii),Fish,,CIB-08-0157F,,ng/g,,Provided,Whole Body,,,,,,,salmon,Mote Marine Laboratory,Mote Marine Laboratory,SCAK
Wetzel,"Dr Wetzel, Mote Marine Database",2008,3640.810061000000132,61.250799999999998,-150.288000000000011,Chinook Salmon,Oncorhynchus tshawytscha,salmon,Chordata (Actinopterygii),Fish,,CIB-08-0167F,,ng/g,,Provided,Whole Body,,,,,,,salmon,Mote Marine Laboratory,Mote Marine Laboratory,SCAK
Wetzel,"Dr Wetzel, Mote Marine Database",2008,3249.538970000000063,61.250799999999998,-150.288000000000011,Chinook Salmon,Oncorhynchus tshawytscha,salmon,Chordata (Actinopterygii),Fish,,CIB-08-0168F,,ng/g,,Provided,Whole Body,,,,,,,salmon,Mote Marine Laboratory,Mote Marine Laboratory,SCAK
Wetzel,"Dr Wetzel, Mote Marine Database",2008,3080.946166000000176,61.226100000000002,-149.892500000000013,Chinook Salmon,Oncorhynchus tshawytscha,salmon,Chordata (Actinopterygii),Fish,,CIB-08-0175F,,ng/g,,Provided,Whole Body,,,,,,,salmon,Mote Marine Laboratory,Mote Marine Laboratory,SCAK
Wetzel,"Dr Wetzel, Mote Marine Database",2008,523.879894799999988,61.226100000000002,-149.892500000000013,Chinook Salmon,Oncorhynchus tshawytscha,salmon,Chordata (Actinopterygii),Fish,,CIB-08-0177F,,ng/g,,Provided,Whole Body,,,,,,,salmon,Mote Marine Laboratory,Mote Marine Laboratory,SCAK
Wetzel,"Dr Wetzel, Mote Marine Database",2008,465.598429199999998,61.226100000000002,-149.892500000000013,Chinook Salmon,Oncorhynchus tshawytscha,salmon,Chordata (Actinopterygii),Fish,,CIB-08-0178F,,ng/g,,Provided,Whole Body,,,,,,,salmon,Mote Marine Laboratory,Mote Marine Laboratory,SCAK
Wetzel,"Dr Wetzel, Mote Marine Database",2006,0.000000000000000,70.487430000000003,-153.796580000000006,Lake Trout,Salvelinus namaycush,salmon,Chordata (Actinopterygii),Fish,,NPRA-06-4354,,ng/g,,Provided,Organ,,,,,,,salmon,Mote Marine Laboratory,Mote Marine Laboratory,North
Wetzel,"Dr Wetzel, Mote Marine Database",2006,0.000000000000000,70.487430000000003,-153.796580000000006,Lake Trout,Salvelinus namaycush,salmon,Chordata (Actinopterygii),Fish,,NPRA-06-4358,,ng/g,,Provided,Organ,,,,,,,salmon,Mote Marine Laboratory,Mote Marine Laboratory,North
Wetzel,"Dr Wetzel, Mote Marine Database",2006,0.000000000000000,70.487430000000003,-153.796580000000006,Lake Trout,Salvelinus namaycush,salmon,Chordata (Actinopterygii),Fish,,NPRA-06-4362,,ng/g,,Provided,Organ,,,,,,,salmon,Mote Marine Laboratory,Mote Marine Laboratory,North
Wetzel,"Dr Wetzel, Mote Marine Database",2006,0.000000000000000,70.552449999999993,-153.822440000000000,Lake Trout,Salvelinus namaycush,salmon,Chordata (Actinopterygii),Fish,,NPRA-06-4435,,ng/g,,Provided,Organ,,,,,,,salmon,Mote Marine Laboratory,Mote Marine Laboratory,North
Wetzel,"Dr Wetzel, Mote Marine Database",2006,0.000000000000000,70.552449999999993,-153.822440000000000,Lake Trout,Salvelinus namaycush,salmon,Chordata (Actinopterygii),Fish,,NPRA-06-4439,,ng/g,,Provided,Organ,,,,,,,salmon,Mote Marine Laboratory,Mote Marine Laboratory,North
Wetzel,"Dr Wetzel, Mote Marine Database",2006,0.000000000000000,70.722530000000006,-153.765620000000013,Lake Trout,Salvelinus namaycush,salmon,Chordata (Actinopterygii),Fish,,NPRA-06-4443,,ng/g,,Provided,Organ,,,,,,,salmon,Mote Marine Laboratory,Mote Marine Laboratory,North
Wetzel,"Dr Wetzel, Mote Marine Database",2006,0.000000000000000,70.722530000000006,-153.765620000000013,Lake Trout,Salvelinus namaycush,salmon,Chordata (Actinopterygii),Fish,,NPRA-06-4447,,ng/g,,Provided,Organ,,,,,,,salmon,Mote Marine Laboratory,Mote Marine Laboratory,North
Wetzel,"Dr Wetzel, Mote Marine Database",2006,0.000000000000000,70.552449999999993,-153.822440000000000,Lake Trout,Salvelinus namaycush,salmon,Chordata (Actinopterygii),Fish,,NPRA-06-4451,,ng/g,,Provided,Organ,,,,,,,salmon,Mote Marine Laboratory,Mote Marine Laboratory,North
Wetzel,"Dr Wetzel, Mote Marine Database",2006,0.000000000000000,70.722530000000006,-153.765620000000013,Lake Trout,Salvelinus namaycush,salmon,Chordata (Actinopterygii),Fish,,NPRA-06-4455,,ng/g,,Provided,Organ,,,,,,,salmon,Mote Marine Laboratory,Mote Marine Laboratory,North
Wetzel,"Dr Wetzel, Mote Marine Database",2006,0.000000000000000,70.487430000000003,-153.796580000000006,Lake Trout,Salvelinus namaycush,salmon,Chordata (Actinopterygii),Fish,,NPRA-06-4353,,ng/g,,Provided,Muscle,,,,,,,salmon,Mote Marine Laboratory,Mote Marine Laboratory,North
Wetzel,"Dr Wetzel, Mote Marine Database",2006,0.000000000000000,70.487430000000003,-153.796580000000006,Lake Trout,Salvelinus namaycush,salmon,Chordata (Actinopterygii),Fish,,NPRA-06-4357,,ng/g,,Provided,Muscle,,,,,,,salmon,Mote Marine Laboratory,Mote Marine Laboratory,North
Wetzel,"Dr Wetzel, Mote Marine Database",2006,0.000000000000000,70.487430000000003,-153.796580000000006,Lake Trout,Salvelinus namaycush,salmon,Chordata (Actinopterygii),Fish,,NPRA-06-4361,,ng/g,,Provided,Muscle,,,,,,,salmon,Mote Marine Laboratory,Mote Marine Laboratory,North
Wetzel,"Dr Wetzel, Mote Marine Database",2006,0.000000000000000,70.552449999999993,-153.822440000000000,Lake Trout,Salvelinus namaycush,salmon,Chordata (Actinopterygii),Fish,,NPRA-06-4434,,ng/g,,Provided,Muscle,,,,,,,salmon,Mote Marine Laboratory,Mote Marine Laboratory,North
Wetzel,"Dr Wetzel, Mote Marine Database",2006,0.000000000000000,70.552449999999993,-153.822440000000000,Lake Trout,Salvelinus namaycush,salmon,Chordata (Actinopterygii),Fish,,NPRA-06-4438,,ng/g,,Provided,Muscle,,,,,,,salmon,Mote Marine Laboratory,Mote Marine Laboratory,North
Wetzel,"Dr Wetzel, Mote Marine Database",2006,0.000000000000000,70.722530000000006,-153.765620000000013,Lake Trout,Salvelinus namaycush,salmon,Chordata (Actinopterygii),Fish,,NPRA-06-4442,,ng/g,,Provided,Muscle,,,,,,,salmon,Mote Marine Laboratory,Mote Marine Laboratory,North
Wetzel,"Dr Wetzel, Mote Marine Database",2006,0.000000000000000,70.722530000000006,-153.765620000000013,Lake Trout,Salvelinus namaycush,salmon,Chordata (Actinopterygii),Fish,,NPRA-06-4446,,ng/g,,Provided,Muscle,,,,,,,salmon,Mote Marine Laboratory,Mote Marine Laboratory,North
Wetzel,"Dr Wetzel, Mote Marine Database",2006,0.000000000000000,70.552449999999993,-153.822440000000000,Lake Trout,Salvelinus namaycush,salmon,Chordata (Actinopterygii),Fish,,NPRA-06-4450,,ng/g,,Provided,Muscle,,,,,,,salmon,Mote Marine Laboratory,Mote Marine Laboratory,North
Wetzel,"Dr Wetzel, Mote Marine Database",2006,0.000000000000000,70.722530000000006,-153.765620000000013,Lake Trout,Salvelinus namaycush,salmon,Chordata (Actinopterygii),Fish,,NPRA-06-4454,,ng/g,,Provided,Muscle,,,,,,,salmon,Mote Marine Laboratory,Mote Marine Laboratory,North
Wetzel,"Dr Wetzel, Mote Marine Database",2024,646.442335899999989,70.433300000000003,-150.433300000000003,Least Cisco,Coregonus sardinella,anadromous/freshwater fish,Chordata (Actinopterygii),Fish,,228,,ng/g,,Provided,Organ,,,,,,,anadromous/freshwater fish,Mote Marine Laboratory,Mote Marine Laboratory,North
Wetzel,"Dr Wetzel, Mote Marine Database",2024,586.651573900000017,70.433300000000003,-150.433300000000003,Least Cisco,Coregonus sardinella,anadromous/freshwater fish,Chordata (Actinopterygii),Fish,,229,,ng/g,,Provided,Organ,,,,,,,anadromous/freshwater fish,Mote Marine Laboratory,Mote Marine Laboratory,North
Wetzel,"Dr Wetzel, Mote Marine Database",2024,549.406612200000041,70.433300000000003,-150.433300000000003,Least Cisco,Coregonus sardinella,anadromous/freshwater fish,Chordata (Actinopterygii),Fish,,230,,ng/g,,Provided,Organ,,,,,,,anadromous/freshwater fish,Mote Marine Laboratory,Mote Marine Laboratory,North
Wetzel,"Dr Wetzel, Mote Marine Database",2024,533.439238400000022,70.433300000000003,-150.433300000000003,Least Cisco,Coregonus sardinella,anadromous/freshwater fish,Chordata (Actinopterygii),Fish,,231,,ng/g,,Provided,Organ,,,,,,,anadromous/freshwater fish,Mote Marine Laboratory,Mote Marine Laboratory,North
Wetzel,"Dr Wetzel, Mote Marine Database",2022,327.839200699999992,70.216300000000004,-151.005699999999990,Least Cisco,Coregonus sardinella,anadromous/freshwater fish,Chordata (Actinopterygii),Fish,,729,,ng/g,,Provided,Organ,,,,,,,anadromous/freshwater fish,Mote Marine Laboratory,Mote Marine Laboratory,North
Wetzel,"Dr Wetzel, Mote Marine Database",2022,202.385742899999997,70.216300000000004,-151.005699999999990,Least Cisco,Coregonus sardinella,anadromous/freshwater fish,Chordata (Actinopterygii),Fish,,730,,ng/g,,Provided,Organ,,,,,,,anadromous/freshwater fish,Mote Marine Laboratory,Mote Marine Laboratory,North
Wetzel,"Dr Wetzel, Mote Marine Database",2022,342.961228300000016,70.216300000000004,-151.005699999999990,Least Cisco,Coregonus sardinella,anadromous/freshwater fish,Chordata (Actinopterygii),Fish,,731,,ng/g,,Provided,Organ,,,,,,,anadromous/freshwater fish,Mote Marine Laboratory,Mote Marine Laboratory,North
Wetzel,"Dr Wetzel, Mote Marine Database",2022,655.083523600000035,70.216300000000004,-151.005699999999990,Least Cisco,Coregonus sardinella,anadromous/freshwater fish,Chordata (Actinopterygii),Fish,,732,,ng/g,,Provided,Organ,,,,,,,anadromous/freshwater fish,Mote Marine Laboratory,Mote Marine Laboratory,North
Wetzel,"Dr Wetzel, Mote Marine Database",2022,543.807421699999963,70.216300000000004,-151.005699999999990,Least Cisco,Coregonus sardinella,anadromous/freshwater fish,Chordata (Actinopterygii),Fish,,733,,ng/g,,Provided,Organ,,,,,,,anadromous/freshwater fish,Mote Marine Laboratory,Mote Marine Laboratory,North
Wetzel,"Dr Wetzel, Mote Marine Database",2022,427.242636899999980,70.216300000000004,-151.005699999999990,Least Cisco,Coregonus sardinella,anadromous/freshwater fish,Chordata (Actinopterygii),Fish,,734,,ng/g,,Provided,Organ,,,,,,,anadromous/freshwater fish,Mote Marine Laboratory,Mote Marine Laboratory,North
Wetzel,"Dr Wetzel, Mote Marine Database",2022,696.466616400000021,70.216300000000004,-151.005699999999990,Least Cisco,Coregonus sardinella,anadromous/freshwater fish,Chordata (Actinopterygii),Fish,,735,,ng/g,,Provided,Organ,,,,,,,anadromous/freshwater fish,Mote Marine Laboratory,Mote Marine Laboratory,North
Wetzel,"Dr Wetzel, Mote Marine Database",2022,325.573506300000020,70.216300000000004,-151.005699999999990,Least Cisco,Coregonus sardinella,anadromous/freshwater fish,Chordata (Actinopterygii),Fish,,736,,ng/g,,Provided,Organ,,,,,,,anadromous/freshwater fish,Mote Marine Laboratory,Mote Marine Laboratory,North
Wetzel,"Dr Wetzel, Mote Marine Database",2022,508.994926799999973,70.216300000000004,-151.005699999999990,Least Cisco,Coregonus sardinella,anadromous/freshwater fish,Chordata (Actinopterygii),Fish,,737,,ng/g,,Provided,Organ,,,,,,,anadromous/freshwater fish,Mote Marine Laboratory,Mote Marine Laboratory,North
Wetzel,"Dr Wetzel, Mote Marine Database",2022,813.467288800000006,70.216300000000004,-151.005699999999990,Least Cisco,Coregonus sardinella,anadromous/freshwater fish,Chordata (Actinopterygii),Fish,,738,,ng/g,,Provided,Organ,,,,,,,anadromous/freshwater fish,Mote Marine Laboratory,Mote Marine Laboratory,North
Wetzel,"Dr Wetzel, Mote Marine Database",2022,468.150870100000020,70.216300000000004,-151.005699999999990,Least Cisco,Coregonus sardinella,anadromous/freshwater fish,Chordata (Actinopterygii),Fish,,739,,ng/g,,Provided,Organ,,,,,,,anadromous/freshwater fish,Mote Marine Laboratory,Mote Marine Laboratory,North
Wetzel,"Dr Wetzel, Mote Marine Database",2024,154.678649100000001,70.433300000000003,-150.433300000000003,Least Cisco,Coregonus sardinella,anadromous/freshwater fish,Chordata (Actinopterygii),Fish,,178,,ng/g,,Provided,Muscle,,,,,,,anadromous/freshwater fish,Mote Marine Laboratory,Mote Marine Laboratory,North
Wetzel,"Dr Wetzel, Mote Marine Database",2024,198.051997000000000,70.433300000000003,-150.433300000000003,Least Cisco,Coregonus sardinella,anadromous/freshwater fish,Chordata (Actinopterygii),Fish,,179,,ng/g,,Provided,Muscle,,,,,,,anadromous/freshwater fish,Mote Marine Laboratory,Mote Marine Laboratory,North
Wetzel,"Dr Wetzel, Mote Marine Database",2024,245.991712699999994,70.433300000000003,-150.433300000000003,Least Cisco,Coregonus sardinella,anadromous/freshwater fish,Chordata (Actinopterygii),Fish,,180,,ng/g,,Provided,Muscle,,,,,,,anadromous/freshwater fish,Mote Marine Laboratory,Mote Marine Laboratory,North
Wetzel,"Dr Wetzel, Mote Marine Database",2024,436.827124599999991,70.433300000000003,-150.433300000000003,Least Cisco,Coregonus sardinella,anadromous/freshwater fish,Chordata (Actinopterygii),Fish,,181,,ng/g,,Provided,Muscle,,,,,,,anadromous/freshwater fish,Mote Marine Laboratory,Mote Marine Laboratory,North
Wetzel,"Dr Wetzel, Mote Marine Database",2022,144.148476600000009,70.216300000000004,-151.005699999999990,Least Cisco,Coregonus sardinella,anadromous/freshwater fish,Chordata (Actinopterygii),Fish,,969,,ng/g,,Provided,Muscle,,,,,,,anadromous/freshwater fish,Mote Marine Laboratory,Mote Marine Laboratory,North
Wetzel,"Dr Wetzel, Mote Marine Database",2022,108.693902899999998,70.216300000000004,-151.005699999999990,Least Cisco,Coregonus sardinella,anadromous/freshwater fish,Chordata (Actinopterygii),Fish,,970,,ng/g,,Provided,Muscle,,,,,,,anadromous/freshwater fish,Mote Marine Laboratory,Mote Marine Laboratory,North
Wetzel,"Dr Wetzel, Mote Marine Database",2022,65.893880420000002,70.216300000000004,-151.005699999999990,Least Cisco,Coregonus sardinella,anadromous/freshwater fish,Chordata (Actinopterygii),Fish,,971,,ng/g,,Provided,Muscle,,,,,,,anadromous/freshwater fish,Mote Marine Laboratory,Mote Marine Laboratory,North
Wetzel,"Dr Wetzel, Mote Marine Database",2022,76.461662750000002,70.216300000000004,-151.005699999999990,Least Cisco,Coregonus sardinella,anadromous/freshwater fish,Chordata (Actinopterygii),Fish,,972,,ng/g,,Provided,Muscle,,,,,,,anadromous/freshwater fish,Mote Marine Laboratory,Mote Marine Laboratory,North
Wetzel,"Dr Wetzel, Mote Marine Database",2022,186.187509400000010,70.216300000000004,-151.005699999999990,Least Cisco,Coregonus sardinella,anadromous/freshwater fish,Chordata (Actinopterygii),Fish,,973,,ng/g,,Provided,Muscle,,,,,,,anadromous/freshwater fish,Mote Marine Laboratory,Mote Marine Laboratory,North
Wetzel,"Dr Wetzel, Mote Marine Database",2022,108.705405400000004,70.216300000000004,-151.005699999999990,Least Cisco,Coregonus sardinella,anadromous/freshwater fish,Chordata (Actinopterygii),Fish,,974,,ng/g,,Provided,Muscle,,,,,,,anadromous/freshwater fish,Mote Marine Laboratory,Mote Marine Laboratory,North
Wetzel,"Dr Wetzel, Mote Marine Database",2022,84.451866490000000,70.216300000000004,-151.005699999999990,Least Cisco,Coregonus sardinella,anadromous/freshwater fish,Chordata (Actinopterygii),Fish,,975,,ng/g,,Provided,Muscle,,,,,,,anadromous/freshwater fish,Mote Marine Laboratory,Mote Marine Laboratory,North
Wetzel,"Dr Wetzel, Mote Marine Database",2022,123.535108899999997,70.216300000000004,-151.005699999999990,Least Cisco,Coregonus sardinella,anadromous/freshwater fish,Chordata (Actinopterygii),Fish,,976,,ng/g,,Provided,Muscle,,,,,,,anadromous/freshwater fish,Mote Marine Laboratory,Mote Marine Laboratory,North
Wetzel,"Dr Wetzel, Mote Marine Database",2022,123.307426800000002,70.216300000000004,-151.005699999999990,Least Cisco,Coregonus sardinella,anadromous/freshwater fish,Chordata (Actinopterygii),Fish,,977,,ng/g,,Provided,Muscle,,,,,,,anadromous/freshwater fish,Mote Marine Laboratory,Mote Marine Laboratory,North
Wetzel,"Dr Wetzel, Mote Marine Database",2022,71.790068439999999,70.216300000000004,-151.005699999999990,Least Cisco,Coregonus sardinella,anadromous/freshwater fish,Chordata (Actinopterygii),Fish,,978,,ng/g,,Provided,Muscle,,,,,,,anadromous/freshwater fish,Mote Marine Laboratory,Mote Marine Laboratory,North
Wetzel,"Dr Wetzel, Mote Marine Database",2022,128.138435700000002,70.216300000000004,-151.005699999999990,Least Cisco,Coregonus sardinella,anadromous/freshwater fish,Chordata (Actinopterygii),Fish,,979,,ng/g,,Provided,Muscle,,,,,,,anadromous/freshwater fish,Mote Marine Laboratory,Mote Marine Laboratory,North
Wetzel,"Dr Wetzel, Mote Marine Database",2009,13840.000000000000000,61.226100000000002,-149.892500000000013,Pink Salmon,Oncorhynchus gorbuscha,salmon,Chordata (Actinopterygii),Fish,,CIB-09-0457M,,ng/g,,Provided,Muscle,,,,,,,salmon,Mote Marine Laboratory,Mote Marine Laboratory,SCAK
Wetzel,"Dr Wetzel, Mote Marine Database",2009,3230.521909999999934,61.226100000000002,-149.892500000000013,Pink Salmon,Oncorhynchus gorbuscha,salmon,Chordata (Actinopterygii),Fish,,CIB-09-0482F,,ng/g,,Provided,Whole Body,,,,,,,salmon,Mote Marine Laboratory,Mote Marine Laboratory,SCAK
Wetzel,"Dr Wetzel, Mote Marine Database",2009,86.541810679999998,61.250799999999998,-150.288000000000011,Pink Salmon,Oncorhynchus gorbuscha,salmon,Chordata (Actinopterygii),Fish,,CIB-09-0476L,,ng/g,,Provided,Organ,,,,,,,salmon,Mote Marine Laboratory,Mote Marine Laboratory,SCAK
Wetzel,"Dr Wetzel, Mote Marine Database",2008,37.467890779999998,70.495800000000003,-157.393000000000001,Round Whitefish,Prosopium cylindraceum,anadromous/freshwater fish,Chordata (Actinopterygii),Fish,,NPRA-10-0091,,ng/g,,Provided,Muscle,,,,,,,anadromous/freshwater fish,Mote Marine Laboratory,Mote Marine Laboratory,North
Wetzel,"Dr Wetzel, Mote Marine Database",2008,19.835582209999998,70.495800000000003,-157.393000000000001,Round Whitefish,Prosopium cylindraceum,anadromous/freshwater fish,Chordata (Actinopterygii),Fish,,NPRA-10-0095,,ng/g,,Provided,Muscle,,,,,,,anadromous/freshwater fish,Mote Marine Laboratory,Mote Marine Laboratory,North
Wetzel,"Dr Wetzel, Mote Marine Database",2008,20.935524390000001,70.495800000000003,-157.393000000000001,Round Whitefish,Prosopium cylindraceum,anadromous/freshwater fish,Chordata (Actinopterygii),Fish,,NPRA-10-0099,,ng/g,,Provided,Muscle,,,,,,,anadromous/freshwater fish,Mote Marine Laboratory,Mote Marine Laboratory,North
Wetzel,"Dr Wetzel, Mote Marine Database",2009,109890.000000000000000,61.240299999999998,-149.886099999999999,Coho Salmon,Oncorhynchus kisutch,salmon,Chordata (Actinopterygii),Fish,,CIB-09-0453E,,ng/g,,Provided,Eggs,,,,,,,salmon,Mote Marine Laboratory,Mote Marine Laboratory,SCAK
Wetzel,"Dr Wetzel, Mote Marine Database",2008,229.399760100000009,70.599999999999994,-160.129999999999995,Longfin Smelt,Spirinchus thaleichthys,forage fish,Chordata (Actinopterygii),Fish,,154,,ng/g,,Provided,Organ,,,,,,,forage fish,Mote Marine Laboratory,Mote Marine Laboratory,North
Wetzel,"Dr Wetzel, Mote Marine Database",2008,182.297094799999996,70.599999999999994,-160.129999999999995,Longfin Smelt,Spirinchus thaleichthys,forage fish,Chordata (Actinopterygii),Fish,,170,,ng/g,,Provided,Organ,,,,,,,forage fish,Mote Marine Laboratory,Mote Marine Laboratory,North
Wetzel,"Dr Wetzel, Mote Marine Database",2008,14.129209500000000,70.599999999999994,-160.129999999999995,Longfin Smelt,Spirinchus thaleichthys,forage fish,Chordata (Actinopterygii),Fish,,137,,ng/g,,Provided,Muscle,,,,,,,forage fish,Mote Marine Laboratory,Mote Marine Laboratory,North
Wetzel,"Dr Wetzel, Mote Marine Database",2008,6.455858696000000,70.599999999999994,-160.129999999999995,Longfin Smelt,Spirinchus thaleichthys,forage fish,Chordata (Actinopterygii),Fish,,151,,ng/g,,Provided,Muscle,,,,,,,forage fish,Mote Marine Laboratory,Mote Marine Laboratory,North
Wetzel,"Dr Wetzel, Mote Marine Database",2008,479.297176900000011,70.599999999999994,-160.129999999999995,Longfin Smelt,Spirinchus thaleichthys,forage fish,Chordata (Actinopterygii),Fish,,177,,ng/g,,Provided,Muscle,,,,,,,forage fish,Mote Marine Laboratory,Mote Marine Laboratory,North
Wetzel,"Dr Wetzel, Mote Marine Database",2009,34.388295839999998,61.226100000000002,-149.892500000000013,Kokanee,Oncorhynchus nerka,salmon,Chordata (Actinopterygii),Fish,,CIB-09-0460L,,ng/g,,Provided,Organ,,,,,,,salmon,Mote Marine Laboratory,Mote Marine Laboratory,SCAK
Wetzel,"Dr Wetzel, Mote Marine Database",2009,81.400034969999993,61.226100000000002,-149.892500000000013,Kokanee,Oncorhynchus nerka,salmon,Chordata (Actinopterygii),Fish,,CIB-09-0462L,,ng/g,,Provided,Organ,,,,,,,salmon,Mote Marine Laboratory,Mote Marine Laboratory,SCAK
Wetzel,"Dr Wetzel, Mote Marine Database",2009,1700.708530999999994,61.240299999999998,-149.886099999999999,Kokanee,Oncorhynchus nerka,salmon,Chordata (Actinopterygii),Fish,,CIB-09-0483L,,ng/g,,Provided,Organ,,,,,,,salmon,Mote Marine Laboratory,Mote Marine Laboratory,SCAK
Wetzel,"Dr Wetzel, Mote Marine Database",2009,3900.000000000000000,61.240299999999998,-149.886099999999999,Kokanee,Oncorhynchus nerka,salmon,Chordata (Actinopterygii),Fish,,CIB-09-0467M,,ng/g,,Provided,Muscle,,,,,,,salmon,Mote Marine Laboratory,Mote Marine Laboratory,SCAK
Wetzel,"Dr Wetzel, Mote Marine Database",2009,2433.435444000000189,61.226100000000002,-149.892500000000013,Kokanee,Oncorhynchus nerka,salmon,Chordata (Actinopterygii),Fish,,CIB-09-0483F,,ng/g,,Provided,Whole Body,,,,,,,salmon,Mote Marine Laboratory,Mote Marine Laboratory,SCAK
Wetzel,"Dr Wetzel, Mote Marine Database",2001,164.576256599999994,60.337800000000001,-151.875000000000000,Beluga,Delphinapterus leucas,whale,Chordata (Mammalia),Seals/ Whales,,,,ng/g,,Provided,Fat,,,,,,,whale,Mote Marine Laboratory,Mote Marine Laboratory,SCAK
Wetzel,"Dr Wetzel, Mote Marine Database",2001,304.857534999999984,60.337800000000001,-151.875000000000000,Beluga,Delphinapterus leucas,whale,Chordata (Mammalia),Seals/ Whales,,,,ng/g,,Provided,Fat,,,,,,,whale,Mote Marine Laboratory,Mote Marine Laboratory,SCAK
Wetzel,"Dr Wetzel, Mote Marine Database",2002,62.617157130000002,60.337800000000001,-151.875000000000000,Beluga,Delphinapterus leucas,whale,Chordata (Mammalia),Seals/ Whales,,,,ng/g,,Provided,Fat,,,,,,,whale,Mote Marine Laboratory,Mote Marine Laboratory,SCAK
Wetzel,"Dr Wetzel, Mote Marine Database",2003,172.969750000000005,60.337800000000001,-151.875000000000000,Beluga,Delphinapterus leucas,whale,Chordata (Mammalia),Seals/ Whales,,,,ng/g,,Provided,Fat,,,,,,,whale,Mote Marine Laboratory,Mote Marine Laboratory,SCAK
Wetzel,"Dr Wetzel, Mote Marine Database",2003,209.715850399999994,60.337800000000001,-151.875000000000000,Beluga,Delphinapterus leucas,whale,Chordata (Mammalia),Seals/ Whales,,,,ng/g,,Provided,Fat,,,,,,,whale,Mote Marine Laboratory,Mote Marine Laboratory,SCAK
Wetzel,"Dr Wetzel, Mote Marine Database",2005,258.751608700000020,60.337800000000001,-151.875000000000000,Beluga,Delphinapterus leucas,whale,Chordata (Mammalia),Seals/ Whales,,,,ng/g,,Provided,Fat,,,,,,,whale,Mote Marine Laboratory,Mote Marine Laboratory,SCAK
Wetzel,"Dr Wetzel, Mote Marine Database",2011,15201.504989999999452,69.741100000000003,-162.865600000000001,Beluga,Delphinapterus leucas,whale,Chordata (Mammalia),Seals/ Whales,,LDL-1-11,,ng/g,,Provided,Fat,,,,,,,whale,Mote Marine Laboratory,Mote Marine Laboratory,North
Wetzel,"Dr Wetzel, Mote Marine Database",2011,16182.171099999999569,69.741100000000003,-162.865600000000001,Beluga,Delphinapterus leucas,whale,Chordata (Mammalia),Seals/ Whales,,LDL-18-11,,ng/g,,Provided,Fat,,,,,,,whale,Mote Marine Laboratory,Mote Marine Laboratory,North
Wetzel,"Dr Wetzel, Mote Marine Database",2011,24329.773020000000542,69.741100000000003,-162.865600000000001,Beluga,Delphinapterus leucas,whale,Chordata (Mammalia),Seals/ Whales,,LDL-2-11,,ng/g,,Provided,Fat,,,,,,,whale,Mote Marine Laboratory,Mote Marine Laboratory,North
Wetzel,"Dr Wetzel, Mote Marine Database",2011,9827.721504999999524,69.741100000000003,-162.865600000000001,Beluga,Delphinapterus leucas,whale,Chordata (Mammalia),Seals/ Whales,,LDL-22-11,,ng/g,,Provided,Fat,,,,,,,whale,Mote Marine Laboratory,Mote Marine Laboratory,North
Wetzel,"Dr Wetzel, Mote Marine Database",2011,15438.512049999999363,69.741100000000003,-162.865600000000001,Beluga,Delphinapterus leucas,whale,Chordata (Mammalia),Seals/ Whales,,LDL-3-11,,ng/g,,Provided,Fat,,,,,,,whale,Mote Marine Laboratory,Mote Marine Laboratory,North
Wetzel,"Dr Wetzel, Mote Marine Database",2011,11529.422810000000027,69.741100000000003,-162.865600000000001,Beluga,Delphinapterus leucas,whale,Chordata (Mammalia),Seals/ Whales,,LDL-4-11,,ng/g,,Provided,Fat,,,,,,,whale,Mote Marine Laboratory,Mote Marine Laboratory,North
Wetzel,"Dr Wetzel, Mote Marine Database",2011,9029.342318999999407,69.741100000000003,-162.865600000000001,Beluga,Delphinapterus leucas,whale,Chordata (Mammalia),Seals/ Whales,,LDL-5-11,,ng/g,,Provided,Fat,,,,,,,whale,Mote Marine Laboratory,Mote Marine Laboratory,North
Wetzel,"Dr Wetzel, Mote Marine Database",2011,14149.611230000000432,69.741100000000003,-162.865600000000001,Beluga,Delphinapterus leucas,whale,Chordata (Mammalia),Seals/ Whales,,LDL-6-11,,ng/g,,Provided,Fat,,,,,,,whale,Mote Marine Laboratory,Mote Marine Laboratory,North
Wetzel,"Dr Wetzel, Mote Marine Database",2011,21133.231850000000122,69.741100000000003,-162.865600000000001,Beluga,Delphinapterus leucas,whale,Chordata (Mammalia),Seals/ Whales,,LDL-8-11,,ng/g,,Provided,Fat,,,,,,,whale,Mote Marine Laboratory,Mote Marine Laboratory,North
Wetzel,"Dr Wetzel, Mote Marine Database",2012,13896.061009999999442,69.741100000000003,-162.865600000000001,Beluga,Delphinapterus leucas,whale,Chordata (Mammalia),Seals/ Whales,,BDL-1-12,,ng/g,,Provided,Fat,,,,,,,whale,Mote Marine Laboratory,Mote Marine Laboratory,North
Wetzel,"Dr Wetzel, Mote Marine Database",2012,5515.697438999999576,69.741100000000003,-162.865600000000001,Beluga,Delphinapterus leucas,whale,Chordata (Mammalia),Seals/ Whales,,BDL-2-12,,ng/g,,Provided,Fat,,,,,,,whale,Mote Marine Laboratory,Mote Marine Laboratory,North
Wetzel,"Dr Wetzel, Mote Marine Database",2012,9061.376006000000416,69.741100000000003,-162.865600000000001,Beluga,Delphinapterus leucas,whale,Chordata (Mammalia),Seals/ Whales,,LDL_1_12,,ng/g,,Provided,Fat,,,,,,,whale,Mote Marine Laboratory,Mote Marine Laboratory,North
Wetzel,"Dr Wetzel, Mote Marine Database",2012,7245.921360000000277,69.741100000000003,-162.865600000000001,Beluga,Delphinapterus leucas,whale,Chordata (Mammalia),Seals/ Whales,,LDL-10-12,,ng/g,,Provided,Fat,,,,,,,whale,Mote Marine Laboratory,Mote Marine Laboratory,North
Wetzel,"Dr Wetzel, Mote Marine Database",2012,16684.460549999999785,69.741100000000003,-162.865600000000001,Beluga,Delphinapterus leucas,whale,Chordata (Mammalia),Seals/ Whales,,LDL-2-12,,ng/g,,Provided,Fat,,,,,,,whale,Mote Marine Laboratory,Mote Marine Laboratory,North
Wetzel,"Dr Wetzel, Mote Marine Database",2012,10026.600319999999556,69.741100000000003,-162.865600000000001,Beluga,Delphinapterus leucas,whale,Chordata (Mammalia),Seals/ Whales,,LDL-3-12,,ng/g,,Provided,Fat,,,,,,,whale,Mote Marine Laboratory,Mote Marine Laboratory,North
Wetzel,"Dr Wetzel, Mote Marine Database",2012,4458.748217999999724,69.741100000000003,-162.865600000000001,Beluga,Delphinapterus leucas,whale,Chordata (Mammalia),Seals/ Whales,,LDL-4-12,,ng/g,,Provided,Fat,,,,,,,whale,Mote Marine Laboratory,Mote Marine Laboratory,North
Wetzel,"Dr Wetzel, Mote Marine Database",2012,21885.232650000001740,69.741100000000003,-162.865600000000001,Beluga,Delphinapterus leucas,whale,Chordata (Mammalia),Seals/ Whales,,LDL-5-12,,ng/g,,Provided,Fat,,,,,,,whale,Mote Marine Laboratory,Mote Marine Laboratory,North
Wetzel,"Dr Wetzel, Mote Marine Database",2012,13252.132069999999658,69.741100000000003,-162.865600000000001,Beluga,Delphinapterus leucas,whale,Chordata (Mammalia),Seals/ Whales,,LDL-6-12,,ng/g,,Provided,Fat,,,,,,,whale,Mote Marine Laboratory,Mote Marine Laboratory,North
Wetzel,"Dr Wetzel, Mote Marine Database",2012,14141.574300000000221,69.741100000000003,-162.865600000000001,Beluga,Delphinapterus leucas,whale,Chordata (Mammalia),Seals/ Whales,,LDL-7-12,,ng/g,,Provided,Fat,,,,,,,whale,Mote Marine Laboratory,Mote Marine Laboratory,North
Wetzel,"Dr Wetzel, Mote Marine Database",2012,24194.160039999998844,69.741100000000003,-162.865600000000001,Beluga,Delphinapterus leucas,whale,Chordata (Mammalia),Seals/ Whales,,LDL-8-12,,ng/g,,Provided,Fat,,,,,,,whale,Mote Marine Laboratory,Mote Marine Laboratory,North
Wetzel,"Dr Wetzel, Mote Marine Database",2012,9498.877102000000377,69.741100000000003,-162.865600000000001,Beluga,Delphinapterus leucas,whale,Chordata (Mammalia),Seals/ Whales,,LDL-9-12,,ng/g,,Provided,Fat,,,,,,,whale,Mote Marine Laboratory,Mote Marine Laboratory,North
Wetzel,"Dr Wetzel, Mote Marine Database",2016,81.643215530000006,61.068100000000001,-151.137000000000000,Beluga,Delphinapterus leucas,whale,Chordata (Mammalia),Seals/ Whales,,,,ng/g,,Provided,Fat,,,,,,,whale,Mote Marine Laboratory,Mote Marine Laboratory,SCAK
Wetzel,"Dr Wetzel, Mote Marine Database",2002,809.220377999999982,60.337800000000001,-151.875000000000000,Beluga,Delphinapterus leucas,whale,Chordata (Mammalia),Seals/ Whales,,,,ng/g,,Provided,Organ,,,,,,,whale,Mote Marine Laboratory,Mote Marine Laboratory,SCAK
Wetzel,"Dr Wetzel, Mote Marine Database",2003,683.825278700000013,60.337800000000001,-151.875000000000000,Beluga,Delphinapterus leucas,whale,Chordata (Mammalia),Seals/ Whales,,,,ng/g,,Provided,Organ,,,,,,,whale,Mote Marine Laboratory,Mote Marine Laboratory,SCAK
Wetzel,"Dr Wetzel, Mote Marine Database",2003,366.080202199999974,60.337800000000001,-151.875000000000000,Beluga,Delphinapterus leucas,whale,Chordata (Mammalia),Seals/ Whales,,,,ng/g,,Provided,Organ,,,,,,,whale,Mote Marine Laboratory,Mote Marine Laboratory,SCAK
Wetzel,"Dr Wetzel, Mote Marine Database",2016,48.419077399999999,61.068100000000001,-151.137000000000000,Beluga,Delphinapterus leucas,whale,Chordata (Mammalia),Seals/ Whales,,,,ng/g,,Provided,Organ,,,,,,,whale,Mote Marine Laboratory,Mote Marine Laboratory,SCAK
Stimmelmayr,Stimmelmayr et al 2018,2012,36.000000000000000,66.256739999999994,-166.062469999999990,Spotted Seal,Phoca largha,seal,Chordata (Mammalia),Seals/ Whales,Unknown oiling observed,N52-2012,,ng/g,wet,Provided,Fat,,,met,,,,seal,"Oil Fouling of Seals, Stimmelmayr",Other Peer-reviewed Studies,North
Stimmelmayr,Stimmelmayr et al 2018,2012,48.000000000000000,63.778359999999999,-171.729209999999995,Spotted Seal,Phoca largha,seal,Chordata (Mammalia),Seals/ Whales,Unknown oiling observed,2012-166,,ng/g,wet,Provided,Fat,,,met,,,,seal,"Oil Fouling of Seals, Stimmelmayr",Other Peer-reviewed Studies,West
Stimmelmayr,Stimmelmayr et al 2018,2012,12.000000000000000,63.778359999999999,-171.729209999999995,Ringed Seal,Pusa hispida,seal,Chordata (Mammalia),Seals/ Whales,Unknown oiling observed,N55-2012,,ng/g,wet,Provided,Fat,,,met,,,,seal,"Oil Fouling of Seals, Stimmelmayr",Other Peer-reviewed Studies,West
Stimmelmayr,Stimmelmayr et al 2018,2012,25.000000000000000,63.778359999999999,-171.729209999999995,Ringed Seal,Pusa hispida,seal,Chordata (Mammalia),Seals/ Whales,Unknown oiling observed,N55-2012,,ng/g,wet,Provided,Fat,,,met,,,,seal,"Oil Fouling of Seals, Stimmelmayr",Other Peer-reviewed Studies,West
Stimmelmayr,Stimmelmayr et al 2018,2012,20.000000000000000,66.256739999999994,-166.062469999999990,Spotted Seal,Phoca largha,seal,Chordata (Mammalia),Seals/ Whales,Unknown oiling observed,N52-2012,,ng/g,wet,Provided,Digestive,,,met,,,,seal,"Oil Fouling of Seals, Stimmelmayr",Other Peer-reviewed Studies,North
Stimmelmayr,Stimmelmayr et al 2018,2012,40.000000000000000,63.778359999999999,-171.729209999999995,Ringed Seal,Pusa hispida,seal,Chordata (Mammalia),Seals/ Whales,Unknown oiling observed,N55-2012,,ng/g,wet,Provided,Skin,,,met,,,,seal,"Oil Fouling of Seals, Stimmelmayr",Other Peer-reviewed Studies,West
Stimmelmayr,Stimmelmayr et al 2018,2012,3.700000000000000,66.256739999999994,-166.062469999999990,Spotted Seal,Phoca largha,seal,Chordata (Mammalia),Seals/ Whales,Unknown oiling observed,N52-2012,,ng/g,wet,Provided,Organ,,,met,,,,seal,"Oil Fouling of Seals, Stimmelmayr",Other Peer-reviewed Studies,North
Stimmelmayr,Stimmelmayr et al 2018,2012,0.700000000000000,63.778359999999999,-171.729209999999995,Spotted Seal,Phoca largha,seal,Chordata (Mammalia),Seals/ Whales,Unknown oiling observed,2012-166,,ng/g,wet,Provided,Organ,,,met,,,,seal,"Oil Fouling of Seals, Stimmelmayr",Other Peer-reviewed Studies,West
Stimmelmayr,Stimmelmayr et al 2018,2012,18.000000000000000,66.256739999999994,-166.062469999999990,Spotted Seal,Phoca largha,seal,Chordata (Mammalia),Seals/ Whales,Unknown oiling observed,N52-2012,,ng/g,wet,Provided,Organ,,,met,,,,seal,"Oil Fouling of Seals, Stimmelmayr",Other Peer-reviewed Studies,North
Stimmelmayr,Stimmelmayr et al 2018,2012,7.300000000000000,63.778359999999999,-171.729209999999995,Spotted Seal,Phoca largha,seal,Chordata (Mammalia),Seals/ Whales,Unknown oiling observed,2012-166,,ng/g,wet,Provided,Organ,,,met,,,,seal,"Oil Fouling of Seals, Stimmelmayr",Other Peer-reviewed Studies,West
Stimmelmayr,Stimmelmayr et al 2018,2012,0.400000000000000,63.778359999999999,-171.729209999999995,Ringed Seal,Pusa hispida,seal,Chordata (Mammalia),Seals/ Whales,Unknown oiling observed,N55-2012,,ng/g,wet,Provided,Organ,,,met,,,,seal,"Oil Fouling of Seals, Stimmelmayr",Other Peer-reviewed Studies,West
Stimmelmayr,Stimmelmayr et al 2018,2012,5.800000000000000,66.256739999999994,-166.062469999999990,Spotted Seal,Phoca largha,seal,Chordata (Mammalia),Seals/ Whales,Unknown oiling observed,N52-2012,,ng/g,wet,Provided,Organ,,,met,,,,seal,"Oil Fouling of Seals, Stimmelmayr",Other Peer-reviewed Studies,North
Stimmelmayr,Stimmelmayr et al 2018,2012,21.000000000000000,66.256739999999994,-166.062469999999990,Spotted Seal,Phoca largha,seal,Chordata (Mammalia),Seals/ Whales,Unknown oiling observed,N52-2012,,ng/g,wet,Provided,Organ,,,met,,,,seal,"Oil Fouling of Seals, Stimmelmayr",Other Peer-reviewed Studies,North
Stimmelmayr,Stimmelmayr et al 2018,2012,280.000000000000000,66.256739999999994,-166.062469999999990,Spotted Seal,Phoca largha,seal,Chordata (Mammalia),Seals/ Whales,Unknown oiling observed,N52-2012,,ng/g,wet,Provided,Skin,,,met,,,,seal,"Oil Fouling of Seals, Stimmelmayr",Other Peer-reviewed Studies,North
Stimmelmayr,Stimmelmayr et al 2018,2012,44.000000000000000,63.778359999999999,-171.729209999999995,Ringed Seal,Pusa hispida,seal,Chordata (Mammalia),Seals/ Whales,Unknown oiling observed,N55-2012,,ng/g,wet,Provided,Skin,,,met,,,,seal,"Oil Fouling of Seals, Stimmelmayr",Other Peer-reviewed Studies,West
Stimmelmayr,Stimmelmayr et al 2018,2012,10.000000000000000,63.778359999999999,-171.729209999999995,Ringed Seal,Pusa hispida,seal,Chordata (Mammalia),Seals/ Whales,Unknown oiling observed,N55-2012,,ng/g,wet,Provided,Skin,,,met,,,,seal,"Oil Fouling of Seals, Stimmelmayr",Other Peer-reviewed Studies,West
Stimmelmayr,Stimmelmayr et al 2018,2012,30.000000000000000,63.778359999999999,-171.729209999999995,Ringed Seal,Pusa hispida,seal,Chordata (Mammalia),Seals/ Whales,Unknown oiling observed,N55-2012,,ng/g,wet,Provided,Skin,,,met,,,,seal,"Oil Fouling of Seals, Stimmelmayr",Other Peer-reviewed Studies,West
Stimmelmayr,Stimmelmayr et al 2018,2012,8.699999999999999,66.256739999999994,-166.062469999999990,Spotted Seal,Phoca largha,seal,Chordata (Mammalia),Seals/ Whales,Unknown oiling observed,N52-2012,,ng/g,wet,Provided,Other,,,met,,,,seal,"Oil Fouling of Seals, Stimmelmayr",Other Peer-reviewed Studies,North
Stimmelmayr,Stimmelmayr et al 2018,2012,12.000000000000000,63.778359999999999,-171.729209999999995,Ringed Seal,Pusa hispida,seal,Chordata (Mammalia),Seals/ Whales,Unknown oiling observed,N55-2012,,ng/g,wet,Provided,Other,,,met,,,,seal,"Oil Fouling of Seals, Stimmelmayr",Other Peer-reviewed Studies,West
Stimmelmayr,Stimmelmayr et al 2018,2012,3.300000000000000,66.256739999999994,-166.062469999999990,Spotted Seal,Phoca largha,seal,Chordata (Mammalia),Seals/ Whales,Unknown oiling observed,N52-2012,,ng/g,wet,Provided,Other,,,met,,,,seal,"Oil Fouling of Seals, Stimmelmayr",Other Peer-reviewed Studies,North
Arnold,"Arnold 2006- Public Health Evaluation of Subsistence
Resources Collected During 2005
",2005,36.000000000000000,53.860277799999999,-166.578055599999999,Black Chiton,Katharina tunicata,chiton,Gastropoda,Snails,,CH-CBW01-06-25-05-01,,ng/g,,Provided,Other,,,,,,,chiton,"Public Health Evaluation of Subsistence Resources, Arnold","Public Health Evaluation of Subsistence Resources, Arnold",Aleutian
Arnold,"Arnold 2006- Public Health Evaluation of Subsistence
Resources Collected During 2005
",2005,836.000000000000000,53.919583000000003,-166.434157999999996,Black Chiton,Katharina tunicata,chiton,Gastropoda,Snails,,CH-SMB7-062305-01-rep,,ng/g,,Provided,Other,,,,,,,chiton,"Public Health Evaluation of Subsistence Resources, Arnold","Public Health Evaluation of Subsistence Resources, Arnold",Aleutian
Arnold,"Arnold 2006- Public Health Evaluation of Subsistence
Resources Collected During 2005
",2005,791.000000000000000,53.919583000000003,-166.434157999999996,Black Chiton,Katharina tunicata,chiton,Gastropoda,Snails,,CH-SMB7-062305-01-rep,,ng/g,,Provided,Other,,,,,,,chiton,"Public Health Evaluation of Subsistence Resources, Arnold","Public Health Evaluation of Subsistence Resources, Arnold",Aleutian
Arnold,"Arnold 2006- Public Health Evaluation of Subsistence
Resources Collected During 2005
",2005,1882.000000000000000,53.919583000000003,-166.434157999999996,Black Chiton,Katharina tunicata,chiton,Gastropoda,Snails,,CH-SMB7-062305-01-rep,,ng/g,,Provided,Other,,,,,,,chiton,"Public Health Evaluation of Subsistence Resources, Arnold","Public Health Evaluation of Subsistence Resources, Arnold",Aleutian
Arnold,"Arnold 2006- Public Health Evaluation of Subsistence
Resources Collected During 2005
",2005,13.800000000000001,53.919583000000003,-166.434157999999996,Black Chiton,Katharina tunicata,chiton,Gastropoda,Snails,,CH-SMB7-062305-02,,ng/g,,Provided,Other,,,,,,,chiton,"Public Health Evaluation of Subsistence Resources, Arnold","Public Health Evaluation of Subsistence Resources, Arnold",Aleutian
Arnold,"Arnold 2006- Public Health Evaluation of Subsistence
Resources Collected During 2005
",2005,7.500000000000000,53.919583000000003,-166.434157999999996,Black Chiton,Katharina tunicata,chiton,Gastropoda,Snails,,CH-SMB7-062305-03,,ng/g,,Provided,Other,,,,,,,chiton,"Public Health Evaluation of Subsistence Resources, Arnold","Public Health Evaluation of Subsistence Resources, Arnold",Aleutian
Arnold,"Arnold 2006- Public Health Evaluation of Subsistence
Resources Collected During 2005
",2005,8.600000000000000,53.919583000000003,-166.434157999999996,Black Chiton,Katharina tunicata,chiton,Gastropoda,Snails,,CH-SMB-07-9-25-05,,ng/g,,Provided,Other,,,,,,,chiton,"Public Health Evaluation of Subsistence Resources, Arnold","Public Health Evaluation of Subsistence Resources, Arnold",Aleutian
Arnold,"Arnold 2006- Public Health Evaluation of Subsistence
Resources Collected During 2005
",2005,48.000000000000000,53.919583000000003,-166.434157999999996,Black Chiton,Katharina tunicata,chiton,Gastropoda,Snails,,CH-SMB6/7-7-20-05,,ng/g,,Provided,Other,,,,,,,chiton,"Public Health Evaluation of Subsistence Resources, Arnold","Public Health Evaluation of Subsistence Resources, Arnold",Aleutian
Arnold,"Arnold 2006- Public Health Evaluation of Subsistence
Resources Collected During 2005
",2005,11.000000000000000,53.892777799999998,-166.510277800000011,Black Chiton,Katharina tunicata,chiton,Gastropoda,Snails,,CH-SMB1-7-21-05,,ng/g,,Provided,Other,,,,,,,chiton,"Public Health Evaluation of Subsistence Resources, Arnold","Public Health Evaluation of Subsistence Resources, Arnold",Aleutian
Arnold,"Arnold 2006- Public Health Evaluation of Subsistence
Resources Collected During 2005
",2005,16.000000000000000,53.892777799999998,-166.510277800000011,Black Chiton,Katharina tunicata,chiton,Gastropoda,Snails,,CH-DTE37-7-21-05,,ng/g,,Provided,Other,,,,,,,chiton,"Public Health Evaluation of Subsistence Resources, Arnold","Public Health Evaluation of Subsistence Resources, Arnold",Aleutian
Arnold,"Arnold 2006- Public Health Evaluation of Subsistence
Resources Collected During 2005
",2005,17.000000000000000,53.913888900000003,-166.434722200000010,Black Chiton,Katharina tunicata,chiton,Gastropoda,Snails,,CH-SMB10-7-20-05,,ng/g,,Provided,Other,,,,,,,chiton,"Public Health Evaluation of Subsistence Resources, Arnold","Public Health Evaluation of Subsistence Resources, Arnold",Aleutian
Arnold,"Arnold 2006- Public Health Evaluation of Subsistence
Resources Collected During 2005
",2005,16.000000000000000,53.911944400000003,-166.454722199999992,Black Chiton,Katharina tunicata,chiton,Gastropoda,Snails,,CH-SMB3-7-21-05,,ng/g,,Provided,Other,,,,,,,chiton,"Public Health Evaluation of Subsistence Resources, Arnold","Public Health Evaluation of Subsistence Resources, Arnold",Aleutian
Arnold,"Arnold 2006- Public Health Evaluation of Subsistence
Resources Collected During 2005
",2005,254.000000000000000,53.860277799999999,-166.578055599999999,Blue Mussel,Mytilus edulis,mussel,Bivalvia,Mussels,,MU-CBW01-06-25-05-01,,ng/g,,Provided,Other,,,,,,,mussel,"Public Health Evaluation of Subsistence Resources, Arnold","Public Health Evaluation of Subsistence Resources, Arnold",Aleutian
Arnold,"Arnold 2006- Public Health Evaluation of Subsistence
Resources Collected During 2005
",2005,34.000000000000000,53.919583000000003,-166.434157999999996,Blue Mussel,Mytilus edulis,mussel,Bivalvia,Mussels,,MU-SMB07-06-26-05-01,,ng/g,,Provided,Other,,,,,,,mussel,"Public Health Evaluation of Subsistence Resources, Arnold","Public Health Evaluation of Subsistence Resources, Arnold",Aleutian
Arnold,"Arnold 2006- Public Health Evaluation of Subsistence
Resources Collected During 2005
",2005,12.000000000000000,53.919583000000003,-166.434157999999996,Blue Mussel,Mytilus edulis,mussel,Bivalvia,Mussels,,MU-SMB-07-9-25-05,,ng/g,,Provided,Other,,,,,,,mussel,"Public Health Evaluation of Subsistence Resources, Arnold","Public Health Evaluation of Subsistence Resources, Arnold",Aleutian
Arnold,"Arnold 2006- Public Health Evaluation of Subsistence
Resources Collected During 2005
",2005,29.000000000000000,53.919583000000003,-166.434157999999996,Blue Mussel,Mytilus edulis,mussel,Bivalvia,Mussels,,ML-SMB6/7-7-20-05,,ng/g,,Provided,Other,,,,,,,mussel,"Public Health Evaluation of Subsistence Resources, Arnold","Public Health Evaluation of Subsistence Resources, Arnold",Aleutian
Arnold,"Arnold 2006- Public Health Evaluation of Subsistence
Resources Collected During 2005
",2005,24.000000000000000,53.892777799999998,-166.510277800000011,Blue Mussel,Mytilus edulis,mussel,Bivalvia,Mussels,,ML-SMB1-7-21-05,,ng/g,,Provided,Other,,,,,,,mussel,"Public Health Evaluation of Subsistence Resources, Arnold","Public Health Evaluation of Subsistence Resources, Arnold",Aleutian
Arnold,"Arnold 2006- Public Health Evaluation of Subsistence
Resources Collected During 2005
",2005,79.000000000000000,53.892777799999998,-166.510277800000011,Blue Mussel,Mytilus edulis,mussel,Bivalvia,Mussels,,ML-DTE37-7-21-05,,ng/g,,Provided,Other,,,,,,,mussel,"Public Health Evaluation of Subsistence Resources, Arnold","Public Health Evaluation of Subsistence Resources, Arnold",Aleutian
Arnold,"Arnold 2006- Public Health Evaluation of Subsistence
Resources Collected During 2005
",2005,9.000000000000000,53.913888900000003,-166.434722200000010,Blue Mussel,Mytilus edulis,mussel,Bivalvia,Mussels,,ML-SMB10-7-20-05,,ng/g,,Provided,Other,,,,,,,mussel,"Public Health Evaluation of Subsistence Resources, Arnold","Public Health Evaluation of Subsistence Resources, Arnold",Aleutian
Arnold,"Arnold 2006- Public Health Evaluation of Subsistence
Resources Collected During 2005
",2005,15.000000000000000,53.913888900000003,-166.434722200000010,Blue Mussel,Mytilus edulis,mussel,Bivalvia,Mussels,,MU-SMB-10-9-25-05-01,,ng/g,,Provided,Other,,,,,,,mussel,"Public Health Evaluation of Subsistence Resources, Arnold","Public Health Evaluation of Subsistence Resources, Arnold",Aleutian
Arnold,"Arnold 2006- Public Health Evaluation of Subsistence
Resources Collected During 2005
",2005,108.000000000000000,53.911944400000003,-166.454722199999992,Blue Mussel,Mytilus edulis,mussel,Bivalvia,Mussels,,ML-SMB3-7-21-05-rep,,ng/g,,Provided,Other,,,,,,,mussel,"Public Health Evaluation of Subsistence Resources, Arnold","Public Health Evaluation of Subsistence Resources, Arnold",Aleutian
Arnold,"Arnold 2006- Public Health Evaluation of Subsistence
Resources Collected During 2005
",2005,180.000000000000000,53.911944400000003,-166.454722199999992,Blue Mussel,Mytilus edulis,mussel,Bivalvia,Mussels,,ML-SMB3-7-21-05-rep,,ng/g,,Provided,Other,,,,,,,mussel,"Public Health Evaluation of Subsistence Resources, Arnold","Public Health Evaluation of Subsistence Resources, Arnold",Aleutian
Arnold,"Arnold 2006- Public Health Evaluation of Subsistence
Resources Collected During 2005
",2005,13.000000000000000,53.911944400000003,-166.454722199999992,Blue Mussel,Mytilus edulis,mussel,Bivalvia,Mussels,,MU-SMB-01-9-25-05-01,,ng/g,,Provided,Other,,,,,,,mussel,"Public Health Evaluation of Subsistence Resources, Arnold","Public Health Evaluation of Subsistence Resources, Arnold",Aleutian
Arnold,"Arnold 2006- Public Health Evaluation of Subsistence
Resources Collected During 2005
",2005,116.000000000000000,53.860277799999999,-166.578055599999999,Green Sea Urchin,Strongylocentrotus droebachiensis,urchin,Echinodermata,Urchins/ Starfish,,UR-CBW01-06-25-05-01,,ng/g,,Provided,Eggs,,,,,,,urchin,"Public Health Evaluation of Subsistence Resources, Arnold","Public Health Evaluation of Subsistence Resources, Arnold",Aleutian
Arnold,"Arnold 2006- Public Health Evaluation of Subsistence
Resources Collected During 2005
",2005,120.000000000000000,53.919583000000003,-166.434157999999996,Green Sea Urchin,Strongylocentrotus droebachiensis,urchin,Echinodermata,Urchins/ Starfish,,UR-SMB7-062305-01,,ng/g,,Provided,Eggs,,,,,,,urchin,"Public Health Evaluation of Subsistence Resources, Arnold","Public Health Evaluation of Subsistence Resources, Arnold",Aleutian
Arnold,"Arnold 2006- Public Health Evaluation of Subsistence
Resources Collected During 2005
",2005,14.000000000000000,53.919583000000003,-166.434157999999996,Green Sea Urchin,Strongylocentrotus droebachiensis,urchin,Echinodermata,Urchins/ Starfish,,UR-SMB6/7-7-20-05,,ng/g,,Provided,Eggs,,,,,,,urchin,"Public Health Evaluation of Subsistence Resources, Arnold","Public Health Evaluation of Subsistence Resources, Arnold",Aleutian
Arnold,"Arnold 2006- Public Health Evaluation of Subsistence
Resources Collected During 2005
",2005,52.000000000000000,53.892777799999998,-166.510277800000011,Green Sea Urchin,Strongylocentrotus droebachiensis,urchin,Echinodermata,Urchins/ Starfish,,UR-SMB1-7-21-05-rep,,ng/g,,Provided,Eggs,,,,,,,urchin,"Public Health Evaluation of Subsistence Resources, Arnold","Public Health Evaluation of Subsistence Resources, Arnold",Aleutian
Arnold,"Arnold 2006- Public Health Evaluation of Subsistence
Resources Collected During 2005
",2005,9.000000000000000,53.892777799999998,-166.510277800000011,Green Sea Urchin,Strongylocentrotus droebachiensis,urchin,Echinodermata,Urchins/ Starfish,,UR-SMB1-7-21-05-rep,,ng/g,,Provided,Eggs,,,,,,,urchin,"Public Health Evaluation of Subsistence Resources, Arnold","Public Health Evaluation of Subsistence Resources, Arnold",Aleutian
Arnold,"Arnold 2006- Public Health Evaluation of Subsistence
Resources Collected During 2005
",2005,22.000000000000000,53.892777799999998,-166.510277800000011,Green Sea Urchin,Strongylocentrotus droebachiensis,urchin,Echinodermata,Urchins/ Starfish,,UR-DTE37-7-21-05,,ng/g,,Provided,Eggs,,,,,,,urchin,"Public Health Evaluation of Subsistence Resources, Arnold","Public Health Evaluation of Subsistence Resources, Arnold",Aleutian
Arnold,"Arnold 2006- Public Health Evaluation of Subsistence
Resources Collected During 2005
",2005,6.000000000000000,53.913888900000003,-166.434722200000010,Green Sea Urchin,Strongylocentrotus droebachiensis,urchin,Echinodermata,Urchins/ Starfish,,UR-SMB10-7-20-05,,ng/g,,Provided,Eggs,,,,,,,urchin,"Public Health Evaluation of Subsistence Resources, Arnold","Public Health Evaluation of Subsistence Resources, Arnold",Aleutian
Arnold,"Arnold 2006- Public Health Evaluation of Subsistence
Resources Collected During 2005
",2005,9.000000000000000,53.911944400000003,-166.454722199999992,Green Sea Urchin,Strongylocentrotus droebachiensis,urchin,Echinodermata,Urchins/ Starfish,,UR-SMB3-7-21-05-rep,,ng/g,,Provided,Eggs,,,,,,,urchin,"Public Health Evaluation of Subsistence Resources, Arnold","Public Health Evaluation of Subsistence Resources, Arnold",Aleutian
Arnold,"Arnold 2006- Public Health Evaluation of Subsistence
Resources Collected During 2005
",2005,7.000000000000000,53.911944400000003,-166.454722199999992,Green Sea Urchin,Strongylocentrotus droebachiensis,urchin,Echinodermata,Urchins/ Starfish,,UR-SMB3-7-21-05-rep,,ng/g,,Provided,Eggs,,,,,,,urchin,"Public Health Evaluation of Subsistence Resources, Arnold","Public Health Evaluation of Subsistence Resources, Arnold",Aleutian
Arnold,"Arnold 2006- Public Health Evaluation of Subsistence
Resources Collected During 2005
",2005,18.000000000000000,53.949444399999997,-166.615833299999991,Harbor Seal,Phoca vitulina,seal,Chordata (Mammalia),Seals/ Whales,,SL-EIDER-8-5-05,,ng/g,,Provided,Fat,,,,,,,seal,"Public Health Evaluation of Subsistence Resources, Arnold","Public Health Evaluation of Subsistence Resources, Arnold",Aleutian
Arnold,"Arnold 2006- Public Health Evaluation of Subsistence
Resources Collected During 2005
",2005,17.000000000000000,53.919583000000003,-166.434157999999996,Pink Salmon,Oncorhynchus gorbuscha,salmon,Chordata (Actinopterygii),Fish,,SMB7-PNK-8-02-05-01,,ng/g,,Provided,Other,,,,,,,salmon,"Public Health Evaluation of Subsistence Resources, Arnold","Public Health Evaluation of Subsistence Resources, Arnold",Aleutian
Arnold,"Arnold 2006- Public Health Evaluation of Subsistence
Resources Collected During 2005
",2005,6.800000000000000,53.919583000000003,-166.434157999999996,Pink Salmon,Oncorhynchus gorbuscha,salmon,Chordata (Actinopterygii),Fish,,SMB7-PNK-8-02-05-02,,ng/g,,Provided,Other,,,,,,,salmon,"Public Health Evaluation of Subsistence Resources, Arnold","Public Health Evaluation of Subsistence Resources, Arnold",Aleutian
Arnold,"Arnold 2006- Public Health Evaluation of Subsistence
Resources Collected During 2005
",2005,13.000000000000000,53.919583000000003,-166.434157999999996,Pink Salmon,Oncorhynchus gorbuscha,salmon,Chordata (Actinopterygii),Fish,,SMB7-PNK-8-02-05-03,,ng/g,,Provided,Other,,,,,,,salmon,"Public Health Evaluation of Subsistence Resources, Arnold","Public Health Evaluation of Subsistence Resources, Arnold",Aleutian
Arnold,"Arnold 2006- Public Health Evaluation of Subsistence
Resources Collected During 2005
",2005,7.800000000000000,53.683888899999999,-166.846944400000012,Black Chiton,Katharina tunicata,chiton,Gastropoda,Snails,,CH-AND3-8-29-05,,ng/g,,Provided,Other,,,,,,,chiton,"Public Health Evaluation of Subsistence Resources, Arnold","Public Health Evaluation of Subsistence Resources, Arnold",Aleutian
Arnold,"Arnold 2006- Public Health Evaluation of Subsistence
Resources Collected During 2005
",2005,36.000000000000000,53.456666700000000,-167.306666699999994,Black Chiton,Katharina tunicata,chiton,Gastropoda,Snails,,CH-KMK28-8-31-05,,ng/g,,Provided,Other,,,,,,,chiton,"Public Health Evaluation of Subsistence Resources, Arnold","Public Health Evaluation of Subsistence Resources, Arnold",Aleutian
Arnold,"Arnold 2006- Public Health Evaluation of Subsistence
Resources Collected During 2005
",2005,32.000000000000000,53.456666700000000,-167.306666699999994,Black Chiton,Katharina tunicata,chiton,Gastropoda,Snails,,CH-KMK32-8-31-05,,ng/g,,Provided,Other,,,,,,,chiton,"Public Health Evaluation of Subsistence Resources, Arnold","Public Health Evaluation of Subsistence Resources, Arnold",Aleutian
Arnold,"Arnold 2006- Public Health Evaluation of Subsistence
Resources Collected During 2005
",2005,12.000000000000000,53.609999999999999,-167.044999999999987,Black Chiton,Katharina tunicata,chiton,Gastropoda,Snails,,CH-SKS06-8-28-05,,ng/g,,Provided,Other,,,,,,,chiton,"Public Health Evaluation of Subsistence Resources, Arnold","Public Health Evaluation of Subsistence Resources, Arnold",Aleutian
Arnold,"Arnold 2006- Public Health Evaluation of Subsistence
Resources Collected During 2005
",2005,7.100000000000000,53.609999999999999,-167.044999999999987,Black Chiton,Katharina tunicata,chiton,Gastropoda,Snails,,CH-SKS17-8-28-05,,ng/g,,Provided,Other,,,,,,,chiton,"Public Health Evaluation of Subsistence Resources, Arnold","Public Health Evaluation of Subsistence Resources, Arnold",Aleutian
Arnold,"Arnold 2006- Public Health Evaluation of Subsistence
Resources Collected During 2005
",2005,7.100000000000000,53.683888899999999,-166.846944400000012,Blue Mussel,Mytilus edulis,mussel,Bivalvia,Mussels,,MU-AND2-8-29-05-01,,ng/g,,Provided,Other,,,,,,,mussel,"Public Health Evaluation of Subsistence Resources, Arnold","Public Health Evaluation of Subsistence Resources, Arnold",Aleutian
Arnold,"Arnold 2006- Public Health Evaluation of Subsistence
Resources Collected During 2005
",2005,8.400000000000000,53.700277800000002,-166.785277799999989,Blue Mussel,Mytilus edulis,mussel,Bivalvia,Mussels,,MU-CNB17-8-29-05-01,,ng/g,,Provided,Other,,,,,,,mussel,"Public Health Evaluation of Subsistence Resources, Arnold","Public Health Evaluation of Subsistence Resources, Arnold",Aleutian
Arnold,"Arnold 2006- Public Health Evaluation of Subsistence
Resources Collected During 2005
",2005,86.000000000000000,53.700277800000002,-166.785277799999989,Blue Mussel,Mytilus edulis,mussel,Bivalvia,Mussels,,MU-CNB-19-9-23-05-01,,ng/g,,Provided,Other,,,,,,,mussel,"Public Health Evaluation of Subsistence Resources, Arnold","Public Health Evaluation of Subsistence Resources, Arnold",Aleutian
Arnold,"Arnold 2006- Public Health Evaluation of Subsistence
Resources Collected During 2005
",2005,9.400000000000000,53.700277800000002,-166.785277799999989,Blue Mussel,Mytilus edulis,mussel,Bivalvia,Mussels,,MU-CNB-19-9-23-05-02,,ng/g,,Provided,Other,,,,,,,mussel,"Public Health Evaluation of Subsistence Resources, Arnold","Public Health Evaluation of Subsistence Resources, Arnold",Aleutian
Arnold,"Arnold 2006- Public Health Evaluation of Subsistence
Resources Collected During 2005
",2005,19.000000000000000,53.466700000000003,-167.166699999999992,Blue Mussel,Mytilus edulis,mussel,Bivalvia,Mussels,,MU-KSB7-8-31-05,,ng/g,,Provided,Other,,,,,,,mussel,"Public Health Evaluation of Subsistence Resources, Arnold","Public Health Evaluation of Subsistence Resources, Arnold",Aleutian
Arnold,"Arnold 2006- Public Health Evaluation of Subsistence
Resources Collected During 2005
",2005,70.000000000000000,53.456666700000000,-167.306666699999994,Blue Mussel,Mytilus edulis,mussel,Bivalvia,Mussels,,MU-KMK7-8-31-05,,ng/g,,Provided,Other,,,,,,,mussel,"Public Health Evaluation of Subsistence Resources, Arnold","Public Health Evaluation of Subsistence Resources, Arnold",Aleutian
Arnold,"Arnold 2006- Public Health Evaluation of Subsistence
Resources Collected During 2005
",2005,18.000000000000000,53.735833300000003,-166.961111100000011,Blue Mussel,Mytilus edulis,mussel,Bivalvia,Mussels,,MU-MKS11-8-28-05-01,,ng/g,,Provided,Other,,,,,,,mussel,"Public Health Evaluation of Subsistence Resources, Arnold","Public Health Evaluation of Subsistence Resources, Arnold",Aleutian
Arnold,"Arnold 2006- Public Health Evaluation of Subsistence
Resources Collected During 2005
",2005,91.000000000000000,53.735833300000003,-166.961111100000011,Blue Mussel,Mytilus edulis,mussel,Bivalvia,Mussels,,MU-MKS-11-9-23-05,,ng/g,,Provided,Other,,,,,,,mussel,"Public Health Evaluation of Subsistence Resources, Arnold","Public Health Evaluation of Subsistence Resources, Arnold",Aleutian
Arnold,"Arnold 2006- Public Health Evaluation of Subsistence
Resources Collected During 2005
",2005,18.800000000000001,53.645833300000000,-167.056111100000010,Blue Mussel,Mytilus edulis,mussel,Bivalvia,Mussels,,SKN-11(North)-rep,,ng/g,,Provided,Other,,,,,,,mussel,"Public Health Evaluation of Subsistence Resources, Arnold","Public Health Evaluation of Subsistence Resources, Arnold",Aleutian
Arnold,"Arnold 2006- Public Health Evaluation of Subsistence
Resources Collected During 2005
",2005,18.800000000000001,53.645833300000000,-167.056111100000010,Blue Mussel,Mytilus edulis,mussel,Bivalvia,Mussels,,SKN-11(North)-rep,,ng/g,,Provided,Other,,,,,,,mussel,"Public Health Evaluation of Subsistence Resources, Arnold","Public Health Evaluation of Subsistence Resources, Arnold",Aleutian
Arnold,"Arnold 2006- Public Health Evaluation of Subsistence
Resources Collected During 2005
",2005,7759.000000000000000,53.645833300000000,-167.056111100000010,Blue Mussel,Mytilus edulis,mussel,Bivalvia,Mussels,,SKN-11(South),,ng/g,,Provided,Other,,,,,,,mussel,"Public Health Evaluation of Subsistence Resources, Arnold","Public Health Evaluation of Subsistence Resources, Arnold",Aleutian
Arnold,"Arnold 2006- Public Health Evaluation of Subsistence
Resources Collected During 2005
",2005,6079.000000000000000,53.645833300000000,-167.056111100000010,Blue Mussel,Mytilus edulis,mussel,Bivalvia,Mussels,,MU-SKN-11-9-23-05,,ng/g,,Provided,Other,,,,,,,mussel,"Public Health Evaluation of Subsistence Resources, Arnold","Public Health Evaluation of Subsistence Resources, Arnold",Aleutian
Arnold,"Arnold 2006- Public Health Evaluation of Subsistence
Resources Collected During 2005
",2005,1009.000000000000000,53.609999999999999,-167.044999999999987,Blue Mussel,Mytilus edulis,mussel,Bivalvia,Mussels,,SKS-4(North),,ng/g,,Provided,Other,,,,,,,mussel,"Public Health Evaluation of Subsistence Resources, Arnold","Public Health Evaluation of Subsistence Resources, Arnold",Aleutian
Arnold,"Arnold 2006- Public Health Evaluation of Subsistence
Resources Collected During 2005
",2005,1692.000000000000000,53.609999999999999,-167.044999999999987,Blue Mussel,Mytilus edulis,mussel,Bivalvia,Mussels,,SKS-4N,,ng/g,,Provided,Other,,,,,,,mussel,"Public Health Evaluation of Subsistence Resources, Arnold","Public Health Evaluation of Subsistence Resources, Arnold",Aleutian
Arnold,"Arnold 2006- Public Health Evaluation of Subsistence
Resources Collected During 2005
",2005,642.000000000000000,53.609999999999999,-167.044999999999987,Blue Mussel,Mytilus edulis,mussel,Bivalvia,Mussels,,SKS-4(South),,ng/g,,Provided,Other,,,,,,,mussel,"Public Health Evaluation of Subsistence Resources, Arnold","Public Health Evaluation of Subsistence Resources, Arnold",Aleutian
Arnold,"Arnold 2006- Public Health Evaluation of Subsistence
Resources Collected During 2005
",2005,257.000000000000000,53.609999999999999,-167.044999999999987,Blue Mussel,Mytilus edulis,mussel,Bivalvia,Mussels,,MU-SKS06-8-27-05-01,,ng/g,,Provided,Other,,,,,,,mussel,"Public Health Evaluation of Subsistence Resources, Arnold","Public Health Evaluation of Subsistence Resources, Arnold",Aleutian
Arnold,"Arnold 2006- Public Health Evaluation of Subsistence
Resources Collected During 2005
",2005,537.000000000000000,53.609999999999999,-167.044999999999987,Blue Mussel,Mytilus edulis,mussel,Bivalvia,Mussels,,MU-SKS17-8-28-05-01,,ng/g,,Provided,Other,,,,,,,mussel,"Public Health Evaluation of Subsistence Resources, Arnold","Public Health Evaluation of Subsistence Resources, Arnold",Aleutian
Arnold,"Arnold 2006- Public Health Evaluation of Subsistence
Resources Collected During 2005
",2005,479.000000000000000,53.609999999999999,-167.044999999999987,Blue Mussel,Mytilus edulis,mussel,Bivalvia,Mussels,,MU-SKS-04-9-23-05-01,,ng/g,,Provided,Other,,,,,,,mussel,"Public Health Evaluation of Subsistence Resources, Arnold","Public Health Evaluation of Subsistence Resources, Arnold",Aleutian
Arnold,"Arnold 2006- Public Health Evaluation of Subsistence
Resources Collected During 2005
",2005,800.000000000000000,53.609999999999999,-167.044999999999987,Blue Mussel,Mytilus edulis,mussel,Bivalvia,Mussels,,MU-SKS-04-9-23-05-02,,ng/g,,Provided,Other,,,,,,,mussel,"Public Health Evaluation of Subsistence Resources, Arnold","Public Health Evaluation of Subsistence Resources, Arnold",Aleutian
Arnold,"Arnold 2006- Public Health Evaluation of Subsistence
Resources Collected During 2005
",2005,13.000000000000000,53.700277800000002,-166.785277799999989,Green Sea Urchin,Strongylocentrotus droebachiensis,urchin,Echinodermata,Urchins/ Starfish,,UR-CNB17-8-29-05-01,,ng/g,,Provided,Eggs,,,,,,,urchin,"Public Health Evaluation of Subsistence Resources, Arnold","Public Health Evaluation of Subsistence Resources, Arnold",Aleutian
Arnold,"Arnold 2006- Public Health Evaluation of Subsistence
Resources Collected During 2005
",2005,9.900000000000000,53.700277800000002,-166.785277799999989,Green Sea Urchin,Strongylocentrotus droebachiensis,urchin,Echinodermata,Urchins/ Starfish,,UR-CNB17-8-29-05-02,,ng/g,,Provided,Eggs,,,,,,,urchin,"Public Health Evaluation of Subsistence Resources, Arnold","Public Health Evaluation of Subsistence Resources, Arnold",Aleutian
Arnold,"Arnold 2006- Public Health Evaluation of Subsistence
Resources Collected During 2005
",2005,92.000000000000000,53.609999999999999,-167.044999999999987,Green Sea Urchin,Strongylocentrotus droebachiensis,urchin,Echinodermata,Urchins/ Starfish,,UR-SKS10-8-28-05,,ng/g,,Provided,Eggs,,,,,,,urchin,"Public Health Evaluation of Subsistence Resources, Arnold","Public Health Evaluation of Subsistence Resources, Arnold",Aleutian
Arnold,"Arnold 2006- Public Health Evaluation of Subsistence
Resources Collected During 2005
",2005,4.900000000000000,53.651111100000001,-166.849722200000002,Pacific Cod,Gadus macrocephalus,cod,Chordata (Actinopterygii),Fish,,CD-NGE7-8-28-05,,ng/g,,Provided,Other,,,,,,,cod,"Public Health Evaluation of Subsistence Resources, Arnold","Public Health Evaluation of Subsistence Resources, Arnold",Aleutian
Arnold,"Arnold 2006- Public Health Evaluation of Subsistence
Resources Collected During 2005
",2005,7.300000000000000,53.645833300000000,-167.056111100000010,Pink Salmon,Oncorhynchus gorbuscha,salmon,Chordata (Actinopterygii),Fish,,PNK-SKN4-8-28-05-01,,ng/g,,Provided,Other,,,,,,,salmon,"Public Health Evaluation of Subsistence Resources, Arnold","Public Health Evaluation of Subsistence Resources, Arnold",Aleutian
Arnold,"Arnold 2006- Public Health Evaluation of Subsistence
Resources Collected During 2005
",2005,7.100000000000000,53.645833300000000,-167.056111100000010,Pink Salmon,Oncorhynchus gorbuscha,salmon,Chordata (Actinopterygii),Fish,,PNK-SKN4-8-28-05-02,,ng/g,,Provided,Other,,,,,,,salmon,"Public Health Evaluation of Subsistence Resources, Arnold","Public Health Evaluation of Subsistence Resources, Arnold",Aleutian
Arnold,"Arnold 2006- Public Health Evaluation of Subsistence
Resources Collected During 2005
",2005,4.800000000000000,53.645833300000000,-167.056111100000010,Pink Salmon,Oncorhynchus gorbuscha,salmon,Chordata (Actinopterygii),Fish,,PNK-SKN4-8-28-05-03,,ng/g,,Provided,Other,,,,,,,salmon,"Public Health Evaluation of Subsistence Resources, Arnold","Public Health Evaluation of Subsistence Resources, Arnold",Aleutian
Harvey,Harvey et al 2014 - COMIDA,2009,10.699999999999999,70.468699999999998,-166.086099999999988,Heros Neptune,Neptunea heros,snail,Gastropoda,Snails,Background biomonitoring,Whelk1,,ng/g,wet,Provided,Muscle,,,Blank Corrected,,,,snail,"Chukchi Sea Whelks, Harvey",Other Peer-reviewed Studies,North
Harvey,Harvey et al 2014 - COMIDA,2009,5.170000000000000,70.468699999999998,-166.086099999999988,Heros Neptune,Neptunea heros,snail,Gastropoda,Snails,Background biomonitoring,Whelk2,,ng/g,wet,Provided,Muscle,,,Blank Corrected,,,,snail,"Chukchi Sea Whelks, Harvey",Other Peer-reviewed Studies,North
Harvey,Harvey et al 2014 - COMIDA,2009,4.470000000000000,70.468699999999998,-166.086099999999988,Heros Neptune,Neptunea heros,snail,Gastropoda,Snails,Background biomonitoring,Whelk3,,ng/g,wet,Provided,Muscle,,,Blank Corrected,,,,snail,"Chukchi Sea Whelks, Harvey",Other Peer-reviewed Studies,North
Nationwide,Mussel Watch,2012,17.140000000000001,60.339950000000002,-147.834804499999990,Blue Mussel,Mytilus edulis,mussel,Bivalvia,Mussels,Background biomonitoring,WPJB,,ng/g,,Provided,Other,,,,,,,mussel,NOAA Mussel Watch,NOAA Mussel Watch,SCAK
Nationwide,Mussel Watch,2012,137.800000000000011,60.113000000000000,-149.373999999999995,Blue Mussel,Mytilus edulis,mussel,Bivalvia,Mussels,Background biomonitoring,RBMF,,ng/g,,Provided,Other,,,,,,,mussel,NOAA Mussel Watch,NOAA Mussel Watch,SCAK
Nationwide,Mussel Watch,2012,46.909999999999997,59.464230680000000,-151.708499999999987,Blue Mussel,Mytilus edulis,mussel,Bivalvia,Mussels,Background biomonitoring,KBOB,,ng/g,,Provided,Other,,,,,,,mussel,NOAA Mussel Watch,NOAA Mussel Watch,SCAK
Nationwide,Mussel Watch,2012,18.530000000000001,60.672120000000000,-145.884090899999990,Blue Mussel,Mytilus edulis,mussel,Bivalvia,Mussels,Background biomonitoring,EPSB,,ng/g,,Provided,Other,,,,,,,mussel,NOAA Mussel Watch,NOAA Mussel Watch,SCAK
Nationwide,Mussel Watch,2012,11.980000000000000,60.459890000000001,-147.717488699999990,Blue Mussel,Mytilus edulis,mussel,Bivalvia,Mussels,Background biomonitoring,WPHE,,ng/g,,Provided,Other,,,,,,,mussel,NOAA Mussel Watch,NOAA Mussel Watch,SCAK
Nationwide,Mussel Watch,2012,8.808000000000000,60.201970000000003,-147.759809100000012,Blue Mussel,Mytilus edulis,mussel,Bivalvia,Mussels,Background biomonitoring,WPHO,,ng/g,,Provided,Other,,,,,,,mussel,NOAA Mussel Watch,NOAA Mussel Watch,SCAK
Nationwide,Mussel Watch,2012,13.175000000000001,60.130040000000001,-147.998295500000012,Blue Mussel,Mytilus edulis,mussel,Bivalvia,Mussels,Background biomonitoring,WPIB,,ng/g,,Provided,Other,,,,,,,mussel,NOAA Mussel Watch,NOAA Mussel Watch,SCAK
Nationwide,Mussel Watch,2012,20.649999999999999,60.943489999999997,-146.676695499999994,Blue Mussel,Mytilus edulis,mussel,Bivalvia,Mussels,Background biomonitoring,EPGB,,ng/g,,Provided,Other,,,,,,,mussel,NOAA Mussel Watch,NOAA Mussel Watch,SCAK
Nationwide,Mussel Watch,2012,14.350000000000000,59.539130680000000,-151.476911300000012,Blue Mussel,Mytilus edulis,mussel,Bivalvia,Mussels,Background biomonitoring,KBCI,,ng/g,,Provided,Other,,,,,,,mussel,NOAA Mussel Watch,NOAA Mussel Watch,SCAK
Nationwide,Mussel Watch,2012,74.349999999999994,60.595230000000001,-145.734797700000001,Blue Mussel,Mytilus edulis,mussel,Bivalvia,Mussels,Background biomonitoring,EPOI,,ng/g,,Provided,Other,,,,,,,mussel,NOAA Mussel Watch,NOAA Mussel Watch,SCAK
Nationwide,Mussel Watch,2012,50.590000000000003,60.862139999999997,-146.244309100000009,Blue Mussel,Mytilus edulis,mussel,Bivalvia,Mussels,Background biomonitoring,EPPF,,ng/g,,Provided,Other,,,,,,,mussel,NOAA Mussel Watch,NOAA Mussel Watch,SCAK
Nationwide,Mussel Watch,2012,295.500000000000000,60.102080000000001,-149.364189500000009,Blue Mussel,Mytilus edulis,mussel,Bivalvia,Mussels,Background biomonitoring,RBLP,,ng/g,,Provided,Other,,,,,,,mussel,NOAA Mussel Watch,NOAA Mussel Watch,SCAK
Wetzel,"Dr Wetzel, Mote Marine Database",2008,,70.121840000000006,-159.634970000000010,Burbot,Lota lota,anadromous/freshwater fish,Chordata (Actinopterygii),Fish,,NPRA-10-0126,,ng/g,,Provided,Organ,,,,,,,anadromous/freshwater fish,Mote Marine Laboratory,Mote Marine Laboratory,North
Wetzel,"Dr Wetzel, Mote Marine Database",2008,,70.121840000000006,-159.634970000000010,Burbot,Lota lota,anadromous/freshwater fish,Chordata (Actinopterygii),Fish,,NPRA-10-0130,,ng/g,,Provided,Organ,,,,,,,anadromous/freshwater fish,Mote Marine Laboratory,Mote Marine Laboratory,North
Wetzel,"Dr Wetzel, Mote Marine Database",2012,,60.337800000000001,-151.875000000000000,Butter Sole,Isopsetta isolepis,flatfish,Chordata (Actinopterygii),Fish,,CIR-13-1394,,ng/g,,Provided,Whole Body,,,BDL,,,,flatfish,Mote Marine Laboratory,Mote Marine Laboratory,SCAK
Wetzel,"Dr Wetzel, Mote Marine Database",2012,,60.337800000000001,-151.875000000000000,Butter Sole,Isopsetta isolepis,flatfish,Chordata (Actinopterygii),Fish,,CIR-13-1407,,ng/g,,Provided,Whole Body,,,BDL,,,,flatfish,Mote Marine Laboratory,Mote Marine Laboratory,SCAK
Wetzel,"Dr Wetzel, Mote Marine Database",2012,,60.337800000000001,-151.875000000000000,Dover Sole,Microstomus pacificus,flatfish,Chordata (Actinopterygii),Fish,,CIR-13-1413,,ng/g,,Provided,Whole Body,,,BDL,,,,flatfish,Mote Marine Laboratory,Mote Marine Laboratory,SCAK
Wetzel,"Dr Wetzel, Mote Marine Database",2012,,60.337800000000001,-151.875000000000000,Eulachon (Hooligan),Thaleichthys pacificus,forage fish,Chordata (Actinopterygii),Fish,,CIR-13-1380,,ng/g,,Provided,Whole Body,,,BDL,,,,forage fish,Mote Marine Laboratory,Mote Marine Laboratory,SCAK
Wetzel,"Dr Wetzel, Mote Marine Database",2012,,60.337800000000001,-151.875000000000000,Eulachon (Hooligan),Thaleichthys pacificus,forage fish,Chordata (Actinopterygii),Fish,,CIR-13-1410A,,ng/g,,Provided,Whole Body,,,BDL,,,,forage fish,Mote Marine Laboratory,Mote Marine Laboratory,SCAK
Wetzel,"Dr Wetzel, Mote Marine Database",2012,,60.337800000000001,-151.875000000000000,Eulachon (Hooligan),Thaleichthys pacificus,forage fish,Chordata (Actinopterygii),Fish,,CIR-13-1410B,,ng/g,,Provided,Whole Body,,,BDL,,,,forage fish,Mote Marine Laboratory,Mote Marine Laboratory,SCAK
Wetzel,"Dr Wetzel, Mote Marine Database",2012,,60.337800000000001,-151.875000000000000,Eulachon (Hooligan),Thaleichthys pacificus,forage fish,Chordata (Actinopterygii),Fish,,CIR-13-1412A,,ng/g,,Provided,Whole Body,,,BDL,,,,forage fish,Mote Marine Laboratory,Mote Marine Laboratory,SCAK
Wetzel,"Dr Wetzel, Mote Marine Database",2012,,60.337800000000001,-151.875000000000000,Eulachon (Hooligan),Thaleichthys pacificus,forage fish,Chordata (Actinopterygii),Fish,,CIR-13-1412B,,ng/g,,Provided,Whole Body,,,BDL,,,,forage fish,Mote Marine Laboratory,Mote Marine Laboratory,SCAK
Wetzel,"Dr Wetzel, Mote Marine Database",2012,,60.337800000000001,-151.875000000000000,Eulachon (Hooligan),Thaleichthys pacificus,forage fish,Chordata (Actinopterygii),Fish,,CIR-13-1415,,ng/g,,Provided,Whole Body,,,BDL,,,,forage fish,Mote Marine Laboratory,Mote Marine Laboratory,SCAK
Wetzel,"Dr Wetzel, Mote Marine Database",2012,,60.337800000000001,-151.875000000000000,Eulachon (Hooligan),Thaleichthys pacificus,forage fish,Chordata (Actinopterygii),Fish,,CIR-13-1420A,,ng/g,,Provided,Whole Body,,,BDL,,,,forage fish,Mote Marine Laboratory,Mote Marine Laboratory,SCAK
Wetzel,"Dr Wetzel, Mote Marine Database",2012,,60.337800000000001,-151.875000000000000,Eulachon (Hooligan),Thaleichthys pacificus,forage fish,Chordata (Actinopterygii),Fish,,CIR-13-1420B,,ng/g,,Provided,Whole Body,,,BDL,,,,forage fish,Mote Marine Laboratory,Mote Marine Laboratory,SCAK
Wetzel,"Dr Wetzel, Mote Marine Database",2012,,60.337800000000001,-151.875000000000000,Flathead Sole,Hippoglossoides elassodon,flatfish,Chordata (Actinopterygii),Fish,,CIR-13-1393,,ng/g,,Provided,Whole Body,,,BDL,,,,flatfish,Mote Marine Laboratory,Mote Marine Laboratory,SCAK
Wetzel,"Dr Wetzel, Mote Marine Database",2012,,60.337800000000001,-151.875000000000000,Pacific Cod,Gadus macrocephalus,cod,Chordata (Actinopterygii),Fish,,CIR-13-1381A,,ng/g,,Provided,Whole Body,,,BDL,,,,cod,Mote Marine Laboratory,Mote Marine Laboratory,SCAK
Wetzel,"Dr Wetzel, Mote Marine Database",2012,,60.337800000000001,-151.875000000000000,Pacific Cod,Gadus macrocephalus,cod,Chordata (Actinopterygii),Fish,,CIR-13-1381B,,ng/g,,Provided,Whole Body,,,BDL,,,,cod,Mote Marine Laboratory,Mote Marine Laboratory,SCAK
Wetzel,"Dr Wetzel, Mote Marine Database",2012,,60.337800000000001,-151.875000000000000,Pacific Cod,Gadus macrocephalus,cod,Chordata (Actinopterygii),Fish,,CIR-13-1395A,,ng/g,,Provided,Whole Body,,,BDL,,,,cod,Mote Marine Laboratory,Mote Marine Laboratory,SCAK
Wetzel,"Dr Wetzel, Mote Marine Database",2012,,60.337800000000001,-151.875000000000000,Pacific Cod,Gadus macrocephalus,cod,Chordata (Actinopterygii),Fish,,CIR-13-1395B,,ng/g,,Provided,Whole Body,,,BDL,,,,cod,Mote Marine Laboratory,Mote Marine Laboratory,SCAK
Wetzel,"Dr Wetzel, Mote Marine Database",2012,,60.337800000000001,-151.875000000000000,Pacific Sandfish,Trichodon trichodon,forage fish,Chordata (Actinopterygii),Fish,,CIR-13-1409,,ng/g,,Provided,Whole Body,,,BDL,,,,forage fish,Mote Marine Laboratory,Mote Marine Laboratory,SCAK
Wetzel,"Dr Wetzel, Mote Marine Database",2012,,60.337800000000001,-151.875000000000000,Pacific Tom Cod,Microgadus proximus,cod,Chordata (Actinopterygii),Fish,,CIR-13-1371,,ng/g,,Provided,Whole Body,,,BDL,,,,cod,Mote Marine Laboratory,Mote Marine Laboratory,SCAK
Wetzel,"Dr Wetzel, Mote Marine Database",2012,,60.337800000000001,-151.875000000000000,Pacific Tom Cod,Microgadus proximus,cod,Chordata (Actinopterygii),Fish,,CIR-13-1386A,,ng/g,,Provided,Whole Body,,,BDL,,,,cod,Mote Marine Laboratory,Mote Marine Laboratory,SCAK
Wetzel,"Dr Wetzel, Mote Marine Database",2012,,60.337800000000001,-151.875000000000000,Pacific Tom Cod,Microgadus proximus,cod,Chordata (Actinopterygii),Fish,,CIR-13-1386B,,ng/g,,Provided,Whole Body,,,BDL,,,,cod,Mote Marine Laboratory,Mote Marine Laboratory,SCAK
Wetzel,"Dr Wetzel, Mote Marine Database",2012,,60.337800000000001,-151.875000000000000,Pacific Tom Cod,Microgadus proximus,cod,Chordata (Actinopterygii),Fish,,CIR-13-1396A,,ng/g,,Provided,Whole Body,,,BDL,,,,cod,Mote Marine Laboratory,Mote Marine Laboratory,SCAK
Wetzel,"Dr Wetzel, Mote Marine Database",2012,,60.337800000000001,-151.875000000000000,Pacific Tom Cod,Microgadus proximus,cod,Chordata (Actinopterygii),Fish,,CIR-13-1396B,,ng/g,,Provided,Whole Body,,,BDL,,,,cod,Mote Marine Laboratory,Mote Marine Laboratory,SCAK
Wetzel,"Dr Wetzel, Mote Marine Database",2012,,60.337800000000001,-151.875000000000000,Pacific Tom Cod,Microgadus proximus,cod,Chordata (Actinopterygii),Fish,,CIR-13-1400,,ng/g,,Provided,Whole Body,,,BDL,,,,cod,Mote Marine Laboratory,Mote Marine Laboratory,SCAK
Wetzel,"Dr Wetzel, Mote Marine Database",2012,,60.337800000000001,-151.875000000000000,Pacific Tom Cod,Microgadus proximus,cod,Chordata (Actinopterygii),Fish,,CIR-13-1418,,ng/g,,Provided,Whole Body,,,BDL,,,,cod,Mote Marine Laboratory,Mote Marine Laboratory,SCAK
Wetzel,"Dr Wetzel, Mote Marine Database",2009,,61.226100000000002,-149.892500000000013,Pink Salmon,Oncorhynchus gorbuscha,salmon,Chordata (Actinopterygii),Fish,,CIB-09-0482L,,ng/g,,Provided,Organ,,,BDL,,,,salmon,Mote Marine Laboratory,Mote Marine Laboratory,SCAK
Wetzel,"Dr Wetzel, Mote Marine Database",2008,,70.495800000000003,-157.393000000000001,Round Whitefish,Prosopium cylindraceum,anadromous/freshwater fish,Chordata (Actinopterygii),Fish,,NPRA-08-0092,,ng/g,,Provided,Organ,,,BDL,,,,anadromous/freshwater fish,Mote Marine Laboratory,Mote Marine Laboratory,North
Wetzel,"Dr Wetzel, Mote Marine Database",2008,,70.495800000000003,-157.393000000000001,Round Whitefish,Prosopium cylindraceum,anadromous/freshwater fish,Chordata (Actinopterygii),Fish,,NPRA-08-0094,,ng/g,,Provided,Organ,,,BDL,,,,anadromous/freshwater fish,Mote Marine Laboratory,Mote Marine Laboratory,North
Wetzel,"Dr Wetzel, Mote Marine Database",2008,,70.495800000000003,-157.393000000000001,Round Whitefish,Prosopium cylindraceum,anadromous/freshwater fish,Chordata (Actinopterygii),Fish,,NPRA-08-0096,,ng/g,,Provided,Organ,,,BDL,,,,anadromous/freshwater fish,Mote Marine Laboratory,Mote Marine Laboratory,North
Wetzel,"Dr Wetzel, Mote Marine Database",2008,,70.495800000000003,-157.393000000000001,Round Whitefish,Prosopium cylindraceum,anadromous/freshwater fish,Chordata (Actinopterygii),Fish,,NPRA-08-0098,,ng/g,,Provided,Organ,,,BDL,,,,anadromous/freshwater fish,Mote Marine Laboratory,Mote Marine Laboratory,North
Wetzel,"Dr Wetzel, Mote Marine Database",2008,,70.495800000000003,-157.393000000000001,Round Whitefish,Prosopium cylindraceum,anadromous/freshwater fish,Chordata (Actinopterygii),Fish,,NPRA-08-0100,,ng/g,,Provided,Organ,,,BDL,,,,anadromous/freshwater fish,Mote Marine Laboratory,Mote Marine Laboratory,North
Wetzel,"Dr Wetzel, Mote Marine Database",2008,,70.495800000000003,-157.393000000000001,Round Whitefish,Prosopium cylindraceum,anadromous/freshwater fish,Chordata (Actinopterygii),Fish,,NPRA-08-0104,,ng/g,,Provided,Organ,,,BDL,,,,anadromous/freshwater fish,Mote Marine Laboratory,Mote Marine Laboratory,North
Wetzel,"Dr Wetzel, Mote Marine Database",2008,,70.495800000000003,-157.393000000000001,Round Whitefish,Prosopium cylindraceum,anadromous/freshwater fish,Chordata (Actinopterygii),Fish,,NPRA-08-0108,,ng/g,,Provided,Organ,,,BDL,,,,anadromous/freshwater fish,Mote Marine Laboratory,Mote Marine Laboratory,North
Wetzel,"Dr Wetzel, Mote Marine Database",2008,,70.495800000000003,-157.393000000000001,Round Whitefish,Prosopium cylindraceum,anadromous/freshwater fish,Chordata (Actinopterygii),Fish,,NPRA-08-0110,,ng/g,,Provided,Organ,,,BDL,,,,anadromous/freshwater fish,Mote Marine Laboratory,Mote Marine Laboratory,North
Wetzel,"Dr Wetzel, Mote Marine Database",2006,,70.823599999999999,-154.302500000000009,Round Whitefish,Prosopium cylindraceum,anadromous/freshwater fish,Chordata (Actinopterygii),Fish,,NPRA-06-4286,,ng/g,,Provided,Organ,,,BDL,,,,anadromous/freshwater fish,Mote Marine Laboratory,Mote Marine Laboratory,North
Wetzel,"Dr Wetzel, Mote Marine Database",2006,,70.823599999999999,-154.302500000000009,Round Whitefish,Prosopium cylindraceum,anadromous/freshwater fish,Chordata (Actinopterygii),Fish,,NPRA-06-4302,,ng/g,,Provided,Organ,,,BDL,,,,anadromous/freshwater fish,Mote Marine Laboratory,Mote Marine Laboratory,North
Wetzel,"Dr Wetzel, Mote Marine Database",2008,,70.495800000000003,-157.393000000000001,Round Whitefish,Prosopium cylindraceum,anadromous/freshwater fish,Chordata (Actinopterygii),Fish,,NPRA-10-0093,,ng/g,,Provided,Muscle,,,BDL,,,,anadromous/freshwater fish,Mote Marine Laboratory,Mote Marine Laboratory,North
Wetzel,"Dr Wetzel, Mote Marine Database",2008,,70.495800000000003,-157.393000000000001,Round Whitefish,Prosopium cylindraceum,anadromous/freshwater fish,Chordata (Actinopterygii),Fish,,NPRA-10-0097,,ng/g,,Provided,Muscle,,,BDL,,,,anadromous/freshwater fish,Mote Marine Laboratory,Mote Marine Laboratory,North
Wetzel,"Dr Wetzel, Mote Marine Database",2008,,70.495800000000003,-157.393000000000001,Round Whitefish,Prosopium cylindraceum,anadromous/freshwater fish,Chordata (Actinopterygii),Fish,,NPRA-10-0103,,ng/g,,Provided,Muscle,,,BDL,,,,anadromous/freshwater fish,Mote Marine Laboratory,Mote Marine Laboratory,North
Wetzel,"Dr Wetzel, Mote Marine Database",2008,,70.495800000000003,-157.393000000000001,Round Whitefish,Prosopium cylindraceum,anadromous/freshwater fish,Chordata (Actinopterygii),Fish,,NPRA-10-0107,,ng/g,,Provided,Muscle,,,BDL,,,,anadromous/freshwater fish,Mote Marine Laboratory,Mote Marine Laboratory,North
Wetzel,"Dr Wetzel, Mote Marine Database",2008,,70.495800000000003,-157.393000000000001,Round Whitefish,Prosopium cylindraceum,anadromous/freshwater fish,Chordata (Actinopterygii),Fish,,NPRA-10-0109,,ng/g,,Provided,Muscle,,,BDL,,,,anadromous/freshwater fish,Mote Marine Laboratory,Mote Marine Laboratory,North
Wetzel,"Dr Wetzel, Mote Marine Database",2006,,70.823599999999999,-154.302500000000009,Round Whitefish,Prosopium cylindraceum,anadromous/freshwater fish,Chordata (Actinopterygii),Fish,,NPRA-06-4285,,ng/g,,Provided,Muscle,,,BDL,,,,anadromous/freshwater fish,Mote Marine Laboratory,Mote Marine Laboratory,North
Wetzel,"Dr Wetzel, Mote Marine Database",2006,,70.823599999999999,-154.302500000000009,Round Whitefish,Prosopium cylindraceum,anadromous/freshwater fish,Chordata (Actinopterygii),Fish,,NPRA-06-4301,,ng/g,,Provided,Muscle,,,BDL,,,,anadromous/freshwater fish,Mote Marine Laboratory,Mote Marine Laboratory,North
Wetzel,"Dr Wetzel, Mote Marine Database",2012,,60.337800000000001,-151.875000000000000,Pacific Sandfish,Trichodon trichodon,forage fish,Chordata (Actinopterygii),Fish,,CIR-13-1383,,ng/g,,Provided,Whole Body,,,BDL,,,,forage fish,Mote Marine Laboratory,Mote Marine Laboratory,SCAK
Wetzel,"Dr Wetzel, Mote Marine Database",2012,,60.337800000000001,-151.875000000000000,Pacific Sandfish,Trichodon trichodon,forage fish,Chordata (Actinopterygii),Fish,,CIR-13-1390,,ng/g,,Provided,Whole Body,,,BDL,,,,forage fish,Mote Marine Laboratory,Mote Marine Laboratory,SCAK
Wetzel,"Dr Wetzel, Mote Marine Database",2012,,60.337800000000001,-151.875000000000000,Pacific Sandfish,Trichodon trichodon,forage fish,Chordata (Actinopterygii),Fish,,CIR-13-1403,,ng/g,,Provided,Whole Body,,,BDL,,,,forage fish,Mote Marine Laboratory,Mote Marine Laboratory,SCAK
Wetzel,"Dr Wetzel, Mote Marine Database",2012,,60.337800000000001,-151.875000000000000,Pacific Sandfish,Trichodon trichodon,forage fish,Chordata (Actinopterygii),Fish,,CIR-13-1406,,ng/g,,Provided,Whole Body,,,BDL,,,,forage fish,Mote Marine Laboratory,Mote Marine Laboratory,SCAK
Wetzel,"Dr Wetzel, Mote Marine Database",2012,,60.337800000000001,-151.875000000000000,Pacific Sandfish,Trichodon trichodon,forage fish,Chordata (Actinopterygii),Fish,,CIR-13-1414,,ng/g,,Provided,Whole Body,,,BDL,,,,forage fish,Mote Marine Laboratory,Mote Marine Laboratory,SCAK
Wetzel,"Dr Wetzel, Mote Marine Database",2012,,60.337800000000001,-151.875000000000000,Pacific Sandfish,Trichodon trichodon,forage fish,Chordata (Actinopterygii),Fish,,CIR-13-1421,,ng/g,,Provided,Whole Body,,,BDL,,,,forage fish,Mote Marine Laboratory,Mote Marine Laboratory,SCAK
Wetzel,"Dr Wetzel, Mote Marine Database",2008,,70.121840000000006,-159.634970000000010,Sculpin,Cottidae,other fish,Chordata (Actinopterygii),Fish,,NPRA-08-0164,,ng/g,,Provided,Organ,,,BDL,,,,other fish,Mote Marine Laboratory,Mote Marine Laboratory,North
Wetzel,"Dr Wetzel, Mote Marine Database",2012,,60.337800000000001,-151.875000000000000,Snailfish,Liparidae,other fish,Chordata (Actinopterygii),Fish,,CIR-13-1372A,,ng/g,,Provided,Whole Body,,,BDL,,,,other fish,Mote Marine Laboratory,Mote Marine Laboratory,SCAK
Wetzel,"Dr Wetzel, Mote Marine Database",2012,,60.337800000000001,-151.875000000000000,Snailfish,Liparidae,other fish,Chordata (Actinopterygii),Fish,,CIR-13-1372B,,ng/g,,Provided,Whole Body,,,BDL,,,,other fish,Mote Marine Laboratory,Mote Marine Laboratory,SCAK
Wetzel,"Dr Wetzel, Mote Marine Database",2012,,60.337800000000001,-151.875000000000000,Snailfish,Liparidae,other fish,Chordata (Actinopterygii),Fish,,CIR-13-1377,,ng/g,,Provided,Whole Body,,,BDL,,,,other fish,Mote Marine Laboratory,Mote Marine Laboratory,SCAK
Wetzel,"Dr Wetzel, Mote Marine Database",2012,,60.337800000000001,-151.875000000000000,Snailfish,Liparidae,other fish,Chordata (Actinopterygii),Fish,,CIR-13-1389A,,ng/g,,Provided,Whole Body,,,BDL,,,,other fish,Mote Marine Laboratory,Mote Marine Laboratory,SCAK
Wetzel,"Dr Wetzel, Mote Marine Database",2012,,60.337800000000001,-151.875000000000000,Snailfish,Liparidae,other fish,Chordata (Actinopterygii),Fish,,CIR-13-1389B,,ng/g,,Provided,Whole Body,,,BDL,,,,other fish,Mote Marine Laboratory,Mote Marine Laboratory,SCAK
Wetzel,"Dr Wetzel, Mote Marine Database",2012,,60.337800000000001,-151.875000000000000,Starry Flounder,Platichthys stellatus,flatfish,Chordata (Actinopterygii),Fish,,CIR-13-1385,,ng/g,,Provided,Whole Body,,,BDL,,,,flatfish,Mote Marine Laboratory,Mote Marine Laboratory,SCAK
Wetzel,"Dr Wetzel, Mote Marine Database",2012,,60.337800000000001,-151.875000000000000,Starry Flounder,Platichthys stellatus,flatfish,Chordata (Actinopterygii),Fish,,CIR-13-1398,,ng/g,,Provided,Whole Body,,,BDL,,,,flatfish,Mote Marine Laboratory,Mote Marine Laboratory,SCAK
Wetzel,"Dr Wetzel, Mote Marine Database",2012,,60.337800000000001,-151.875000000000000,Starry Flounder,Platichthys stellatus,flatfish,Chordata (Actinopterygii),Fish,,CIR-13-1408,,ng/g,,Provided,Whole Body,,,BDL,,,,flatfish,Mote Marine Laboratory,Mote Marine Laboratory,SCAK
Wetzel,"Dr Wetzel, Mote Marine Database",2012,,60.337800000000001,-151.875000000000000,Walleye Pollock,Gadus chalcogrammus,cod,Chordata (Actinopterygii),Fish,,CIR-13-1384A,,ng/g,,Provided,Whole Body,,,BDL,,,,cod,Mote Marine Laboratory,Mote Marine Laboratory,SCAK
Wetzel,"Dr Wetzel, Mote Marine Database",2012,,60.337800000000001,-151.875000000000000,Walleye Pollock,Gadus chalcogrammus,cod,Chordata (Actinopterygii),Fish,,CIR-13-1384B,,ng/g,,Provided,Whole Body,,,BDL,,,,cod,Mote Marine Laboratory,Mote Marine Laboratory,SCAK
Wetzel,"Dr Wetzel, Mote Marine Database",2012,,60.337800000000001,-151.875000000000000,Walleye Pollock,Gadus chalcogrammus,cod,Chordata (Actinopterygii),Fish,,CIR-13-1387A,,ng/g,,Provided,Whole Body,,,BDL,,,,cod,Mote Marine Laboratory,Mote Marine Laboratory,SCAK
Wetzel,"Dr Wetzel, Mote Marine Database",2012,,60.337800000000001,-151.875000000000000,Walleye Pollock,Gadus chalcogrammus,cod,Chordata (Actinopterygii),Fish,,CIR-13-1387B,,ng/g,,Provided,Whole Body,,,BDL,,,,cod,Mote Marine Laboratory,Mote Marine Laboratory,SCAK
Wetzel,"Dr Wetzel, Mote Marine Database",2012,,60.337800000000001,-151.875000000000000,Walleye Pollock,Gadus chalcogrammus,cod,Chordata (Actinopterygii),Fish,,CIR-13-1392A,,ng/g,,Provided,Whole Body,,,BDL,,,,cod,Mote Marine Laboratory,Mote Marine Laboratory,SCAK
Wetzel,"Dr Wetzel, Mote Marine Database",2012,,60.337800000000001,-151.875000000000000,Walleye Pollock,Gadus chalcogrammus,cod,Chordata (Actinopterygii),Fish,,CIR-13-1392B,,ng/g,,Provided,Whole Body,,,BDL,,,,cod,Mote Marine Laboratory,Mote Marine Laboratory,SCAK
Wetzel,"Dr Wetzel, Mote Marine Database",2012,,60.337800000000001,-151.875000000000000,Sandshrimp,Crangon septemspinosa,shrimp,Decapoda,Crabs/ Shrimp,,CIR-13-1376A,,ng/g,,Provided,Whole Body,,,BDL,,,,shrimp,Mote Marine Laboratory,Mote Marine Laboratory,SCAK
Wetzel,"Dr Wetzel, Mote Marine Database",2012,,60.337800000000001,-151.875000000000000,Sandshrimp,Crangon septemspinosa,shrimp,Decapoda,Crabs/ Shrimp,,CIR-13-1376B,,ng/g,,Provided,Whole Body,,,BDL,,,,shrimp,Mote Marine Laboratory,Mote Marine Laboratory,SCAK
Wetzel,"Dr Wetzel, Mote Marine Database",2012,,60.337800000000001,-151.875000000000000,Sandshrimp,Crangon septemspinosa,shrimp,Decapoda,Crabs/ Shrimp,,CIR-13-1378,,ng/g,,Provided,Whole Body,,,BDL,,,,shrimp,Mote Marine Laboratory,Mote Marine Laboratory,SCAK
Wetzel,"Dr Wetzel, Mote Marine Database",2012,,60.337800000000001,-151.875000000000000,Sandshrimp,Crangon septemspinosa,shrimp,Decapoda,Crabs/ Shrimp,,CIR-13-1391A,,ng/g,,Provided,Whole Body,,,BDL,,,,shrimp,Mote Marine Laboratory,Mote Marine Laboratory,SCAK
Wetzel,"Dr Wetzel, Mote Marine Database",2012,,60.337800000000001,-151.875000000000000,Sandshrimp,Crangon septemspinosa,shrimp,Decapoda,Crabs/ Shrimp,,CIR-13-1391B,,ng/g,,Provided,Whole Body,,,BDL,,,,shrimp,Mote Marine Laboratory,Mote Marine Laboratory,SCAK
Wetzel,"Dr Wetzel, Mote Marine Database",2012,,60.337800000000001,-151.875000000000000,Sandshrimp,Crangon septemspinosa,shrimp,Decapoda,Crabs/ Shrimp,,CIR-13-1402,,ng/g,,Provided,Whole Body,,,BDL,,,,shrimp,Mote Marine Laboratory,Mote Marine Laboratory,SCAK
Wetzel,"Dr Wetzel, Mote Marine Database",2012,,60.337800000000001,-151.875000000000000,Sandshrimp,Crangon septemspinosa,shrimp,Decapoda,Crabs/ Shrimp,,CIR-13-1411A,,ng/g,,Provided,Whole Body,,,BDL,,,,shrimp,Mote Marine Laboratory,Mote Marine Laboratory,SCAK
Wetzel,"Dr Wetzel, Mote Marine Database",2012,,60.337800000000001,-151.875000000000000,Sandshrimp,Crangon septemspinosa,shrimp,Decapoda,Crabs/ Shrimp,,CIR-13-1411B,,ng/g,,Provided,Whole Body,,,BDL,,,,shrimp,Mote Marine Laboratory,Mote Marine Laboratory,SCAK
Wetzel,"Dr Wetzel, Mote Marine Database",2012,,60.337800000000001,-151.875000000000000,Sandshrimp,Crangon septemspinosa,shrimp,Decapoda,Crabs/ Shrimp,,CIR-13-1416,,ng/g,,Provided,Whole Body,,,BDL,,,,shrimp,Mote Marine Laboratory,Mote Marine Laboratory,SCAK
Wetzel,"Dr Wetzel, Mote Marine Database",2012,,60.337800000000001,-151.875000000000000,Sandshrimp,Crangon septemspinosa,shrimp,Decapoda,Crabs/ Shrimp,,CIR-13-1419,,ng/g,,Provided,Whole Body,,,BDL,,,,shrimp,Mote Marine Laboratory,Mote Marine Laboratory,SCAK
Wetzel,"Dr Wetzel, Mote Marine Database",2005,,64.503900000000002,-165.399400000000014,Seal,Phocidae,pinnipeds,Chordata (Mammalia),Seals/ Whales,,PBFA-05-4703,,ng/g,,Provided,Fat,,,,,,,pinnipeds,Mote Marine Laboratory,Mote Marine Laboratory,West
Wetzel,"Dr Wetzel, Mote Marine Database",2005,,64.503900000000002,-165.399400000000014,Ringed Seal,Pusa hispida,seal,Chordata (Mammalia),Seals/ Whales,,PBFA-05-4700,,ng/g,,Provided,Fat,,,,,,,seal,Mote Marine Laboratory,Mote Marine Laboratory,West
Wetzel,"Dr Wetzel, Mote Marine Database",2005,,64.503900000000002,-165.399400000000014,Ringed Seal,Pusa hispida,seal,Chordata (Mammalia),Seals/ Whales,,PBFA-05-4701,,ng/g,,Provided,Fat,,,,,,,seal,Mote Marine Laboratory,Mote Marine Laboratory,West
Wetzel,"Dr Wetzel, Mote Marine Database",2005,,71.290599999999998,-156.788600000000002,Ringed Seal,Pusa hispida,seal,Chordata (Mammalia),Seals/ Whales,,PBFA-07-0001,,ng/g,,Provided,Fat,,,,,,,seal,Mote Marine Laboratory,Mote Marine Laboratory,North
Wetzel,"Dr Wetzel, Mote Marine Database",2005,,71.290599999999998,-156.788600000000002,Ringed Seal,Pusa hispida,seal,Chordata (Mammalia),Seals/ Whales,,PBFA-07-0002,,ng/g,,Provided,Fat,,,,,,,seal,Mote Marine Laboratory,Mote Marine Laboratory,North
Wetzel,"Dr Wetzel, Mote Marine Database",2005,,71.290599999999998,-156.788600000000002,Ringed Seal,Pusa hispida,seal,Chordata (Mammalia),Seals/ Whales,,PBFA-07-0003,,ng/g,,Provided,Fat,,,,,,,seal,Mote Marine Laboratory,Mote Marine Laboratory,North
Wetzel,"Dr Wetzel, Mote Marine Database",2005,,64.503900000000002,-165.399400000000014,Bearded Seal,Erignathus barbatus,seal,Chordata (Mammalia),Seals/ Whales,,PBFA-05-4702,,ng/g,,Provided,Fat,,,,,,,seal,Mote Marine Laboratory,Mote Marine Laboratory,West
Wetzel,"Dr Wetzel, Mote Marine Database",2005,,71.290599999999998,-156.788600000000002,Bearded Seal,Erignathus barbatus,seal,Chordata (Mammalia),Seals/ Whales,,PBFA-05-4704,,ng/g,,Provided,Fat,,,,,,,seal,Mote Marine Laboratory,Mote Marine Laboratory,North
Wetzel,"Dr Wetzel, Mote Marine Database",2005,,71.290599999999998,-156.788600000000002,Bearded Seal,Erignathus barbatus,seal,Chordata (Mammalia),Seals/ Whales,,PBFA-05-4705,,ng/g,,Provided,Fat,,,,,,,seal,Mote Marine Laboratory,Mote Marine Laboratory,North
Wetzel,"Dr Wetzel, Mote Marine Database",2005,,71.290599999999998,-156.788600000000002,Bearded Seal,Erignathus barbatus,seal,Chordata (Mammalia),Seals/ Whales,,PBFA-05-4706,,ng/g,,Provided,Fat,,,,,,,seal,Mote Marine Laboratory,Mote Marine Laboratory,North
Wetzel,"Dr Wetzel, Mote Marine Database",2002,,71.290599999999998,-156.788600000000002,Bowhead,Balaena mysticetus,whale,Chordata (Mammalia),Seals/ Whales,,02B1,,ng/g,,Provided,Other,,,BDL,,,,whale,Mote Marine Laboratory,Mote Marine Laboratory,North
Wetzel,"Dr Wetzel, Mote Marine Database",2003,,71.290599999999998,-156.788600000000002,Bowhead,Balaena mysticetus,whale,Chordata (Mammalia),Seals/ Whales,,03B11,,ng/g,,Provided,Other,,,BDL,,,,whale,Mote Marine Laboratory,Mote Marine Laboratory,North
Wetzel,"Dr Wetzel, Mote Marine Database",2003,,71.290599999999998,-156.788600000000002,Bowhead,Balaena mysticetus,whale,Chordata (Mammalia),Seals/ Whales,,03B12,,ng/g,,Provided,Other,,,BDL,,,,whale,Mote Marine Laboratory,Mote Marine Laboratory,North
Wetzel,"Dr Wetzel, Mote Marine Database",2003,,71.290599999999998,-156.788600000000002,Bowhead,Balaena mysticetus,whale,Chordata (Mammalia),Seals/ Whales,,03B15,,ng/g,,Provided,Other,,,BDL,,,,whale,Mote Marine Laboratory,Mote Marine Laboratory,North
Wetzel,"Dr Wetzel, Mote Marine Database",2003,,71.290599999999998,-156.788600000000002,Bowhead,Balaena mysticetus,whale,Chordata (Mammalia),Seals/ Whales,,03B2,,ng/g,,Provided,Other,,,BDL,,,,whale,Mote Marine Laboratory,Mote Marine Laboratory,North
Wetzel,"Dr Wetzel, Mote Marine Database",2003,,71.290599999999998,-156.788600000000002,Bowhead,Balaena mysticetus,whale,Chordata (Mammalia),Seals/ Whales,,03B3,,ng/g,,Provided,Other,,,BDL,,,,whale,Mote Marine Laboratory,Mote Marine Laboratory,North
Wetzel,"Dr Wetzel, Mote Marine Database",2003,,71.290599999999998,-156.788600000000002,Bowhead,Balaena mysticetus,whale,Chordata (Mammalia),Seals/ Whales,,03B4,,ng/g,,Provided,Other,,,BDL,,,,whale,Mote Marine Laboratory,Mote Marine Laboratory,North
Wetzel,"Dr Wetzel, Mote Marine Database",2003,,71.290599999999998,-156.788600000000002,Bowhead,Balaena mysticetus,whale,Chordata (Mammalia),Seals/ Whales,,03B5,,ng/g,,Provided,Other,,,BDL,,,,whale,Mote Marine Laboratory,Mote Marine Laboratory,North
Wetzel,"Dr Wetzel, Mote Marine Database",2003,,71.290599999999998,-156.788600000000002,Bowhead,Balaena mysticetus,whale,Chordata (Mammalia),Seals/ Whales,,03B6,,ng/g,,Provided,Other,,,BDL,,,,whale,Mote Marine Laboratory,Mote Marine Laboratory,North
Wetzel,"Dr Wetzel, Mote Marine Database",2003,,71.290599999999998,-156.788600000000002,Bowhead,Balaena mysticetus,whale,Chordata (Mammalia),Seals/ Whales,,03B7,,ng/g,,Provided,Other,,,BDL,,,,whale,Mote Marine Laboratory,Mote Marine Laboratory,North
Wetzel,"Dr Wetzel, Mote Marine Database",2003,,71.290599999999998,-156.788600000000002,Bowhead,Balaena mysticetus,whale,Chordata (Mammalia),Seals/ Whales,,03B8,,ng/g,,Provided,Other,,,BDL,,,,whale,Mote Marine Laboratory,Mote Marine Laboratory,North
Wetzel,"Dr Wetzel, Mote Marine Database",2004,,71.290599999999998,-156.788600000000002,Bowhead,Balaena mysticetus,whale,Chordata (Mammalia),Seals/ Whales,,04B?,,ng/g,,Provided,Other,,,BDL,,,,whale,Mote Marine Laboratory,Mote Marine Laboratory,North
Wetzel,"Dr Wetzel, Mote Marine Database",2005,,71.290599999999998,-156.788600000000002,Bowhead,Balaena mysticetus,whale,Chordata (Mammalia),Seals/ Whales,,05B1,,ng/g,,Provided,Other,,,BDL,,,,whale,Mote Marine Laboratory,Mote Marine Laboratory,North
Wetzel,"Dr Wetzel, Mote Marine Database",2005,,71.290599999999998,-156.788600000000002,Bowhead,Balaena mysticetus,whale,Chordata (Mammalia),Seals/ Whales,,05B12,,ng/g,,Provided,Other,,,BDL,,,,whale,Mote Marine Laboratory,Mote Marine Laboratory,North
Wetzel,"Dr Wetzel, Mote Marine Database",2005,,71.290599999999998,-156.788600000000002,Bowhead,Balaena mysticetus,whale,Chordata (Mammalia),Seals/ Whales,,05B19,,ng/g,,Provided,Other,,,BDL,,,,whale,Mote Marine Laboratory,Mote Marine Laboratory,North
Wetzel,"Dr Wetzel, Mote Marine Database",2005,,71.290599999999998,-156.788600000000002,Bowhead,Balaena mysticetus,whale,Chordata (Mammalia),Seals/ Whales,,05B2,,ng/g,,Provided,Other,,,BDL,,,,whale,Mote Marine Laboratory,Mote Marine Laboratory,North
Wetzel,"Dr Wetzel, Mote Marine Database",2005,,71.290599999999998,-156.788600000000002,Bowhead,Balaena mysticetus,whale,Chordata (Mammalia),Seals/ Whales,,05B29,,ng/g,,Provided,Other,,,BDL,,,,whale,Mote Marine Laboratory,Mote Marine Laboratory,North
Wetzel,"Dr Wetzel, Mote Marine Database",2006,,71.290599999999998,-156.788600000000002,Bowhead,Balaena mysticetus,whale,Chordata (Mammalia),Seals/ Whales,,06-B1,,ng/g,,Provided,Other,,,BDL,,,,whale,Mote Marine Laboratory,Mote Marine Laboratory,North
Wetzel,"Dr Wetzel, Mote Marine Database",2006,,71.290599999999998,-156.788600000000002,Bowhead,Balaena mysticetus,whale,Chordata (Mammalia),Seals/ Whales,,06B16,,ng/g,,Provided,Other,,,BDL,,,,whale,Mote Marine Laboratory,Mote Marine Laboratory,North
Wetzel,"Dr Wetzel, Mote Marine Database",2006,,71.290599999999998,-156.788600000000002,Bowhead,Balaena mysticetus,whale,Chordata (Mammalia),Seals/ Whales,,06B17,,ng/g,,Provided,Other,,,BDL,,,,whale,Mote Marine Laboratory,Mote Marine Laboratory,North
Wetzel,"Dr Wetzel, Mote Marine Database",2006,,71.290599999999998,-156.788600000000002,Bowhead,Balaena mysticetus,whale,Chordata (Mammalia),Seals/ Whales,,06B19,,ng/g,,Provided,Other,,,BDL,,,,whale,Mote Marine Laboratory,Mote Marine Laboratory,North
Wetzel,"Dr Wetzel, Mote Marine Database",2006,,71.290599999999998,-156.788600000000002,Bowhead,Balaena mysticetus,whale,Chordata (Mammalia),Seals/ Whales,,06B20,,ng/g,,Provided,Other,,,BDL,,,,whale,Mote Marine Laboratory,Mote Marine Laboratory,North
Wetzel,"Dr Wetzel, Mote Marine Database",2006,,71.290599999999998,-156.788600000000002,Bowhead,Balaena mysticetus,whale,Chordata (Mammalia),Seals/ Whales,,06B21,,ng/g,,Provided,Other,,,BDL,,,,whale,Mote Marine Laboratory,Mote Marine Laboratory,North
Wetzel,"Dr Wetzel, Mote Marine Database",2002,,71.290599999999998,-156.788600000000002,Bowhead,Balaena mysticetus,whale,Chordata (Mammalia),Seals/ Whales,,02B1,,ng/g,,Provided,Fat,,,BDL,,,,whale,Mote Marine Laboratory,Mote Marine Laboratory,North
Wetzel,"Dr Wetzel, Mote Marine Database",2002,,71.290599999999998,-156.788600000000002,Bowhead,Balaena mysticetus,whale,Chordata (Mammalia),Seals/ Whales,,02B2,,ng/g,,Provided,Fat,,,BDL,,,,whale,Mote Marine Laboratory,Mote Marine Laboratory,North
Wetzel,"Dr Wetzel, Mote Marine Database",2002,,71.290599999999998,-156.788600000000002,Bowhead,Balaena mysticetus,whale,Chordata (Mammalia),Seals/ Whales,,02B3,,ng/g,,Provided,Fat,,,BDL,,,,whale,Mote Marine Laboratory,Mote Marine Laboratory,North
Wetzel,"Dr Wetzel, Mote Marine Database",2002,,71.290599999999998,-156.788600000000002,Bowhead,Balaena mysticetus,whale,Chordata (Mammalia),Seals/ Whales,,02B4,,ng/g,,Provided,Fat,,,BDL,,,,whale,Mote Marine Laboratory,Mote Marine Laboratory,North
Wetzel,"Dr Wetzel, Mote Marine Database",2002,,71.290599999999998,-156.788600000000002,Bowhead,Balaena mysticetus,whale,Chordata (Mammalia),Seals/ Whales,,02B5,,ng/g,,Provided,Fat,,,BDL,,,,whale,Mote Marine Laboratory,Mote Marine Laboratory,North
Wetzel,"Dr Wetzel, Mote Marine Database",2003,,71.290599999999998,-156.788600000000002,Bowhead,Balaena mysticetus,whale,Chordata (Mammalia),Seals/ Whales,,03B11,,ng/g,,Provided,Fat,,,BDL,,,,whale,Mote Marine Laboratory,Mote Marine Laboratory,North
Wetzel,"Dr Wetzel, Mote Marine Database",2003,,71.290599999999998,-156.788600000000002,Bowhead,Balaena mysticetus,whale,Chordata (Mammalia),Seals/ Whales,,03B12,,ng/g,,Provided,Fat,,,BDL,,,,whale,Mote Marine Laboratory,Mote Marine Laboratory,North
Wetzel,"Dr Wetzel, Mote Marine Database",2003,,71.290599999999998,-156.788600000000002,Bowhead,Balaena mysticetus,whale,Chordata (Mammalia),Seals/ Whales,,03B13,,ng/g,,Provided,Fat,,,BDL,,,,whale,Mote Marine Laboratory,Mote Marine Laboratory,North
Wetzel,"Dr Wetzel, Mote Marine Database",2003,,71.290599999999998,-156.788600000000002,Bowhead,Balaena mysticetus,whale,Chordata (Mammalia),Seals/ Whales,,03B15,,ng/g,,Provided,Fat,,,BDL,,,,whale,Mote Marine Laboratory,Mote Marine Laboratory,North
Wetzel,"Dr Wetzel, Mote Marine Database",2003,,71.290599999999998,-156.788600000000002,Bowhead,Balaena mysticetus,whale,Chordata (Mammalia),Seals/ Whales,,03B2,,ng/g,,Provided,Fat,,,BDL,,,,whale,Mote Marine Laboratory,Mote Marine Laboratory,North
Wetzel,"Dr Wetzel, Mote Marine Database",2003,,71.290599999999998,-156.788600000000002,Bowhead,Balaena mysticetus,whale,Chordata (Mammalia),Seals/ Whales,,03B3,,ng/g,,Provided,Fat,,,BDL,,,,whale,Mote Marine Laboratory,Mote Marine Laboratory,North
Wetzel,"Dr Wetzel, Mote Marine Database",2003,,71.290599999999998,-156.788600000000002,Bowhead,Balaena mysticetus,whale,Chordata (Mammalia),Seals/ Whales,,03B4,,ng/g,,Provided,Fat,,,BDL,,,,whale,Mote Marine Laboratory,Mote Marine Laboratory,North
Wetzel,"Dr Wetzel, Mote Marine Database",2003,,71.290599999999998,-156.788600000000002,Bowhead,Balaena mysticetus,whale,Chordata (Mammalia),Seals/ Whales,,03B5,,ng/g,,Provided,Fat,,,BDL,,,,whale,Mote Marine Laboratory,Mote Marine Laboratory,North
Wetzel,"Dr Wetzel, Mote Marine Database",2003,,71.290599999999998,-156.788600000000002,Bowhead,Balaena mysticetus,whale,Chordata (Mammalia),Seals/ Whales,,03B6,,ng/g,,Provided,Fat,,,BDL,,,,whale,Mote Marine Laboratory,Mote Marine Laboratory,North
Wetzel,"Dr Wetzel, Mote Marine Database",2003,,71.290599999999998,-156.788600000000002,Bowhead,Balaena mysticetus,whale,Chordata (Mammalia),Seals/ Whales,,03B7,,ng/g,,Provided,Fat,,,BDL,,,,whale,Mote Marine Laboratory,Mote Marine Laboratory,North
Wetzel,"Dr Wetzel, Mote Marine Database",2003,,71.290599999999998,-156.788600000000002,Bowhead,Balaena mysticetus,whale,Chordata (Mammalia),Seals/ Whales,,03B8,,ng/g,,Provided,Fat,,,BDL,,,,whale,Mote Marine Laboratory,Mote Marine Laboratory,North
Wetzel,"Dr Wetzel, Mote Marine Database",2003,,71.290599999999998,-156.788600000000002,Bowhead,Balaena mysticetus,whale,Chordata (Mammalia),Seals/ Whales,,03B9,,ng/g,,Provided,Fat,,,BDL,,,,whale,Mote Marine Laboratory,Mote Marine Laboratory,North
Wetzel,"Dr Wetzel, Mote Marine Database",2004,,71.290599999999998,-156.788600000000002,Bowhead,Balaena mysticetus,whale,Chordata (Mammalia),Seals/ Whales,,04B?,,ng/g,,Provided,Fat,,,BDL,,,,whale,Mote Marine Laboratory,Mote Marine Laboratory,North
Wetzel,"Dr Wetzel, Mote Marine Database",2004,,71.290599999999998,-156.788600000000002,Bowhead,Balaena mysticetus,whale,Chordata (Mammalia),Seals/ Whales,,04b14,,ng/g,,Provided,Fat,,,BDL,,,,whale,Mote Marine Laboratory,Mote Marine Laboratory,North
Wetzel,"Dr Wetzel, Mote Marine Database",2005,,71.290599999999998,-156.788600000000002,Bowhead,Balaena mysticetus,whale,Chordata (Mammalia),Seals/ Whales,,05B1,,ng/g,,Provided,Fat,,,BDL,,,,whale,Mote Marine Laboratory,Mote Marine Laboratory,North
Wetzel,"Dr Wetzel, Mote Marine Database",2005,,71.290599999999998,-156.788600000000002,Bowhead,Balaena mysticetus,whale,Chordata (Mammalia),Seals/ Whales,,05B12,,ng/g,,Provided,Fat,,,BDL,,,,whale,Mote Marine Laboratory,Mote Marine Laboratory,North
Wetzel,"Dr Wetzel, Mote Marine Database",2005,,71.290599999999998,-156.788600000000002,Bowhead,Balaena mysticetus,whale,Chordata (Mammalia),Seals/ Whales,,05B19,,ng/g,,Provided,Fat,,,BDL,,,,whale,Mote Marine Laboratory,Mote Marine Laboratory,North
Wetzel,"Dr Wetzel, Mote Marine Database",2005,,71.290599999999998,-156.788600000000002,Bowhead,Balaena mysticetus,whale,Chordata (Mammalia),Seals/ Whales,,05B2,,ng/g,,Provided,Fat,,,BDL,,,,whale,Mote Marine Laboratory,Mote Marine Laboratory,North
Wetzel,"Dr Wetzel, Mote Marine Database",2005,,71.290599999999998,-156.788600000000002,Bowhead,Balaena mysticetus,whale,Chordata (Mammalia),Seals/ Whales,,05B29,,ng/g,,Provided,Fat,,,BDL,,,,whale,Mote Marine Laboratory,Mote Marine Laboratory,North
Wetzel,"Dr Wetzel, Mote Marine Database",2006,,71.290599999999998,-156.788600000000002,Bowhead,Balaena mysticetus,whale,Chordata (Mammalia),Seals/ Whales,,06-B1,,ng/g,,Provided,Fat,,,BDL,,,,whale,Mote Marine Laboratory,Mote Marine Laboratory,North
Wetzel,"Dr Wetzel, Mote Marine Database",2006,,71.290599999999998,-156.788600000000002,Bowhead,Balaena mysticetus,whale,Chordata (Mammalia),Seals/ Whales,,06B16,,ng/g,,Provided,Fat,,,BDL,,,,whale,Mote Marine Laboratory,Mote Marine Laboratory,North
Wetzel,"Dr Wetzel, Mote Marine Database",2006,,71.290599999999998,-156.788600000000002,Bowhead,Balaena mysticetus,whale,Chordata (Mammalia),Seals/ Whales,,06B17,,ng/g,,Provided,Fat,,,BDL,,,,whale,Mote Marine Laboratory,Mote Marine Laboratory,North
Wetzel,"Dr Wetzel, Mote Marine Database",2006,,71.290599999999998,-156.788600000000002,Bowhead,Balaena mysticetus,whale,Chordata (Mammalia),Seals/ Whales,,06B19,,ng/g,,Provided,Fat,,,BDL,,,,whale,Mote Marine Laboratory,Mote Marine Laboratory,North
Wetzel,"Dr Wetzel, Mote Marine Database",2006,,71.290599999999998,-156.788600000000002,Bowhead,Balaena mysticetus,whale,Chordata (Mammalia),Seals/ Whales,,06B20,,ng/g,,Provided,Fat,,,BDL,,,,whale,Mote Marine Laboratory,Mote Marine Laboratory,North
Wetzel,"Dr Wetzel, Mote Marine Database",2006,,71.290599999999998,-156.788600000000002,Bowhead,Balaena mysticetus,whale,Chordata (Mammalia),Seals/ Whales,,06B21,,ng/g,,Provided,Fat,,,BDL,,,,whale,Mote Marine Laboratory,Mote Marine Laboratory,North
Wetzel,"Dr Wetzel, Mote Marine Database",2007,,71.290599999999998,-156.788600000000002,Bowhead,Balaena mysticetus,whale,Chordata (Mammalia),Seals/ Whales,,07B2,,ng/g,,Provided,Fat,,,BDL,,,,whale,Mote Marine Laboratory,Mote Marine Laboratory,North
Wetzel,"Dr Wetzel, Mote Marine Database",2007,,71.290599999999998,-156.788600000000002,Bowhead,Balaena mysticetus,whale,Chordata (Mammalia),Seals/ Whales,,07B3,,ng/g,,Provided,Fat,,,BDL,,,,whale,Mote Marine Laboratory,Mote Marine Laboratory,North
Wetzel,"Dr Wetzel, Mote Marine Database",2007,,71.290599999999998,-156.788600000000002,Bowhead,Balaena mysticetus,whale,Chordata (Mammalia),Seals/ Whales,,07B3,,ng/g,,Provided,Fat,,,BDL,,,,whale,Mote Marine Laboratory,Mote Marine Laboratory,North
Wetzel,"Dr Wetzel, Mote Marine Database",2007,,71.290599999999998,-156.788600000000002,Bowhead,Balaena mysticetus,whale,Chordata (Mammalia),Seals/ Whales,,07B4,,ng/g,,Provided,Fat,,,BDL,,,,whale,Mote Marine Laboratory,Mote Marine Laboratory,North
Wetzel,"Dr Wetzel, Mote Marine Database",2002,,71.290599999999998,-156.788600000000002,Bowhead,Balaena mysticetus,whale,Chordata (Mammalia),Seals/ Whales,,02B1,,ng/g,,Provided,Skin,,,BDL,,,,whale,Mote Marine Laboratory,Mote Marine Laboratory,North
Wetzel,"Dr Wetzel, Mote Marine Database",2002,,71.290599999999998,-156.788600000000002,Bowhead,Balaena mysticetus,whale,Chordata (Mammalia),Seals/ Whales,,02B2,,ng/g,,Provided,Skin,,,BDL,,,,whale,Mote Marine Laboratory,Mote Marine Laboratory,North
Wetzel,"Dr Wetzel, Mote Marine Database",2002,,71.290599999999998,-156.788600000000002,Bowhead,Balaena mysticetus,whale,Chordata (Mammalia),Seals/ Whales,,02B3,,ng/g,,Provided,Skin,,,BDL,,,,whale,Mote Marine Laboratory,Mote Marine Laboratory,North
Wetzel,"Dr Wetzel, Mote Marine Database",2002,,71.290599999999998,-156.788600000000002,Bowhead,Balaena mysticetus,whale,Chordata (Mammalia),Seals/ Whales,,02B4,,ng/g,,Provided,Skin,,,BDL,,,,whale,Mote Marine Laboratory,Mote Marine Laboratory,North
Wetzel,"Dr Wetzel, Mote Marine Database",2002,,71.290599999999998,-156.788600000000002,Bowhead,Balaena mysticetus,whale,Chordata (Mammalia),Seals/ Whales,,02B5,,ng/g,,Provided,Skin,,,BDL,,,,whale,Mote Marine Laboratory,Mote Marine Laboratory,North
Wetzel,"Dr Wetzel, Mote Marine Database",2003,,71.290599999999998,-156.788600000000002,Bowhead,Balaena mysticetus,whale,Chordata (Mammalia),Seals/ Whales,,03B11,,ng/g,,Provided,Skin,,,BDL,,,,whale,Mote Marine Laboratory,Mote Marine Laboratory,North
Wetzel,"Dr Wetzel, Mote Marine Database",2003,,71.290599999999998,-156.788600000000002,Bowhead,Balaena mysticetus,whale,Chordata (Mammalia),Seals/ Whales,,03B12,,ng/g,,Provided,Skin,,,BDL,,,,whale,Mote Marine Laboratory,Mote Marine Laboratory,North
Wetzel,"Dr Wetzel, Mote Marine Database",2003,,71.290599999999998,-156.788600000000002,Bowhead,Balaena mysticetus,whale,Chordata (Mammalia),Seals/ Whales,,03B13,,ng/g,,Provided,Skin,,,BDL,,,,whale,Mote Marine Laboratory,Mote Marine Laboratory,North
Wetzel,"Dr Wetzel, Mote Marine Database",2003,,71.290599999999998,-156.788600000000002,Bowhead,Balaena mysticetus,whale,Chordata (Mammalia),Seals/ Whales,,03B15,,ng/g,,Provided,Skin,,,BDL,,,,whale,Mote Marine Laboratory,Mote Marine Laboratory,North
Wetzel,"Dr Wetzel, Mote Marine Database",2003,,71.290599999999998,-156.788600000000002,Bowhead,Balaena mysticetus,whale,Chordata (Mammalia),Seals/ Whales,,03B2,,ng/g,,Provided,Skin,,,BDL,,,,whale,Mote Marine Laboratory,Mote Marine Laboratory,North
Wetzel,"Dr Wetzel, Mote Marine Database",2003,,71.290599999999998,-156.788600000000002,Bowhead,Balaena mysticetus,whale,Chordata (Mammalia),Seals/ Whales,,03B3,,ng/g,,Provided,Skin,,,BDL,,,,whale,Mote Marine Laboratory,Mote Marine Laboratory,North
Wetzel,"Dr Wetzel, Mote Marine Database",2003,,71.290599999999998,-156.788600000000002,Bowhead,Balaena mysticetus,whale,Chordata (Mammalia),Seals/ Whales,,03B4,,ng/g,,Provided,Skin,,,BDL,,,,whale,Mote Marine Laboratory,Mote Marine Laboratory,North
Wetzel,"Dr Wetzel, Mote Marine Database",2003,,71.290599999999998,-156.788600000000002,Bowhead,Balaena mysticetus,whale,Chordata (Mammalia),Seals/ Whales,,03B5,,ng/g,,Provided,Skin,,,BDL,,,,whale,Mote Marine Laboratory,Mote Marine Laboratory,North
Wetzel,"Dr Wetzel, Mote Marine Database",2003,,71.290599999999998,-156.788600000000002,Bowhead,Balaena mysticetus,whale,Chordata (Mammalia),Seals/ Whales,,03B6,,ng/g,,Provided,Skin,,,BDL,,,,whale,Mote Marine Laboratory,Mote Marine Laboratory,North
Wetzel,"Dr Wetzel, Mote Marine Database",2003,,71.290599999999998,-156.788600000000002,Bowhead,Balaena mysticetus,whale,Chordata (Mammalia),Seals/ Whales,,03B7,,ng/g,,Provided,Skin,,,BDL,,,,whale,Mote Marine Laboratory,Mote Marine Laboratory,North
Wetzel,"Dr Wetzel, Mote Marine Database",2003,,71.290599999999998,-156.788600000000002,Bowhead,Balaena mysticetus,whale,Chordata (Mammalia),Seals/ Whales,,03B8,,ng/g,,Provided,Skin,,,BDL,,,,whale,Mote Marine Laboratory,Mote Marine Laboratory,North
Wetzel,"Dr Wetzel, Mote Marine Database",2003,,71.290599999999998,-156.788600000000002,Bowhead,Balaena mysticetus,whale,Chordata (Mammalia),Seals/ Whales,,03B9,,ng/g,,Provided,Skin,,,BDL,,,,whale,Mote Marine Laboratory,Mote Marine Laboratory,North
Wetzel,"Dr Wetzel, Mote Marine Database",2004,,71.290599999999998,-156.788600000000002,Bowhead,Balaena mysticetus,whale,Chordata (Mammalia),Seals/ Whales,,04B?,,ng/g,,Provided,Skin,,,BDL,,,,whale,Mote Marine Laboratory,Mote Marine Laboratory,North
Wetzel,"Dr Wetzel, Mote Marine Database",2004,,71.290599999999998,-156.788600000000002,Bowhead,Balaena mysticetus,whale,Chordata (Mammalia),Seals/ Whales,,04B3,,ng/g,,Provided,Skin,,,BDL,,,,whale,Mote Marine Laboratory,Mote Marine Laboratory,North
Wetzel,"Dr Wetzel, Mote Marine Database",2005,,71.290599999999998,-156.788600000000002,Bowhead,Balaena mysticetus,whale,Chordata (Mammalia),Seals/ Whales,,05B1,,ng/g,,Provided,Skin,,,BDL,,,,whale,Mote Marine Laboratory,Mote Marine Laboratory,North
Wetzel,"Dr Wetzel, Mote Marine Database",2005,,71.290599999999998,-156.788600000000002,Bowhead,Balaena mysticetus,whale,Chordata (Mammalia),Seals/ Whales,,05B12,,ng/g,,Provided,Skin,,,BDL,,,,whale,Mote Marine Laboratory,Mote Marine Laboratory,North
Wetzel,"Dr Wetzel, Mote Marine Database",2005,,71.290599999999998,-156.788600000000002,Bowhead,Balaena mysticetus,whale,Chordata (Mammalia),Seals/ Whales,,05B19,,ng/g,,Provided,Skin,,,BDL,,,,whale,Mote Marine Laboratory,Mote Marine Laboratory,North
Wetzel,"Dr Wetzel, Mote Marine Database",2005,,71.290599999999998,-156.788600000000002,Bowhead,Balaena mysticetus,whale,Chordata (Mammalia),Seals/ Whales,,05B2,,ng/g,,Provided,Skin,,,BDL,,,,whale,Mote Marine Laboratory,Mote Marine Laboratory,North
Wetzel,"Dr Wetzel, Mote Marine Database",2005,,71.290599999999998,-156.788600000000002,Bowhead,Balaena mysticetus,whale,Chordata (Mammalia),Seals/ Whales,,05B29,,ng/g,,Provided,Skin,,,BDL,,,,whale,Mote Marine Laboratory,Mote Marine Laboratory,North
Wetzel,"Dr Wetzel, Mote Marine Database",2006,,71.290599999999998,-156.788600000000002,Bowhead,Balaena mysticetus,whale,Chordata (Mammalia),Seals/ Whales,,06-B1,,ng/g,,Provided,Skin,,,BDL,,,,whale,Mote Marine Laboratory,Mote Marine Laboratory,North
Wetzel,"Dr Wetzel, Mote Marine Database",2006,,71.290599999999998,-156.788600000000002,Bowhead,Balaena mysticetus,whale,Chordata (Mammalia),Seals/ Whales,,06B16,,ng/g,,Provided,Skin,,,BDL,,,,whale,Mote Marine Laboratory,Mote Marine Laboratory,North
Wetzel,"Dr Wetzel, Mote Marine Database",2006,,71.290599999999998,-156.788600000000002,Bowhead,Balaena mysticetus,whale,Chordata (Mammalia),Seals/ Whales,,06B17,,ng/g,,Provided,Skin,,,BDL,,,,whale,Mote Marine Laboratory,Mote Marine Laboratory,North
Wetzel,"Dr Wetzel, Mote Marine Database",2006,,71.290599999999998,-156.788600000000002,Bowhead,Balaena mysticetus,whale,Chordata (Mammalia),Seals/ Whales,,06B19,,ng/g,,Provided,Skin,,,BDL,,,,whale,Mote Marine Laboratory,Mote Marine Laboratory,North
Wetzel,"Dr Wetzel, Mote Marine Database",2006,,71.290599999999998,-156.788600000000002,Bowhead,Balaena mysticetus,whale,Chordata (Mammalia),Seals/ Whales,,06B20,,ng/g,,Provided,Skin,,,BDL,,,,whale,Mote Marine Laboratory,Mote Marine Laboratory,North
Wetzel,"Dr Wetzel, Mote Marine Database",2006,,71.290599999999998,-156.788600000000002,Bowhead,Balaena mysticetus,whale,Chordata (Mammalia),Seals/ Whales,,06B21,,ng/g,,Provided,Skin,,,BDL,,,,whale,Mote Marine Laboratory,Mote Marine Laboratory,North
Wetzel,"Dr Wetzel, Mote Marine Database",2007,,71.290599999999998,-156.788600000000002,Bowhead,Balaena mysticetus,whale,Chordata (Mammalia),Seals/ Whales,,07B2,,ng/g,,Provided,Skin,,,BDL,,,,whale,Mote Marine Laboratory,Mote Marine Laboratory,North
Wetzel,"Dr Wetzel, Mote Marine Database",2007,,71.290599999999998,-156.788600000000002,Bowhead,Balaena mysticetus,whale,Chordata (Mammalia),Seals/ Whales,,07B3,,ng/g,,Provided,Skin,,,BDL,,,,whale,Mote Marine Laboratory,Mote Marine Laboratory,North
Wetzel,"Dr Wetzel, Mote Marine Database",2007,,71.290599999999998,-156.788600000000002,Bowhead,Balaena mysticetus,whale,Chordata (Mammalia),Seals/ Whales,,07B4,,ng/g,,Provided,Skin,,,BDL,,,,whale,Mote Marine Laboratory,Mote Marine Laboratory,North
Wetzel,"Dr Wetzel, Mote Marine Database",2002,,71.290599999999998,-156.788600000000002,Bowhead,Balaena mysticetus,whale,Chordata (Mammalia),Seals/ Whales,,02B1,,ng/g,,Provided,Digestive,,,BDL,,,,whale,Mote Marine Laboratory,Mote Marine Laboratory,North
Wetzel,"Dr Wetzel, Mote Marine Database",2002,,71.290599999999998,-156.788600000000002,Bowhead,Balaena mysticetus,whale,Chordata (Mammalia),Seals/ Whales,,02B3,,ng/g,,Provided,Digestive,,,BDL,,,,whale,Mote Marine Laboratory,Mote Marine Laboratory,North
Wetzel,"Dr Wetzel, Mote Marine Database",2002,,71.290599999999998,-156.788600000000002,Bowhead,Balaena mysticetus,whale,Chordata (Mammalia),Seals/ Whales,,02B4,,ng/g,,Provided,Digestive,,,BDL,,,,whale,Mote Marine Laboratory,Mote Marine Laboratory,North
Wetzel,"Dr Wetzel, Mote Marine Database",2002,,71.290599999999998,-156.788600000000002,Bowhead,Balaena mysticetus,whale,Chordata (Mammalia),Seals/ Whales,,02B5,,ng/g,,Provided,Digestive,,,BDL,,,,whale,Mote Marine Laboratory,Mote Marine Laboratory,North
Wetzel,"Dr Wetzel, Mote Marine Database",2003,,71.290599999999998,-156.788600000000002,Bowhead,Balaena mysticetus,whale,Chordata (Mammalia),Seals/ Whales,,03B11,,ng/g,,Provided,Digestive,,,BDL,,,,whale,Mote Marine Laboratory,Mote Marine Laboratory,North
Wetzel,"Dr Wetzel, Mote Marine Database",2003,,71.290599999999998,-156.788600000000002,Bowhead,Balaena mysticetus,whale,Chordata (Mammalia),Seals/ Whales,,03B12,,ng/g,,Provided,Digestive,,,BDL,,,,whale,Mote Marine Laboratory,Mote Marine Laboratory,North
Wetzel,"Dr Wetzel, Mote Marine Database",2003,,71.290599999999998,-156.788600000000002,Bowhead,Balaena mysticetus,whale,Chordata (Mammalia),Seals/ Whales,,03B15,,ng/g,,Provided,Digestive,,,BDL,,,,whale,Mote Marine Laboratory,Mote Marine Laboratory,North
Wetzel,"Dr Wetzel, Mote Marine Database",2003,,71.290599999999998,-156.788600000000002,Bowhead,Balaena mysticetus,whale,Chordata (Mammalia),Seals/ Whales,,03B2,,ng/g,,Provided,Digestive,,,BDL,,,,whale,Mote Marine Laboratory,Mote Marine Laboratory,North
Wetzel,"Dr Wetzel, Mote Marine Database",2003,,71.290599999999998,-156.788600000000002,Bowhead,Balaena mysticetus,whale,Chordata (Mammalia),Seals/ Whales,,03B3,,ng/g,,Provided,Digestive,,,BDL,,,,whale,Mote Marine Laboratory,Mote Marine Laboratory,North
Wetzel,"Dr Wetzel, Mote Marine Database",2003,,71.290599999999998,-156.788600000000002,Bowhead,Balaena mysticetus,whale,Chordata (Mammalia),Seals/ Whales,,03B4,,ng/g,,Provided,Digestive,,,BDL,,,,whale,Mote Marine Laboratory,Mote Marine Laboratory,North
Wetzel,"Dr Wetzel, Mote Marine Database",2003,,71.290599999999998,-156.788600000000002,Bowhead,Balaena mysticetus,whale,Chordata (Mammalia),Seals/ Whales,,03B5,,ng/g,,Provided,Digestive,,,BDL,,,,whale,Mote Marine Laboratory,Mote Marine Laboratory,North
Wetzel,"Dr Wetzel, Mote Marine Database",2003,,71.290599999999998,-156.788600000000002,Bowhead,Balaena mysticetus,whale,Chordata (Mammalia),Seals/ Whales,,03B6,,ng/g,,Provided,Digestive,,,BDL,,,,whale,Mote Marine Laboratory,Mote Marine Laboratory,North
Wetzel,"Dr Wetzel, Mote Marine Database",2003,,71.290599999999998,-156.788600000000002,Bowhead,Balaena mysticetus,whale,Chordata (Mammalia),Seals/ Whales,,03B7,,ng/g,,Provided,Digestive,,,BDL,,,,whale,Mote Marine Laboratory,Mote Marine Laboratory,North
Wetzel,"Dr Wetzel, Mote Marine Database",2003,,71.290599999999998,-156.788600000000002,Bowhead,Balaena mysticetus,whale,Chordata (Mammalia),Seals/ Whales,,03B9,,ng/g,,Provided,Digestive,,,BDL,,,,whale,Mote Marine Laboratory,Mote Marine Laboratory,North
Wetzel,"Dr Wetzel, Mote Marine Database",2005,,71.290599999999998,-156.788600000000002,Bowhead,Balaena mysticetus,whale,Chordata (Mammalia),Seals/ Whales,,05B1,,ng/g,,Provided,Digestive,,,BDL,,,,whale,Mote Marine Laboratory,Mote Marine Laboratory,North
Wetzel,"Dr Wetzel, Mote Marine Database",2005,,71.290599999999998,-156.788600000000002,Bowhead,Balaena mysticetus,whale,Chordata (Mammalia),Seals/ Whales,,05B19,,ng/g,,Provided,Digestive,,,BDL,,,,whale,Mote Marine Laboratory,Mote Marine Laboratory,North
Wetzel,"Dr Wetzel, Mote Marine Database",2005,,71.290599999999998,-156.788600000000002,Bowhead,Balaena mysticetus,whale,Chordata (Mammalia),Seals/ Whales,,05B2,,ng/g,,Provided,Digestive,,,BDL,,,,whale,Mote Marine Laboratory,Mote Marine Laboratory,North
Wetzel,"Dr Wetzel, Mote Marine Database",2005,,71.290599999999998,-156.788600000000002,Bowhead,Balaena mysticetus,whale,Chordata (Mammalia),Seals/ Whales,,05B29,,ng/g,,Provided,Digestive,,,BDL,,,,whale,Mote Marine Laboratory,Mote Marine Laboratory,North
Wetzel,"Dr Wetzel, Mote Marine Database",2006,,71.290599999999998,-156.788600000000002,Bowhead,Balaena mysticetus,whale,Chordata (Mammalia),Seals/ Whales,,06-B1,,ng/g,,Provided,Digestive,,,BDL,,,,whale,Mote Marine Laboratory,Mote Marine Laboratory,North
Wetzel,"Dr Wetzel, Mote Marine Database",2006,,71.290599999999998,-156.788600000000002,Bowhead,Balaena mysticetus,whale,Chordata (Mammalia),Seals/ Whales,,06B16,,ng/g,,Provided,Digestive,,,BDL,,,,whale,Mote Marine Laboratory,Mote Marine Laboratory,North
Wetzel,"Dr Wetzel, Mote Marine Database",2006,,71.290599999999998,-156.788600000000002,Bowhead,Balaena mysticetus,whale,Chordata (Mammalia),Seals/ Whales,,06B17,,ng/g,,Provided,Digestive,,,BDL,,,,whale,Mote Marine Laboratory,Mote Marine Laboratory,North
Wetzel,"Dr Wetzel, Mote Marine Database",2006,,71.290599999999998,-156.788600000000002,Bowhead,Balaena mysticetus,whale,Chordata (Mammalia),Seals/ Whales,,06B19,,ng/g,,Provided,Digestive,,,BDL,,,,whale,Mote Marine Laboratory,Mote Marine Laboratory,North
Wetzel,"Dr Wetzel, Mote Marine Database",2006,,71.290599999999998,-156.788600000000002,Bowhead,Balaena mysticetus,whale,Chordata (Mammalia),Seals/ Whales,,06B20,,ng/g,,Provided,Digestive,,,BDL,,,,whale,Mote Marine Laboratory,Mote Marine Laboratory,North
Wetzel,"Dr Wetzel, Mote Marine Database",2006,,71.290599999999998,-156.788600000000002,Bowhead,Balaena mysticetus,whale,Chordata (Mammalia),Seals/ Whales,,06B21,,ng/g,,Provided,Digestive,,,BDL,,,,whale,Mote Marine Laboratory,Mote Marine Laboratory,North
Wetzel,"Dr Wetzel, Mote Marine Database",2007,,71.290599999999998,-156.788600000000002,Bowhead,Balaena mysticetus,whale,Chordata (Mammalia),Seals/ Whales,,07B2,,ng/g,,Provided,Digestive,,,BDL,,,,whale,Mote Marine Laboratory,Mote Marine Laboratory,North
Wetzel,"Dr Wetzel, Mote Marine Database",2007,,71.290599999999998,-156.788600000000002,Bowhead,Balaena mysticetus,whale,Chordata (Mammalia),Seals/ Whales,,07B3,,ng/g,,Provided,Digestive,,,BDL,,,,whale,Mote Marine Laboratory,Mote Marine Laboratory,North
Wetzel,"Dr Wetzel, Mote Marine Database",2007,,71.290599999999998,-156.788600000000002,Bowhead,Balaena mysticetus,whale,Chordata (Mammalia),Seals/ Whales,,07B4,,ng/g,,Provided,Digestive,,,BDL,,,,whale,Mote Marine Laboratory,Mote Marine Laboratory,North
Wetzel,"Dr Wetzel, Mote Marine Database",2002,,71.290599999999998,-156.788600000000002,Bowhead,Balaena mysticetus,whale,Chordata (Mammalia),Seals/ Whales,,02B1,,ng/g,,Provided,Other,,,BDL,,,,whale,Mote Marine Laboratory,Mote Marine Laboratory,North
Wetzel,"Dr Wetzel, Mote Marine Database",2002,,71.290599999999998,-156.788600000000002,Bowhead,Balaena mysticetus,whale,Chordata (Mammalia),Seals/ Whales,,02B4,,ng/g,,Provided,Other,,,BDL,,,,whale,Mote Marine Laboratory,Mote Marine Laboratory,North
Wetzel,"Dr Wetzel, Mote Marine Database",2002,,71.290599999999998,-156.788600000000002,Bowhead,Balaena mysticetus,whale,Chordata (Mammalia),Seals/ Whales,,02B5,,ng/g,,Provided,Other,,,BDL,,,,whale,Mote Marine Laboratory,Mote Marine Laboratory,North
Wetzel,"Dr Wetzel, Mote Marine Database",2003,,71.290599999999998,-156.788600000000002,Bowhead,Balaena mysticetus,whale,Chordata (Mammalia),Seals/ Whales,,03B11,,ng/g,,Provided,Other,,,BDL,,,,whale,Mote Marine Laboratory,Mote Marine Laboratory,North
Wetzel,"Dr Wetzel, Mote Marine Database",2003,,71.290599999999998,-156.788600000000002,Bowhead,Balaena mysticetus,whale,Chordata (Mammalia),Seals/ Whales,,03B12,,ng/g,,Provided,Other,,,BDL,,,,whale,Mote Marine Laboratory,Mote Marine Laboratory,North
Wetzel,"Dr Wetzel, Mote Marine Database",2003,,71.290599999999998,-156.788600000000002,Bowhead,Balaena mysticetus,whale,Chordata (Mammalia),Seals/ Whales,,03B15,,ng/g,,Provided,Other,,,BDL,,,,whale,Mote Marine Laboratory,Mote Marine Laboratory,North
Wetzel,"Dr Wetzel, Mote Marine Database",2003,,71.290599999999998,-156.788600000000002,Bowhead,Balaena mysticetus,whale,Chordata (Mammalia),Seals/ Whales,,03B2,,ng/g,,Provided,Other,,,BDL,,,,whale,Mote Marine Laboratory,Mote Marine Laboratory,North
Wetzel,"Dr Wetzel, Mote Marine Database",2003,,71.290599999999998,-156.788600000000002,Bowhead,Balaena mysticetus,whale,Chordata (Mammalia),Seals/ Whales,,03B3,,ng/g,,Provided,Other,,,BDL,,,,whale,Mote Marine Laboratory,Mote Marine Laboratory,North
Wetzel,"Dr Wetzel, Mote Marine Database",2003,,71.290599999999998,-156.788600000000002,Bowhead,Balaena mysticetus,whale,Chordata (Mammalia),Seals/ Whales,,03B5,,ng/g,,Provided,Other,,,BDL,,,,whale,Mote Marine Laboratory,Mote Marine Laboratory,North
Wetzel,"Dr Wetzel, Mote Marine Database",2003,,71.290599999999998,-156.788600000000002,Bowhead,Balaena mysticetus,whale,Chordata (Mammalia),Seals/ Whales,,03B6,,ng/g,,Provided,Other,,,BDL,,,,whale,Mote Marine Laboratory,Mote Marine Laboratory,North
Wetzel,"Dr Wetzel, Mote Marine Database",2003,,71.290599999999998,-156.788600000000002,Bowhead,Balaena mysticetus,whale,Chordata (Mammalia),Seals/ Whales,,03B7,,ng/g,,Provided,Other,,,BDL,,,,whale,Mote Marine Laboratory,Mote Marine Laboratory,North
Wetzel,"Dr Wetzel, Mote Marine Database",2003,,71.290599999999998,-156.788600000000002,Bowhead,Balaena mysticetus,whale,Chordata (Mammalia),Seals/ Whales,,03B8,,ng/g,,Provided,Other,,,BDL,,,,whale,Mote Marine Laboratory,Mote Marine Laboratory,North
Wetzel,"Dr Wetzel, Mote Marine Database",2003,,71.290599999999998,-156.788600000000002,Bowhead,Balaena mysticetus,whale,Chordata (Mammalia),Seals/ Whales,,03B9,,ng/g,,Provided,Other,,,BDL,,,,whale,Mote Marine Laboratory,Mote Marine Laboratory,North
Wetzel,"Dr Wetzel, Mote Marine Database",2004,,71.290599999999998,-156.788600000000002,Bowhead,Balaena mysticetus,whale,Chordata (Mammalia),Seals/ Whales,,04B?,,ng/g,,Provided,Other,,,BDL,,,,whale,Mote Marine Laboratory,Mote Marine Laboratory,North
Wetzel,"Dr Wetzel, Mote Marine Database",2005,,71.290599999999998,-156.788600000000002,Bowhead,Balaena mysticetus,whale,Chordata (Mammalia),Seals/ Whales,,05B1,,ng/g,,Provided,Other,,,BDL,,,,whale,Mote Marine Laboratory,Mote Marine Laboratory,North
Wetzel,"Dr Wetzel, Mote Marine Database",2005,,71.290599999999998,-156.788600000000002,Bowhead,Balaena mysticetus,whale,Chordata (Mammalia),Seals/ Whales,,05B19,,ng/g,,Provided,Other,,,BDL,,,,whale,Mote Marine Laboratory,Mote Marine Laboratory,North
Wetzel,"Dr Wetzel, Mote Marine Database",2005,,71.290599999999998,-156.788600000000002,Bowhead,Balaena mysticetus,whale,Chordata (Mammalia),Seals/ Whales,,05B2,,ng/g,,Provided,Other,,,BDL,,,,whale,Mote Marine Laboratory,Mote Marine Laboratory,North
Wetzel,"Dr Wetzel, Mote Marine Database",2005,,71.290599999999998,-156.788600000000002,Bowhead,Balaena mysticetus,whale,Chordata (Mammalia),Seals/ Whales,,05B29,,ng/g,,Provided,Other,,,BDL,,,,whale,Mote Marine Laboratory,Mote Marine Laboratory,North
Wetzel,"Dr Wetzel, Mote Marine Database",2006,,71.290599999999998,-156.788600000000002,Bowhead,Balaena mysticetus,whale,Chordata (Mammalia),Seals/ Whales,,06-B1,,ng/g,,Provided,Other,,,BDL,,,,whale,Mote Marine Laboratory,Mote Marine Laboratory,North
Wetzel,"Dr Wetzel, Mote Marine Database",2006,,71.290599999999998,-156.788600000000002,Bowhead,Balaena mysticetus,whale,Chordata (Mammalia),Seals/ Whales,,06B16,,ng/g,,Provided,Other,,,BDL,,,,whale,Mote Marine Laboratory,Mote Marine Laboratory,North
Wetzel,"Dr Wetzel, Mote Marine Database",2006,,71.290599999999998,-156.788600000000002,Bowhead,Balaena mysticetus,whale,Chordata (Mammalia),Seals/ Whales,,06B17,,ng/g,,Provided,Other,,,BDL,,,,whale,Mote Marine Laboratory,Mote Marine Laboratory,North
Wetzel,"Dr Wetzel, Mote Marine Database",2006,,71.290599999999998,-156.788600000000002,Bowhead,Balaena mysticetus,whale,Chordata (Mammalia),Seals/ Whales,,06B19,,ng/g,,Provided,Other,,,BDL,,,,whale,Mote Marine Laboratory,Mote Marine Laboratory,North
Wetzel,"Dr Wetzel, Mote Marine Database",2006,,71.290599999999998,-156.788600000000002,Bowhead,Balaena mysticetus,whale,Chordata (Mammalia),Seals/ Whales,,06B20,,ng/g,,Provided,Other,,,BDL,,,,whale,Mote Marine Laboratory,Mote Marine Laboratory,North
Wetzel,"Dr Wetzel, Mote Marine Database",2006,,71.290599999999998,-156.788600000000002,Bowhead,Balaena mysticetus,whale,Chordata (Mammalia),Seals/ Whales,,06B21,,ng/g,,Provided,Other,,,BDL,,,,whale,Mote Marine Laboratory,Mote Marine Laboratory,North
Wetzel,"Dr Wetzel, Mote Marine Database",2007,,71.290599999999998,-156.788600000000002,Bowhead,Balaena mysticetus,whale,Chordata (Mammalia),Seals/ Whales,,07B2,,ng/g,,Provided,Other,,,BDL,,,,whale,Mote Marine Laboratory,Mote Marine Laboratory,North
Wetzel,"Dr Wetzel, Mote Marine Database",2007,,71.290599999999998,-156.788600000000002,Bowhead,Balaena mysticetus,whale,Chordata (Mammalia),Seals/ Whales,,07B3,,ng/g,,Provided,Other,,,BDL,,,,whale,Mote Marine Laboratory,Mote Marine Laboratory,North
Wetzel,"Dr Wetzel, Mote Marine Database",2007,,71.290599999999998,-156.788600000000002,Bowhead,Balaena mysticetus,whale,Chordata (Mammalia),Seals/ Whales,,07B4,,ng/g,,Provided,Other,,,BDL,,,,whale,Mote Marine Laboratory,Mote Marine Laboratory,North
Wetzel,"Dr Wetzel, Mote Marine Database",2004,,71.290599999999998,-156.788600000000002,Bowhead,Balaena mysticetus,whale,Chordata (Mammalia),Seals/ Whales,,04b14,,ng/g,,Provided,Organ,,,BDL,,,,whale,Mote Marine Laboratory,Mote Marine Laboratory,North
Wetzel,"Dr Wetzel, Mote Marine Database",2004,,71.290599999999998,-156.788600000000002,Bowhead,Balaena mysticetus,whale,Chordata (Mammalia),Seals/ Whales,,04B3,,ng/g,,Provided,Organ,,,BDL,,,,whale,Mote Marine Laboratory,Mote Marine Laboratory,North
Wetzel,"Dr Wetzel, Mote Marine Database",2002,,71.290599999999998,-156.788600000000002,Bowhead,Balaena mysticetus,whale,Chordata (Mammalia),Seals/ Whales,,02B1,,ng/g,,Provided,Organ,,,BDL,,,,whale,Mote Marine Laboratory,Mote Marine Laboratory,North
Wetzel,"Dr Wetzel, Mote Marine Database",2002,,71.290599999999998,-156.788600000000002,Bowhead,Balaena mysticetus,whale,Chordata (Mammalia),Seals/ Whales,,02B2,,ng/g,,Provided,Organ,,,BDL,,,,whale,Mote Marine Laboratory,Mote Marine Laboratory,North
Wetzel,"Dr Wetzel, Mote Marine Database",2002,,71.290599999999998,-156.788600000000002,Bowhead,Balaena mysticetus,whale,Chordata (Mammalia),Seals/ Whales,,02B3,,ng/g,,Provided,Organ,,,BDL,,,,whale,Mote Marine Laboratory,Mote Marine Laboratory,North
Wetzel,"Dr Wetzel, Mote Marine Database",2002,,71.290599999999998,-156.788600000000002,Bowhead,Balaena mysticetus,whale,Chordata (Mammalia),Seals/ Whales,,02B4,,ng/g,,Provided,Organ,,,BDL,,,,whale,Mote Marine Laboratory,Mote Marine Laboratory,North
Wetzel,"Dr Wetzel, Mote Marine Database",2002,,71.290599999999998,-156.788600000000002,Bowhead,Balaena mysticetus,whale,Chordata (Mammalia),Seals/ Whales,,02B5,,ng/g,,Provided,Organ,,,BDL,,,,whale,Mote Marine Laboratory,Mote Marine Laboratory,North
Wetzel,"Dr Wetzel, Mote Marine Database",2003,,71.290599999999998,-156.788600000000002,Bowhead,Balaena mysticetus,whale,Chordata (Mammalia),Seals/ Whales,,03B11,,ng/g,,Provided,Organ,,,BDL,,,,whale,Mote Marine Laboratory,Mote Marine Laboratory,North
Wetzel,"Dr Wetzel, Mote Marine Database",2003,,71.290599999999998,-156.788600000000002,Bowhead,Balaena mysticetus,whale,Chordata (Mammalia),Seals/ Whales,,03B12,,ng/g,,Provided,Organ,,,BDL,,,,whale,Mote Marine Laboratory,Mote Marine Laboratory,North
Wetzel,"Dr Wetzel, Mote Marine Database",2003,,71.290599999999998,-156.788600000000002,Bowhead,Balaena mysticetus,whale,Chordata (Mammalia),Seals/ Whales,,03B15,,ng/g,,Provided,Organ,,,BDL,,,,whale,Mote Marine Laboratory,Mote Marine Laboratory,North
Wetzel,"Dr Wetzel, Mote Marine Database",2003,,71.290599999999998,-156.788600000000002,Bowhead,Balaena mysticetus,whale,Chordata (Mammalia),Seals/ Whales,,03B2,,ng/g,,Provided,Organ,,,BDL,,,,whale,Mote Marine Laboratory,Mote Marine Laboratory,North
Wetzel,"Dr Wetzel, Mote Marine Database",2003,,71.290599999999998,-156.788600000000002,Bowhead,Balaena mysticetus,whale,Chordata (Mammalia),Seals/ Whales,,03B3,,ng/g,,Provided,Organ,,,BDL,,,,whale,Mote Marine Laboratory,Mote Marine Laboratory,North
Wetzel,"Dr Wetzel, Mote Marine Database",2003,,71.290599999999998,-156.788600000000002,Bowhead,Balaena mysticetus,whale,Chordata (Mammalia),Seals/ Whales,,03B4,,ng/g,,Provided,Organ,,,BDL,,,,whale,Mote Marine Laboratory,Mote Marine Laboratory,North
Wetzel,"Dr Wetzel, Mote Marine Database",2003,,71.290599999999998,-156.788600000000002,Bowhead,Balaena mysticetus,whale,Chordata (Mammalia),Seals/ Whales,,03B5,,ng/g,,Provided,Organ,,,BDL,,,,whale,Mote Marine Laboratory,Mote Marine Laboratory,North
Wetzel,"Dr Wetzel, Mote Marine Database",2003,,71.290599999999998,-156.788600000000002,Bowhead,Balaena mysticetus,whale,Chordata (Mammalia),Seals/ Whales,,03B6,,ng/g,,Provided,Organ,,,BDL,,,,whale,Mote Marine Laboratory,Mote Marine Laboratory,North
Wetzel,"Dr Wetzel, Mote Marine Database",2003,,71.290599999999998,-156.788600000000002,Bowhead,Balaena mysticetus,whale,Chordata (Mammalia),Seals/ Whales,,03B7,,ng/g,,Provided,Organ,,,BDL,,,,whale,Mote Marine Laboratory,Mote Marine Laboratory,North
Wetzel,"Dr Wetzel, Mote Marine Database",2003,,71.290599999999998,-156.788600000000002,Bowhead,Balaena mysticetus,whale,Chordata (Mammalia),Seals/ Whales,,03B8,,ng/g,,Provided,Organ,,,BDL,,,,whale,Mote Marine Laboratory,Mote Marine Laboratory,North
Wetzel,"Dr Wetzel, Mote Marine Database",2003,,71.290599999999998,-156.788600000000002,Bowhead,Balaena mysticetus,whale,Chordata (Mammalia),Seals/ Whales,,03B9,,ng/g,,Provided,Organ,,,BDL,,,,whale,Mote Marine Laboratory,Mote Marine Laboratory,North
Wetzel,"Dr Wetzel, Mote Marine Database",2004,,71.290599999999998,-156.788600000000002,Bowhead,Balaena mysticetus,whale,Chordata (Mammalia),Seals/ Whales,,04B?,,ng/g,,Provided,Organ,,,BDL,,,,whale,Mote Marine Laboratory,Mote Marine Laboratory,North
Wetzel,"Dr Wetzel, Mote Marine Database",2004,,71.290599999999998,-156.788600000000002,Bowhead,Balaena mysticetus,whale,Chordata (Mammalia),Seals/ Whales,,04B3,,ng/g,,Provided,Organ,,,BDL,,,,whale,Mote Marine Laboratory,Mote Marine Laboratory,North
Wetzel,"Dr Wetzel, Mote Marine Database",2005,,71.290599999999998,-156.788600000000002,Bowhead,Balaena mysticetus,whale,Chordata (Mammalia),Seals/ Whales,,05B1,,ng/g,,Provided,Organ,,,BDL,,,,whale,Mote Marine Laboratory,Mote Marine Laboratory,North
Wetzel,"Dr Wetzel, Mote Marine Database",2005,,71.290599999999998,-156.788600000000002,Bowhead,Balaena mysticetus,whale,Chordata (Mammalia),Seals/ Whales,,05B19,,ng/g,,Provided,Organ,,,BDL,,,,whale,Mote Marine Laboratory,Mote Marine Laboratory,North
Wetzel,"Dr Wetzel, Mote Marine Database",2005,,71.290599999999998,-156.788600000000002,Bowhead,Balaena mysticetus,whale,Chordata (Mammalia),Seals/ Whales,,05B2,,ng/g,,Provided,Organ,,,BDL,,,,whale,Mote Marine Laboratory,Mote Marine Laboratory,North
Wetzel,"Dr Wetzel, Mote Marine Database",2005,,71.290599999999998,-156.788600000000002,Bowhead,Balaena mysticetus,whale,Chordata (Mammalia),Seals/ Whales,,05B29,,ng/g,,Provided,Organ,,,BDL,,,,whale,Mote Marine Laboratory,Mote Marine Laboratory,North
Wetzel,"Dr Wetzel, Mote Marine Database",2003,,71.290599999999998,-156.788600000000002,Bowhead,Balaena mysticetus,whale,Chordata (Mammalia),Seals/ Whales,,03B11,,ng/g,,Provided,Organ,,,BDL,,,,whale,Mote Marine Laboratory,Mote Marine Laboratory,North
Wetzel,"Dr Wetzel, Mote Marine Database",2004,,71.290599999999998,-156.788600000000002,Bowhead,Balaena mysticetus,whale,Chordata (Mammalia),Seals/ Whales,,04B3,,ng/g,,Provided,Organ,,,BDL,,,,whale,Mote Marine Laboratory,Mote Marine Laboratory,North
Wetzel,"Dr Wetzel, Mote Marine Database",2004,,71.290599999999998,-156.788600000000002,Bowhead,Balaena mysticetus,whale,Chordata (Mammalia),Seals/ Whales,,04B3,,ng/g,,Provided,Organ,,,BDL,,,,whale,Mote Marine Laboratory,Mote Marine Laboratory,North
Wetzel,"Dr Wetzel, Mote Marine Database",2003,,71.290599999999998,-156.788600000000002,Bowhead,Balaena mysticetus,whale,Chordata (Mammalia),Seals/ Whales,,03B11,,ng/g,,Provided,Organ,,,BDL,,,,whale,Mote Marine Laboratory,Mote Marine Laboratory,North
Wetzel,"Dr Wetzel, Mote Marine Database",2004,,71.290599999999998,-156.788600000000002,Bowhead,Balaena mysticetus,whale,Chordata (Mammalia),Seals/ Whales,,04B3,,ng/g,,Provided,Organ,,,BDL,,,,whale,Mote Marine Laboratory,Mote Marine Laboratory,North
Wetzel,"Dr Wetzel, Mote Marine Database",2003,,71.290599999999998,-156.788600000000002,Bowhead,Balaena mysticetus,whale,Chordata (Mammalia),Seals/ Whales,,03B10,,ng/g,,Provided,Organ,,,BDL,,,,whale,Mote Marine Laboratory,Mote Marine Laboratory,North
Wetzel,"Dr Wetzel, Mote Marine Database",2004,,71.290599999999998,-156.788600000000002,Bowhead,Balaena mysticetus,whale,Chordata (Mammalia),Seals/ Whales,,04B3,,ng/g,,Provided,Organ,,,BDL,,,,whale,Mote Marine Laboratory,Mote Marine Laboratory,North
Wetzel,"Dr Wetzel, Mote Marine Database",2001,,71.290599999999998,-156.788600000000002,Grey,Eschrichtius robustus,whale,Chordata (Mammalia),Seals/ Whales,,01Lor01,,ng/g,,Provided,Fat,,,BDL,,,,whale,Mote Marine Laboratory,Mote Marine Laboratory,North
Wetzel,"Dr Wetzel, Mote Marine Database",2001,,71.290599999999998,-156.788600000000002,Grey,Eschrichtius robustus,whale,Chordata (Mammalia),Seals/ Whales,,01Lor10,,ng/g,,Provided,Fat,,,BDL,,,,whale,Mote Marine Laboratory,Mote Marine Laboratory,North
Wetzel,"Dr Wetzel, Mote Marine Database",2001,,71.290599999999998,-156.788600000000002,Grey,Eschrichtius robustus,whale,Chordata (Mammalia),Seals/ Whales,,01Lor3,,ng/g,,Provided,Fat,,,BDL,,,,whale,Mote Marine Laboratory,Mote Marine Laboratory,North
Wetzel,"Dr Wetzel, Mote Marine Database",2001,,71.290599999999998,-156.788600000000002,Grey,Eschrichtius robustus,whale,Chordata (Mammalia),Seals/ Whales,,01Lor5,,ng/g,,Provided,Fat,,,BDL,,,,whale,Mote Marine Laboratory,Mote Marine Laboratory,North
