Data_source,Study_name,Year_clean,Total_PAH,Lat,Long,Common_name,Scientific_name,Species_standard,Taxonomic_group,Layman_group,Sample_motivation,Source_sampleID,SumPAHCount,Units_standardized,Basis_standardized,Sum_Method,Tissue_type_standardized_grouped,Detection_limit_standardized,Reporting_limit_standardized,Qualifier_code,Moisture_pct,Lab_ID,Notes,(...),Study_name_clean,Study_name_cleaner
ERM,ERM NorthSlope Subsistence Study 2014 2015,2014,0,70.47815,-150.77848,Arctic Cisco,Coregonus autumnalis,anadromous/freshwater fish,Chordata (Actinopterygii),Fish,Background biomonitoring,ACIS-2014-001,17,ng/g,wet,Calculated,Whole Body,,,,,,,anadromous/freshwater fish,NorthSlope Subsistence Study,NorthSlope Subsistence Study
ERM,ERM NorthSlope Subsistence Study 2014 2015,2014,0,70.47815,-150.77848,Arctic Cisco,Coregonus autumnalis,anadromous/freshwater fish,Chordata (Actinopterygii),Fish,Background biomonitoring,ACIS-2014-002,17,ng/g,wet,Calculated,Whole Body,,,,,,,anadromous/freshwater fish,NorthSlope Subsistence Study,NorthSlope Subsistence Study
ERM,ERM NorthSlope Subsistence Study 2014 2015,2014,0,70.47815,-150.77848,Arctic Cisco,Coregonus autumnalis,anadromous/freshwater fish,Chordata (Actinopterygii),Fish,Background biomonitoring,ACIS-2014-003,17,ng/g,wet,Calculated,Whole Body,,,,,,,anadromous/freshwater fish,NorthSlope Subsistence Study,NorthSlope Subsistence Study
ERM,ERM NorthSlope Subsistence Study 2014 2015,2014,0,70.47815,-150.77848,Arctic Cisco,Coregonus autumnalis,anadromous/freshwater fish,Chordata (Actinopterygii),Fish,Background biomonitoring,ACIS-2014-004,17,ng/g,wet,Calculated,Whole Body,,,,,,,anadromous/freshwater fish,NorthSlope Subsistence Study,NorthSlope Subsistence Study
ERM,ERM NorthSlope Subsistence Study 2014 2015,2014,0,70.47815,-150.77848,Arctic Cisco,Coregonus autumnalis,anadromous/freshwater fish,Chordata (Actinopterygii),Fish,Background biomonitoring,ACIS-2014-005,17,ng/g,wet,Calculated,Whole Body,,,,,,,anadromous/freshwater fish,NorthSlope Subsistence Study,NorthSlope Subsistence Study
ERM,ERM NorthSlope Subsistence Study 2014 2015,2014,0,70.47815,-150.77848,Arctic Cisco,Coregonus autumnalis,anadromous/freshwater fish,Chordata (Actinopterygii),Fish,Background biomonitoring,ACIS-2014-006,17,ng/g,wet,Calculated,Whole Body,,,,,,,anadromous/freshwater fish,NorthSlope Subsistence Study,NorthSlope Subsistence Study
ERM,ERM NorthSlope Subsistence Study 2014 2015,2014,0,70.47815,-150.77848,Arctic Cisco,Coregonus autumnalis,anadromous/freshwater fish,Chordata (Actinopterygii),Fish,Background biomonitoring,ACIS-2014-007,17,ng/g,wet,Calculated,Whole Body,,,,,,,anadromous/freshwater fish,NorthSlope Subsistence Study,NorthSlope Subsistence Study
ERM,ERM NorthSlope Subsistence Study 2014 2015,2014,0,70.47815,-150.77848,Arctic Cisco,Coregonus autumnalis,anadromous/freshwater fish,Chordata (Actinopterygii),Fish,Background biomonitoring,ACIS-2014-008,17,ng/g,wet,Calculated,Whole Body,,,,,,,anadromous/freshwater fish,NorthSlope Subsistence Study,NorthSlope Subsistence Study
ERM,ERM NorthSlope Subsistence Study 2014 2015,2014,0,70.47815,-150.77848,Arctic Cisco,Coregonus autumnalis,anadromous/freshwater fish,Chordata (Actinopterygii),Fish,Background biomonitoring,ACIS-2014-009,17,ng/g,wet,Calculated,Whole Body,,,,,,,anadromous/freshwater fish,NorthSlope Subsistence Study,NorthSlope Subsistence Study
ERM,ERM NorthSlope Subsistence Study 2014 2015,2014,0,70.47815,-150.77848,Arctic Cisco,Coregonus autumnalis,anadromous/freshwater fish,Chordata (Actinopterygii),Fish,Background biomonitoring,ACIS-2014-010,17,ng/g,wet,Calculated,Whole Body,,,,,,,anadromous/freshwater fish,NorthSlope Subsistence Study,NorthSlope Subsistence Study
ERM,ERM NorthSlope Subsistence Study 2014 2015,2014,0,70.47815,-150.77848,Arctic Cisco,Coregonus autumnalis,anadromous/freshwater fish,Chordata (Actinopterygii),Fish,Background biomonitoring,ACIS-2014-011,17,ng/g,wet,Calculated,Whole Body,,,,,,,anadromous/freshwater fish,NorthSlope Subsistence Study,NorthSlope Subsistence Study
ERM,ERM NorthSlope Subsistence Study 2014 2015,2014,0,70.47815,-150.77848,Arctic Cisco,Coregonus autumnalis,anadromous/freshwater fish,Chordata (Actinopterygii),Fish,Background biomonitoring,ACIS-2014-012,17,ng/g,wet,Calculated,Whole Body,,,,,,,anadromous/freshwater fish,NorthSlope Subsistence Study,NorthSlope Subsistence Study
ERM,ERM NorthSlope Subsistence Study 2014 2015,2014,0,70.47815,-150.77848,Arctic Cisco,Coregonus autumnalis,anadromous/freshwater fish,Chordata (Actinopterygii),Fish,Background biomonitoring,ACIS-2014-013,17,ng/g,wet,Calculated,Whole Body,,,,,,,anadromous/freshwater fish,NorthSlope Subsistence Study,NorthSlope Subsistence Study
ERM,ERM NorthSlope Subsistence Study 2014 2015,2014,0,70.47815,-150.77848,Arctic Cisco,Coregonus autumnalis,anadromous/freshwater fish,Chordata (Actinopterygii),Fish,Background biomonitoring,ACIS-2014-014,17,ng/g,wet,Calculated,Whole Body,,,,,,,anadromous/freshwater fish,NorthSlope Subsistence Study,NorthSlope Subsistence Study
ERM,ERM NorthSlope Subsistence Study 2014 2015,2014,0,70.47815,-150.77848,Arctic Cisco,Coregonus autumnalis,anadromous/freshwater fish,Chordata (Actinopterygii),Fish,Background biomonitoring,ACIS-2014-015,17,ng/g,wet,Calculated,Whole Body,,,,,,,anadromous/freshwater fish,NorthSlope Subsistence Study,NorthSlope Subsistence Study
ERM,ERM NorthSlope Subsistence Study 2014 2015,2014,0,70.47815,-150.77848,Arctic Cisco,Coregonus autumnalis,anadromous/freshwater fish,Chordata (Actinopterygii),Fish,Background biomonitoring,ACIS-2014-016,17,ng/g,wet,Calculated,Whole Body,,,,,,,anadromous/freshwater fish,NorthSlope Subsistence Study,NorthSlope Subsistence Study
ERM,ERM NorthSlope Subsistence Study 2014 2015,2014,0,70.47815,-150.77848,Arctic Cisco,Coregonus autumnalis,anadromous/freshwater fish,Chordata (Actinopterygii),Fish,Background biomonitoring,ACIS-2014-017,17,ng/g,wet,Calculated,Whole Body,,,,,,,anadromous/freshwater fish,NorthSlope Subsistence Study,NorthSlope Subsistence Study
ERM,ERM NorthSlope Subsistence Study 2014 2015,2014,0,70.47815,-150.77848,Arctic Cisco,Coregonus autumnalis,anadromous/freshwater fish,Chordata (Actinopterygii),Fish,Background biomonitoring,ACIS-2014-018,17,ng/g,wet,Calculated,Whole Body,,,,,,,anadromous/freshwater fish,NorthSlope Subsistence Study,NorthSlope Subsistence Study
ERM,ERM NorthSlope Subsistence Study 2014 2015,2014,0,70.47815,-150.77848,Arctic Cisco,Coregonus autumnalis,anadromous/freshwater fish,Chordata (Actinopterygii),Fish,Background biomonitoring,ACIS-2014-019,17,ng/g,wet,Calculated,Whole Body,,,,,,,anadromous/freshwater fish,NorthSlope Subsistence Study,NorthSlope Subsistence Study
ERM,ERM NorthSlope Subsistence Study 2014 2015,2014,0,70.47815,-150.77848,Arctic Cisco,Coregonus autumnalis,anadromous/freshwater fish,Chordata (Actinopterygii),Fish,Background biomonitoring,ACIS-2014-020,17,ng/g,wet,Calculated,Whole Body,,,,,,,anadromous/freshwater fish,NorthSlope Subsistence Study,NorthSlope Subsistence Study
ERM,ERM NorthSlope Subsistence Study 2014 2015,2014,0,70.47815,-150.77848,Arctic Cisco,Coregonus autumnalis,anadromous/freshwater fish,Chordata (Actinopterygii),Fish,Background biomonitoring,ACIS-2014-021,17,ng/g,wet,Calculated,Whole Body,,,,,,,anadromous/freshwater fish,NorthSlope Subsistence Study,NorthSlope Subsistence Study
ERM,ERM NorthSlope Subsistence Study 2014 2015,2014,0,70.47815,-150.77848,Arctic Cisco,Coregonus autumnalis,anadromous/freshwater fish,Chordata (Actinopterygii),Fish,Background biomonitoring,ACIS-2014-022,17,ng/g,wet,Calculated,Whole Body,,,,,,,anadromous/freshwater fish,NorthSlope Subsistence Study,NorthSlope Subsistence Study
ERM,ERM NorthSlope Subsistence Study 2014 2015,2014,0,70.47815,-150.77848,Arctic Cisco,Coregonus autumnalis,anadromous/freshwater fish,Chordata (Actinopterygii),Fish,Background biomonitoring,ACIS-2014-023,17,ng/g,wet,Calculated,Whole Body,,,,,,,anadromous/freshwater fish,NorthSlope Subsistence Study,NorthSlope Subsistence Study
ERM,ERM NorthSlope Subsistence Study 2014 2015,2014,0,70.47815,-150.77848,Arctic Cisco,Coregonus autumnalis,anadromous/freshwater fish,Chordata (Actinopterygii),Fish,Background biomonitoring,ACIS-2014-024,17,ng/g,wet,Calculated,Whole Body,,,,,,,anadromous/freshwater fish,NorthSlope Subsistence Study,NorthSlope Subsistence Study
ERM,ERM NorthSlope Subsistence Study 2014 2015,2014,0,70.47815,-150.77848,Arctic Cisco,Coregonus autumnalis,anadromous/freshwater fish,Chordata (Actinopterygii),Fish,Background biomonitoring,ACIS-2014-025,17,ng/g,wet,Calculated,Whole Body,,,,,,,anadromous/freshwater fish,NorthSlope Subsistence Study,NorthSlope Subsistence Study
ERM,ERM NorthSlope Subsistence Study 2014 2015,2014,0,70.47815,-150.77848,Arctic Cisco,Coregonus autumnalis,anadromous/freshwater fish,Chordata (Actinopterygii),Fish,Background biomonitoring,ACIS-2014-026,17,ng/g,wet,Calculated,Whole Body,,,,,,,anadromous/freshwater fish,NorthSlope Subsistence Study,NorthSlope Subsistence Study
ERM,ERM NorthSlope Subsistence Study 2014 2015,2014,0,70.47815,-150.77848,Arctic Cisco,Coregonus autumnalis,anadromous/freshwater fish,Chordata (Actinopterygii),Fish,Background biomonitoring,ACIS-2014-027,17,ng/g,wet,Calculated,Whole Body,,,,,,,anadromous/freshwater fish,NorthSlope Subsistence Study,NorthSlope Subsistence Study
ERM,ERM NorthSlope Subsistence Study 2014 2015,2014,0,70.47815,-150.77848,Arctic Cisco,Coregonus autumnalis,anadromous/freshwater fish,Chordata (Actinopterygii),Fish,Background biomonitoring,ACIS-2014-028,17,ng/g,wet,Calculated,Whole Body,,,,,,,anadromous/freshwater fish,NorthSlope Subsistence Study,NorthSlope Subsistence Study
ERM,ERM NorthSlope Subsistence Study 2014 2015,2014,0,70.47815,-150.77848,Arctic Cisco,Coregonus autumnalis,anadromous/freshwater fish,Chordata (Actinopterygii),Fish,Background biomonitoring,ACIS-2014-029,17,ng/g,wet,Calculated,Whole Body,,,,,,,anadromous/freshwater fish,NorthSlope Subsistence Study,NorthSlope Subsistence Study
ERM,ERM NorthSlope Subsistence Study 2014 2015,2014,0,70.47815,-150.77848,Arctic Cisco,Coregonus autumnalis,anadromous/freshwater fish,Chordata (Actinopterygii),Fish,Background biomonitoring,ACIS-2014-030,17,ng/g,wet,Calculated,Whole Body,,,,,,,anadromous/freshwater fish,NorthSlope Subsistence Study,NorthSlope Subsistence Study
ERM,ERM NorthSlope Subsistence Study 2014 2015,2015,0,70.47815,-150.77848,Arctic Cisco,Coregonus autumnalis,anadromous/freshwater fish,Chordata (Actinopterygii),Fish,Background biomonitoring,ACIS-2015-01,17,ng/g,wet,Calculated,Whole Body,,,,,,,anadromous/freshwater fish,NorthSlope Subsistence Study,NorthSlope Subsistence Study
ERM,ERM NorthSlope Subsistence Study 2014 2015,2015,0,70.47815,-150.77848,Arctic Cisco,Coregonus autumnalis,anadromous/freshwater fish,Chordata (Actinopterygii),Fish,Background biomonitoring,ACIS-2015-02,17,ng/g,wet,Calculated,Whole Body,,,,,,,anadromous/freshwater fish,NorthSlope Subsistence Study,NorthSlope Subsistence Study
ERM,ERM NorthSlope Subsistence Study 2014 2015,2015,0,70.47815,-150.77848,Arctic Cisco,Coregonus autumnalis,anadromous/freshwater fish,Chordata (Actinopterygii),Fish,Background biomonitoring,ACIS-2015-03,17,ng/g,wet,Calculated,Whole Body,,,,,,,anadromous/freshwater fish,NorthSlope Subsistence Study,NorthSlope Subsistence Study
ERM,ERM NorthSlope Subsistence Study 2014 2015,2015,0,70.47815,-150.77848,Arctic Cisco,Coregonus autumnalis,anadromous/freshwater fish,Chordata (Actinopterygii),Fish,Background biomonitoring,ACIS-2015-04,17,ng/g,wet,Calculated,Whole Body,,,,,,,anadromous/freshwater fish,NorthSlope Subsistence Study,NorthSlope Subsistence Study
ERM,ERM NorthSlope Subsistence Study 2014 2015,2015,0,70.47815,-150.77848,Arctic Cisco,Coregonus autumnalis,anadromous/freshwater fish,Chordata (Actinopterygii),Fish,Background biomonitoring,ACIS-2015-05,17,ng/g,wet,Calculated,Whole Body,,,,,,,anadromous/freshwater fish,NorthSlope Subsistence Study,NorthSlope Subsistence Study
ERM,ERM NorthSlope Subsistence Study 2014 2015,2015,0,70.47815,-150.77848,Arctic Cisco,Coregonus autumnalis,anadromous/freshwater fish,Chordata (Actinopterygii),Fish,Background biomonitoring,ACIS-2015-06,17,ng/g,wet,Calculated,Whole Body,,,,,,,anadromous/freshwater fish,NorthSlope Subsistence Study,NorthSlope Subsistence Study
ERM,ERM NorthSlope Subsistence Study 2014 2015,2015,0,70.47815,-150.77848,Arctic Cisco,Coregonus autumnalis,anadromous/freshwater fish,Chordata (Actinopterygii),Fish,Background biomonitoring,ACIS-2015-07,17,ng/g,wet,Calculated,Whole Body,,,,,,,anadromous/freshwater fish,NorthSlope Subsistence Study,NorthSlope Subsistence Study
ERM,ERM NorthSlope Subsistence Study 2014 2015,2015,0,70.47815,-150.77848,Arctic Cisco,Coregonus autumnalis,anadromous/freshwater fish,Chordata (Actinopterygii),Fish,Background biomonitoring,ACIS-2015-08,17,ng/g,wet,Calculated,Whole Body,,,,,,,anadromous/freshwater fish,NorthSlope Subsistence Study,NorthSlope Subsistence Study
ERM,ERM NorthSlope Subsistence Study 2014 2015,2015,0,70.47815,-150.77848,Arctic Cisco,Coregonus autumnalis,anadromous/freshwater fish,Chordata (Actinopterygii),Fish,Background biomonitoring,ACIS-2015-09,17,ng/g,wet,Calculated,Whole Body,,,,,,,anadromous/freshwater fish,NorthSlope Subsistence Study,NorthSlope Subsistence Study
ERM,ERM NorthSlope Subsistence Study 2014 2015,2015,0,70.47815,-150.77848,Arctic Cisco,Coregonus autumnalis,anadromous/freshwater fish,Chordata (Actinopterygii),Fish,Background biomonitoring,ACIS-2015-10,17,ng/g,wet,Calculated,Whole Body,,,,,,,anadromous/freshwater fish,NorthSlope Subsistence Study,NorthSlope Subsistence Study
ERM,ERM NorthSlope Subsistence Study 2014 2015,2015,0,70.47815,-150.77848,Arctic Cisco,Coregonus autumnalis,anadromous/freshwater fish,Chordata (Actinopterygii),Fish,Background biomonitoring,ACIS-2015-11,17,ng/g,wet,Calculated,Whole Body,,,,,,,anadromous/freshwater fish,NorthSlope Subsistence Study,NorthSlope Subsistence Study
ERM,ERM NorthSlope Subsistence Study 2014 2015,2015,0,70.47815,-150.77848,Arctic Cisco,Coregonus autumnalis,anadromous/freshwater fish,Chordata (Actinopterygii),Fish,Background biomonitoring,ACIS-2015-12,17,ng/g,wet,Calculated,Whole Body,,,,,,,anadromous/freshwater fish,NorthSlope Subsistence Study,NorthSlope Subsistence Study
ERM,ERM NorthSlope Subsistence Study 2014 2015,2015,0,70.47815,-150.77848,Arctic Cisco,Coregonus autumnalis,anadromous/freshwater fish,Chordata (Actinopterygii),Fish,Background biomonitoring,ACIS-2015-13,17,ng/g,wet,Calculated,Whole Body,,,,,,,anadromous/freshwater fish,NorthSlope Subsistence Study,NorthSlope Subsistence Study
ERM,ERM NorthSlope Subsistence Study 2014 2015,2015,0,70.47815,-150.77848,Arctic Cisco,Coregonus autumnalis,anadromous/freshwater fish,Chordata (Actinopterygii),Fish,Background biomonitoring,ACIS-2015-14,17,ng/g,wet,Calculated,Whole Body,,,,,,,anadromous/freshwater fish,NorthSlope Subsistence Study,NorthSlope Subsistence Study
ERM,ERM NorthSlope Subsistence Study 2014 2015,2015,0,70.47815,-150.77848,Arctic Cisco,Coregonus autumnalis,anadromous/freshwater fish,Chordata (Actinopterygii),Fish,Background biomonitoring,ACIS-2015-15,17,ng/g,wet,Calculated,Whole Body,,,,,,,anadromous/freshwater fish,NorthSlope Subsistence Study,NorthSlope Subsistence Study
ERM,ERM NorthSlope Subsistence Study 2014 2015,2015,0,70.47815,-150.77848,Arctic Cisco,Coregonus autumnalis,anadromous/freshwater fish,Chordata (Actinopterygii),Fish,Background biomonitoring,ACIS-2015-16,17,ng/g,wet,Calculated,Whole Body,,,,,,,anadromous/freshwater fish,NorthSlope Subsistence Study,NorthSlope Subsistence Study
ERM,ERM NorthSlope Subsistence Study 2014 2015,2015,0,70.47815,-150.77848,Arctic Cisco,Coregonus autumnalis,anadromous/freshwater fish,Chordata (Actinopterygii),Fish,Background biomonitoring,ACIS-2015-17,17,ng/g,wet,Calculated,Whole Body,,,,,,,anadromous/freshwater fish,NorthSlope Subsistence Study,NorthSlope Subsistence Study
ERM,ERM NorthSlope Subsistence Study 2014 2015,2015,0,70.47815,-150.77848,Arctic Cisco,Coregonus autumnalis,anadromous/freshwater fish,Chordata (Actinopterygii),Fish,Background biomonitoring,ACIS-2015-18,17,ng/g,wet,Calculated,Whole Body,,,,,,,anadromous/freshwater fish,NorthSlope Subsistence Study,NorthSlope Subsistence Study
ERM,ERM NorthSlope Subsistence Study 2014 2015,2015,0,70.47815,-150.77848,Arctic Cisco,Coregonus autumnalis,anadromous/freshwater fish,Chordata (Actinopterygii),Fish,Background biomonitoring,ACIS-2015-19,17,ng/g,wet,Calculated,Whole Body,,,,,,,anadromous/freshwater fish,NorthSlope Subsistence Study,NorthSlope Subsistence Study
ERM,ERM NorthSlope Subsistence Study 2014 2015,2015,0,70.47815,-150.77848,Arctic Cisco,Coregonus autumnalis,anadromous/freshwater fish,Chordata (Actinopterygii),Fish,Background biomonitoring,ACIS-2015-20,17,ng/g,wet,Calculated,Whole Body,,,,,,,anadromous/freshwater fish,NorthSlope Subsistence Study,NorthSlope Subsistence Study
ERM,ERM NorthSlope Subsistence Study 2014 2015,2015,0,70.47815,-150.77848,Arctic Cisco,Coregonus autumnalis,anadromous/freshwater fish,Chordata (Actinopterygii),Fish,Background biomonitoring,ACIS-2015-21,17,ng/g,wet,Calculated,Whole Body,,,,,,,anadromous/freshwater fish,NorthSlope Subsistence Study,NorthSlope Subsistence Study
ERM,ERM NorthSlope Subsistence Study 2014 2015,2015,0,70.47815,-150.77848,Arctic Cisco,Coregonus autumnalis,anadromous/freshwater fish,Chordata (Actinopterygii),Fish,Background biomonitoring,ACIS-2015-22,17,ng/g,wet,Calculated,Whole Body,,,,,,,anadromous/freshwater fish,NorthSlope Subsistence Study,NorthSlope Subsistence Study
ERM,ERM NorthSlope Subsistence Study 2014 2015,2015,0,70.47815,-150.77848,Arctic Cisco,Coregonus autumnalis,anadromous/freshwater fish,Chordata (Actinopterygii),Fish,Background biomonitoring,ACIS-2015-23,17,ng/g,wet,Calculated,Whole Body,,,,,,,anadromous/freshwater fish,NorthSlope Subsistence Study,NorthSlope Subsistence Study
ERM,ERM NorthSlope Subsistence Study 2014 2015,2015,0,70.47815,-150.77848,Arctic Cisco,Coregonus autumnalis,anadromous/freshwater fish,Chordata (Actinopterygii),Fish,Background biomonitoring,ACIS-2015-24,17,ng/g,wet,Calculated,Whole Body,,,,,,,anadromous/freshwater fish,NorthSlope Subsistence Study,NorthSlope Subsistence Study
ERM,ERM NorthSlope Subsistence Study 2014 2015,2015,0,70.47815,-150.77848,Arctic Cisco,Coregonus autumnalis,anadromous/freshwater fish,Chordata (Actinopterygii),Fish,Background biomonitoring,ACIS-2015-25,17,ng/g,wet,Calculated,Whole Body,,,,,,,anadromous/freshwater fish,NorthSlope Subsistence Study,NorthSlope Subsistence Study
ERM,ERM NorthSlope Subsistence Study 2014 2015,2015,0,70.47815,-150.77848,Arctic Cisco,Coregonus autumnalis,anadromous/freshwater fish,Chordata (Actinopterygii),Fish,Background biomonitoring,ACIS-2015-26,17,ng/g,wet,Calculated,Whole Body,,,,,,,anadromous/freshwater fish,NorthSlope Subsistence Study,NorthSlope Subsistence Study
ERM,ERM NorthSlope Subsistence Study 2014 2015,2015,0,70.47815,-150.77848,Arctic Cisco,Coregonus autumnalis,anadromous/freshwater fish,Chordata (Actinopterygii),Fish,Background biomonitoring,ACIS-2015-27,17,ng/g,wet,Calculated,Whole Body,,,,,,,anadromous/freshwater fish,NorthSlope Subsistence Study,NorthSlope Subsistence Study
ERM,ERM NorthSlope Subsistence Study 2014 2015,2015,0,70.47815,-150.77848,Arctic Cisco,Coregonus autumnalis,anadromous/freshwater fish,Chordata (Actinopterygii),Fish,Background biomonitoring,ACIS-2015-28,17,ng/g,wet,Calculated,Whole Body,,,,,,,anadromous/freshwater fish,NorthSlope Subsistence Study,NorthSlope Subsistence Study
ERM,ERM NorthSlope Subsistence Study 2014 2015,2015,0,70.47815,-150.77848,Arctic Cisco,Coregonus autumnalis,anadromous/freshwater fish,Chordata (Actinopterygii),Fish,Background biomonitoring,ACIS-2015-29,17,ng/g,wet,Calculated,Whole Body,,,,,,,anadromous/freshwater fish,NorthSlope Subsistence Study,NorthSlope Subsistence Study
ERM,ERM NorthSlope Subsistence Study 2014 2015,2015,0,70.47815,-150.77848,Arctic Cisco,Coregonus autumnalis,anadromous/freshwater fish,Chordata (Actinopterygii),Fish,Background biomonitoring,ACIS-2015-30,17,ng/g,wet,Calculated,Whole Body,,,,,,,anadromous/freshwater fish,NorthSlope Subsistence Study,NorthSlope Subsistence Study
PWSRCAC,LTEMP,2002,243.8900505,59.87917,-149.6569,Blue Mussel,Mytilus trossulus,mussel,Bivalvia,Mussels,Background biomonitoring / Post-oil spill assessment,AIB-B-02-2-1,37,ng/g,dry,Calculated,Whole Body,38.6440678,,BD,,AlphaAnalytics,,mussel,Prince William Sound Regional Citizens' Advisory Council Monitoring Program,Prince William Sound Regional Citizens' Advisory Council Monitoring Program
PWSRCAC,LTEMP,2002,93.77509692,59.87917,-149.6569,Blue Mussel,Mytilus trossulus,mussel,Bivalvia,Mussels,Background biomonitoring / Post-oil spill assessment,AIB-B-02-2-2,37,ng/g,dry,Calculated,Whole Body,38.6440678,,BD,,AlphaAnalytics,,mussel,Prince William Sound Regional Citizens' Advisory Council Monitoring Program,Prince William Sound Regional Citizens' Advisory Council Monitoring Program
PWSRCAC,LTEMP,2002,41.76643478,59.87917,-149.6569,Blue Mussel,Mytilus trossulus,mussel,Bivalvia,Mussels,Background biomonitoring / Post-oil spill assessment,AIB-B-02-2-3,37,ng/g,dry,Calculated,Whole Body,18.84297521,,BD,,AlphaAnalytics,,mussel,Prince William Sound Regional Citizens' Advisory Council Monitoring Program,Prince William Sound Regional Citizens' Advisory Council Monitoring Program
PWSRCAC,LTEMP,2003,18.84208307,59.87917,-149.6569,Blue Mussel,Mytilus trossulus,mussel,Bivalvia,Mussels,Background biomonitoring / Post-oil spill assessment,AIB-B-03-1-1,37,ng/g,dry,Calculated,Whole Body,31.23287671,,BD,,AlphaAnalytics,,mussel,Prince William Sound Regional Citizens' Advisory Council Monitoring Program,Prince William Sound Regional Citizens' Advisory Council Monitoring Program
PWSRCAC,LTEMP,2003,9.648992161,59.87917,-149.6569,Blue Mussel,Mytilus trossulus,mussel,Bivalvia,Mussels,Background biomonitoring / Post-oil spill assessment,AIB-B-03-1-2,37,ng/g,dry,Calculated,Whole Body,26.82352941,,BD,,AlphaAnalytics,,mussel,Prince William Sound Regional Citizens' Advisory Council Monitoring Program,Prince William Sound Regional Citizens' Advisory Council Monitoring Program
PWSRCAC,LTEMP,2003,20.65898678,59.87917,-149.6569,Blue Mussel,Mytilus trossulus,mussel,Bivalvia,Mussels,Background biomonitoring / Post-oil spill assessment,AIB-B-03-1-3,37,ng/g,dry,Calculated,Whole Body,32.57142857,,BD,,AlphaAnalytics,,mussel,Prince William Sound Regional Citizens' Advisory Council Monitoring Program,Prince William Sound Regional Citizens' Advisory Council Monitoring Program
PWSRCAC,LTEMP,2003,12.41,59.87917,-149.6569,Blue Mussel,Mytilus trossulus,mussel,Bivalvia,Mussels,Background biomonitoring / Post-oil spill assessment,AIB-B-03-2-1,39,ng/g,dry,Calculated,Whole Body,0.45,,b,,AlphaAnalytics,,mussel,Prince William Sound Regional Citizens' Advisory Council Monitoring Program,Prince William Sound Regional Citizens' Advisory Council Monitoring Program
PWSRCAC,LTEMP,2003,20.75,59.87917,-149.6569,Blue Mussel,Mytilus trossulus,mussel,Bivalvia,Mussels,Background biomonitoring / Post-oil spill assessment,AIB-B-03-2-2,39,ng/g,dry,Calculated,Whole Body,0.45,,b,,AlphaAnalytics,,mussel,Prince William Sound Regional Citizens' Advisory Council Monitoring Program,Prince William Sound Regional Citizens' Advisory Council Monitoring Program
PWSRCAC,LTEMP,2003,31.44,59.87917,-149.6569,Blue Mussel,Mytilus trossulus,mussel,Bivalvia,Mussels,Background biomonitoring / Post-oil spill assessment,AIB-B-03-2-3,39,ng/g,dry,Calculated,Whole Body,0.45,,b,,AlphaAnalytics,,mussel,Prince William Sound Regional Citizens' Advisory Council Monitoring Program,Prince William Sound Regional Citizens' Advisory Council Monitoring Program
PWSRCAC,LTEMP,2004,81.11,59.87917,-149.6569,Blue Mussel,Mytilus trossulus,mussel,Bivalvia,Mussels,Background biomonitoring / Post-oil spill assessment,AIB-B-04-1-1,39,ng/g,dry,Calculated,Whole Body,5.18,,b,,AlphaAnalytics,,mussel,Prince William Sound Regional Citizens' Advisory Council Monitoring Program,Prince William Sound Regional Citizens' Advisory Council Monitoring Program
PWSRCAC,LTEMP,2004,40.21,59.87917,-149.6569,Blue Mussel,Mytilus trossulus,mussel,Bivalvia,Mussels,Background biomonitoring / Post-oil spill assessment,AIB-B-04-1-2,39,ng/g,dry,Calculated,Whole Body,5.18,,b,,AlphaAnalytics,,mussel,Prince William Sound Regional Citizens' Advisory Council Monitoring Program,Prince William Sound Regional Citizens' Advisory Council Monitoring Program
PWSRCAC,LTEMP,2004,21.36,59.87917,-149.6569,Blue Mussel,Mytilus trossulus,mussel,Bivalvia,Mussels,Background biomonitoring / Post-oil spill assessment,AIB-B-04-1-3,39,ng/g,dry,Calculated,Whole Body,5.12,,b,,AlphaAnalytics,,mussel,Prince William Sound Regional Citizens' Advisory Council Monitoring Program,Prince William Sound Regional Citizens' Advisory Council Monitoring Program
PWSRCAC,LTEMP,2004,27.59,59.87917,-149.6569,Blue Mussel,Mytilus trossulus,mussel,Bivalvia,Mussels,Background biomonitoring / Post-oil spill assessment,AIB-B-04-2-1-R2,39,ng/g,dry,Calculated,Whole Body,8,,b,,AlphaAnalytics,,mussel,Prince William Sound Regional Citizens' Advisory Council Monitoring Program,Prince William Sound Regional Citizens' Advisory Council Monitoring Program
PWSRCAC,LTEMP,2004,17.15,59.87917,-149.6569,Blue Mussel,Mytilus trossulus,mussel,Bivalvia,Mussels,Background biomonitoring / Post-oil spill assessment,AIB-B-04-2-2-R2,39,ng/g,dry,Calculated,Whole Body,8,,b,,AlphaAnalytics,,mussel,Prince William Sound Regional Citizens' Advisory Council Monitoring Program,Prince William Sound Regional Citizens' Advisory Council Monitoring Program
PWSRCAC,LTEMP,2004,9.23,59.87917,-149.6569,Blue Mussel,Mytilus trossulus,mussel,Bivalvia,Mussels,Background biomonitoring / Post-oil spill assessment,AIB-B-04-2-3-R2,39,ng/g,dry,Calculated,Whole Body,7.9,,b,,AlphaAnalytics,,mussel,Prince William Sound Regional Citizens' Advisory Council Monitoring Program,Prince William Sound Regional Citizens' Advisory Council Monitoring Program
PWSRCAC,LTEMP,2005,15.47,59.87917,-149.6569,Blue Mussel,Mytilus trossulus,mussel,Bivalvia,Mussels,Background biomonitoring / Post-oil spill assessment,AIB-B-05-1-1,39,ng/g,dry,Calculated,Whole Body,0.468,,b,,AlphaAnalytics,,mussel,Prince William Sound Regional Citizens' Advisory Council Monitoring Program,Prince William Sound Regional Citizens' Advisory Council Monitoring Program
PWSRCAC,LTEMP,2005,9.84,59.87917,-149.6569,Blue Mussel,Mytilus trossulus,mussel,Bivalvia,Mussels,Background biomonitoring / Post-oil spill assessment,AIB-B-05-1-2-R2,39,ng/g,dry,Calculated,Whole Body,8,,b,,AlphaAnalytics,,mussel,Prince William Sound Regional Citizens' Advisory Council Monitoring Program,Prince William Sound Regional Citizens' Advisory Council Monitoring Program
PWSRCAC,LTEMP,2005,42.19,59.87917,-149.6569,Blue Mussel,Mytilus trossulus,mussel,Bivalvia,Mussels,Background biomonitoring / Post-oil spill assessment,AIB-B-05-1-3,39,ng/g,dry,Calculated,Whole Body,0.479,,b,,AlphaAnalytics,,mussel,Prince William Sound Regional Citizens' Advisory Council Monitoring Program,Prince William Sound Regional Citizens' Advisory Council Monitoring Program
PWSRCAC,LTEMP,2005,21.07,59.87917,-149.6569,Blue Mussel,Mytilus trossulus,mussel,Bivalvia,Mussels,Background biomonitoring / Post-oil spill assessment,AIB-B-05-2-1,39,ng/g,dry,Calculated,Whole Body,7.86,,b,,AlphaAnalytics,,mussel,Prince William Sound Regional Citizens' Advisory Council Monitoring Program,Prince William Sound Regional Citizens' Advisory Council Monitoring Program
PWSRCAC,LTEMP,2005,40.96,59.87917,-149.6569,Blue Mussel,Mytilus trossulus,mussel,Bivalvia,Mussels,Background biomonitoring / Post-oil spill assessment,AIB-B-05-2-2,39,ng/g,dry,Calculated,Whole Body,7.24,,b,,AlphaAnalytics,,mussel,Prince William Sound Regional Citizens' Advisory Council Monitoring Program,Prince William Sound Regional Citizens' Advisory Council Monitoring Program
PWSRCAC,LTEMP,2005,15.09,59.87917,-149.6569,Blue Mussel,Mytilus trossulus,mussel,Bivalvia,Mussels,Background biomonitoring / Post-oil spill assessment,AIB-B-05-2-3,39,ng/g,dry,Calculated,Whole Body,6.61,,b,,AlphaAnalytics,,mussel,Prince William Sound Regional Citizens' Advisory Council Monitoring Program,Prince William Sound Regional Citizens' Advisory Council Monitoring Program
PWSRCAC,LTEMP,2006,24.61,59.87917,-149.6569,Blue Mussel,Mytilus trossulus,mussel,Bivalvia,Mussels,Background biomonitoring / Post-oil spill assessment,AIB-B-06-1-1,39,ng/g,dry,Calculated,Whole Body,4.9,,b,,AlphaAnalytics,,mussel,Prince William Sound Regional Citizens' Advisory Council Monitoring Program,Prince William Sound Regional Citizens' Advisory Council Monitoring Program
PWSRCAC,LTEMP,2006,28.72,59.87917,-149.6569,Blue Mussel,Mytilus trossulus,mussel,Bivalvia,Mussels,Background biomonitoring / Post-oil spill assessment,AIB-B-06-1-2,39,ng/g,dry,Calculated,Whole Body,5.92,,b,,AlphaAnalytics,,mussel,Prince William Sound Regional Citizens' Advisory Council Monitoring Program,Prince William Sound Regional Citizens' Advisory Council Monitoring Program
PWSRCAC,LTEMP,2006,22.64,59.87917,-149.6569,Blue Mussel,Mytilus trossulus,mussel,Bivalvia,Mussels,Background biomonitoring / Post-oil spill assessment,AIB-B-06-1-3,39,ng/g,dry,Calculated,Whole Body,4.22,,b,,AlphaAnalytics,,mussel,Prince William Sound Regional Citizens' Advisory Council Monitoring Program,Prince William Sound Regional Citizens' Advisory Council Monitoring Program
PWSRCAC,LTEMP,2006,33.40983144,59.87917,-149.6569,Blue Mussel,Mytilus trossulus,mussel,Bivalvia,Mussels,Background biomonitoring / Post-oil spill assessment,AIB-B-06-2-1,38,ng/g,dry,Calculated,Whole Body,4.145454546,,,,AlphaAnalytics,,mussel,Prince William Sound Regional Citizens' Advisory Council Monitoring Program,Prince William Sound Regional Citizens' Advisory Council Monitoring Program
PWSRCAC,LTEMP,2006,11.52795789,59.87917,-149.6569,Blue Mussel,Mytilus trossulus,mussel,Bivalvia,Mussels,Background biomonitoring / Post-oil spill assessment,AIB-B-06-2-2,38,ng/g,dry,Calculated,Whole Body,4.384615385,,,,AlphaAnalytics,,mussel,Prince William Sound Regional Citizens' Advisory Council Monitoring Program,Prince William Sound Regional Citizens' Advisory Council Monitoring Program
PWSRCAC,LTEMP,2006,6.529753092,59.87917,-149.6569,Blue Mussel,Mytilus trossulus,mussel,Bivalvia,Mussels,Background biomonitoring / Post-oil spill assessment,AIB-B-06-2-3,38,ng/g,dry,Calculated,Whole Body,3.590551181,,,,AlphaAnalytics,,mussel,Prince William Sound Regional Citizens' Advisory Council Monitoring Program,Prince William Sound Regional Citizens' Advisory Council Monitoring Program
PWSRCAC,LTEMP,2007,16.1130067,59.87917,-149.6569,Blue Mussel,Mytilus trossulus,mussel,Bivalvia,Mussels,Background biomonitoring / Post-oil spill assessment,AIB-B-07-1-1,38,ng/g,dry,Calculated,Whole Body,5.123595506,,,,AlphaAnalytics,,mussel,Prince William Sound Regional Citizens' Advisory Council Monitoring Program,Prince William Sound Regional Citizens' Advisory Council Monitoring Program
PWSRCAC,LTEMP,2007,56.01115946,59.87917,-149.6569,Blue Mussel,Mytilus trossulus,mussel,Bivalvia,Mussels,Background biomonitoring / Post-oil spill assessment,AIB-B-07-1-2,38,ng/g,dry,Calculated,Whole Body,5.302325581,,,,AlphaAnalytics,,mussel,Prince William Sound Regional Citizens' Advisory Council Monitoring Program,Prince William Sound Regional Citizens' Advisory Council Monitoring Program
PWSRCAC,LTEMP,2007,58.94539576,59.87917,-149.6569,Blue Mussel,Mytilus trossulus,mussel,Bivalvia,Mussels,Background biomonitoring / Post-oil spill assessment,AIB-B-07-1-3,38,ng/g,dry,Calculated,Whole Body,5.493975904,,,,AlphaAnalytics,,mussel,Prince William Sound Regional Citizens' Advisory Council Monitoring Program,Prince William Sound Regional Citizens' Advisory Council Monitoring Program
PWSRCAC,LTEMP,2007,13.27917663,59.87917,-149.6569,Blue Mussel,Mytilus trossulus,mussel,Bivalvia,Mussels,Background biomonitoring / Post-oil spill assessment,AIB-B-07-2-1,38,ng/g,dry,Calculated,Whole Body,5.56097561,,,,AlphaAnalytics,,mussel,Prince William Sound Regional Citizens' Advisory Council Monitoring Program,Prince William Sound Regional Citizens' Advisory Council Monitoring Program
PWSRCAC,LTEMP,2007,10.9718949,59.87917,-149.6569,Blue Mussel,Mytilus trossulus,mussel,Bivalvia,Mussels,Background biomonitoring / Post-oil spill assessment,AIB-B-07-2-2,38,ng/g,dry,Calculated,Whole Body,6.246575343,,,,AlphaAnalytics,,mussel,Prince William Sound Regional Citizens' Advisory Council Monitoring Program,Prince William Sound Regional Citizens' Advisory Council Monitoring Program
PWSRCAC,LTEMP,2007,8.101540421,59.87917,-149.6569,Blue Mussel,Mytilus trossulus,mussel,Bivalvia,Mussels,Background biomonitoring / Post-oil spill assessment,AIB-B-07-2-3,38,ng/g,dry,Calculated,Whole Body,6,,,,AlphaAnalytics,,mussel,Prince William Sound Regional Citizens' Advisory Council Monitoring Program,Prince William Sound Regional Citizens' Advisory Council Monitoring Program
PWSRCAC,LTEMP,2008,11.30033804,59.87917,-149.6569,Blue Mussel,Mytilus trossulus,mussel,Bivalvia,Mussels,Background biomonitoring / Post-oil spill assessment,AIB-B-08-2-1,38,ng/g,dry,Calculated,Whole Body,1.961010047,,a,,AlphaAnalytics,,mussel,Prince William Sound Regional Citizens' Advisory Council Monitoring Program,Prince William Sound Regional Citizens' Advisory Council Monitoring Program
PWSRCAC,LTEMP,2008,9.498694124,59.87917,-149.6569,Blue Mussel,Mytilus trossulus,mussel,Bivalvia,Mussels,Background biomonitoring / Post-oil spill assessment,AIB-B-08-2-2,38,ng/g,dry,Calculated,Whole Body,1.955446898,,a,,AlphaAnalytics,,mussel,Prince William Sound Regional Citizens' Advisory Council Monitoring Program,Prince William Sound Regional Citizens' Advisory Council Monitoring Program
PWSRCAC,LTEMP,2008,12.0232053,59.87917,-149.6569,Blue Mussel,Mytilus trossulus,mussel,Bivalvia,Mussels,Background biomonitoring / Post-oil spill assessment,AIB-B-08-2-3,38,ng/g,dry,Calculated,Whole Body,1.952677143,,a,,AlphaAnalytics,,mussel,Prince William Sound Regional Citizens' Advisory Council Monitoring Program,Prince William Sound Regional Citizens' Advisory Council Monitoring Program
PWSRCAC,LTEMP,2009,4.759265585,59.87917,-149.6569,Blue Mussel,Mytilus trossulus,mussel,Bivalvia,Mussels,Background biomonitoring / Post-oil spill assessment,AIB-B-09-1-1,38,ng/g,dry,Calculated,Whole Body,1.604877839,,a,,AlphaAnalytics,,mussel,Prince William Sound Regional Citizens' Advisory Council Monitoring Program,Prince William Sound Regional Citizens' Advisory Council Monitoring Program
PWSRCAC,LTEMP,2009,17.24098799,59.87917,-149.6569,Blue Mussel,Mytilus trossulus,mussel,Bivalvia,Mussels,Background biomonitoring / Post-oil spill assessment,AIB-B-09-1-2,38,ng/g,dry,Calculated,Whole Body,1.604877839,,a,,AlphaAnalytics,,mussel,Prince William Sound Regional Citizens' Advisory Council Monitoring Program,Prince William Sound Regional Citizens' Advisory Council Monitoring Program
PWSRCAC,LTEMP,2009,5.638687784,59.87917,-149.6569,Blue Mussel,Mytilus trossulus,mussel,Bivalvia,Mussels,Background biomonitoring / Post-oil spill assessment,AIB-B-09-1-3,38,ng/g,dry,Calculated,Whole Body,1.591905385,,a,,AlphaAnalytics,,mussel,Prince William Sound Regional Citizens' Advisory Council Monitoring Program,Prince William Sound Regional Citizens' Advisory Council Monitoring Program
PWSRCAC,LTEMP,2013,18.4625863,59.87917,-149.6569,Blue Mussel,Mytilus trossulus,mussel,Bivalvia,Mussels,Background biomonitoring / Post-oil spill assessment,AIB-B-13-2-1,38,ng/g,dry,Calculated,Whole Body,1.95495438,,a,,AlphaAnalytics,,mussel,Prince William Sound Regional Citizens' Advisory Council Monitoring Program,Prince William Sound Regional Citizens' Advisory Council Monitoring Program
PWSRCAC,LTEMP,2013,7.987684765,59.87917,-149.6569,Blue Mussel,Mytilus trossulus,mussel,Bivalvia,Mussels,Background biomonitoring / Post-oil spill assessment,AIB-B-13-2-2,38,ng/g,dry,Calculated,Whole Body,1.977392881,,a,,AlphaAnalytics,,mussel,Prince William Sound Regional Citizens' Advisory Council Monitoring Program,Prince William Sound Regional Citizens' Advisory Council Monitoring Program
PWSRCAC,LTEMP,2013,8.136734022,59.87917,-149.6569,Blue Mussel,Mytilus trossulus,mussel,Bivalvia,Mussels,Background biomonitoring / Post-oil spill assessment,AIB-B-13-2-3,38,ng/g,dry,Calculated,Whole Body,2.026827703,,a,,AlphaAnalytics,,mussel,Prince William Sound Regional Citizens' Advisory Council Monitoring Program,Prince William Sound Regional Citizens' Advisory Council Monitoring Program
PWSRCAC,LTEMP,2018,20.64,59.87917,-149.6569,Blue Mussel,Mytilus trossulus,mussel,Bivalvia,Mussels,Background biomonitoring / Post-oil spill assessment,AIB-B-18-2-1,41,ng/g,dry,Calculated,Whole Body,5.7,13.2,JB,85,AlphaAnalytics,,mussel,Prince William Sound Regional Citizens' Advisory Council Monitoring Program,Prince William Sound Regional Citizens' Advisory Council Monitoring Program
PWSRCAC,LTEMP,2018,20.94285714,59.87917,-149.6569,Blue Mussel,Mytilus trossulus,mussel,Bivalvia,Mussels,Background biomonitoring / Post-oil spill assessment,AIB-B-18-2-2,41,ng/g,dry,Calculated,Whole Body,5.9,13.71428571,JB,86,AlphaAnalytics,,mussel,Prince William Sound Regional Citizens' Advisory Council Monitoring Program,Prince William Sound Regional Citizens' Advisory Council Monitoring Program
PWSRCAC,LTEMP,2018,32.36153846,59.87917,-149.6569,Blue Mussel,Mytilus trossulus,mussel,Bivalvia,Mussels,Background biomonitoring / Post-oil spill assessment,AIB-B-18-2-3,41,ng/g,dry,Calculated,Whole Body,6.415384615,14.84615385,JB,87,AlphaAnalytics,,mussel,Prince William Sound Regional Citizens' Advisory Council Monitoring Program,Prince William Sound Regional Citizens' Advisory Council Monitoring Program
PWSRCAC,LTEMP,2024,60.576,59.87917,-149.6569,Blue Mussel,Mytilus trossulus,mussel,Bivalvia,Mussels,Background biomonitoring / Post-oil spill assessment,AIB-B-24-1,41,ng/g,wet,Calculated,Whole Body,0.754,1.75,JB,0,AlphaAnalytics,,mussel,Prince William Sound Regional Citizens' Advisory Council Monitoring Program,Prince William Sound Regional Citizens' Advisory Council Monitoring Program
PWSRCAC,LTEMP,2024,56.812,59.87917,-149.6569,Blue Mussel,Mytilus trossulus,mussel,Bivalvia,Mussels,Background biomonitoring / Post-oil spill assessment,AIB-B-24-2,41,ng/g,wet,Calculated,Whole Body,0.803,1.86,JB,0,AlphaAnalytics,,mussel,Prince William Sound Regional Citizens' Advisory Council Monitoring Program,Prince William Sound Regional Citizens' Advisory Council Monitoring Program
PWSRCAC,LTEMP,2024,59.608,59.87917,-149.6569,Blue Mussel,Mytilus trossulus,mussel,Bivalvia,Mussels,Background biomonitoring / Post-oil spill assessment,AIB-B-24-3,41,ng/g,wet,Calculated,Whole Body,0.804,1.86,JB,0,AlphaAnalytics,,mussel,Prince William Sound Regional Citizens' Advisory Council Monitoring Program,Prince William Sound Regional Citizens' Advisory Council Monitoring Program
PWSRCAC,LTEMP,2002,95.37014969,61.09167,-146.4053,Blue Mussel,Mytilus trossulus,mussel,Bivalvia,Mussels,Background biomonitoring / Post-oil spill assessment,AMT-B-02-2-1,37,ng/g,dry,Calculated,Whole Body,37.37704918,,BD,,AlphaAnalytics,,mussel,Prince William Sound Regional Citizens' Advisory Council Monitoring Program,Prince William Sound Regional Citizens' Advisory Council Monitoring Program
PWSRCAC,LTEMP,2002,68.76845815,61.09167,-146.4053,Blue Mussel,Mytilus trossulus,mussel,Bivalvia,Mussels,Background biomonitoring / Post-oil spill assessment,AMT-B-02-2-2,37,ng/g,dry,Calculated,Whole Body,40,,BD,,AlphaAnalytics,,mussel,Prince William Sound Regional Citizens' Advisory Council Monitoring Program,Prince William Sound Regional Citizens' Advisory Council Monitoring Program
PWSRCAC,LTEMP,2002,76.22129358,61.09167,-146.4053,Blue Mussel,Mytilus trossulus,mussel,Bivalvia,Mussels,Background biomonitoring / Post-oil spill assessment,AMT-B-02-2-3,37,ng/g,dry,Calculated,Whole Body,36.19047619,,,,AlphaAnalytics,,mussel,Prince William Sound Regional Citizens' Advisory Council Monitoring Program,Prince William Sound Regional Citizens' Advisory Council Monitoring Program
PWSRCAC,LTEMP,2002,59.26826495,61.09167,-146.4053,Blue Mussel,Mytilus trossulus,mussel,Bivalvia,Mussels,Background biomonitoring / Post-oil spill assessment,AMT-B-02-3-1,37,ng/g,dry,Calculated,Whole Body,29.23076923,,BD,,AlphaAnalytics,,mussel,Prince William Sound Regional Citizens' Advisory Council Monitoring Program,Prince William Sound Regional Citizens' Advisory Council Monitoring Program
PWSRCAC,LTEMP,2002,62.13973241,61.09167,-146.4053,Blue Mussel,Mytilus trossulus,mussel,Bivalvia,Mussels,Background biomonitoring / Post-oil spill assessment,AMT-B-02-3-2,37,ng/g,dry,Calculated,Whole Body,37.37704918,,BD,,AlphaAnalytics,,mussel,Prince William Sound Regional Citizens' Advisory Council Monitoring Program,Prince William Sound Regional Citizens' Advisory Council Monitoring Program
PWSRCAC,LTEMP,2002,54.97223405,61.09167,-146.4053,Blue Mussel,Mytilus trossulus,mussel,Bivalvia,Mussels,Background biomonitoring / Post-oil spill assessment,AMT-B-02-3-3,37,ng/g,dry,Calculated,Whole Body,26.51162791,,BD,,AlphaAnalytics,,mussel,Prince William Sound Regional Citizens' Advisory Council Monitoring Program,Prince William Sound Regional Citizens' Advisory Council Monitoring Program
PWSRCAC,LTEMP,2003,117.3578887,61.09167,-146.4053,Blue Mussel,Mytilus trossulus,mussel,Bivalvia,Mussels,Background biomonitoring / Post-oil spill assessment,AMT-B-03-1-1,74,ng/g,dry,Calculated,Whole Body,39.31034483,,BD,,AlphaAnalytics,,mussel,Prince William Sound Regional Citizens' Advisory Council Monitoring Program,Prince William Sound Regional Citizens' Advisory Council Monitoring Program
PWSRCAC,LTEMP,2003,60.63989426,61.09167,-146.4053,Blue Mussel,Mytilus trossulus,mussel,Bivalvia,Mussels,Background biomonitoring / Post-oil spill assessment,AMT-B-03-1-2,37,ng/g,dry,Calculated,Whole Body,36.77419355,,BD,,AlphaAnalytics,,mussel,Prince William Sound Regional Citizens' Advisory Council Monitoring Program,Prince William Sound Regional Citizens' Advisory Council Monitoring Program
PWSRCAC,LTEMP,2003,64.6437925,61.09167,-146.4053,Blue Mussel,Mytilus trossulus,mussel,Bivalvia,Mussels,Background biomonitoring / Post-oil spill assessment,AMT-B-03-1-3,37,ng/g,dry,Calculated,Whole Body,38,,BD,,AlphaAnalytics,,mussel,Prince William Sound Regional Citizens' Advisory Council Monitoring Program,Prince William Sound Regional Citizens' Advisory Council Monitoring Program
PWSRCAC,LTEMP,2003,88.16,61.09167,-146.4053,Blue Mussel,Mytilus trossulus,mussel,Bivalvia,Mussels,Background biomonitoring / Post-oil spill assessment,AMT-B-03-2-1,39,ng/g,dry,Calculated,Whole Body,7.86,,b,,AlphaAnalytics,,mussel,Prince William Sound Regional Citizens' Advisory Council Monitoring Program,Prince William Sound Regional Citizens' Advisory Council Monitoring Program
PWSRCAC,LTEMP,2003,45.82,61.09167,-146.4053,Blue Mussel,Mytilus trossulus,mussel,Bivalvia,Mussels,Background biomonitoring / Post-oil spill assessment,AMT-B-03-2-2,39,ng/g,dry,Calculated,Whole Body,8.44,,b,,AlphaAnalytics,,mussel,Prince William Sound Regional Citizens' Advisory Council Monitoring Program,Prince William Sound Regional Citizens' Advisory Council Monitoring Program
PWSRCAC,LTEMP,2003,45.05,61.09167,-146.4053,Blue Mussel,Mytilus trossulus,mussel,Bivalvia,Mussels,Background biomonitoring / Post-oil spill assessment,AMT-B-03-2-3,39,ng/g,dry,Calculated,Whole Body,9.31,,b,,AlphaAnalytics,,mussel,Prince William Sound Regional Citizens' Advisory Council Monitoring Program,Prince William Sound Regional Citizens' Advisory Council Monitoring Program
PWSRCAC,LTEMP,2003,46.11,61.09167,-146.4053,Blue Mussel,Mytilus trossulus,mussel,Bivalvia,Mussels,Background biomonitoring / Post-oil spill assessment,AMT-B-03-3-1,39,ng/g,dry,Calculated,Whole Body,7.35,,b,,AlphaAnalytics,,mussel,Prince William Sound Regional Citizens' Advisory Council Monitoring Program,Prince William Sound Regional Citizens' Advisory Council Monitoring Program
PWSRCAC,LTEMP,2003,59.63,61.09167,-146.4053,Blue Mussel,Mytilus trossulus,mussel,Bivalvia,Mussels,Background biomonitoring / Post-oil spill assessment,AMT-B-03-3-2,39,ng/g,dry,Calculated,Whole Body,7.24,,b,,AlphaAnalytics,,mussel,Prince William Sound Regional Citizens' Advisory Council Monitoring Program,Prince William Sound Regional Citizens' Advisory Council Monitoring Program
PWSRCAC,LTEMP,2003,45.94,61.09167,-146.4053,Blue Mussel,Mytilus trossulus,mussel,Bivalvia,Mussels,Background biomonitoring / Post-oil spill assessment,AMT-B-03-3-3,39,ng/g,dry,Calculated,Whole Body,7.48,,b,,AlphaAnalytics,,mussel,Prince William Sound Regional Citizens' Advisory Council Monitoring Program,Prince William Sound Regional Citizens' Advisory Council Monitoring Program
PWSRCAC,LTEMP,2004,118.35,61.09167,-146.4053,Blue Mussel,Mytilus trossulus,mussel,Bivalvia,Mussels,Background biomonitoring / Post-oil spill assessment,AMT-B-04-1-1,39,ng/g,dry,Calculated,Whole Body,6,,b,,AlphaAnalytics,,mussel,Prince William Sound Regional Citizens' Advisory Council Monitoring Program,Prince William Sound Regional Citizens' Advisory Council Monitoring Program
PWSRCAC,LTEMP,2004,52.61,61.09167,-146.4053,Blue Mussel,Mytilus trossulus,mussel,Bivalvia,Mussels,Background biomonitoring / Post-oil spill assessment,AMT-B-04-1-2,39,ng/g,dry,Calculated,Whole Body,6.61,,b,,AlphaAnalytics,,mussel,Prince William Sound Regional Citizens' Advisory Council Monitoring Program,Prince William Sound Regional Citizens' Advisory Council Monitoring Program
PWSRCAC,LTEMP,2004,39.1,61.09167,-146.4053,Blue Mussel,Mytilus trossulus,mussel,Bivalvia,Mussels,Background biomonitoring / Post-oil spill assessment,AMT-B-04-1-3,39,ng/g,dry,Calculated,Whole Body,6.81,,b,,AlphaAnalytics,,mussel,Prince William Sound Regional Citizens' Advisory Council Monitoring Program,Prince William Sound Regional Citizens' Advisory Council Monitoring Program
PWSRCAC,LTEMP,2004,68.24,61.09167,-146.4053,Blue Mussel,Mytilus trossulus,mussel,Bivalvia,Mussels,Background biomonitoring / Post-oil spill assessment,AMT-B-04-2-1,39,ng/g,dry,Calculated,Whole Body,0.485,,b,,AlphaAnalytics,,mussel,Prince William Sound Regional Citizens' Advisory Council Monitoring Program,Prince William Sound Regional Citizens' Advisory Council Monitoring Program
PWSRCAC,LTEMP,2004,36.69,61.09167,-146.4053,Blue Mussel,Mytilus trossulus,mussel,Bivalvia,Mussels,Background biomonitoring / Post-oil spill assessment,AMT-B-04-2-2,39,ng/g,dry,Calculated,Whole Body,0.487,,b,,AlphaAnalytics,,mussel,Prince William Sound Regional Citizens' Advisory Council Monitoring Program,Prince William Sound Regional Citizens' Advisory Council Monitoring Program
PWSRCAC,LTEMP,2004,70.97,61.09167,-146.4053,Blue Mussel,Mytilus trossulus,mussel,Bivalvia,Mussels,Background biomonitoring / Post-oil spill assessment,AMT-B-04-2-3,39,ng/g,dry,Calculated,Whole Body,0.492,,b,,AlphaAnalytics,,mussel,Prince William Sound Regional Citizens' Advisory Council Monitoring Program,Prince William Sound Regional Citizens' Advisory Council Monitoring Program
PWSRCAC,LTEMP,2004,59.67,61.09167,-146.4053,Blue Mussel,Mytilus trossulus,mussel,Bivalvia,Mussels,Background biomonitoring / Post-oil spill assessment,AMT-B-04-3-1,39,ng/g,dry,Calculated,Whole Body,0.497,,b,,AlphaAnalytics,,mussel,Prince William Sound Regional Citizens' Advisory Council Monitoring Program,Prince William Sound Regional Citizens' Advisory Council Monitoring Program
PWSRCAC,LTEMP,2004,52.86,61.09167,-146.4053,Blue Mussel,Mytilus trossulus,mussel,Bivalvia,Mussels,Background biomonitoring / Post-oil spill assessment,AMT-B-04-3-2,39,ng/g,dry,Calculated,Whole Body,0.502,,b,,AlphaAnalytics,,mussel,Prince William Sound Regional Citizens' Advisory Council Monitoring Program,Prince William Sound Regional Citizens' Advisory Council Monitoring Program
PWSRCAC,LTEMP,2004,55.28,61.09167,-146.4053,Blue Mussel,Mytilus trossulus,mussel,Bivalvia,Mussels,Background biomonitoring / Post-oil spill assessment,AMT-B-04-3-3,39,ng/g,dry,Calculated,Whole Body,0.496,,b,,AlphaAnalytics,,mussel,Prince William Sound Regional Citizens' Advisory Council Monitoring Program,Prince William Sound Regional Citizens' Advisory Council Monitoring Program
PWSRCAC,LTEMP,2005,42.42,61.09167,-146.4053,Blue Mussel,Mytilus trossulus,mussel,Bivalvia,Mussels,Background biomonitoring / Post-oil spill assessment,AMT-B-05-1-1-R2,39,ng/g,dry,Calculated,Whole Body,3.97,,b,,AlphaAnalytics,,mussel,Prince William Sound Regional Citizens' Advisory Council Monitoring Program,Prince William Sound Regional Citizens' Advisory Council Monitoring Program
PWSRCAC,LTEMP,2005,99.92,61.09167,-146.4053,Blue Mussel,Mytilus trossulus,mussel,Bivalvia,Mussels,Background biomonitoring / Post-oil spill assessment,AMT-B-05-1-2-R2,39,ng/g,dry,Calculated,Whole Body,8.4,,b,,AlphaAnalytics,,mussel,Prince William Sound Regional Citizens' Advisory Council Monitoring Program,Prince William Sound Regional Citizens' Advisory Council Monitoring Program
PWSRCAC,LTEMP,2005,39.82,61.09167,-146.4053,Blue Mussel,Mytilus trossulus,mussel,Bivalvia,Mussels,Background biomonitoring / Post-oil spill assessment,AMT-B-05-1-3-R2,39,ng/g,dry,Calculated,Whole Body,7.86,,b,,AlphaAnalytics,,mussel,Prince William Sound Regional Citizens' Advisory Council Monitoring Program,Prince William Sound Regional Citizens' Advisory Council Monitoring Program
PWSRCAC,LTEMP,2005,25.12,61.09167,-146.4053,Blue Mussel,Mytilus trossulus,mussel,Bivalvia,Mussels,Background biomonitoring / Post-oil spill assessment,AMT-B-05-2-1,39,ng/g,dry,Calculated,Whole Body,7.73,,b,,AlphaAnalytics,,mussel,Prince William Sound Regional Citizens' Advisory Council Monitoring Program,Prince William Sound Regional Citizens' Advisory Council Monitoring Program
PWSRCAC,LTEMP,2005,35.04,61.09167,-146.4053,Blue Mussel,Mytilus trossulus,mussel,Bivalvia,Mussels,Background biomonitoring / Post-oil spill assessment,AMT-B-05-2-2,39,ng/g,dry,Calculated,Whole Body,8.94,,b,,AlphaAnalytics,,mussel,Prince William Sound Regional Citizens' Advisory Council Monitoring Program,Prince William Sound Regional Citizens' Advisory Council Monitoring Program
PWSRCAC,LTEMP,2005,23.57,61.09167,-146.4053,Blue Mussel,Mytilus trossulus,mussel,Bivalvia,Mussels,Background biomonitoring / Post-oil spill assessment,AMT-B-05-2-3,39,ng/g,dry,Calculated,Whole Body,8.14,,b,,AlphaAnalytics,,mussel,Prince William Sound Regional Citizens' Advisory Council Monitoring Program,Prince William Sound Regional Citizens' Advisory Council Monitoring Program
PWSRCAC,LTEMP,2005,48.23,61.09167,-146.4053,Blue Mussel,Mytilus trossulus,mussel,Bivalvia,Mussels,Background biomonitoring / Post-oil spill assessment,AMT-B-05-3-1,39,ng/g,dry,Calculated,Whole Body,6.08,,b,,AlphaAnalytics,,mussel,Prince William Sound Regional Citizens' Advisory Council Monitoring Program,Prince William Sound Regional Citizens' Advisory Council Monitoring Program
PWSRCAC,LTEMP,2005,35.68,61.09167,-146.4053,Blue Mussel,Mytilus trossulus,mussel,Bivalvia,Mussels,Background biomonitoring / Post-oil spill assessment,AMT-B-05-3-2,39,ng/g,dry,Calculated,Whole Body,8,,b,,AlphaAnalytics,,mussel,Prince William Sound Regional Citizens' Advisory Council Monitoring Program,Prince William Sound Regional Citizens' Advisory Council Monitoring Program
PWSRCAC,LTEMP,2005,48.99,61.09167,-146.4053,Blue Mussel,Mytilus trossulus,mussel,Bivalvia,Mussels,Background biomonitoring / Post-oil spill assessment,AMT-B-05-3-3,39,ng/g,dry,Calculated,Whole Body,7.6,,b,,AlphaAnalytics,,mussel,Prince William Sound Regional Citizens' Advisory Council Monitoring Program,Prince William Sound Regional Citizens' Advisory Council Monitoring Program
PWSRCAC,LTEMP,2006,58.9,61.09167,-146.4053,Blue Mussel,Mytilus trossulus,mussel,Bivalvia,Mussels,Background biomonitoring / Post-oil spill assessment,AMT-B-06-1-1,39,ng/g,dry,Calculated,Whole Body,6.81,,b,,AlphaAnalytics,,mussel,Prince William Sound Regional Citizens' Advisory Council Monitoring Program,Prince William Sound Regional Citizens' Advisory Council Monitoring Program
PWSRCAC,LTEMP,2006,47.8,61.09167,-146.4053,Blue Mussel,Mytilus trossulus,mussel,Bivalvia,Mussels,Background biomonitoring / Post-oil spill assessment,AMT-B-06-1-2,39,ng/g,dry,Calculated,Whole Body,6.81,,b,,AlphaAnalytics,,mussel,Prince William Sound Regional Citizens' Advisory Council Monitoring Program,Prince William Sound Regional Citizens' Advisory Council Monitoring Program
PWSRCAC,LTEMP,2006,53.74,61.09167,-146.4053,Blue Mussel,Mytilus trossulus,mussel,Bivalvia,Mussels,Background biomonitoring / Post-oil spill assessment,AMT-B-06-1-3,39,ng/g,dry,Calculated,Whole Body,7.13,,b,,AlphaAnalytics,,mussel,Prince William Sound Regional Citizens' Advisory Council Monitoring Program,Prince William Sound Regional Citizens' Advisory Council Monitoring Program
PWSRCAC,LTEMP,2006,38.201977,61.09167,-146.4053,Blue Mussel,Mytilus trossulus,mussel,Bivalvia,Mussels,Background biomonitoring / Post-oil spill assessment,AMT-B-06-2-1,38,ng/g,dry,Calculated,Whole Body,7.475409836,,,,AlphaAnalytics,,mussel,Prince William Sound Regional Citizens' Advisory Council Monitoring Program,Prince William Sound Regional Citizens' Advisory Council Monitoring Program
PWSRCAC,LTEMP,2006,60.420623,61.09167,-146.4053,Blue Mussel,Mytilus trossulus,mussel,Bivalvia,Mussels,Background biomonitoring / Post-oil spill assessment,AMT-B-06-2-2,38,ng/g,dry,Calculated,Whole Body,8.941176471,,,,AlphaAnalytics,,mussel,Prince William Sound Regional Citizens' Advisory Council Monitoring Program,Prince William Sound Regional Citizens' Advisory Council Monitoring Program
PWSRCAC,LTEMP,2006,34.5861169,61.09167,-146.4053,Blue Mussel,Mytilus trossulus,mussel,Bivalvia,Mussels,Background biomonitoring / Post-oil spill assessment,AMT-B-06-2-3,38,ng/g,dry,Calculated,Whole Body,8,,,,AlphaAnalytics,,mussel,Prince William Sound Regional Citizens' Advisory Council Monitoring Program,Prince William Sound Regional Citizens' Advisory Council Monitoring Program
PWSRCAC,LTEMP,2006,53.9246265,61.09167,-146.4053,Blue Mussel,Mytilus trossulus,mussel,Bivalvia,Mussels,Background biomonitoring / Post-oil spill assessment,AMT-B-06-3-1,38,ng/g,dry,Calculated,Whole Body,7.728813559,,,,AlphaAnalytics,,mussel,Prince William Sound Regional Citizens' Advisory Council Monitoring Program,Prince William Sound Regional Citizens' Advisory Council Monitoring Program
PWSRCAC,LTEMP,2006,60.0018961,61.09167,-146.4053,Blue Mussel,Mytilus trossulus,mussel,Bivalvia,Mussels,Background biomonitoring / Post-oil spill assessment,AMT-B-06-3-2,38,ng/g,dry,Calculated,Whole Body,5.62962963,,,,AlphaAnalytics,,mussel,Prince William Sound Regional Citizens' Advisory Council Monitoring Program,Prince William Sound Regional Citizens' Advisory Council Monitoring Program
PWSRCAC,LTEMP,2006,53.901786,61.09167,-146.4053,Blue Mussel,Mytilus trossulus,mussel,Bivalvia,Mussels,Background biomonitoring / Post-oil spill assessment,AMT-B-06-3-3,38,ng/g,dry,Calculated,Whole Body,7.728813559,,,,AlphaAnalytics,,mussel,Prince William Sound Regional Citizens' Advisory Council Monitoring Program,Prince William Sound Regional Citizens' Advisory Council Monitoring Program
PWSRCAC,LTEMP,2007,43.810325,61.09167,-146.4053,Blue Mussel,Mytilus trossulus,mussel,Bivalvia,Mussels,Background biomonitoring / Post-oil spill assessment,AMT-B-07-1-1,38,ng/g,dry,Calculated,Whole Body,8.142857143,,,,AlphaAnalytics,,mussel,Prince William Sound Regional Citizens' Advisory Council Monitoring Program,Prince William Sound Regional Citizens' Advisory Council Monitoring Program
PWSRCAC,LTEMP,2007,53.5419872,61.09167,-146.4053,Blue Mussel,Mytilus trossulus,mussel,Bivalvia,Mussels,Background biomonitoring / Post-oil spill assessment,AMT-B-07-1-2,38,ng/g,dry,Calculated,Whole Body,8,,,,AlphaAnalytics,,mussel,Prince William Sound Regional Citizens' Advisory Council Monitoring Program,Prince William Sound Regional Citizens' Advisory Council Monitoring Program
PWSRCAC,LTEMP,2007,46.7398777,61.09167,-146.4053,Blue Mussel,Mytilus trossulus,mussel,Bivalvia,Mussels,Background biomonitoring / Post-oil spill assessment,AMT-B-07-1-3,38,ng/g,dry,Calculated,Whole Body,8.290909091,,,,AlphaAnalytics,,mussel,Prince William Sound Regional Citizens' Advisory Council Monitoring Program,Prince William Sound Regional Citizens' Advisory Council Monitoring Program
PWSRCAC,LTEMP,2007,58.3081399,61.09167,-146.4053,Blue Mussel,Mytilus trossulus,mussel,Bivalvia,Mussels,Background biomonitoring / Post-oil spill assessment,AMT-B-07-2-1,38,ng/g,dry,Calculated,Whole Body,6,,,,AlphaAnalytics,,mussel,Prince William Sound Regional Citizens' Advisory Council Monitoring Program,Prince William Sound Regional Citizens' Advisory Council Monitoring Program
PWSRCAC,LTEMP,2007,46.7928834,61.09167,-146.4053,Blue Mussel,Mytilus trossulus,mussel,Bivalvia,Mussels,Background biomonitoring / Post-oil spill assessment,AMT-B-07-2-2,38,ng/g,dry,Calculated,Whole Body,6,,,,AlphaAnalytics,,mussel,Prince William Sound Regional Citizens' Advisory Council Monitoring Program,Prince William Sound Regional Citizens' Advisory Council Monitoring Program
PWSRCAC,LTEMP,2007,46.2828681,61.09167,-146.4053,Blue Mussel,Mytilus trossulus,mussel,Bivalvia,Mussels,Background biomonitoring / Post-oil spill assessment,AMT-B-07-2-3,38,ng/g,dry,Calculated,Whole Body,9.306122449,,,,AlphaAnalytics,,mussel,Prince William Sound Regional Citizens' Advisory Council Monitoring Program,Prince William Sound Regional Citizens' Advisory Council Monitoring Program
PWSRCAC,LTEMP,2007,23.2210832,61.09167,-146.4053,Blue Mussel,Mytilus trossulus,mussel,Bivalvia,Mussels,Background biomonitoring / Post-oil spill assessment,AMT-B-07-3-1,38,ng/g,dry,Calculated,Whole Body,7.238095238,,,,AlphaAnalytics,,mussel,Prince William Sound Regional Citizens' Advisory Council Monitoring Program,Prince William Sound Regional Citizens' Advisory Council Monitoring Program
PWSRCAC,LTEMP,2007,30.2256593,61.09167,-146.4053,Blue Mussel,Mytilus trossulus,mussel,Bivalvia,Mussels,Background biomonitoring / Post-oil spill assessment,AMT-B-07-3-2,38,ng/g,dry,Calculated,Whole Body,6.705882353,,,,AlphaAnalytics,,mussel,Prince William Sound Regional Citizens' Advisory Council Monitoring Program,Prince William Sound Regional Citizens' Advisory Council Monitoring Program
PWSRCAC,LTEMP,2007,87.5971021,61.09167,-146.4053,Blue Mussel,Mytilus trossulus,mussel,Bivalvia,Mussels,Background biomonitoring / Post-oil spill assessment,AMT-B-07-3-3,38,ng/g,dry,Calculated,Whole Body,6.608695652,,,,AlphaAnalytics,,mussel,Prince William Sound Regional Citizens' Advisory Council Monitoring Program,Prince William Sound Regional Citizens' Advisory Council Monitoring Program
PWSRCAC,LTEMP,2008,48.3757819,61.09167,-146.4053,Blue Mussel,Mytilus trossulus,mussel,Bivalvia,Mussels,Background biomonitoring / Post-oil spill assessment,AMT-B-08-2-1,38,ng/g,dry,Calculated,Whole Body,1.96101,,a,,AlphaAnalytics,,mussel,Prince William Sound Regional Citizens' Advisory Council Monitoring Program,Prince William Sound Regional Citizens' Advisory Council Monitoring Program
PWSRCAC,LTEMP,2008,36.9101458,61.09167,-146.4053,Blue Mussel,Mytilus trossulus,mussel,Bivalvia,Mussels,Background biomonitoring / Post-oil spill assessment,AMT-B-08-2-2,38,ng/g,dry,Calculated,Whole Body,1.963804,,a,,AlphaAnalytics,,mussel,Prince William Sound Regional Citizens' Advisory Council Monitoring Program,Prince William Sound Regional Citizens' Advisory Council Monitoring Program
PWSRCAC,LTEMP,2008,30.4258552,61.09167,-146.4053,Blue Mussel,Mytilus trossulus,mussel,Bivalvia,Mussels,Background biomonitoring / Post-oil spill assessment,AMT-B-08-2-3,38,ng/g,dry,Calculated,Whole Body,1.966605,,a,,AlphaAnalytics,,mussel,Prince William Sound Regional Citizens' Advisory Council Monitoring Program,Prince William Sound Regional Citizens' Advisory Council Monitoring Program
PWSRCAC,LTEMP,2008,16.8308973,61.09167,-146.4053,Blue Mussel,Mytilus trossulus,mussel,Bivalvia,Mussels,Background biomonitoring / Post-oil spill assessment,AMT-B-08-3-1,38,ng/g,dry,Calculated,Whole Body,1.96101,,a,,AlphaAnalytics,,mussel,Prince William Sound Regional Citizens' Advisory Council Monitoring Program,Prince William Sound Regional Citizens' Advisory Council Monitoring Program
PWSRCAC,LTEMP,2008,22.591401,61.09167,-146.4053,Blue Mussel,Mytilus trossulus,mussel,Bivalvia,Mussels,Background biomonitoring / Post-oil spill assessment,AMT-B-08-3-2,38,ng/g,dry,Calculated,Whole Body,1.958225,,a,,AlphaAnalytics,,mussel,Prince William Sound Regional Citizens' Advisory Council Monitoring Program,Prince William Sound Regional Citizens' Advisory Council Monitoring Program
PWSRCAC,LTEMP,2008,17.9540702,61.09167,-146.4053,Blue Mussel,Mytilus trossulus,mussel,Bivalvia,Mussels,Background biomonitoring / Post-oil spill assessment,AMT-B-08-3-3,38,ng/g,dry,Calculated,Whole Body,1.969414,,a,,AlphaAnalytics,,mussel,Prince William Sound Regional Citizens' Advisory Council Monitoring Program,Prince William Sound Regional Citizens' Advisory Council Monitoring Program
PWSRCAC,LTEMP,2009,90.4696968,61.09167,-146.4053,Blue Mussel,Mytilus trossulus,mussel,Bivalvia,Mussels,Background biomonitoring / Post-oil spill assessment,AMT-B-09-1-1,76,ng/g,dry,Calculated,Whole Body,1.624733,,a,,AlphaAnalytics,,mussel,Prince William Sound Regional Citizens' Advisory Council Monitoring Program,Prince William Sound Regional Citizens' Advisory Council Monitoring Program
PWSRCAC,LTEMP,2009,24.093948,61.09167,-146.4053,Blue Mussel,Mytilus trossulus,mussel,Bivalvia,Mussels,Background biomonitoring / Post-oil spill assessment,AMT-B-09-1-2,38,ng/g,dry,Calculated,Whole Body,1.621871,,a,,AlphaAnalytics,,mussel,Prince William Sound Regional Citizens' Advisory Council Monitoring Program,Prince William Sound Regional Citizens' Advisory Council Monitoring Program
PWSRCAC,LTEMP,2009,44.183798,61.09167,-146.4053,Blue Mussel,Mytilus trossulus,mussel,Bivalvia,Mussels,Background biomonitoring / Post-oil spill assessment,AMT-B-09-1-3,38,ng/g,dry,Calculated,Whole Body,1.614274,,a,,AlphaAnalytics,,mussel,Prince William Sound Regional Citizens' Advisory Council Monitoring Program,Prince William Sound Regional Citizens' Advisory Council Monitoring Program
PWSRCAC,LTEMP,2009,31.4247952,61.09167,-146.4053,Blue Mussel,Mytilus trossulus,mussel,Bivalvia,Mussels,Background biomonitoring / Post-oil spill assessment,AMT-B-09-2-1,76,ng/g,dry,Calculated,Whole Body,1.514098,,a,,AlphaAnalytics,,mussel,Prince William Sound Regional Citizens' Advisory Council Monitoring Program,Prince William Sound Regional Citizens' Advisory Council Monitoring Program
PWSRCAC,LTEMP,2009,15.6280017,61.09167,-146.4053,Blue Mussel,Mytilus trossulus,mussel,Bivalvia,Mussels,Background biomonitoring / Post-oil spill assessment,AMT-B-09-2-2,38,ng/g,dry,Calculated,Whole Body,1.518271,,a,,AlphaAnalytics,,mussel,Prince William Sound Regional Citizens' Advisory Council Monitoring Program,Prince William Sound Regional Citizens' Advisory Council Monitoring Program
PWSRCAC,LTEMP,2009,13.9038723,61.09167,-146.4053,Blue Mussel,Mytilus trossulus,mussel,Bivalvia,Mussels,Background biomonitoring / Post-oil spill assessment,AMT-B-09-2-3,38,ng/g,dry,Calculated,Whole Body,1.48555,,a,,AlphaAnalytics,,mussel,Prince William Sound Regional Citizens' Advisory Council Monitoring Program,Prince William Sound Regional Citizens' Advisory Council Monitoring Program
PWSRCAC,LTEMP,2010,27.6146062,61.09167,-146.4053,Blue Mussel,Mytilus trossulus,mussel,Bivalvia,Mussels,Background biomonitoring / Post-oil spill assessment,AMT-B-10-2-1,76,ng/g,dry,Calculated,Whole Body,1.997453,,a,,AlphaAnalytics,,mussel,Prince William Sound Regional Citizens' Advisory Council Monitoring Program,Prince William Sound Regional Citizens' Advisory Council Monitoring Program
PWSRCAC,LTEMP,2010,15.7887168,61.09167,-146.4053,Blue Mussel,Mytilus trossulus,mussel,Bivalvia,Mussels,Background biomonitoring / Post-oil spill assessment,AMT-B-10-2-2,38,ng/g,dry,Calculated,Whole Body,2.297071,,a,,AlphaAnalytics,,mussel,Prince William Sound Regional Citizens' Advisory Council Monitoring Program,Prince William Sound Regional Citizens' Advisory Council Monitoring Program
PWSRCAC,LTEMP,2010,12.60296116,61.09167,-146.4053,Blue Mussel,Mytilus trossulus,mussel,Bivalvia,Mussels,Background biomonitoring / Post-oil spill assessment,AMT-B-10-2-3,38,ng/g,dry,Calculated,Whole Body,1.914226,,a,,AlphaAnalytics,,mussel,Prince William Sound Regional Citizens' Advisory Council Monitoring Program,Prince William Sound Regional Citizens' Advisory Council Monitoring Program
PWSRCAC,LTEMP,2011,37.6063291,61.09167,-146.4053,Blue Mussel,Mytilus trossulus,mussel,Bivalvia,Mussels,Background biomonitoring / Post-oil spill assessment,AMT-B-11-2-1,38,ng/g,dry,Calculated,Whole Body,2.932432,,b,,AlphaAnalytics,,mussel,Prince William Sound Regional Citizens' Advisory Council Monitoring Program,Prince William Sound Regional Citizens' Advisory Council Monitoring Program
PWSRCAC,LTEMP,2011,35.8751637,61.09167,-146.4053,Blue Mussel,Mytilus trossulus,mussel,Bivalvia,Mussels,Background biomonitoring / Post-oil spill assessment,AMT-B-11-2-2,38,ng/g,dry,Calculated,Whole Body,3.626955,,b,,AlphaAnalytics,,mussel,Prince William Sound Regional Citizens' Advisory Council Monitoring Program,Prince William Sound Regional Citizens' Advisory Council Monitoring Program
PWSRCAC,LTEMP,2011,40.6965617,61.09167,-146.4053,Blue Mussel,Mytilus trossulus,mussel,Bivalvia,Mussels,Background biomonitoring / Post-oil spill assessment,AMT-B-11-2-3,38,ng/g,dry,Calculated,Whole Body,3.533956,,b,,AlphaAnalytics,,mussel,Prince William Sound Regional Citizens' Advisory Council Monitoring Program,Prince William Sound Regional Citizens' Advisory Council Monitoring Program
PWSRCAC,LTEMP,2012,34.4925274,61.09167,-146.4053,Blue Mussel,Mytilus trossulus,mussel,Bivalvia,Mussels,Background biomonitoring / Post-oil spill assessment,AMT-B-12-2-1,38,ng/g,dry,Calculated,Whole Body,2.989681,,a,,AlphaAnalytics,,mussel,Prince William Sound Regional Citizens' Advisory Council Monitoring Program,Prince William Sound Regional Citizens' Advisory Council Monitoring Program
PWSRCAC,LTEMP,2012,40.2109346,61.09167,-146.4053,Blue Mussel,Mytilus trossulus,mussel,Bivalvia,Mussels,Background biomonitoring / Post-oil spill assessment,AMT-B-12-2-2,38,ng/g,dry,Calculated,Whole Body,3.125267,,a,,AlphaAnalytics,,mussel,Prince William Sound Regional Citizens' Advisory Council Monitoring Program,Prince William Sound Regional Citizens' Advisory Council Monitoring Program
PWSRCAC,LTEMP,2012,29.1531689,61.09167,-146.4053,Blue Mussel,Mytilus trossulus,mussel,Bivalvia,Mussels,Background biomonitoring / Post-oil spill assessment,AMT-B-12-2-3,38,ng/g,dry,Calculated,Whole Body,2.976766,,a,,AlphaAnalytics,,mussel,Prince William Sound Regional Citizens' Advisory Council Monitoring Program,Prince William Sound Regional Citizens' Advisory Council Monitoring Program
PWSRCAC,LTEMP,2013,18.072555,61.09167,-146.4053,Blue Mussel,Mytilus trossulus,mussel,Bivalvia,Mussels,Background biomonitoring / Post-oil spill assessment,AMT-B-13-2-1,38,ng/g,dry,Calculated,Whole Body,2.263125,,a,,AlphaAnalytics,,mussel,Prince William Sound Regional Citizens' Advisory Council Monitoring Program,Prince William Sound Regional Citizens' Advisory Council Monitoring Program
PWSRCAC,LTEMP,2013,25.2097894,61.09167,-146.4053,Blue Mussel,Mytilus trossulus,mussel,Bivalvia,Mussels,Background biomonitoring / Post-oil spill assessment,AMT-B-13-2-2,38,ng/g,dry,Calculated,Whole Body,2.435058,,a,,AlphaAnalytics,,mussel,Prince William Sound Regional Citizens' Advisory Council Monitoring Program,Prince William Sound Regional Citizens' Advisory Council Monitoring Program
PWSRCAC,LTEMP,2013,30.4617331,61.09167,-146.4053,Blue Mussel,Mytilus trossulus,mussel,Bivalvia,Mussels,Background biomonitoring / Post-oil spill assessment,AMT-B-13-2-3,38,ng/g,dry,Calculated,Whole Body,2.859425,,a,,AlphaAnalytics,,mussel,Prince William Sound Regional Citizens' Advisory Council Monitoring Program,Prince William Sound Regional Citizens' Advisory Council Monitoring Program
PWSRCAC,LTEMP,2015,41.655078,61.09167,-146.4053,Blue Mussel,Mytilus trossulus,mussel,Bivalvia,Mussels,Background biomonitoring / Post-oil spill assessment,AMT-B-15-2-1,38,ng/g,dry,Calculated,Whole Body,2.76201,,a,,AlphaAnalytics,,mussel,Prince William Sound Regional Citizens' Advisory Council Monitoring Program,Prince William Sound Regional Citizens' Advisory Council Monitoring Program
PWSRCAC,LTEMP,2015,117.543022,61.09167,-146.4053,Blue Mussel,Mytilus trossulus,mussel,Bivalvia,Mussels,Background biomonitoring / Post-oil spill assessment,AMT-B-15-2-2,76,ng/g,dry,Calculated,Whole Body,3.533956,,a,,AlphaAnalytics,,mussel,Prince William Sound Regional Citizens' Advisory Council Monitoring Program,Prince William Sound Regional Citizens' Advisory Council Monitoring Program
PWSRCAC,LTEMP,2015,36.250173,61.09167,-146.4053,Blue Mussel,Mytilus trossulus,mussel,Bivalvia,Mussels,Background biomonitoring / Post-oil spill assessment,AMT-B-15-2-3,38,ng/g,dry,Calculated,Whole Body,3.533956,,a,,AlphaAnalytics,,mussel,Prince William Sound Regional Citizens' Advisory Council Monitoring Program,Prince William Sound Regional Citizens' Advisory Council Monitoring Program
PWSRCAC,LTEMP,2016,46.0397294,61.09167,-146.4053,Blue Mussel,Mytilus trossulus,mussel,Bivalvia,Mussels,Background biomonitoring / Post-oil spill assessment,AMT-B-16-2-1,41,ng/g,dry,Calculated,Whole Body,4.961961,4.961961,JB,88.17,AlphaAnalytics,,mussel,Prince William Sound Regional Citizens' Advisory Council Monitoring Program,Prince William Sound Regional Citizens' Advisory Council Monitoring Program
PWSRCAC,LTEMP,2016,52.0154059,61.09167,-146.4053,Blue Mussel,Mytilus trossulus,mussel,Bivalvia,Mussels,Background biomonitoring / Post-oil spill assessment,AMT-B-16-2-2,41,ng/g,dry,Calculated,Whole Body,4.493106,4.493106,JB,87.67,AlphaAnalytics,,mussel,Prince William Sound Regional Citizens' Advisory Council Monitoring Program,Prince William Sound Regional Citizens' Advisory Council Monitoring Program
PWSRCAC,LTEMP,2016,100.9699863,61.09167,-146.4053,Blue Mussel,Mytilus trossulus,mussel,Bivalvia,Mussels,Background biomonitoring / Post-oil spill assessment,AMT-B-16-2-2-DUP,41,ng/g,dry,Calculated,Whole Body,4.420114,4.420114,JB,87.67,AlphaAnalytics,,mussel,Prince William Sound Regional Citizens' Advisory Council Monitoring Program,Prince William Sound Regional Citizens' Advisory Council Monitoring Program
PWSRCAC,LTEMP,2016,120.7056072,61.09167,-146.4053,Blue Mussel,Mytilus trossulus,mussel,Bivalvia,Mussels,Background biomonitoring / Post-oil spill assessment,AMT-B-16-2-3,41,ng/g,dry,Calculated,Whole Body,4.752636,4.752636,JB,87.67,AlphaAnalytics,,mussel,Prince William Sound Regional Citizens' Advisory Council Monitoring Program,Prince William Sound Regional Citizens' Advisory Council Monitoring Program
PWSRCAC,LTEMP,2017,39.7250668,61.09167,-146.4053,Blue Mussel,Mytilus trossulus,mussel,Bivalvia,Mussels,Background biomonitoring / Post-oil spill assessment,AMT-B-17-2-1,41,ng/g,dry,Calculated,Whole Body,1.889764,1.889764,JB,84.76,AlphaAnalytics,,mussel,Prince William Sound Regional Citizens' Advisory Council Monitoring Program,Prince William Sound Regional Citizens' Advisory Council Monitoring Program
PWSRCAC,LTEMP,2017,42.6410051,61.09167,-146.4053,Blue Mussel,Mytilus trossulus,mussel,Bivalvia,Mussels,Background biomonitoring / Post-oil spill assessment,AMT-B-17-2-2,41,ng/g,dry,Calculated,Whole Body,2.30165,2.30165,JB,87.27,AlphaAnalytics,,mussel,Prince William Sound Regional Citizens' Advisory Council Monitoring Program,Prince William Sound Regional Citizens' Advisory Council Monitoring Program
PWSRCAC,LTEMP,2017,41.9886721,61.09167,-146.4053,Blue Mussel,Mytilus trossulus,mussel,Bivalvia,Mussels,Background biomonitoring / Post-oil spill assessment,AMT-B-17-2-3,41,ng/g,dry,Calculated,Whole Body,2.220544,2.220544,JB,86.76,AlphaAnalytics,,mussel,Prince William Sound Regional Citizens' Advisory Council Monitoring Program,Prince William Sound Regional Citizens' Advisory Council Monitoring Program
PWSRCAC,LTEMP,2018,19.4642855,61.09167,-146.4053,Blue Mussel,Mytilus trossulus,mussel,Bivalvia,Mussels,Background biomonitoring / Post-oil spill assessment,AMT-B-18-2-1,41,ng/g,dry,Calculated,Whole Body,5.742857,13.28571,JB,86,AlphaAnalytics,,mussel,Prince William Sound Regional Citizens' Advisory Council Monitoring Program,Prince William Sound Regional Citizens' Advisory Council Monitoring Program
PWSRCAC,LTEMP,2018,35.4083324,61.09167,-146.4053,Blue Mussel,Mytilus trossulus,mussel,Bivalvia,Mussels,Background biomonitoring / Post-oil spill assessment,AMT-B-18-2-2,41,ng/g,dry,Calculated,Whole Body,6.016667,14,JB,88,AlphaAnalytics,,mussel,Prince William Sound Regional Citizens' Advisory Council Monitoring Program,Prince William Sound Regional Citizens' Advisory Council Monitoring Program
PWSRCAC,LTEMP,2018,27.8399997,61.09167,-146.4053,Blue Mussel,Mytilus trossulus,mussel,Bivalvia,Mussels,Background biomonitoring / Post-oil spill assessment,AMT-B-18-2-3,41,ng/g,dry,Calculated,Whole Body,5.593333,12.93333,JB,85,AlphaAnalytics,,mussel,Prince William Sound Regional Citizens' Advisory Council Monitoring Program,Prince William Sound Regional Citizens' Advisory Council Monitoring Program
PWSRCAC,LTEMP,2019,38.755555,61.09167,-146.4053,Blue Mussel,Mytilus trossulus,mussel,Bivalvia,Mussels,Background biomonitoring / Post-oil spill assessment,AMT-B-19-2-1,41,ng/g,dry,Calculated,Whole Body,8.377778,19.44444,JB,91,AlphaAnalytics,,mussel,Prince William Sound Regional Citizens' Advisory Council Monitoring Program,Prince William Sound Regional Citizens' Advisory Council Monitoring Program
PWSRCAC,LTEMP,2019,38.3666646,61.09167,-146.4053,Blue Mussel,Mytilus trossulus,mussel,Bivalvia,Mussels,Background biomonitoring / Post-oil spill assessment,AMT-B-19-2-1-DUP,41,ng/g,dry,Calculated,Whole Body,7.177778,16.66667,JB,91,AlphaAnalytics,,mussel,Prince William Sound Regional Citizens' Advisory Council Monitoring Program,Prince William Sound Regional Citizens' Advisory Council Monitoring Program
PWSRCAC,LTEMP,2019,23.7571427,61.09167,-146.4053,Blue Mussel,Mytilus trossulus,mussel,Bivalvia,Mussels,Background biomonitoring / Post-oil spill assessment,AMT-B-19-2-2,41,ng/g,dry,Calculated,Whole Body,6.014286,13.97143,JB,93,AlphaAnalytics,,mussel,Prince William Sound Regional Citizens' Advisory Council Monitoring Program,Prince William Sound Regional Citizens' Advisory Council Monitoring Program
PWSRCAC,LTEMP,2019,36.283337,61.09167,-146.4053,Blue Mussel,Mytilus trossulus,mussel,Bivalvia,Mussels,Background biomonitoring / Post-oil spill assessment,AMT-B-19-2-3,41,ng/g,dry,Calculated,Whole Body,7,16.23333,JB,94,AlphaAnalytics,,mussel,Prince William Sound Regional Citizens' Advisory Council Monitoring Program,Prince William Sound Regional Citizens' Advisory Council Monitoring Program
PWSRCAC,LTEMP,2020,61.2230725,61.09167,-146.4053,Blue Mussel,Mytilus trossulus,mussel,Bivalvia,Mussels,Background biomonitoring / Post-oil spill assessment,AMT-B-20-2-1,41,ng/g,dry,Calculated,Whole Body,6,13.92308,JB,87,AlphaAnalytics,,mussel,Prince William Sound Regional Citizens' Advisory Council Monitoring Program,Prince William Sound Regional Citizens' Advisory Council Monitoring Program
PWSRCAC,LTEMP,2020,62.3384638,61.09167,-146.4053,Blue Mussel,Mytilus trossulus,mussel,Bivalvia,Mussels,Background biomonitoring / Post-oil spill assessment,AMT-B-20-2-1-DUP,41,ng/g,dry,Calculated,Whole Body,6.423077,14.92308,JB,87,AlphaAnalytics,,mussel,Prince William Sound Regional Citizens' Advisory Council Monitoring Program,Prince William Sound Regional Citizens' Advisory Council Monitoring Program
PWSRCAC,LTEMP,2020,60.5538472,61.09167,-146.4053,Blue Mussel,Mytilus trossulus,mussel,Bivalvia,Mussels,Background biomonitoring / Post-oil spill assessment,AMT-B-20-2-2,41,ng/g,dry,Calculated,Whole Body,3.223077,7.476923,JB,87,AlphaAnalytics,,mussel,Prince William Sound Regional Citizens' Advisory Council Monitoring Program,Prince William Sound Regional Citizens' Advisory Council Monitoring Program
PWSRCAC,LTEMP,2020,50.6583376,61.09167,-146.4053,Blue Mussel,Mytilus trossulus,mussel,Bivalvia,Mussels,Background biomonitoring / Post-oil spill assessment,AMT-B-20-2-3,41,ng/g,dry,Calculated,Whole Body,3.483333,8.083333,JB,88,AlphaAnalytics,,mussel,Prince William Sound Regional Citizens' Advisory Council Monitoring Program,Prince William Sound Regional Citizens' Advisory Council Monitoring Program
PWSRCAC,LTEMP,2023,64.742,61.09167,-146.4053,Blue Mussel,Mytilus trossulus,mussel,Bivalvia,Mussels,Background biomonitoring / Post-oil spill assessment,AMT-B-23-1,41,ng/g,wet,Calculated,Whole Body,0.816,1.89,JB,0,AlphaAnalytics,,mussel,Prince William Sound Regional Citizens' Advisory Council Monitoring Program,Prince William Sound Regional Citizens' Advisory Council Monitoring Program
PWSRCAC,LTEMP,2023,63.215,61.09167,-146.4053,Blue Mussel,Mytilus trossulus,mussel,Bivalvia,Mussels,Background biomonitoring / Post-oil spill assessment,AMT-B-23-2,41,ng/g,wet,Calculated,Whole Body,0.823,1.91,JB,0,AlphaAnalytics,,mussel,Prince William Sound Regional Citizens' Advisory Council Monitoring Program,Prince William Sound Regional Citizens' Advisory Council Monitoring Program
PWSRCAC,LTEMP,2023,62.979,61.09167,-146.4053,Blue Mussel,Mytilus trossulus,mussel,Bivalvia,Mussels,Background biomonitoring / Post-oil spill assessment,AMT-B-23-3,41,ng/g,wet,Calculated,Whole Body,0.854,1.98,JB,0,AlphaAnalytics,,mussel,Prince William Sound Regional Citizens' Advisory Council Monitoring Program,Prince William Sound Regional Citizens' Advisory Council Monitoring Program
PWSRCAC,LTEMP,2024,62.546,61.09167,-146.4053,Blue Mussel,Mytilus trossulus,mussel,Bivalvia,Mussels,Background biomonitoring / Post-oil spill assessment,AMT-B-24-1,41,ng/g,wet,Calculated,Whole Body,0.826,1.92,JB,0,AlphaAnalytics,,mussel,Prince William Sound Regional Citizens' Advisory Council Monitoring Program,Prince William Sound Regional Citizens' Advisory Council Monitoring Program
PWSRCAC,LTEMP,2024,71.292,61.09167,-146.4053,Blue Mussel,Mytilus trossulus,mussel,Bivalvia,Mussels,Background biomonitoring / Post-oil spill assessment,AMT-B-24-2,41,ng/g,wet,Calculated,Whole Body,0.847,1.96,JB,0,AlphaAnalytics,,mussel,Prince William Sound Regional Citizens' Advisory Council Monitoring Program,Prince William Sound Regional Citizens' Advisory Council Monitoring Program
PWSRCAC,LTEMP,2024,67.597,61.09167,-146.4053,Blue Mussel,Mytilus trossulus,mussel,Bivalvia,Mussels,Background biomonitoring / Post-oil spill assessment,AMT-B-24-3,41,ng/g,wet,Calculated,Whole Body,0.847,1.96,JB,0,AlphaAnalytics,,mussel,Prince William Sound Regional Citizens' Advisory Council Monitoring Program,Prince William Sound Regional Citizens' Advisory Council Monitoring Program
NCCOS,Kachemak Bay Bioeffects,2009,157.505,59.20715,-151.81512,Blue Mussel,Mytilus edulis,mussel,Bivalvia,Mussels,Background biomonitoring,BA2009CICBME,40,ng/g,dry,Calculated,Other,,,,,,,mussel,NOAA Kachemak Bay Bioeffects,NOAA Regional Studies
NCCOS,Kachemak Bay Bioeffects,2009,455.662,59.42355,-151.31118,Blue Mussel,Mytilus edulis,mussel,Bivalvia,Mussels,Background biomonitoring,BA2009KBTBME,40,ng/g,dry,Calculated,Other,,,,,,,mussel,NOAA Kachemak Bay Bioeffects,NOAA Regional Studies
NCCOS,Alaska Arctic Study,2015,113.561,70.85295,-158.95015,Arctic Flounder,Pleuronectes glacialis,flatfish,Chordata (Actinopterygii),Fish,Background biomonitoring,BA2015AKC-15-018-1AF,42,ng/g,dry,Calculated,Other,,,Below the MDL,,,,flatfish,NOAA Alaska Arctic Study,NOAA Regional Studies
NCCOS,Alaska Arctic Study,2015,52.647,70.85295,-158.95015,Arctic Flounder,Pleuronectes glacialis,flatfish,Chordata (Actinopterygii),Fish,Background biomonitoring,BA2015AKC-15-018-2AF,42,ng/g,dry,Calculated,Other,,,Not detected,,,,flatfish,NOAA Alaska Arctic Study,NOAA Regional Studies
NCCOS,Alaska Arctic Study,2015,98.869,70.90526,-154.52477,Arctic Cod,Boreogadus saida,forage fish,Chordata (Actinopterygii),Fish,Background biomonitoring,BA2015AKC-15-120-1AC,42,ng/g,dry,Calculated,Other,,,,,,,forage fish,NOAA Alaska Arctic Study,NOAA Regional Studies
NCCOS,Alaska Arctic Study,2015,94.187,70.90526,-154.52477,Arctic Cod,Boreogadus saida,forage fish,Chordata (Actinopterygii),Fish,Background biomonitoring,BA2015AKC-15-120-2AC,42,ng/g,dry,Calculated,Other,,,Below the MDL,,,,forage fish,NOAA Alaska Arctic Study,NOAA Regional Studies
ERM,ERM NorthSlope Subsistence Study 2014 2015,2014,0,70.47815,-150.77848,Broad Whitefish,Coregonus nasus,anadromous/freshwater fish,Chordata (Actinopterygii),Fish,Background biomonitoring,BDWF-2014-01,14,ng/g,wet,Calculated,Whole Body,,,,,,,anadromous/freshwater fish,NorthSlope Subsistence Study,NorthSlope Subsistence Study
ERM,ERM NorthSlope Subsistence Study 2014 2015,2014,0,70.47815,-150.77848,Broad Whitefish,Coregonus nasus,anadromous/freshwater fish,Chordata (Actinopterygii),Fish,Background biomonitoring,BDWF-2014-02,14,ng/g,wet,Calculated,Whole Body,,,,,,,anadromous/freshwater fish,NorthSlope Subsistence Study,NorthSlope Subsistence Study
ERM,ERM NorthSlope Subsistence Study 2014 2015,2014,0,70.47815,-150.77848,Broad Whitefish,Coregonus nasus,anadromous/freshwater fish,Chordata (Actinopterygii),Fish,Background biomonitoring,BDWF-2014-03,14,ng/g,wet,Calculated,Whole Body,,,,,,,anadromous/freshwater fish,NorthSlope Subsistence Study,NorthSlope Subsistence Study
ERM,ERM NorthSlope Subsistence Study 2014 2015,2014,0,70.47815,-150.77848,Broad Whitefish,Coregonus nasus,anadromous/freshwater fish,Chordata (Actinopterygii),Fish,Background biomonitoring,BDWF-2014-04,14,ng/g,wet,Calculated,Whole Body,,,,,,,anadromous/freshwater fish,NorthSlope Subsistence Study,NorthSlope Subsistence Study
ERM,ERM NorthSlope Subsistence Study 2014 2015,2014,0,70.47815,-150.77848,Broad Whitefish,Coregonus nasus,anadromous/freshwater fish,Chordata (Actinopterygii),Fish,Background biomonitoring,BDWF-2014-05,14,ng/g,wet,Calculated,Whole Body,,,,,,,anadromous/freshwater fish,NorthSlope Subsistence Study,NorthSlope Subsistence Study
ERM,ERM NorthSlope Subsistence Study 2014 2015,2014,0,70.47815,-150.77848,Broad Whitefish,Coregonus nasus,anadromous/freshwater fish,Chordata (Actinopterygii),Fish,Background biomonitoring,BDWF-2014-06,14,ng/g,wet,Calculated,Whole Body,,,,,,,anadromous/freshwater fish,NorthSlope Subsistence Study,NorthSlope Subsistence Study
ERM,ERM NorthSlope Subsistence Study 2014 2015,2014,0,70.47815,-150.77848,Broad Whitefish,Coregonus nasus,anadromous/freshwater fish,Chordata (Actinopterygii),Fish,Background biomonitoring,BDWF-2014-07,14,ng/g,wet,Calculated,Whole Body,,,,,,,anadromous/freshwater fish,NorthSlope Subsistence Study,NorthSlope Subsistence Study
ERM,ERM NorthSlope Subsistence Study 2014 2015,2014,0,70.47815,-150.77848,Broad Whitefish,Coregonus nasus,anadromous/freshwater fish,Chordata (Actinopterygii),Fish,Background biomonitoring,BDWF-2014-08,14,ng/g,wet,Calculated,Whole Body,,,,,,,anadromous/freshwater fish,NorthSlope Subsistence Study,NorthSlope Subsistence Study
ERM,ERM NorthSlope Subsistence Study 2014 2015,2014,0,70.47815,-150.77848,Broad Whitefish,Coregonus nasus,anadromous/freshwater fish,Chordata (Actinopterygii),Fish,Background biomonitoring,BDWF-2014-09,14,ng/g,wet,Calculated,Whole Body,,,,,,,anadromous/freshwater fish,NorthSlope Subsistence Study,NorthSlope Subsistence Study
ERM,ERM NorthSlope Subsistence Study 2014 2015,2014,0,70.47815,-150.77848,Broad Whitefish,Coregonus nasus,anadromous/freshwater fish,Chordata (Actinopterygii),Fish,Background biomonitoring,BDWF-2014-10,14,ng/g,wet,Calculated,Whole Body,,,,,,,anadromous/freshwater fish,NorthSlope Subsistence Study,NorthSlope Subsistence Study
ERM,ERM NorthSlope Subsistence Study 2014 2015,2014,0,70.47815,-150.77848,Broad Whitefish,Coregonus nasus,anadromous/freshwater fish,Chordata (Actinopterygii),Fish,Background biomonitoring,BDWF-2014-11,14,ng/g,wet,Calculated,Whole Body,,,,,,,anadromous/freshwater fish,NorthSlope Subsistence Study,NorthSlope Subsistence Study
ERM,ERM NorthSlope Subsistence Study 2014 2015,2014,0,70.47815,-150.77848,Broad Whitefish,Coregonus nasus,anadromous/freshwater fish,Chordata (Actinopterygii),Fish,Background biomonitoring,BDWF-2014-12,14,ng/g,wet,Calculated,Whole Body,,,,,,,anadromous/freshwater fish,NorthSlope Subsistence Study,NorthSlope Subsistence Study
ERM,ERM NorthSlope Subsistence Study 2014 2015,2014,0,70.47815,-150.77848,Broad Whitefish,Coregonus nasus,anadromous/freshwater fish,Chordata (Actinopterygii),Fish,Background biomonitoring,BDWF-2014-13,14,ng/g,wet,Calculated,Whole Body,,,,,,,anadromous/freshwater fish,NorthSlope Subsistence Study,NorthSlope Subsistence Study
ERM,ERM NorthSlope Subsistence Study 2014 2015,2014,0,70.47815,-150.77848,Broad Whitefish,Coregonus nasus,anadromous/freshwater fish,Chordata (Actinopterygii),Fish,Background biomonitoring,BDWF-2014-14,14,ng/g,wet,Calculated,Whole Body,,,,,,,anadromous/freshwater fish,NorthSlope Subsistence Study,NorthSlope Subsistence Study
ERM,ERM NorthSlope Subsistence Study 2014 2015,2014,0,70.47815,-150.77848,Broad Whitefish,Coregonus nasus,anadromous/freshwater fish,Chordata (Actinopterygii),Fish,Background biomonitoring,BDWF-2014-15,14,ng/g,wet,Calculated,Whole Body,,,,,,,anadromous/freshwater fish,NorthSlope Subsistence Study,NorthSlope Subsistence Study
ERM,ERM NorthSlope Subsistence Study 2014 2015,2014,0,70.47815,-150.77848,Broad Whitefish,Coregonus nasus,anadromous/freshwater fish,Chordata (Actinopterygii),Fish,Background biomonitoring,BDWF-2014-16,14,ng/g,wet,Calculated,Whole Body,,,,,,,anadromous/freshwater fish,NorthSlope Subsistence Study,NorthSlope Subsistence Study
ERM,ERM NorthSlope Subsistence Study 2014 2015,2014,0,70.47815,-150.77848,Broad Whitefish,Coregonus nasus,anadromous/freshwater fish,Chordata (Actinopterygii),Fish,Background biomonitoring,BDWF-2014-17,14,ng/g,wet,Calculated,Whole Body,,,,,,,anadromous/freshwater fish,NorthSlope Subsistence Study,NorthSlope Subsistence Study
ERM,ERM NorthSlope Subsistence Study 2014 2015,2014,0,70.47815,-150.77848,Broad Whitefish,Coregonus nasus,anadromous/freshwater fish,Chordata (Actinopterygii),Fish,Background biomonitoring,BDWF-2014-18,14,ng/g,wet,Calculated,Whole Body,,,,,,,anadromous/freshwater fish,NorthSlope Subsistence Study,NorthSlope Subsistence Study
ERM,ERM NorthSlope Subsistence Study 2014 2015,2014,0,70.47815,-150.77848,Broad Whitefish,Coregonus nasus,anadromous/freshwater fish,Chordata (Actinopterygii),Fish,Background biomonitoring,BDWF-2014-19,14,ng/g,wet,Calculated,Whole Body,,,,,,,anadromous/freshwater fish,NorthSlope Subsistence Study,NorthSlope Subsistence Study
ERM,ERM NorthSlope Subsistence Study 2014 2015,2014,0,70.47815,-150.77848,Broad Whitefish,Coregonus nasus,anadromous/freshwater fish,Chordata (Actinopterygii),Fish,Background biomonitoring,BDWF-2014-20,14,ng/g,wet,Calculated,Whole Body,,,,,,,anadromous/freshwater fish,NorthSlope Subsistence Study,NorthSlope Subsistence Study
ERM,ERM NorthSlope Subsistence Study 2014 2015,2015,0,70.47815,-150.77848,Broad Whitefish,Coregonus nasus,anadromous/freshwater fish,Chordata (Actinopterygii),Fish,Background biomonitoring,BDWF-2015-01,17,ng/g,wet,Calculated,Whole Body,,,,,,,anadromous/freshwater fish,NorthSlope Subsistence Study,NorthSlope Subsistence Study
ERM,ERM NorthSlope Subsistence Study 2014 2015,2015,0,70.47815,-150.77848,Broad Whitefish,Coregonus nasus,anadromous/freshwater fish,Chordata (Actinopterygii),Fish,Background biomonitoring,BDWF-2015-02,17,ng/g,wet,Calculated,Whole Body,,,,,,,anadromous/freshwater fish,NorthSlope Subsistence Study,NorthSlope Subsistence Study
ERM,ERM NorthSlope Subsistence Study 2014 2015,2015,0,70.47815,-150.77848,Broad Whitefish,Coregonus nasus,anadromous/freshwater fish,Chordata (Actinopterygii),Fish,Background biomonitoring,BDWF-2015-03,17,ng/g,wet,Calculated,Whole Body,,,,,,,anadromous/freshwater fish,NorthSlope Subsistence Study,NorthSlope Subsistence Study
ERM,ERM NorthSlope Subsistence Study 2014 2015,2015,0,70.47815,-150.77848,Broad Whitefish,Coregonus nasus,anadromous/freshwater fish,Chordata (Actinopterygii),Fish,Background biomonitoring,BDWF-2015-04,17,ng/g,wet,Calculated,Whole Body,,,,,,,anadromous/freshwater fish,NorthSlope Subsistence Study,NorthSlope Subsistence Study
ERM,ERM NorthSlope Subsistence Study 2014 2015,2015,0,70.47815,-150.77848,Broad Whitefish,Coregonus nasus,anadromous/freshwater fish,Chordata (Actinopterygii),Fish,Background biomonitoring,BDWF-2015-05,17,ng/g,wet,Calculated,Whole Body,,,,,,,anadromous/freshwater fish,NorthSlope Subsistence Study,NorthSlope Subsistence Study
ERM,ERM NorthSlope Subsistence Study 2014 2015,2015,0,70.47815,-150.77848,Broad Whitefish,Coregonus nasus,anadromous/freshwater fish,Chordata (Actinopterygii),Fish,Background biomonitoring,BDWF-2015-06,17,ng/g,wet,Calculated,Whole Body,,,,,,,anadromous/freshwater fish,NorthSlope Subsistence Study,NorthSlope Subsistence Study
ERM,ERM NorthSlope Subsistence Study 2014 2015,2015,0,70.47815,-150.77848,Broad Whitefish,Coregonus nasus,anadromous/freshwater fish,Chordata (Actinopterygii),Fish,Background biomonitoring,BDWF-2015-07,17,ng/g,wet,Calculated,Whole Body,,,,,,,anadromous/freshwater fish,NorthSlope Subsistence Study,NorthSlope Subsistence Study
ERM,ERM NorthSlope Subsistence Study 2014 2015,2015,0,70.47815,-150.77848,Broad Whitefish,Coregonus nasus,anadromous/freshwater fish,Chordata (Actinopterygii),Fish,Background biomonitoring,BDWF-2015-08,17,ng/g,wet,Calculated,Whole Body,,,,,,,anadromous/freshwater fish,NorthSlope Subsistence Study,NorthSlope Subsistence Study
ERM,ERM NorthSlope Subsistence Study 2014 2015,2015,0,70.47815,-150.77848,Broad Whitefish,Coregonus nasus,anadromous/freshwater fish,Chordata (Actinopterygii),Fish,Background biomonitoring,BDWF-2015-09,17,ng/g,wet,Calculated,Whole Body,,,,,,,anadromous/freshwater fish,NorthSlope Subsistence Study,NorthSlope Subsistence Study
ERM,ERM NorthSlope Subsistence Study 2014 2015,2015,0,70.47815,-150.77848,Broad Whitefish,Coregonus nasus,anadromous/freshwater fish,Chordata (Actinopterygii),Fish,Background biomonitoring,BDWF-2015-10,17,ng/g,wet,Calculated,Whole Body,,,,,,,anadromous/freshwater fish,NorthSlope Subsistence Study,NorthSlope Subsistence Study
ERM,ERM NorthSlope Subsistence Study 2014 2015,2015,0,70.47815,-150.77848,Broad Whitefish,Coregonus nasus,anadromous/freshwater fish,Chordata (Actinopterygii),Fish,Background biomonitoring,BDWF-2015-11,17,ng/g,wet,Calculated,Whole Body,,,,,,,anadromous/freshwater fish,NorthSlope Subsistence Study,NorthSlope Subsistence Study
ERM,ERM NorthSlope Subsistence Study 2014 2015,2015,0,70.47815,-150.77848,Broad Whitefish,Coregonus nasus,anadromous/freshwater fish,Chordata (Actinopterygii),Fish,Background biomonitoring,BDWF-2015-12,17,ng/g,wet,Calculated,Whole Body,,,,,,,anadromous/freshwater fish,NorthSlope Subsistence Study,NorthSlope Subsistence Study
ERM,ERM NorthSlope Subsistence Study 2014 2015,2015,0,70.47815,-150.77848,Broad Whitefish,Coregonus nasus,anadromous/freshwater fish,Chordata (Actinopterygii),Fish,Background biomonitoring,BDWF-2015-13,17,ng/g,wet,Calculated,Whole Body,,,,,,,anadromous/freshwater fish,NorthSlope Subsistence Study,NorthSlope Subsistence Study
ERM,ERM NorthSlope Subsistence Study 2014 2015,2015,0,70.47815,-150.77848,Broad Whitefish,Coregonus nasus,anadromous/freshwater fish,Chordata (Actinopterygii),Fish,Background biomonitoring,BDWF-2015-14,17,ng/g,wet,Calculated,Whole Body,,,,,,,anadromous/freshwater fish,NorthSlope Subsistence Study,NorthSlope Subsistence Study
ERM,ERM NorthSlope Subsistence Study 2014 2015,2015,0,70.47815,-150.77848,Broad Whitefish,Coregonus nasus,anadromous/freshwater fish,Chordata (Actinopterygii),Fish,Background biomonitoring,BDWF-2015-15,17,ng/g,wet,Calculated,Whole Body,,,,,,,anadromous/freshwater fish,NorthSlope Subsistence Study,NorthSlope Subsistence Study
ERM,ERM NorthSlope Subsistence Study 2014 2015,2015,0,70.47815,-150.77848,Broad Whitefish,Coregonus nasus,anadromous/freshwater fish,Chordata (Actinopterygii),Fish,Background biomonitoring,BDWF-2015-16,17,ng/g,wet,Calculated,Whole Body,,,,,,,anadromous/freshwater fish,NorthSlope Subsistence Study,NorthSlope Subsistence Study
ERM,ERM NorthSlope Subsistence Study 2014 2015,2015,0,70.47815,-150.77848,Broad Whitefish,Coregonus nasus,anadromous/freshwater fish,Chordata (Actinopterygii),Fish,Background biomonitoring,BDWF-2015-17,17,ng/g,wet,Calculated,Whole Body,,,,,,,anadromous/freshwater fish,NorthSlope Subsistence Study,NorthSlope Subsistence Study
ERM,ERM NorthSlope Subsistence Study 2014 2015,2015,0,70.47815,-150.77848,Broad Whitefish,Coregonus nasus,anadromous/freshwater fish,Chordata (Actinopterygii),Fish,Background biomonitoring,BDWF-2015-18,17,ng/g,wet,Calculated,Whole Body,,,,,,,anadromous/freshwater fish,NorthSlope Subsistence Study,NorthSlope Subsistence Study
ERM,ERM NorthSlope Subsistence Study 2014 2015,2015,0,70.47815,-150.77848,Broad Whitefish,Coregonus nasus,anadromous/freshwater fish,Chordata (Actinopterygii),Fish,Background biomonitoring,BDWF-2015-19,17,ng/g,wet,Calculated,Whole Body,,,,,,,anadromous/freshwater fish,NorthSlope Subsistence Study,NorthSlope Subsistence Study
ERM,ERM NorthSlope Subsistence Study 2014 2015,2015,0,70.47815,-150.77848,Broad Whitefish,Coregonus nasus,anadromous/freshwater fish,Chordata (Actinopterygii),Fish,Background biomonitoring,BDWF-2015-20,17,ng/g,wet,Calculated,Whole Body,,,,,,,anadromous/freshwater fish,NorthSlope Subsistence Study,NorthSlope Subsistence Study
ERM,ERM NorthSlope Subsistence Study 2014 2015,2015,0,70.47815,-150.77848,Broad Whitefish,Coregonus nasus,anadromous/freshwater fish,Chordata (Actinopterygii),Fish,Background biomonitoring,BDWF-2015-21,17,ng/g,wet,Calculated,Whole Body,,,,,,,anadromous/freshwater fish,NorthSlope Subsistence Study,NorthSlope Subsistence Study
ERM,ERM NorthSlope Subsistence Study 2014 2015,2015,0,70.47815,-150.77848,Broad Whitefish,Coregonus nasus,anadromous/freshwater fish,Chordata (Actinopterygii),Fish,Background biomonitoring,BDWF-2015-22,17,ng/g,wet,Calculated,Whole Body,,,,,,,anadromous/freshwater fish,NorthSlope Subsistence Study,NorthSlope Subsistence Study
ERM,ERM NorthSlope Subsistence Study 2014 2015,2015,0,70.47815,-150.77848,Broad Whitefish,Coregonus nasus,anadromous/freshwater fish,Chordata (Actinopterygii),Fish,Background biomonitoring,BDWF-2015-23,17,ng/g,wet,Calculated,Whole Body,,,,,,,anadromous/freshwater fish,NorthSlope Subsistence Study,NorthSlope Subsistence Study
ERM,ERM NorthSlope Subsistence Study 2014 2015,2015,0,70.47815,-150.77848,Broad Whitefish,Coregonus nasus,anadromous/freshwater fish,Chordata (Actinopterygii),Fish,Background biomonitoring,BDWF-2015-24,17,ng/g,wet,Calculated,Whole Body,,,,,,,anadromous/freshwater fish,NorthSlope Subsistence Study,NorthSlope Subsistence Study
ERM,ERM NorthSlope Subsistence Study 2014 2015,2015,0,70.47815,-150.77848,Broad Whitefish,Coregonus nasus,anadromous/freshwater fish,Chordata (Actinopterygii),Fish,Background biomonitoring,BDWF-2015-25,17,ng/g,wet,Calculated,Whole Body,,,,,,,anadromous/freshwater fish,NorthSlope Subsistence Study,NorthSlope Subsistence Study
ERM,ERM NorthSlope Subsistence Study 2014 2015,2015,0,70.47815,-150.77848,Broad Whitefish,Coregonus nasus,anadromous/freshwater fish,Chordata (Actinopterygii),Fish,Background biomonitoring,BDWF-2015-26,17,ng/g,wet,Calculated,Whole Body,,,,,,,anadromous/freshwater fish,NorthSlope Subsistence Study,NorthSlope Subsistence Study
ERM,ERM NorthSlope Subsistence Study 2014 2015,2015,0,70.47815,-150.77848,Broad Whitefish,Coregonus nasus,anadromous/freshwater fish,Chordata (Actinopterygii),Fish,Background biomonitoring,BDWF-2015-27,17,ng/g,wet,Calculated,Whole Body,,,,,,,anadromous/freshwater fish,NorthSlope Subsistence Study,NorthSlope Subsistence Study
ERM,ERM NorthSlope Subsistence Study 2014 2015,2015,0,70.47815,-150.77848,Broad Whitefish,Coregonus nasus,anadromous/freshwater fish,Chordata (Actinopterygii),Fish,Background biomonitoring,BDWF-2015-28,17,ng/g,wet,Calculated,Whole Body,,,,,,,anadromous/freshwater fish,NorthSlope Subsistence Study,NorthSlope Subsistence Study
ERM,ERM NorthSlope Subsistence Study 2014 2015,2015,0,70.47815,-150.77848,Broad Whitefish,Coregonus nasus,anadromous/freshwater fish,Chordata (Actinopterygii),Fish,Background biomonitoring,BDWF-2015-29,17,ng/g,wet,Calculated,Whole Body,,,,,,,anadromous/freshwater fish,NorthSlope Subsistence Study,NorthSlope Subsistence Study
ERM,ERM NorthSlope Subsistence Study 2014 2015,2015,0,70.47815,-150.77848,Broad Whitefish,Coregonus nasus,anadromous/freshwater fish,Chordata (Actinopterygii),Fish,Background biomonitoring,BDWF-2015-30,17,ng/g,wet,Calculated,Whole Body,,,,,,,anadromous/freshwater fish,NorthSlope Subsistence Study,NorthSlope Subsistence Study
PWSRCAC,LTEMP,2005,24.19,60.35102,-146.6656,Blue Mussel,Mytilus trossulus,mussel,Bivalvia,Mussels,Background biomonitoring / Post-oil spill assessment,COH-B-05-2-1,39,ng/g,dry,Calculated,Whole Body,5.7,,b,,AlphaAnalytics,,mussel,Prince William Sound Regional Citizens' Advisory Council Monitoring Program,Prince William Sound Regional Citizens' Advisory Council Monitoring Program
PWSRCAC,LTEMP,2005,37.53,60.35102,-146.6656,Blue Mussel,Mytilus trossulus,mussel,Bivalvia,Mussels,Background biomonitoring / Post-oil spill assessment,COH-B-05-2-2,39,ng/g,dry,Calculated,Whole Body,6,,b,,AlphaAnalytics,,mussel,Prince William Sound Regional Citizens' Advisory Council Monitoring Program,Prince William Sound Regional Citizens' Advisory Council Monitoring Program
PWSRCAC,LTEMP,2005,29.27,60.35102,-146.6656,Blue Mussel,Mytilus trossulus,mussel,Bivalvia,Mussels,Background biomonitoring / Post-oil spill assessment,COH-B-05-2-3,39,ng/g,dry,Calculated,Whole Body,5.92,,b,,AlphaAnalytics,,mussel,Prince William Sound Regional Citizens' Advisory Council Monitoring Program,Prince William Sound Regional Citizens' Advisory Council Monitoring Program
PWSRCAC,LTEMP,2006,18.18,60.35102,-146.6656,Blue Mussel,Mytilus trossulus,mussel,Bivalvia,Mussels,Background biomonitoring / Post-oil spill assessment,COH-B-06-1-1,39,ng/g,dry,Calculated,Whole Body,4.38,,b,,AlphaAnalytics,,mussel,Prince William Sound Regional Citizens' Advisory Council Monitoring Program,Prince William Sound Regional Citizens' Advisory Council Monitoring Program
PWSRCAC,LTEMP,2006,22.2,60.35102,-146.6656,Blue Mussel,Mytilus trossulus,mussel,Bivalvia,Mussels,Background biomonitoring / Post-oil spill assessment,COH-B-06-1-2,39,ng/g,dry,Calculated,Whole Body,4.47,,b,,AlphaAnalytics,,mussel,Prince William Sound Regional Citizens' Advisory Council Monitoring Program,Prince William Sound Regional Citizens' Advisory Council Monitoring Program
PWSRCAC,LTEMP,2006,22.09,60.35102,-146.6656,Blue Mussel,Mytilus trossulus,mussel,Bivalvia,Mussels,Background biomonitoring / Post-oil spill assessment,COH-B-06-1-3,39,ng/g,dry,Calculated,Whole Body,4.38,,b,,AlphaAnalytics,,mussel,Prince William Sound Regional Citizens' Advisory Council Monitoring Program,Prince William Sound Regional Citizens' Advisory Council Monitoring Program
PWSRCAC,LTEMP,2006,26.0108857,60.35102,-146.6656,Blue Mussel,Mytilus trossulus,mussel,Bivalvia,Mussels,Background biomonitoring / Post-oil spill assessment,COH-B-06-2-1,38,ng/g,dry,Calculated,Whole Body,4.342857,,,,AlphaAnalytics,,mussel,Prince William Sound Regional Citizens' Advisory Council Monitoring Program,Prince William Sound Regional Citizens' Advisory Council Monitoring Program
PWSRCAC,LTEMP,2006,36.65173203,60.35102,-146.6656,Blue Mussel,Mytilus trossulus,mussel,Bivalvia,Mussels,Background biomonitoring / Post-oil spill assessment,COH-B-06-2-2,38,ng/g,dry,Calculated,Whole Body,4.145455,,,,AlphaAnalytics,,mussel,Prince William Sound Regional Citizens' Advisory Council Monitoring Program,Prince William Sound Regional Citizens' Advisory Council Monitoring Program
PWSRCAC,LTEMP,2006,36.2026925,60.35102,-146.6656,Blue Mussel,Mytilus trossulus,mussel,Bivalvia,Mussels,Background biomonitoring / Post-oil spill assessment,COH-B-06-2-3,38,ng/g,dry,Calculated,Whole Body,4.301887,,,,AlphaAnalytics,,mussel,Prince William Sound Regional Citizens' Advisory Council Monitoring Program,Prince William Sound Regional Citizens' Advisory Council Monitoring Program
PWSRCAC,LTEMP,2007,25.4206483,60.35102,-146.6656,Blue Mussel,Mytilus trossulus,mussel,Bivalvia,Mussels,Background biomonitoring / Post-oil spill assessment,COH-B-07-2-1,38,ng/g,dry,Calculated,Whole Body,5.493976,,,,AlphaAnalytics,,mussel,Prince William Sound Regional Citizens' Advisory Council Monitoring Program,Prince William Sound Regional Citizens' Advisory Council Monitoring Program
PWSRCAC,LTEMP,2007,27.22679238,60.35102,-146.6656,Blue Mussel,Mytilus trossulus,mussel,Bivalvia,Mussels,Background biomonitoring / Post-oil spill assessment,COH-B-07-2-2,38,ng/g,dry,Calculated,Whole Body,5.302326,,,,AlphaAnalytics,,mussel,Prince William Sound Regional Citizens' Advisory Council Monitoring Program,Prince William Sound Regional Citizens' Advisory Council Monitoring Program
PWSRCAC,LTEMP,2007,22.75889003,60.35102,-146.6656,Blue Mussel,Mytilus trossulus,mussel,Bivalvia,Mussels,Background biomonitoring / Post-oil spill assessment,COH-B-07-2-3,38,ng/g,dry,Calculated,Whole Body,6.333333,,,,AlphaAnalytics,,mussel,Prince William Sound Regional Citizens' Advisory Council Monitoring Program,Prince William Sound Regional Citizens' Advisory Council Monitoring Program
PWSRCAC,LTEMP,2002,53.38046714,60.49861,-147.6586,Blue Mussel,Mytilus trossulus,mussel,Bivalvia,Mussels,Background biomonitoring / Post-oil spill assessment,DII-B-02-2-1,37,ng/g,dry,Calculated,Whole Body,28.14815,,BD,,AlphaAnalytics,,mussel,Prince William Sound Regional Citizens' Advisory Council Monitoring Program,Prince William Sound Regional Citizens' Advisory Council Monitoring Program
PWSRCAC,LTEMP,2002,35.8100018,60.49861,-147.6586,Blue Mussel,Mytilus trossulus,mussel,Bivalvia,Mussels,Background biomonitoring / Post-oil spill assessment,DII-B-02-2-2,37,ng/g,dry,Calculated,Whole Body,26.51163,,BD,,AlphaAnalytics,,mussel,Prince William Sound Regional Citizens' Advisory Council Monitoring Program,Prince William Sound Regional Citizens' Advisory Council Monitoring Program
PWSRCAC,LTEMP,2002,43.1549776,60.49861,-147.6586,Blue Mussel,Mytilus trossulus,mussel,Bivalvia,Mussels,Background biomonitoring / Post-oil spill assessment,DII-B-02-2-3,37,ng/g,dry,Calculated,Whole Body,24.25532,,BD,,AlphaAnalytics,,mussel,Prince William Sound Regional Citizens' Advisory Council Monitoring Program,Prince William Sound Regional Citizens' Advisory Council Monitoring Program
PWSRCAC,LTEMP,2003,13.4049534,60.49861,-147.6586,Blue Mussel,Mytilus trossulus,mussel,Bivalvia,Mussels,Background biomonitoring / Post-oil spill assessment,DII-B-03-1-1,37,ng/g,dry,Calculated,Whole Body,30.4,,BD,,AlphaAnalytics,,mussel,Prince William Sound Regional Citizens' Advisory Council Monitoring Program,Prince William Sound Regional Citizens' Advisory Council Monitoring Program
PWSRCAC,LTEMP,2003,16.5473775,60.49861,-147.6586,Blue Mussel,Mytilus trossulus,mussel,Bivalvia,Mussels,Background biomonitoring / Post-oil spill assessment,DII-B-03-1-2,37,ng/g,dry,Calculated,Whole Body,28.14815,,BD,,AlphaAnalytics,,mussel,Prince William Sound Regional Citizens' Advisory Council Monitoring Program,Prince William Sound Regional Citizens' Advisory Council Monitoring Program
PWSRCAC,LTEMP,2003,25.1098975,60.49861,-147.6586,Blue Mussel,Mytilus trossulus,mussel,Bivalvia,Mussels,Background biomonitoring / Post-oil spill assessment,DII-B-03-1-2D,37,ng/g,dry,Calculated,Whole Body,28.5,,BD,,AlphaAnalytics,,mussel,Prince William Sound Regional Citizens' Advisory Council Monitoring Program,Prince William Sound Regional Citizens' Advisory Council Monitoring Program
PWSRCAC,LTEMP,2003,23.3863897,60.49861,-147.6586,Blue Mussel,Mytilus trossulus,mussel,Bivalvia,Mussels,Background biomonitoring / Post-oil spill assessment,DII-B-03-1-3,37,ng/g,dry,Calculated,Whole Body,34.54545,,BD,,AlphaAnalytics,,mussel,Prince William Sound Regional Citizens' Advisory Council Monitoring Program,Prince William Sound Regional Citizens' Advisory Council Monitoring Program
PWSRCAC,LTEMP,2003,8.08,60.49861,-147.6586,Blue Mussel,Mytilus trossulus,mussel,Bivalvia,Mussels,Background biomonitoring / Post-oil spill assessment,DII-B-03-2-1,39,ng/g,dry,Calculated,Whole Body,6.42,,b,,AlphaAnalytics,,mussel,Prince William Sound Regional Citizens' Advisory Council Monitoring Program,Prince William Sound Regional Citizens' Advisory Council Monitoring Program
PWSRCAC,LTEMP,2003,35.2,60.49861,-147.6586,Blue Mussel,Mytilus trossulus,mussel,Bivalvia,Mussels,Background biomonitoring / Post-oil spill assessment,DII-B-03-2-2,39,ng/g,dry,Calculated,Whole Body,6.42,,b,,AlphaAnalytics,,mussel,Prince William Sound Regional Citizens' Advisory Council Monitoring Program,Prince William Sound Regional Citizens' Advisory Council Monitoring Program
PWSRCAC,LTEMP,2003,26.85,60.49861,-147.6586,Blue Mussel,Mytilus trossulus,mussel,Bivalvia,Mussels,Background biomonitoring / Post-oil spill assessment,DII-B-03-2-3,39,ng/g,dry,Calculated,Whole Body,6.61,,b,,AlphaAnalytics,,mussel,Prince William Sound Regional Citizens' Advisory Council Monitoring Program,Prince William Sound Regional Citizens' Advisory Council Monitoring Program
PWSRCAC,LTEMP,2004,68.75,60.49861,-147.6586,Blue Mussel,Mytilus trossulus,mussel,Bivalvia,Mussels,Background biomonitoring / Post-oil spill assessment,DII-B-04-1-1,39,ng/g,dry,Calculated,Whole Body,6.08,,b,,AlphaAnalytics,,mussel,Prince William Sound Regional Citizens' Advisory Council Monitoring Program,Prince William Sound Regional Citizens' Advisory Council Monitoring Program
PWSRCAC,LTEMP,2004,69.92,60.49861,-147.6586,Blue Mussel,Mytilus trossulus,mussel,Bivalvia,Mussels,Background biomonitoring / Post-oil spill assessment,DII-B-04-1-2,39,ng/g,dry,Calculated,Whole Body,5.24,,b,,AlphaAnalytics,,mussel,Prince William Sound Regional Citizens' Advisory Council Monitoring Program,Prince William Sound Regional Citizens' Advisory Council Monitoring Program
PWSRCAC,LTEMP,2004,71.95,60.49861,-147.6586,Blue Mussel,Mytilus trossulus,mussel,Bivalvia,Mussels,Background biomonitoring / Post-oil spill assessment,DII-B-04-1-3,39,ng/g,dry,Calculated,Whole Body,5.12,,b,,AlphaAnalytics,,mussel,Prince William Sound Regional Citizens' Advisory Council Monitoring Program,Prince William Sound Regional Citizens' Advisory Council Monitoring Program
PWSRCAC,LTEMP,2004,20.2,60.49861,-147.6586,Blue Mussel,Mytilus trossulus,mussel,Bivalvia,Mussels,Background biomonitoring / Post-oil spill assessment,DII-B-04-2-1-R2,39,ng/g,dry,Calculated,Whole Body,7.1,,b,,AlphaAnalytics,,mussel,Prince William Sound Regional Citizens' Advisory Council Monitoring Program,Prince William Sound Regional Citizens' Advisory Council Monitoring Program
PWSRCAC,LTEMP,2004,28.34,60.49861,-147.6586,Blue Mussel,Mytilus trossulus,mussel,Bivalvia,Mussels,Background biomonitoring / Post-oil spill assessment,DII-B-04-2-2,39,ng/g,dry,Calculated,Whole Body,0.493,,b,,AlphaAnalytics,,mussel,Prince William Sound Regional Citizens' Advisory Council Monitoring Program,Prince William Sound Regional Citizens' Advisory Council Monitoring Program
PWSRCAC,LTEMP,2004,33.76,60.49861,-147.6586,Blue Mussel,Mytilus trossulus,mussel,Bivalvia,Mussels,Background biomonitoring / Post-oil spill assessment,DII-B-04-2-3,39,ng/g,dry,Calculated,Whole Body,0.495,,b,,AlphaAnalytics,,mussel,Prince William Sound Regional Citizens' Advisory Council Monitoring Program,Prince William Sound Regional Citizens' Advisory Council Monitoring Program
PWSRCAC,LTEMP,2005,31.05,60.49861,-147.6586,Blue Mussel,Mytilus trossulus,mussel,Bivalvia,Mussels,Background biomonitoring / Post-oil spill assessment,DII-B-05-1-1,39,ng/g,dry,Calculated,Whole Body,0.474,,b,,AlphaAnalytics,,mussel,Prince William Sound Regional Citizens' Advisory Council Monitoring Program,Prince William Sound Regional Citizens' Advisory Council Monitoring Program
PWSRCAC,LTEMP,2005,44.62,60.49861,-147.6586,Blue Mussel,Mytilus trossulus,mussel,Bivalvia,Mussels,Background biomonitoring / Post-oil spill assessment,DII-B-05-1-2,39,ng/g,dry,Calculated,Whole Body,0.479,,b,,AlphaAnalytics,,mussel,Prince William Sound Regional Citizens' Advisory Council Monitoring Program,Prince William Sound Regional Citizens' Advisory Council Monitoring Program
PWSRCAC,LTEMP,2005,25.06,60.49861,-147.6586,Blue Mussel,Mytilus trossulus,mussel,Bivalvia,Mussels,Background biomonitoring / Post-oil spill assessment,DII-B-05-1-3,39,ng/g,dry,Calculated,Whole Body,0.482,,b,,AlphaAnalytics,,mussel,Prince William Sound Regional Citizens' Advisory Council Monitoring Program,Prince William Sound Regional Citizens' Advisory Council Monitoring Program
PWSRCAC,LTEMP,2005,41.89,60.49861,-147.6586,Blue Mussel,Mytilus trossulus,mussel,Bivalvia,Mussels,Background biomonitoring / Post-oil spill assessment,DII-B-05-2-1,39,ng/g,dry,Calculated,Whole Body,6.25,,b,,AlphaAnalytics,,mussel,Prince William Sound Regional Citizens' Advisory Council Monitoring Program,Prince William Sound Regional Citizens' Advisory Council Monitoring Program
PWSRCAC,LTEMP,2005,38.79,60.49861,-147.6586,Blue Mussel,Mytilus trossulus,mussel,Bivalvia,Mussels,Background biomonitoring / Post-oil spill assessment,DII-B-05-2-2,39,ng/g,dry,Calculated,Whole Body,5.49,,b,,AlphaAnalytics,,mussel,Prince William Sound Regional Citizens' Advisory Council Monitoring Program,Prince William Sound Regional Citizens' Advisory Council Monitoring Program
PWSRCAC,LTEMP,2005,65.46,60.49861,-147.6586,Blue Mussel,Mytilus trossulus,mussel,Bivalvia,Mussels,Background biomonitoring / Post-oil spill assessment,DII-B-05-2-3,39,ng/g,dry,Calculated,Whole Body,5.85,,b,,AlphaAnalytics,,mussel,Prince William Sound Regional Citizens' Advisory Council Monitoring Program,Prince William Sound Regional Citizens' Advisory Council Monitoring Program
PWSRCAC,LTEMP,2006,53.55,60.49861,-147.6586,Blue Mussel,Mytilus trossulus,mussel,Bivalvia,Mussels,Background biomonitoring / Post-oil spill assessment,DII-B-06-1-1,39,ng/g,dry,Calculated,Whole Body,4.65,,b,,AlphaAnalytics,,mussel,Prince William Sound Regional Citizens' Advisory Council Monitoring Program,Prince William Sound Regional Citizens' Advisory Council Monitoring Program
PWSRCAC,LTEMP,2006,103.77,60.49861,-147.6586,Blue Mussel,Mytilus trossulus,mussel,Bivalvia,Mussels,Background biomonitoring / Post-oil spill assessment,DII-B-06-1-2,39,ng/g,dry,Calculated,Whole Body,5.07,,b,,AlphaAnalytics,,mussel,Prince William Sound Regional Citizens' Advisory Council Monitoring Program,Prince William Sound Regional Citizens' Advisory Council Monitoring Program
PWSRCAC,LTEMP,2006,44.46,60.49861,-147.6586,Blue Mussel,Mytilus trossulus,mussel,Bivalvia,Mussels,Background biomonitoring / Post-oil spill assessment,DII-B-06-1-3,39,ng/g,dry,Calculated,Whole Body,4.75,,b,,AlphaAnalytics,,mussel,Prince William Sound Regional Citizens' Advisory Council Monitoring Program,Prince William Sound Regional Citizens' Advisory Council Monitoring Program
PWSRCAC,LTEMP,2006,40.4234859,60.49861,-147.6586,Blue Mussel,Mytilus trossulus,mussel,Bivalvia,Mussels,Background biomonitoring / Post-oil spill assessment,DII-B-06-2-1,38,ng/g,dry,Calculated,Whole Body,4.956522,,,,AlphaAnalytics,,mussel,Prince William Sound Regional Citizens' Advisory Council Monitoring Program,Prince William Sound Regional Citizens' Advisory Council Monitoring Program
PWSRCAC,LTEMP,2006,62.847131,60.49861,-147.6586,Blue Mussel,Mytilus trossulus,mussel,Bivalvia,Mussels,Background biomonitoring / Post-oil spill assessment,DII-B-06-2-2,38,ng/g,dry,Calculated,Whole Body,5.846154,,,,AlphaAnalytics,,mussel,Prince William Sound Regional Citizens' Advisory Council Monitoring Program,Prince William Sound Regional Citizens' Advisory Council Monitoring Program
PWSRCAC,LTEMP,2006,20.798959,60.49861,-147.6586,Blue Mussel,Mytilus trossulus,mussel,Bivalvia,Mussels,Background biomonitoring / Post-oil spill assessment,DII-B-06-2-3,38,ng/g,dry,Calculated,Whole Body,5.302326,,,,AlphaAnalytics,,mussel,Prince William Sound Regional Citizens' Advisory Council Monitoring Program,Prince William Sound Regional Citizens' Advisory Council Monitoring Program
PWSRCAC,LTEMP,2007,26.34612988,60.49861,-147.6586,Blue Mussel,Mytilus trossulus,mussel,Bivalvia,Mussels,Background biomonitoring / Post-oil spill assessment,DII-B-07-1-1,38,ng/g,dry,Calculated,Whole Body,4.514851,,,,AlphaAnalytics,,mussel,Prince William Sound Regional Citizens' Advisory Council Monitoring Program,Prince William Sound Regional Citizens' Advisory Council Monitoring Program
PWSRCAC,LTEMP,2007,48.2636397,60.49861,-147.6586,Blue Mussel,Mytilus trossulus,mussel,Bivalvia,Mussels,Background biomonitoring / Post-oil spill assessment,DII-B-07-1-2,38,ng/g,dry,Calculated,Whole Body,4.903226,,,,AlphaAnalytics,,mussel,Prince William Sound Regional Citizens' Advisory Council Monitoring Program,Prince William Sound Regional Citizens' Advisory Council Monitoring Program
PWSRCAC,LTEMP,2007,30.71807092,60.49861,-147.6586,Blue Mussel,Mytilus trossulus,mussel,Bivalvia,Mussels,Background biomonitoring / Post-oil spill assessment,DII-B-07-1-3,38,ng/g,dry,Calculated,Whole Body,4.851064,,,,AlphaAnalytics,,mussel,Prince William Sound Regional Citizens' Advisory Council Monitoring Program,Prince William Sound Regional Citizens' Advisory Council Monitoring Program
PWSRCAC,LTEMP,2007,32.0579377,60.49861,-147.6586,Blue Mussel,Mytilus trossulus,mussel,Bivalvia,Mussels,Background biomonitoring / Post-oil spill assessment,DII-B-07-2-1,38,ng/g,dry,Calculated,Whole Body,5.772152,,,,AlphaAnalytics,,mussel,Prince William Sound Regional Citizens' Advisory Council Monitoring Program,Prince William Sound Regional Citizens' Advisory Council Monitoring Program
PWSRCAC,LTEMP,2007,13.18387446,60.49861,-147.6586,Blue Mussel,Mytilus trossulus,mussel,Bivalvia,Mussels,Background biomonitoring / Post-oil spill assessment,DII-B-07-2-2,38,ng/g,dry,Calculated,Whole Body,5.364706,,,,AlphaAnalytics,,mussel,Prince William Sound Regional Citizens' Advisory Council Monitoring Program,Prince William Sound Regional Citizens' Advisory Council Monitoring Program
PWSRCAC,LTEMP,2007,15.0239697,60.49861,-147.6586,Blue Mussel,Mytilus trossulus,mussel,Bivalvia,Mussels,Background biomonitoring / Post-oil spill assessment,DII-B-07-2-3,38,ng/g,dry,Calculated,Whole Body,5.181818,,,,AlphaAnalytics,,mussel,Prince William Sound Regional Citizens' Advisory Council Monitoring Program,Prince William Sound Regional Citizens' Advisory Council Monitoring Program
PWSRCAC,LTEMP,2008,10.1556979,60.49861,-147.6586,Blue Mussel,Mytilus trossulus,mussel,Bivalvia,Mussels,Background biomonitoring / Post-oil spill assessment,DII-B-08-2-1,38,ng/g,dry,Calculated,Whole Body,1.963804,,a,,AlphaAnalytics,,mussel,Prince William Sound Regional Citizens' Advisory Council Monitoring Program,Prince William Sound Regional Citizens' Advisory Council Monitoring Program
PWSRCAC,LTEMP,2008,17.1940947,60.49861,-147.6586,Blue Mussel,Mytilus trossulus,mussel,Bivalvia,Mussels,Background biomonitoring / Post-oil spill assessment,DII-B-08-2-2,38,ng/g,dry,Calculated,Whole Body,1.969414,,a,,AlphaAnalytics,,mussel,Prince William Sound Regional Citizens' Advisory Council Monitoring Program,Prince William Sound Regional Citizens' Advisory Council Monitoring Program
PWSRCAC,LTEMP,2008,27.5119083,60.49861,-147.6586,Blue Mussel,Mytilus trossulus,mussel,Bivalvia,Mussels,Background biomonitoring / Post-oil spill assessment,DII-B-08-2-3,38,ng/g,dry,Calculated,Whole Body,1.955447,,a,,AlphaAnalytics,,mussel,Prince William Sound Regional Citizens' Advisory Council Monitoring Program,Prince William Sound Regional Citizens' Advisory Council Monitoring Program
PWSRCAC,LTEMP,2009,12.1314365,60.49861,-147.6586,Blue Mussel,Mytilus trossulus,mussel,Bivalvia,Mussels,Background biomonitoring / Post-oil spill assessment,DII-B-09-1-1,38,ng/g,dry,Calculated,Whole Body,1.619965,,a,,AlphaAnalytics,,mussel,Prince William Sound Regional Citizens' Advisory Council Monitoring Program,Prince William Sound Regional Citizens' Advisory Council Monitoring Program
PWSRCAC,LTEMP,2009,23.390672,60.49861,-147.6586,Blue Mussel,Mytilus trossulus,mussel,Bivalvia,Mussels,Background biomonitoring / Post-oil spill assessment,DII-B-09-1-2,76,ng/g,dry,Calculated,Whole Body,1.616164,,a,,AlphaAnalytics,,mussel,Prince William Sound Regional Citizens' Advisory Council Monitoring Program,Prince William Sound Regional Citizens' Advisory Council Monitoring Program
PWSRCAC,LTEMP,2009,11.0504733,60.49861,-147.6586,Blue Mussel,Mytilus trossulus,mussel,Bivalvia,Mussels,Background biomonitoring / Post-oil spill assessment,DII-B-09-1-3,38,ng/g,dry,Calculated,Whole Body,1.608623,,a,,AlphaAnalytics,,mussel,Prince William Sound Regional Citizens' Advisory Council Monitoring Program,Prince William Sound Regional Citizens' Advisory Council Monitoring Program
PWSRCAC,LTEMP,2013,30.9160798,60.49861,-147.6586,Blue Mussel,Mytilus trossulus,mussel,Bivalvia,Mussels,Background biomonitoring / Post-oil spill assessment,DII-B-13-2-1,38,ng/g,dry,Calculated,Whole Body,1.806347,,a,,AlphaAnalytics,,mussel,Prince William Sound Regional Citizens' Advisory Council Monitoring Program,Prince William Sound Regional Citizens' Advisory Council Monitoring Program
PWSRCAC,LTEMP,2013,23.0215627,60.49861,-147.6586,Blue Mussel,Mytilus trossulus,mussel,Bivalvia,Mussels,Background biomonitoring / Post-oil spill assessment,DII-B-13-2-2,38,ng/g,dry,Calculated,Whole Body,1.801625,,a,,AlphaAnalytics,,mussel,Prince William Sound Regional Citizens' Advisory Council Monitoring Program,Prince William Sound Regional Citizens' Advisory Council Monitoring Program
PWSRCAC,LTEMP,2013,23.2428728,60.49861,-147.6586,Blue Mussel,Mytilus trossulus,mussel,Bivalvia,Mussels,Background biomonitoring / Post-oil spill assessment,DII-B-13-2-3,38,ng/g,dry,Calculated,Whole Body,1.977393,,a,,AlphaAnalytics,,mussel,Prince William Sound Regional Citizens' Advisory Council Monitoring Program,Prince William Sound Regional Citizens' Advisory Council Monitoring Program
PWSRCAC,LTEMP,2018,35.0333326,60.49861,-147.6586,Blue Mussel,Mytilus trossulus,mussel,Bivalvia,Mussels,Background biomonitoring / Post-oil spill assessment,DII-B-18-2-1,41,ng/g,dry,Calculated,Whole Body,9.333333,21.66667,JB,91,AlphaAnalytics,,mussel,Prince William Sound Regional Citizens' Advisory Council Monitoring Program,Prince William Sound Regional Citizens' Advisory Council Monitoring Program
PWSRCAC,LTEMP,2018,27.8727292,60.49861,-147.6586,Blue Mussel,Mytilus trossulus,mussel,Bivalvia,Mussels,Background biomonitoring / Post-oil spill assessment,DII-B-18-2-2,41,ng/g,dry,Calculated,Whole Body,7.481818,17.36364,JB,89,AlphaAnalytics,,mussel,Prince William Sound Regional Citizens' Advisory Council Monitoring Program,Prince William Sound Regional Citizens' Advisory Council Monitoring Program
PWSRCAC,LTEMP,2018,35.7333327,60.49861,-147.6586,Blue Mussel,Mytilus trossulus,mussel,Bivalvia,Mussels,Background biomonitoring / Post-oil spill assessment,DII-B-18-2-3,41,ng/g,dry,Calculated,Whole Body,8.144444,18.88889,JB,91,AlphaAnalytics,,mussel,Prince William Sound Regional Citizens' Advisory Council Monitoring Program,Prince William Sound Regional Citizens' Advisory Council Monitoring Program
PWSRCAC,LTEMP,2023,72.87,60.49861,-147.6586,Blue Mussel,Mytilus trossulus,mussel,Bivalvia,Mussels,Background biomonitoring / Post-oil spill assessment,DII-B-23-1,41,ng/g,wet,Calculated,Whole Body,0.845,1.96,JB,0,AlphaAnalytics,,mussel,Prince William Sound Regional Citizens' Advisory Council Monitoring Program,Prince William Sound Regional Citizens' Advisory Council Monitoring Program
PWSRCAC,LTEMP,2023,65.827,60.49861,-147.6586,Blue Mussel,Mytilus trossulus,mussel,Bivalvia,Mussels,Background biomonitoring / Post-oil spill assessment,DII-B-23-2,41,ng/g,wet,Calculated,Whole Body,0.842,1.95,JB,0,AlphaAnalytics,,mussel,Prince William Sound Regional Citizens' Advisory Council Monitoring Program,Prince William Sound Regional Citizens' Advisory Council Monitoring Program
PWSRCAC,LTEMP,2023,65.88,60.49861,-147.6586,Blue Mussel,Mytilus trossulus,mussel,Bivalvia,Mussels,Background biomonitoring / Post-oil spill assessment,DII-B-23-3,41,ng/g,wet,Calculated,Whole Body,0.823,1.91,JB,0,AlphaAnalytics,,mussel,Prince William Sound Regional Citizens' Advisory Council Monitoring Program,Prince William Sound Regional Citizens' Advisory Council Monitoring Program
PWSRCAC,LTEMP,2020,138.3733331,61.1243682,-146.4961415,Blue Mussel,Mytilus trossulus,mussel,Bivalvia,Mussels,Background biomonitoring / Post-oil spill assessment,GOC M001,41,ng/g,dry,Calculated,Whole Body,5.693333,13.2,JB,85,AlphaAnalytics,,mussel,Prince William Sound Regional Citizens' Advisory Council Monitoring Program,Prince William Sound Regional Citizens' Advisory Council Monitoring Program
PWSRCAC,LTEMP,2020,160.3769259,61.1243682,-146.4961415,Blue Mussel,Mytilus trossulus,mussel,Bivalvia,Mussels,Background biomonitoring / Post-oil spill assessment,GOC M002,41,ng/g,dry,Calculated,Whole Body,6.161538,14.30769,JB,87,AlphaAnalytics,,mussel,Prince William Sound Regional Citizens' Advisory Council Monitoring Program,Prince William Sound Regional Citizens' Advisory Council Monitoring Program
PWSRCAC,LTEMP,2020,150.0307698,61.1243682,-146.4961415,Blue Mussel,Mytilus trossulus,mussel,Bivalvia,Mussels,Background biomonitoring / Post-oil spill assessment,GOC M002-DUP,41,ng/g,dry,Calculated,Whole Body,6.615385,15.38462,JB,87,AlphaAnalytics,,mussel,Prince William Sound Regional Citizens' Advisory Council Monitoring Program,Prince William Sound Regional Citizens' Advisory Council Monitoring Program
PWSRCAC,LTEMP,2020,146.683337,61.1243682,-146.4961415,Blue Mussel,Mytilus trossulus,mussel,Bivalvia,Mussels,Background biomonitoring / Post-oil spill assessment,GOC M003,41,ng/g,dry,Calculated,Whole Body,7.033333,16.33333,JB,88,AlphaAnalytics,,mussel,Prince William Sound Regional Citizens' Advisory Council Monitoring Program,Prince William Sound Regional Citizens' Advisory Council Monitoring Program
PWSRCAC,LTEMP,2017,28.9,61.1243682,-146.4961415,Blue Mussel,Mytilus trossulus,mussel,Bivalvia,Mussels,Background biomonitoring / Post-oil spill assessment,GOC-1709-1,41,ng/g,dry,Calculated,Whole Body,6.086667,14.13333,JB,85,AlphaAnalytics,,mussel,Prince William Sound Regional Citizens' Advisory Council Monitoring Program,Prince William Sound Regional Citizens' Advisory Council Monitoring Program
PWSRCAC,LTEMP,2017,27.558333,61.1243682,-146.4961415,Blue Mussel,Mytilus trossulus,mussel,Bivalvia,Mussels,Background biomonitoring / Post-oil spill assessment,GOC-1709-2,41,ng/g,dry,Calculated,Whole Body,6.116667,14.16667,JB,88,AlphaAnalytics,,mussel,Prince William Sound Regional Citizens' Advisory Council Monitoring Program,Prince William Sound Regional Citizens' Advisory Council Monitoring Program
PWSRCAC,LTEMP,2017,27.8399986,61.1243682,-146.4961415,Blue Mussel,Mytilus trossulus,mussel,Bivalvia,Mussels,Background biomonitoring / Post-oil spill assessment,GOC-1709-3,41,ng/g,dry,Calculated,Whole Body,4.953333,11.46667,JB,85,AlphaAnalytics,,mussel,Prince William Sound Regional Citizens' Advisory Council Monitoring Program,Prince William Sound Regional Citizens' Advisory Council Monitoring Program
PWSRCAC,LTEMP,2017,34.183334,61.1243682,-146.4961415,Blue Mussel,Mytilus trossulus,mussel,Bivalvia,Mussels,Background biomonitoring / Post-oil spill assessment,GOC-1712-1,41,ng/g,dry,Calculated,Whole Body,6.425,14.91667,JB,88,AlphaAnalytics,,mussel,Prince William Sound Regional Citizens' Advisory Council Monitoring Program,Prince William Sound Regional Citizens' Advisory Council Monitoring Program
PWSRCAC,LTEMP,2017,19.518183,61.1243682,-146.4961415,Blue Mussel,Mytilus trossulus,mussel,Bivalvia,Mussels,Background biomonitoring / Post-oil spill assessment,GOC-1712-2,41,ng/g,dry,Calculated,Whole Body,7.1,16.45455,JB,89,AlphaAnalytics,,mussel,Prince William Sound Regional Citizens' Advisory Council Monitoring Program,Prince William Sound Regional Citizens' Advisory Council Monitoring Program
PWSRCAC,LTEMP,2017,16.291667,61.1243682,-146.4961415,Blue Mussel,Mytilus trossulus,mussel,Bivalvia,Mussels,Background biomonitoring / Post-oil spill assessment,GOC-1712-3,41,ng/g,dry,Calculated,Whole Body,6.891667,16,U,88,AlphaAnalytics,,mussel,Prince William Sound Regional Citizens' Advisory Council Monitoring Program,Prince William Sound Regional Citizens' Advisory Council Monitoring Program
PWSRCAC,LTEMP,2002,63.6152808,61.1243682,-146.4961415,Blue Mussel,Mytilus trossulus,mussel,Bivalvia,Mussels,Background biomonitoring / Post-oil spill assessment,GOC-B-02-2-1,37,ng/g,dry,Calculated,Whole Body,31.66667,,BD,,AlphaAnalytics,,mussel,Prince William Sound Regional Citizens' Advisory Council Monitoring Program,Prince William Sound Regional Citizens' Advisory Council Monitoring Program
PWSRCAC,LTEMP,2002,120.4332332,61.1243682,-146.4961415,Blue Mussel,Mytilus trossulus,mussel,Bivalvia,Mussels,Background biomonitoring / Post-oil spill assessment,GOC-B-02-2-2,74,ng/g,dry,Calculated,Whole Body,22.8,,BD,,AlphaAnalytics,,mussel,Prince William Sound Regional Citizens' Advisory Council Monitoring Program,Prince William Sound Regional Citizens' Advisory Council Monitoring Program
PWSRCAC,LTEMP,2002,55.2933422,61.1243682,-146.4961415,Blue Mussel,Mytilus trossulus,mussel,Bivalvia,Mussels,Background biomonitoring / Post-oil spill assessment,GOC-B-02-2-3,37,ng/g,dry,Calculated,Whole Body,28.5,,BD,,AlphaAnalytics,,mussel,Prince William Sound Regional Citizens' Advisory Council Monitoring Program,Prince William Sound Regional Citizens' Advisory Council Monitoring Program
PWSRCAC,LTEMP,2002,36.2432928,61.1243682,-146.4961415,Blue Mussel,Mytilus trossulus,mussel,Bivalvia,Mussels,Background biomonitoring / Post-oil spill assessment,GOC-B-02-3-1,37,ng/g,dry,Calculated,Whole Body,23.26531,,BD,,AlphaAnalytics,,mussel,Prince William Sound Regional Citizens' Advisory Council Monitoring Program,Prince William Sound Regional Citizens' Advisory Council Monitoring Program
PWSRCAC,LTEMP,2002,41.9651798,61.1243682,-146.4961415,Blue Mussel,Mytilus trossulus,mussel,Bivalvia,Mussels,Background biomonitoring / Post-oil spill assessment,GOC-B-02-3-2,37,ng/g,dry,Calculated,Whole Body,26.2069,,BD,,AlphaAnalytics,,mussel,Prince William Sound Regional Citizens' Advisory Council Monitoring Program,Prince William Sound Regional Citizens' Advisory Council Monitoring Program
PWSRCAC,LTEMP,2002,41.5077572,61.1243682,-146.4961415,Blue Mussel,Mytilus trossulus,mussel,Bivalvia,Mussels,Background biomonitoring / Post-oil spill assessment,GOC-B-02-3-3,37,ng/g,dry,Calculated,Whole Body,33.52941,,BD,,AlphaAnalytics,,mussel,Prince William Sound Regional Citizens' Advisory Council Monitoring Program,Prince William Sound Regional Citizens' Advisory Council Monitoring Program
PWSRCAC,LTEMP,2003,61.1874683,61.1243682,-146.4961415,Blue Mussel,Mytilus trossulus,mussel,Bivalvia,Mussels,Background biomonitoring / Post-oil spill assessment,GOC-B-03-1-1,37,ng/g,dry,Calculated,Whole Body,36.77419,,BD,,AlphaAnalytics,,mussel,Prince William Sound Regional Citizens' Advisory Council Monitoring Program,Prince William Sound Regional Citizens' Advisory Council Monitoring Program
PWSRCAC,LTEMP,2003,43.8343532,61.1243682,-146.4961415,Blue Mussel,Mytilus trossulus,mussel,Bivalvia,Mussels,Background biomonitoring / Post-oil spill assessment,GOC-B-03-1-2,37,ng/g,dry,Calculated,Whole Body,34.02985,,BD,,AlphaAnalytics,,mussel,Prince William Sound Regional Citizens' Advisory Council Monitoring Program,Prince William Sound Regional Citizens' Advisory Council Monitoring Program
PWSRCAC,LTEMP,2003,37.6276348,61.1243682,-146.4961415,Blue Mussel,Mytilus trossulus,mussel,Bivalvia,Mussels,Background biomonitoring / Post-oil spill assessment,GOC-B-03-1-3,37,ng/g,dry,Calculated,Whole Body,36.19048,,BD,,AlphaAnalytics,,mussel,Prince William Sound Regional Citizens' Advisory Council Monitoring Program,Prince William Sound Regional Citizens' Advisory Council Monitoring Program
PWSRCAC,LTEMP,2003,27.69,61.1243682,-146.4961415,Blue Mussel,Mytilus trossulus,mussel,Bivalvia,Mussels,Background biomonitoring / Post-oil spill assessment,GOC-B-03-2-1,39,ng/g,dry,Calculated,Whole Body,5.92,,b,,AlphaAnalytics,,mussel,Prince William Sound Regional Citizens' Advisory Council Monitoring Program,Prince William Sound Regional Citizens' Advisory Council Monitoring Program
PWSRCAC,LTEMP,2003,36.89,61.1243682,-146.4961415,Blue Mussel,Mytilus trossulus,mussel,Bivalvia,Mussels,Background biomonitoring / Post-oil spill assessment,GOC-B-03-2-2,39,ng/g,dry,Calculated,Whole Body,5.77,,b,,AlphaAnalytics,,mussel,Prince William Sound Regional Citizens' Advisory Council Monitoring Program,Prince William Sound Regional Citizens' Advisory Council Monitoring Program
PWSRCAC,LTEMP,2003,33.94,61.1243682,-146.4961415,Blue Mussel,Mytilus trossulus,mussel,Bivalvia,Mussels,Background biomonitoring / Post-oil spill assessment,GOC-B-03-2-3,39,ng/g,dry,Calculated,Whole Body,6.42,,b,,AlphaAnalytics,,mussel,Prince William Sound Regional Citizens' Advisory Council Monitoring Program,Prince William Sound Regional Citizens' Advisory Council Monitoring Program
PWSRCAC,LTEMP,2003,56.21,61.1243682,-146.4961415,Blue Mussel,Mytilus trossulus,mussel,Bivalvia,Mussels,Background biomonitoring / Post-oil spill assessment,GOC-B-03-3-1,39,ng/g,dry,Calculated,Whole Body,5.18,,b,,AlphaAnalytics,,mussel,Prince William Sound Regional Citizens' Advisory Council Monitoring Program,Prince William Sound Regional Citizens' Advisory Council Monitoring Program
PWSRCAC,LTEMP,2003,39.9,61.1243682,-146.4961415,Blue Mussel,Mytilus trossulus,mussel,Bivalvia,Mussels,Background biomonitoring / Post-oil spill assessment,GOC-B-03-3-2,39,ng/g,dry,Calculated,Whole Body,5.49,,b,,AlphaAnalytics,,mussel,Prince William Sound Regional Citizens' Advisory Council Monitoring Program,Prince William Sound Regional Citizens' Advisory Council Monitoring Program
PWSRCAC,LTEMP,2003,39.93,61.1243682,-146.4961415,Blue Mussel,Mytilus trossulus,mussel,Bivalvia,Mussels,Background biomonitoring / Post-oil spill assessment,GOC-B-03-3-3,39,ng/g,dry,Calculated,Whole Body,6,,b,,AlphaAnalytics,,mussel,Prince William Sound Regional Citizens' Advisory Council Monitoring Program,Prince William Sound Regional Citizens' Advisory Council Monitoring Program
PWSRCAC,LTEMP,2004,119.36,61.1243682,-146.4961415,Blue Mussel,Mytilus trossulus,mussel,Bivalvia,Mussels,Background biomonitoring / Post-oil spill assessment,GOC-B-04-1-1,39,ng/g,dry,Calculated,Whole Body,5.24,,b,,AlphaAnalytics,,mussel,Prince William Sound Regional Citizens' Advisory Council Monitoring Program,Prince William Sound Regional Citizens' Advisory Council Monitoring Program
PWSRCAC,LTEMP,2004,90.08,61.1243682,-146.4961415,Blue Mussel,Mytilus trossulus,mussel,Bivalvia,Mussels,Background biomonitoring / Post-oil spill assessment,GOC-B-04-1-2,39,ng/g,dry,Calculated,Whole Body,5.49,,b,,AlphaAnalytics,,mussel,Prince William Sound Regional Citizens' Advisory Council Monitoring Program,Prince William Sound Regional Citizens' Advisory Council Monitoring Program
PWSRCAC,LTEMP,2004,115.48,61.1243682,-146.4961415,Blue Mussel,Mytilus trossulus,mussel,Bivalvia,Mussels,Background biomonitoring / Post-oil spill assessment,GOC-B-04-1-3,39,ng/g,dry,Calculated,Whole Body,5.43,,b,,AlphaAnalytics,,mussel,Prince William Sound Regional Citizens' Advisory Council Monitoring Program,Prince William Sound Regional Citizens' Advisory Council Monitoring Program
PWSRCAC,LTEMP,2004,26.32,61.1243682,-146.4961415,Blue Mussel,Mytilus trossulus,mussel,Bivalvia,Mussels,Background biomonitoring / Post-oil spill assessment,GOC-B-04-2-1-R2,39,ng/g,dry,Calculated,Whole Body,5.18,,b,,AlphaAnalytics,,mussel,Prince William Sound Regional Citizens' Advisory Council Monitoring Program,Prince William Sound Regional Citizens' Advisory Council Monitoring Program
PWSRCAC,LTEMP,2004,57.34,61.1243682,-146.4961415,Blue Mussel,Mytilus trossulus,mussel,Bivalvia,Mussels,Background biomonitoring / Post-oil spill assessment,GOC-B-04-2-2-R2,39,ng/g,dry,Calculated,Whole Body,7.4,,b,,AlphaAnalytics,,mussel,Prince William Sound Regional Citizens' Advisory Council Monitoring Program,Prince William Sound Regional Citizens' Advisory Council Monitoring Program
PWSRCAC,LTEMP,2004,35.66,61.1243682,-146.4961415,Blue Mussel,Mytilus trossulus,mussel,Bivalvia,Mussels,Background biomonitoring / Post-oil spill assessment,GOC-B-04-2-3-R2,39,ng/g,dry,Calculated,Whole Body,5.18,,b,,AlphaAnalytics,,mussel,Prince William Sound Regional Citizens' Advisory Council Monitoring Program,Prince William Sound Regional Citizens' Advisory Council Monitoring Program
PWSRCAC,LTEMP,2004,520.56,61.1243682,-146.4961415,Blue Mussel,Mytilus trossulus,mussel,Bivalvia,Mussels,Background biomonitoring / Post-oil spill assessment,GOC-B-04-3-1,39,ng/g,dry,Calculated,Whole Body,0.499,,b,,AlphaAnalytics,,mussel,Prince William Sound Regional Citizens' Advisory Council Monitoring Program,Prince William Sound Regional Citizens' Advisory Council Monitoring Program
PWSRCAC,LTEMP,2004,1034.37,61.1243682,-146.4961415,Blue Mussel,Mytilus trossulus,mussel,Bivalvia,Mussels,Background biomonitoring / Post-oil spill assessment,GOC-B-04-3-2,39,ng/g,dry,Calculated,Whole Body,0.494,,b,,AlphaAnalytics,,mussel,Prince William Sound Regional Citizens' Advisory Council Monitoring Program,Prince William Sound Regional Citizens' Advisory Council Monitoring Program
PWSRCAC,LTEMP,2004,990.53,61.1243682,-146.4961415,Blue Mussel,Mytilus trossulus,mussel,Bivalvia,Mussels,Background biomonitoring / Post-oil spill assessment,GOC-B-04-3-3-R2,39,ng/g,dry,Calculated,Whole Body,6.7,,b,,AlphaAnalytics,,mussel,Prince William Sound Regional Citizens' Advisory Council Monitoring Program,Prince William Sound Regional Citizens' Advisory Council Monitoring Program
PWSRCAC,LTEMP,2005,168.95,61.1243682,-146.4961415,Blue Mussel,Mytilus trossulus,mussel,Bivalvia,Mussels,Background biomonitoring / Post-oil spill assessment,GOC-B-05-1-1,39,ng/g,dry,Calculated,Whole Body,0.473,,b,,AlphaAnalytics,,mussel,Prince William Sound Regional Citizens' Advisory Council Monitoring Program,Prince William Sound Regional Citizens' Advisory Council Monitoring Program
PWSRCAC,LTEMP,2005,168.92,61.1243682,-146.4961415,Blue Mussel,Mytilus trossulus,mussel,Bivalvia,Mussels,Background biomonitoring / Post-oil spill assessment,GOC-B-05-1-2-R2,39,ng/g,dry,Calculated,Whole Body,6,,b,,AlphaAnalytics,,mussel,Prince William Sound Regional Citizens' Advisory Council Monitoring Program,Prince William Sound Regional Citizens' Advisory Council Monitoring Program
PWSRCAC,LTEMP,2005,136.73,61.1243682,-146.4961415,Blue Mussel,Mytilus trossulus,mussel,Bivalvia,Mussels,Background biomonitoring / Post-oil spill assessment,GOC-B-05-1-3,39,ng/g,dry,Calculated,Whole Body,0.476,,b,,AlphaAnalytics,,mussel,Prince William Sound Regional Citizens' Advisory Council Monitoring Program,Prince William Sound Regional Citizens' Advisory Council Monitoring Program
PWSRCAC,LTEMP,2005,54.26,61.1243682,-146.4961415,Blue Mussel,Mytilus trossulus,mussel,Bivalvia,Mussels,Background biomonitoring / Post-oil spill assessment,GOC-B-05-2-1,39,ng/g,dry,Calculated,Whole Body,6.71,,b,,AlphaAnalytics,,mussel,Prince William Sound Regional Citizens' Advisory Council Monitoring Program,Prince William Sound Regional Citizens' Advisory Council Monitoring Program
PWSRCAC,LTEMP,2005,55.57,61.1243682,-146.4961415,Blue Mussel,Mytilus trossulus,mussel,Bivalvia,Mussels,Background biomonitoring / Post-oil spill assessment,GOC-B-05-2-2,39,ng/g,dry,Calculated,Whole Body,6.42,,b,,AlphaAnalytics,,mussel,Prince William Sound Regional Citizens' Advisory Council Monitoring Program,Prince William Sound Regional Citizens' Advisory Council Monitoring Program
PWSRCAC,LTEMP,2005,43.96,61.1243682,-146.4961415,Blue Mussel,Mytilus trossulus,mussel,Bivalvia,Mussels,Background biomonitoring / Post-oil spill assessment,GOC-B-05-2-3,39,ng/g,dry,Calculated,Whole Body,5.92,,b,,AlphaAnalytics,,mussel,Prince William Sound Regional Citizens' Advisory Council Monitoring Program,Prince William Sound Regional Citizens' Advisory Council Monitoring Program
PWSRCAC,LTEMP,2005,41,61.1243682,-146.4961415,Blue Mussel,Mytilus trossulus,mussel,Bivalvia,Mussels,Background biomonitoring / Post-oil spill assessment,GOC-B-05-3-1,39,ng/g,dry,Calculated,Whole Body,6.33,,b,,AlphaAnalytics,,mussel,Prince William Sound Regional Citizens' Advisory Council Monitoring Program,Prince William Sound Regional Citizens' Advisory Council Monitoring Program
PWSRCAC,LTEMP,2005,27.93,61.1243682,-146.4961415,Blue Mussel,Mytilus trossulus,mussel,Bivalvia,Mussels,Background biomonitoring / Post-oil spill assessment,GOC-B-05-3-2,39,ng/g,dry,Calculated,Whole Body,6.25,,b,,AlphaAnalytics,,mussel,Prince William Sound Regional Citizens' Advisory Council Monitoring Program,Prince William Sound Regional Citizens' Advisory Council Monitoring Program
PWSRCAC,LTEMP,2005,25.43,61.1243682,-146.4961415,Blue Mussel,Mytilus trossulus,mussel,Bivalvia,Mussels,Background biomonitoring / Post-oil spill assessment,GOC-B-05-3-3,39,ng/g,dry,Calculated,Whole Body,6,,b,,AlphaAnalytics,,mussel,Prince William Sound Regional Citizens' Advisory Council Monitoring Program,Prince William Sound Regional Citizens' Advisory Council Monitoring Program
PWSRCAC,LTEMP,2006,52.88,61.1243682,-146.4961415,Blue Mussel,Mytilus trossulus,mussel,Bivalvia,Mussels,Background biomonitoring / Post-oil spill assessment,GOC-B-06-1-1,39,ng/g,dry,Calculated,Whole Body,6.71,,b,,AlphaAnalytics,,mussel,Prince William Sound Regional Citizens' Advisory Council Monitoring Program,Prince William Sound Regional Citizens' Advisory Council Monitoring Program
PWSRCAC,LTEMP,2006,56.68,61.1243682,-146.4961415,Blue Mussel,Mytilus trossulus,mussel,Bivalvia,Mussels,Background biomonitoring / Post-oil spill assessment,GOC-B-06-1-2,39,ng/g,dry,Calculated,Whole Body,7.13,,b,,AlphaAnalytics,,mussel,Prince William Sound Regional Citizens' Advisory Council Monitoring Program,Prince William Sound Regional Citizens' Advisory Council Monitoring Program
PWSRCAC,LTEMP,2006,57.05,61.1243682,-146.4961415,Blue Mussel,Mytilus trossulus,mussel,Bivalvia,Mussels,Background biomonitoring / Post-oil spill assessment,GOC-B-06-1-3,40,ng/g,dry,Calculated,Whole Body,6.91,,b,,AlphaAnalytics,,mussel,Prince William Sound Regional Citizens' Advisory Council Monitoring Program,Prince William Sound Regional Citizens' Advisory Council Monitoring Program
PWSRCAC,LTEMP,2006,44.183283,61.1243682,-146.4961415,Blue Mussel,Mytilus trossulus,mussel,Bivalvia,Mussels,Background biomonitoring / Post-oil spill assessment,GOC-B-06-2-1,38,ng/g,dry,Calculated,Whole Body,7.125,,,,AlphaAnalytics,,mussel,Prince William Sound Regional Citizens' Advisory Council Monitoring Program,Prince William Sound Regional Citizens' Advisory Council Monitoring Program
PWSRCAC,LTEMP,2006,39.6519986,61.1243682,-146.4961415,Blue Mussel,Mytilus trossulus,mussel,Bivalvia,Mussels,Background biomonitoring / Post-oil spill assessment,GOC-B-06-2-2,38,ng/g,dry,Calculated,Whole Body,6.162162,,,,AlphaAnalytics,,mussel,Prince William Sound Regional Citizens' Advisory Council Monitoring Program,Prince William Sound Regional Citizens' Advisory Council Monitoring Program
PWSRCAC,LTEMP,2006,43.3172871,61.1243682,-146.4961415,Blue Mussel,Mytilus trossulus,mussel,Bivalvia,Mussels,Background biomonitoring / Post-oil spill assessment,GOC-B-06-2-3,38,ng/g,dry,Calculated,Whole Body,5.560976,,,,AlphaAnalytics,,mussel,Prince William Sound Regional Citizens' Advisory Council Monitoring Program,Prince William Sound Regional Citizens' Advisory Council Monitoring Program
PWSRCAC,LTEMP,2006,36.2013946,61.1243682,-146.4961415,Blue Mussel,Mytilus trossulus,mussel,Bivalvia,Mussels,Background biomonitoring / Post-oil spill assessment,GOC-B-06-3-1,38,ng/g,dry,Calculated,Whole Body,6.246575,,,,AlphaAnalytics,,mussel,Prince William Sound Regional Citizens' Advisory Council Monitoring Program,Prince William Sound Regional Citizens' Advisory Council Monitoring Program
PWSRCAC,LTEMP,2006,36.1836681,61.1243682,-146.4961415,Blue Mussel,Mytilus trossulus,mussel,Bivalvia,Mussels,Background biomonitoring / Post-oil spill assessment,GOC-B-06-3-2,38,ng/g,dry,Calculated,Whole Body,5.493976,,,,AlphaAnalytics,,mussel,Prince William Sound Regional Citizens' Advisory Council Monitoring Program,Prince William Sound Regional Citizens' Advisory Council Monitoring Program
PWSRCAC,LTEMP,2006,37.363231,61.1243682,-146.4961415,Blue Mussel,Mytilus trossulus,mussel,Bivalvia,Mussels,Background biomonitoring / Post-oil spill assessment,GOC-B-06-3-3,38,ng/g,dry,Calculated,Whole Body,5.241379,,,,AlphaAnalytics,,mussel,Prince William Sound Regional Citizens' Advisory Council Monitoring Program,Prince William Sound Regional Citizens' Advisory Council Monitoring Program
PWSRCAC,LTEMP,2007,72.0810759,61.1243682,-146.4961415,Blue Mussel,Mytilus trossulus,mussel,Bivalvia,Mussels,Background biomonitoring / Post-oil spill assessment,GOC-B-07-1-1,38,ng/g,dry,Calculated,Whole Body,7.6,,,,AlphaAnalytics,,mussel,Prince William Sound Regional Citizens' Advisory Council Monitoring Program,Prince William Sound Regional Citizens' Advisory Council Monitoring Program
PWSRCAC,LTEMP,2007,54.6120314,61.1243682,-146.4961415,Blue Mussel,Mytilus trossulus,mussel,Bivalvia,Mussels,Background biomonitoring / Post-oil spill assessment,GOC-B-07-1-2,38,ng/g,dry,Calculated,Whole Body,7.354839,,,,AlphaAnalytics,,mussel,Prince William Sound Regional Citizens' Advisory Council Monitoring Program,Prince William Sound Regional Citizens' Advisory Council Monitoring Program
PWSRCAC,LTEMP,2007,70.8866286,61.1243682,-146.4961415,Blue Mussel,Mytilus trossulus,mussel,Bivalvia,Mussels,Background biomonitoring / Post-oil spill assessment,GOC-B-07-1-3,38,ng/g,dry,Calculated,Whole Body,8.603774,,,,AlphaAnalytics,,mussel,Prince William Sound Regional Citizens' Advisory Council Monitoring Program,Prince William Sound Regional Citizens' Advisory Council Monitoring Program
PWSRCAC,LTEMP,2007,55.7905002,61.1243682,-146.4961415,Blue Mussel,Mytilus trossulus,mussel,Bivalvia,Mussels,Background biomonitoring / Post-oil spill assessment,GOC-B-07-2-1,38,ng/g,dry,Calculated,Whole Body,6,,,,AlphaAnalytics,,mussel,Prince William Sound Regional Citizens' Advisory Council Monitoring Program,Prince William Sound Regional Citizens' Advisory Council Monitoring Program
PWSRCAC,LTEMP,2007,61.3043546,61.1243682,-146.4961415,Blue Mussel,Mytilus trossulus,mussel,Bivalvia,Mussels,Background biomonitoring / Post-oil spill assessment,GOC-B-07-2-2,38,ng/g,dry,Calculated,Whole Body,4.956522,,,,AlphaAnalytics,,mussel,Prince William Sound Regional Citizens' Advisory Council Monitoring Program,Prince William Sound Regional Citizens' Advisory Council Monitoring Program
PWSRCAC,LTEMP,2007,66.7348037,61.1243682,-146.4961415,Blue Mussel,Mytilus trossulus,mussel,Bivalvia,Mussels,Background biomonitoring / Post-oil spill assessment,GOC-B-07-2-3,39,ng/g,dry,Calculated,Whole Body,4.427184,,,,AlphaAnalytics,,mussel,Prince William Sound Regional Citizens' Advisory Council Monitoring Program,Prince William Sound Regional Citizens' Advisory Council Monitoring Program
PWSRCAC,LTEMP,2007,37.8613127,61.1243682,-146.4961415,Blue Mussel,Mytilus trossulus,mussel,Bivalvia,Mussels,Background biomonitoring / Post-oil spill assessment,GOC-B-07-3-1,38,ng/g,dry,Calculated,Whole Body,9.913043,,,,AlphaAnalytics,,mussel,Prince William Sound Regional Citizens' Advisory Council Monitoring Program,Prince William Sound Regional Citizens' Advisory Council Monitoring Program
PWSRCAC,LTEMP,2007,21.8337285,61.1243682,-146.4961415,Blue Mussel,Mytilus trossulus,mussel,Bivalvia,Mussels,Background biomonitoring / Post-oil spill assessment,GOC-B-07-3-2,38,ng/g,dry,Calculated,Whole Body,8.769231,,,,AlphaAnalytics,,mussel,Prince William Sound Regional Citizens' Advisory Council Monitoring Program,Prince William Sound Regional Citizens' Advisory Council Monitoring Program
PWSRCAC,LTEMP,2007,19.2892051,61.1243682,-146.4961415,Blue Mussel,Mytilus trossulus,mussel,Bivalvia,Mussels,Background biomonitoring / Post-oil spill assessment,GOC-B-07-3-3,38,ng/g,dry,Calculated,Whole Body,8.290909,,,,AlphaAnalytics,,mussel,Prince William Sound Regional Citizens' Advisory Council Monitoring Program,Prince William Sound Regional Citizens' Advisory Council Monitoring Program
PWSRCAC,LTEMP,2008,69.6347698,61.1243682,-146.4961415,Blue Mussel,Mytilus trossulus,mussel,Bivalvia,Mussels,Background biomonitoring / Post-oil spill assessment,GOC-B-08-2-1,38,ng/g,dry,Calculated,Whole Body,1.955447,,a,,AlphaAnalytics,,mussel,Prince William Sound Regional Citizens' Advisory Council Monitoring Program,Prince William Sound Regional Citizens' Advisory Council Monitoring Program
PWSRCAC,LTEMP,2008,50.0843877,61.1243682,-146.4961415,Blue Mussel,Mytilus trossulus,mussel,Bivalvia,Mussels,Background biomonitoring / Post-oil spill assessment,GOC-B-08-2-2,38,ng/g,dry,Calculated,Whole Body,1.969414,,a,,AlphaAnalytics,,mussel,Prince William Sound Regional Citizens' Advisory Council Monitoring Program,Prince William Sound Regional Citizens' Advisory Council Monitoring Program
PWSRCAC,LTEMP,2008,53.4197073,61.1243682,-146.4961415,Blue Mussel,Mytilus trossulus,mussel,Bivalvia,Mussels,Background biomonitoring / Post-oil spill assessment,GOC-B-08-2-3,38,ng/g,dry,Calculated,Whole Body,1.479174,,a,,AlphaAnalytics,,mussel,Prince William Sound Regional Citizens' Advisory Council Monitoring Program,Prince William Sound Regional Citizens' Advisory Council Monitoring Program
PWSRCAC,LTEMP,2008,36.0583161,61.1243682,-146.4961415,Blue Mussel,Mytilus trossulus,mussel,Bivalvia,Mussels,Background biomonitoring / Post-oil spill assessment,GOC-B-08-3-1,38,ng/g,dry,Calculated,Whole Body,1.963804,,a,,AlphaAnalytics,,mussel,Prince William Sound Regional Citizens' Advisory Council Monitoring Program,Prince William Sound Regional Citizens' Advisory Council Monitoring Program
PWSRCAC,LTEMP,2008,36.0129235,61.1243682,-146.4961415,Blue Mussel,Mytilus trossulus,mussel,Bivalvia,Mussels,Background biomonitoring / Post-oil spill assessment,GOC-B-08-3-2,38,ng/g,dry,Calculated,Whole Body,1.958225,,a,,AlphaAnalytics,,mussel,Prince William Sound Regional Citizens' Advisory Council Monitoring Program,Prince William Sound Regional Citizens' Advisory Council Monitoring Program
PWSRCAC,LTEMP,2008,49.4967248,61.1243682,-146.4961415,Blue Mussel,Mytilus trossulus,mussel,Bivalvia,Mussels,Background biomonitoring / Post-oil spill assessment,GOC-B-08-3-3,76,ng/g,dry,Calculated,Whole Body,1.972228,,a,,AlphaAnalytics,,mussel,Prince William Sound Regional Citizens' Advisory Council Monitoring Program,Prince William Sound Regional Citizens' Advisory Council Monitoring Program
PWSRCAC,LTEMP,2009,55.4770244,61.1243682,-146.4961415,Blue Mussel,Mytilus trossulus,mussel,Bivalvia,Mussels,Background biomonitoring / Post-oil spill assessment,GOC-B-09-1-1,38,ng/g,dry,Calculated,Whole Body,1.618063,,a,,AlphaAnalytics,,mussel,Prince William Sound Regional Citizens' Advisory Council Monitoring Program,Prince William Sound Regional Citizens' Advisory Council Monitoring Program
PWSRCAC,LTEMP,2009,45.702394,61.1243682,-146.4961415,Blue Mussel,Mytilus trossulus,mussel,Bivalvia,Mussels,Background biomonitoring / Post-oil spill assessment,GOC-B-09-1-2,38,ng/g,dry,Calculated,Whole Body,1.625696,,a,,AlphaAnalytics,,mussel,Prince William Sound Regional Citizens' Advisory Council Monitoring Program,Prince William Sound Regional Citizens' Advisory Council Monitoring Program
PWSRCAC,LTEMP,2009,50.227551,61.1243682,-146.4961415,Blue Mussel,Mytilus trossulus,mussel,Bivalvia,Mussels,Background biomonitoring / Post-oil spill assessment,GOC-B-09-1-3,38,ng/g,dry,Calculated,Whole Body,1.627615,,a,,AlphaAnalytics,,mussel,Prince William Sound Regional Citizens' Advisory Council Monitoring Program,Prince William Sound Regional Citizens' Advisory Council Monitoring Program
PWSRCAC,LTEMP,2009,18.9226928,61.1243682,-146.4961415,Blue Mussel,Mytilus trossulus,mussel,Bivalvia,Mussels,Background biomonitoring / Post-oil spill assessment,GOC-B-09-2-1,38,ng/g,dry,Calculated,Whole Body,1.500098,,a,,AlphaAnalytics,,mussel,Prince William Sound Regional Citizens' Advisory Council Monitoring Program,Prince William Sound Regional Citizens' Advisory Council Monitoring Program
PWSRCAC,LTEMP,2009,21.296014,61.1243682,-146.4961415,Blue Mussel,Mytilus trossulus,mussel,Bivalvia,Mussels,Background biomonitoring / Post-oil spill assessment,GOC-B-09-2-2,38,ng/g,dry,Calculated,Whole Body,1.523304,,a,,AlphaAnalytics,,mussel,Prince William Sound Regional Citizens' Advisory Council Monitoring Program,Prince William Sound Regional Citizens' Advisory Council Monitoring Program
PWSRCAC,LTEMP,2009,21.2717828,61.1243682,-146.4961415,Blue Mussel,Mytilus trossulus,mussel,Bivalvia,Mussels,Background biomonitoring / Post-oil spill assessment,GOC-B-09-2-3,38,ng/g,dry,Calculated,Whole Body,1.514934,,a,,AlphaAnalytics,,mussel,Prince William Sound Regional Citizens' Advisory Council Monitoring Program,Prince William Sound Regional Citizens' Advisory Council Monitoring Program
PWSRCAC,LTEMP,2010,16.3895606,61.1243682,-146.4961415,Blue Mussel,Mytilus trossulus,mussel,Bivalvia,Mussels,Background biomonitoring / Post-oil spill assessment,GOC-B-10-2-1,38,ng/g,dry,Calculated,Whole Body,1.621462,,a,,AlphaAnalytics,,mussel,Prince William Sound Regional Citizens' Advisory Council Monitoring Program,Prince William Sound Regional Citizens' Advisory Council Monitoring Program
PWSRCAC,LTEMP,2010,20.2302599,61.1243682,-146.4961415,Blue Mussel,Mytilus trossulus,mussel,Bivalvia,Mussels,Background biomonitoring / Post-oil spill assessment,GOC-B-10-2-2,38,ng/g,dry,Calculated,Whole Body,1.789926,,a,,AlphaAnalytics,,mussel,Prince William Sound Regional Citizens' Advisory Council Monitoring Program,Prince William Sound Regional Citizens' Advisory Council Monitoring Program
PWSRCAC,LTEMP,2010,19.3191425,61.1243682,-146.4961415,Blue Mussel,Mytilus trossulus,mussel,Bivalvia,Mussels,Background biomonitoring / Post-oil spill assessment,GOC-B-10-2-3,38,ng/g,dry,Calculated,Whole Body,1.86249,,a,,AlphaAnalytics,,mussel,Prince William Sound Regional Citizens' Advisory Council Monitoring Program,Prince William Sound Regional Citizens' Advisory Council Monitoring Program
PWSRCAC,LTEMP,2011,29.3873407,61.1243682,-146.4961415,Blue Mussel,Mytilus trossulus,mussel,Bivalvia,Mussels,Background biomonitoring / Post-oil spill assessment,GOC-B-11-2-1,38,ng/g,dry,Calculated,Whole Body,3.724981,,b,,AlphaAnalytics,,mussel,Prince William Sound Regional Citizens' Advisory Council Monitoring Program,Prince William Sound Regional Citizens' Advisory Council Monitoring Program
PWSRCAC,LTEMP,2011,29.8374148,61.1243682,-146.4961415,Blue Mussel,Mytilus trossulus,mussel,Bivalvia,Mussels,Background biomonitoring / Post-oil spill assessment,GOC-B-11-2-2,38,ng/g,dry,Calculated,Whole Body,2.505896,,b,,AlphaAnalytics,,mussel,Prince William Sound Regional Citizens' Advisory Council Monitoring Program,Prince William Sound Regional Citizens' Advisory Council Monitoring Program
PWSRCAC,LTEMP,2011,32.4987433,61.1243682,-146.4961415,Blue Mussel,Mytilus trossulus,mussel,Bivalvia,Mussels,Background biomonitoring / Post-oil spill assessment,GOC-B-11-2-3,38,ng/g,dry,Calculated,Whole Body,2.153504,,b,,AlphaAnalytics,,mussel,Prince William Sound Regional Citizens' Advisory Council Monitoring Program,Prince William Sound Regional Citizens' Advisory Council Monitoring Program
PWSRCAC,LTEMP,2012,36.9819415,61.1243682,-146.4961415,Blue Mussel,Mytilus trossulus,mussel,Bivalvia,Mussels,Background biomonitoring / Post-oil spill assessment,GOC-B-12-2-1,38,ng/g,dry,Calculated,Whole Body,2.392783,,a,,AlphaAnalytics,,mussel,Prince William Sound Regional Citizens' Advisory Council Monitoring Program,Prince William Sound Regional Citizens' Advisory Council Monitoring Program
PWSRCAC,LTEMP,2012,60.3140078,61.1243682,-146.4961415,Blue Mussel,Mytilus trossulus,mussel,Bivalvia,Mussels,Background biomonitoring / Post-oil spill assessment,GOC-B-12-2-2,38,ng/g,dry,Calculated,Whole Body,2.435058,,a,,AlphaAnalytics,,mussel,Prince William Sound Regional Citizens' Advisory Council Monitoring Program,Prince William Sound Regional Citizens' Advisory Council Monitoring Program
PWSRCAC,LTEMP,2012,54.6309276,61.1243682,-146.4961415,Blue Mussel,Mytilus trossulus,mussel,Bivalvia,Mussels,Background biomonitoring / Post-oil spill assessment,GOC-B-12-2-3,38,ng/g,dry,Calculated,Whole Body,2.605374,,a,,AlphaAnalytics,,mussel,Prince William Sound Regional Citizens' Advisory Council Monitoring Program,Prince William Sound Regional Citizens' Advisory Council Monitoring Program
PWSRCAC,LTEMP,2013,23.16899755,61.1243682,-146.4961415,Blue Mussel,Mytilus trossulus,mussel,Bivalvia,Mussels,Background biomonitoring / Post-oil spill assessment,GOC-B-13-2-1,38,ng/g,dry,Calculated,Whole Body,1.49972,,a,,AlphaAnalytics,,mussel,Prince William Sound Regional Citizens' Advisory Council Monitoring Program,Prince William Sound Regional Citizens' Advisory Council Monitoring Program
PWSRCAC,LTEMP,2013,16.2008594,61.1243682,-146.4961415,Blue Mussel,Mytilus trossulus,mussel,Bivalvia,Mussels,Background biomonitoring / Post-oil spill assessment,GOC-B-13-2-2,38,ng/g,dry,Calculated,Whole Body,1.794587,,a,,AlphaAnalytics,,mussel,Prince William Sound Regional Citizens' Advisory Council Monitoring Program,Prince William Sound Regional Citizens' Advisory Council Monitoring Program
PWSRCAC,LTEMP,2013,23.7923878,61.1243682,-146.4961415,Blue Mussel,Mytilus trossulus,mussel,Bivalvia,Mussels,Background biomonitoring / Post-oil spill assessment,GOC-B-13-2-3,38,ng/g,dry,Calculated,Whole Body,1.703638,,a,,AlphaAnalytics,,mussel,Prince William Sound Regional Citizens' Advisory Council Monitoring Program,Prince William Sound Regional Citizens' Advisory Council Monitoring Program
PWSRCAC,LTEMP,2015,24.39033,61.1243682,-146.4961415,Blue Mussel,Mytilus trossulus,mussel,Bivalvia,Mussels,Background biomonitoring / Post-oil spill assessment,GOC-B-15-2-1,38,ng/g,dry,Calculated,Whole Body,2.461148,,b,,AlphaAnalytics,,mussel,Prince William Sound Regional Citizens' Advisory Council Monitoring Program,Prince William Sound Regional Citizens' Advisory Council Monitoring Program
PWSRCAC,LTEMP,2015,23.6846721,61.1243682,-146.4961415,Blue Mussel,Mytilus trossulus,mussel,Bivalvia,Mussels,Background biomonitoring / Post-oil spill assessment,GOC-B-15-2-2,38,ng/g,dry,Calculated,Whole Body,2.41797,,b,,AlphaAnalytics,,mussel,Prince William Sound Regional Citizens' Advisory Council Monitoring Program,Prince William Sound Regional Citizens' Advisory Council Monitoring Program
PWSRCAC,LTEMP,2015,33.173503,61.1243682,-146.4961415,Blue Mussel,Mytilus trossulus,mussel,Bivalvia,Mussels,Background biomonitoring / Post-oil spill assessment,GOC-B-15-2-3,38,ng/g,dry,Calculated,Whole Body,2.600458,,b,,AlphaAnalytics,,mussel,Prince William Sound Regional Citizens' Advisory Council Monitoring Program,Prince William Sound Regional Citizens' Advisory Council Monitoring Program
PWSRCAC,LTEMP,2016,135.1741493,61.1243682,-146.4961415,Blue Mussel,Mytilus trossulus,mussel,Bivalvia,Mussels,Background biomonitoring / Post-oil spill assessment,GOC-B-16-2-1,41,ng/g,dry,Calculated,Whole Body,3.931559,3.931559,JB,86.85,AlphaAnalytics,,mussel,Prince William Sound Regional Citizens' Advisory Council Monitoring Program,Prince William Sound Regional Citizens' Advisory Council Monitoring Program
PWSRCAC,LTEMP,2016,129.166669,61.1243682,-146.4961415,Blue Mussel,Mytilus trossulus,mussel,Bivalvia,Mussels,Background biomonitoring / Post-oil spill assessment,GOC-B-16-2-2,41,ng/g,dry,Calculated,Whole Body,4.159021,4.159021,JB,86.92,AlphaAnalytics,,mussel,Prince William Sound Regional Citizens' Advisory Council Monitoring Program,Prince William Sound Regional Citizens' Advisory Council Monitoring Program
PWSRCAC,LTEMP,2016,416.207151,61.1243682,-146.4961415,Blue Mussel,Mytilus trossulus,mussel,Bivalvia,Mussels,Background biomonitoring / Post-oil spill assessment,GOC-B-16-2-3,41,ng/g,dry,Calculated,Whole Body,3.918824,3.918824,JB,85.71,AlphaAnalytics,,mussel,Prince William Sound Regional Citizens' Advisory Council Monitoring Program,Prince William Sound Regional Citizens' Advisory Council Monitoring Program
PWSRCAC,LTEMP,2017,43.2744362,61.1243682,-146.4961415,Blue Mussel,Mytilus trossulus,mussel,Bivalvia,Mussels,Background biomonitoring / Post-oil spill assessment,GOC-B-17-2-1,41,ng/g,dry,Calculated,Whole Body,1.889968,1.889968,JB,84.55,AlphaAnalytics,,mussel,Prince William Sound Regional Citizens' Advisory Council Monitoring Program,Prince William Sound Regional Citizens' Advisory Council Monitoring Program
PWSRCAC,LTEMP,2017,49.3008447,61.1243682,-146.4961415,Blue Mussel,Mytilus trossulus,mussel,Bivalvia,Mussels,Background biomonitoring / Post-oil spill assessment,GOC-B-17-2-2,41,ng/g,dry,Calculated,Whole Body,2.090395,2.090395,JB,85.84,AlphaAnalytics,,mussel,Prince William Sound Regional Citizens' Advisory Council Monitoring Program,Prince William Sound Regional Citizens' Advisory Council Monitoring Program
PWSRCAC,LTEMP,2017,52.6005325,61.1243682,-146.4961415,Blue Mussel,Mytilus trossulus,mussel,Bivalvia,Mussels,Background biomonitoring / Post-oil spill assessment,GOC-B-17-2-3,41,ng/g,dry,Calculated,Whole Body,1.937624,1.937624,JB,84.93,AlphaAnalytics,,mussel,Prince William Sound Regional Citizens' Advisory Council Monitoring Program,Prince William Sound Regional Citizens' Advisory Council Monitoring Program
PWSRCAC,LTEMP,2018,32.1000007,61.1243682,-146.4961415,Blue Mussel,Mytilus trossulus,mussel,Bivalvia,Mussels,Background biomonitoring / Post-oil spill assessment,GOC-B-18-2-1-DUP,41,ng/g,dry,Calculated,Whole Body,5.070588,11.76471,JB,83,AlphaAnalytics,,mussel,Prince William Sound Regional Citizens' Advisory Council Monitoring Program,Prince William Sound Regional Citizens' Advisory Council Monitoring Program
PWSRCAC,LTEMP,2018,34.175,61.1243682,-146.4961415,Blue Mussel,Mytilus trossulus,mussel,Bivalvia,Mussels,Background biomonitoring / Post-oil spill assessment,GOC-B-18-3-1,41,ng/g,dry,Calculated,Whole Body,5.28125,12.25,JB,84,AlphaAnalytics,,mussel,Prince William Sound Regional Citizens' Advisory Council Monitoring Program,Prince William Sound Regional Citizens' Advisory Council Monitoring Program
PWSRCAC,LTEMP,2018,28.160001,61.1243682,-146.4961415,Blue Mussel,Mytilus trossulus,mussel,Bivalvia,Mussels,Background biomonitoring / Post-oil spill assessment,GOC-B-18-3-2,41,ng/g,dry,Calculated,Whole Body,4.973333,11.53333,JB,85,AlphaAnalytics,,mussel,Prince William Sound Regional Citizens' Advisory Council Monitoring Program,Prince William Sound Regional Citizens' Advisory Council Monitoring Program
PWSRCAC,LTEMP,2018,23.6214277,61.1243682,-146.4961415,Blue Mussel,Mytilus trossulus,mussel,Bivalvia,Mussels,Background biomonitoring / Post-oil spill assessment,GOC-B-18-3-3,41,ng/g,dry,Calculated,Whole Body,5.585714,12.92857,JB,86,AlphaAnalytics,,mussel,Prince William Sound Regional Citizens' Advisory Council Monitoring Program,Prince William Sound Regional Citizens' Advisory Council Monitoring Program
PWSRCAC,LTEMP,2019,20.9454539,61.1243682,-146.4961415,Blue Mussel,Mytilus trossulus,mussel,Bivalvia,Mussels,Background biomonitoring / Post-oil spill assessment,GOC-B-19-2-1,41,ng/g,dry,Calculated,Whole Body,3.745455,8.7,JB,89,AlphaAnalytics,,mussel,Prince William Sound Regional Citizens' Advisory Council Monitoring Program,Prince William Sound Regional Citizens' Advisory Council Monitoring Program
PWSRCAC,LTEMP,2019,74.822223,61.1243682,-146.4961415,Blue Mussel,Mytilus trossulus,mussel,Bivalvia,Mussels,Background biomonitoring / Post-oil spill assessment,GOC-B-19-2-2,41,ng/g,dry,Calculated,Whole Body,7.133333,16.55556,B,91,AlphaAnalytics,,mussel,Prince William Sound Regional Citizens' Advisory Council Monitoring Program,Prince William Sound Regional Citizens' Advisory Council Monitoring Program
PWSRCAC,LTEMP,2019,52.2875,61.1243682,-146.4961415,Blue Mussel,Mytilus trossulus,mussel,Bivalvia,Mussels,Background biomonitoring / Post-oil spill assessment,GOC-B-19-2-3,41,ng/g,dry,Calculated,Whole Body,5.2375,12.1625,B,92,AlphaAnalytics,,mussel,Prince William Sound Regional Citizens' Advisory Council Monitoring Program,Prince William Sound Regional Citizens' Advisory Council Monitoring Program
PWSRCAC,LTEMP,2020,54.373336,61.1243682,-146.4961415,Blue Mussel,Mytilus trossulus,mussel,Bivalvia,Mussels,Background biomonitoring / Post-oil spill assessment,GOC-B-20-2-1,41,ng/g,dry,Calculated,Whole Body,4.953333,11.46667,JB,85,AlphaAnalytics,,mussel,Prince William Sound Regional Citizens' Advisory Council Monitoring Program,Prince William Sound Regional Citizens' Advisory Council Monitoring Program
PWSRCAC,LTEMP,2020,45.2428596,61.1243682,-146.4961415,Blue Mussel,Mytilus trossulus,mussel,Bivalvia,Mussels,Background biomonitoring / Post-oil spill assessment,GOC-B-20-2-2,41,ng/g,dry,Calculated,Whole Body,2.9,6.728571,JB,86,AlphaAnalytics,,mussel,Prince William Sound Regional Citizens' Advisory Council Monitoring Program,Prince William Sound Regional Citizens' Advisory Council Monitoring Program
PWSRCAC,LTEMP,2020,45.7428599,61.1243682,-146.4961415,Blue Mussel,Mytilus trossulus,mussel,Bivalvia,Mussels,Background biomonitoring / Post-oil spill assessment,GOC-B-20-2-3,41,ng/g,dry,Calculated,Whole Body,3.057143,7.1,JB,86,AlphaAnalytics,,mussel,Prince William Sound Regional Citizens' Advisory Council Monitoring Program,Prince William Sound Regional Citizens' Advisory Council Monitoring Program
PWSRCAC,LTEMP,2021,74.706,61.1243682,-146.4961415,Blue Mussel,Mytilus trossulus,mussel,Bivalvia,Mussels,Background biomonitoring / Post-oil spill assessment,GOC-B-21-1,41,ng/g,wet,Calculated,Whole Body,0.831,1.93,,0,AlphaAnalytics,,mussel,Prince William Sound Regional Citizens' Advisory Council Monitoring Program,Prince William Sound Regional Citizens' Advisory Council Monitoring Program
PWSRCAC,LTEMP,2021,49.145,61.1243682,-146.4961415,Blue Mussel,Mytilus trossulus,mussel,Bivalvia,Mussels,Background biomonitoring / Post-oil spill assessment,GOC-B-21-1-DUP,41,ng/g,wet,Calculated,Whole Body,0.775,1.8,JB,0,AlphaAnalytics,,mussel,Prince William Sound Regional Citizens' Advisory Council Monitoring Program,Prince William Sound Regional Citizens' Advisory Council Monitoring Program
PWSRCAC,LTEMP,2021,48.367,61.1243682,-146.4961415,Blue Mussel,Mytilus trossulus,mussel,Bivalvia,Mussels,Background biomonitoring / Post-oil spill assessment,GOC-B-21-2,41,ng/g,wet,Calculated,Whole Body,0.762,1.77,B,0,AlphaAnalytics,,mussel,Prince William Sound Regional Citizens' Advisory Council Monitoring Program,Prince William Sound Regional Citizens' Advisory Council Monitoring Program
PWSRCAC,LTEMP,2021,52.623,61.1243682,-146.4961415,Blue Mussel,Mytilus trossulus,mussel,Bivalvia,Mussels,Background biomonitoring / Post-oil spill assessment,GOC-B-21-3,41,ng/g,wet,Calculated,Whole Body,0.763,1.77,B,0,AlphaAnalytics,,mussel,Prince William Sound Regional Citizens' Advisory Council Monitoring Program,Prince William Sound Regional Citizens' Advisory Council Monitoring Program
PWSRCAC,LTEMP,2022,60.19,61.1243682,-146.4961415,Blue Mussel,Mytilus trossulus,mussel,Bivalvia,Mussels,Background biomonitoring / Post-oil spill assessment,GOC-B-22-1,41,ng/g,wet,Calculated,Whole Body,0.845,1.96,JB,0,AlphaAnalytics,,mussel,Prince William Sound Regional Citizens' Advisory Council Monitoring Program,Prince William Sound Regional Citizens' Advisory Council Monitoring Program
PWSRCAC,LTEMP,2022,57.863,61.1243682,-146.4961415,Blue Mussel,Mytilus trossulus,mussel,Bivalvia,Mussels,Background biomonitoring / Post-oil spill assessment,GOC-B-22-2,41,ng/g,wet,Calculated,Whole Body,0.816,1.89,JB,0,AlphaAnalytics,,mussel,Prince William Sound Regional Citizens' Advisory Council Monitoring Program,Prince William Sound Regional Citizens' Advisory Council Monitoring Program
PWSRCAC,LTEMP,2022,53.046,61.1243682,-146.4961415,Blue Mussel,Mytilus trossulus,mussel,Bivalvia,Mussels,Background biomonitoring / Post-oil spill assessment,GOC-B-22-3,41,ng/g,wet,Calculated,Whole Body,0.795,1.84,JB,0,AlphaAnalytics,,mussel,Prince William Sound Regional Citizens' Advisory Council Monitoring Program,Prince William Sound Regional Citizens' Advisory Council Monitoring Program
PWSRCAC,LTEMP,2023,61.039,61.1243682,-146.4961415,Blue Mussel,Mytilus trossulus,mussel,Bivalvia,Mussels,Background biomonitoring / Post-oil spill assessment,GOC-B-23-1,41,ng/g,wet,Calculated,Whole Body,0.829,1.92,JB,0,AlphaAnalytics,,mussel,Prince William Sound Regional Citizens' Advisory Council Monitoring Program,Prince William Sound Regional Citizens' Advisory Council Monitoring Program
PWSRCAC,LTEMP,2023,61.167,61.1243682,-146.4961415,Blue Mussel,Mytilus trossulus,mussel,Bivalvia,Mussels,Background biomonitoring / Post-oil spill assessment,GOC-B-23-2,41,ng/g,wet,Calculated,Whole Body,0.826,1.92,JB,0,AlphaAnalytics,,mussel,Prince William Sound Regional Citizens' Advisory Council Monitoring Program,Prince William Sound Regional Citizens' Advisory Council Monitoring Program
PWSRCAC,LTEMP,2023,57.758,61.1243682,-146.4961415,Blue Mussel,Mytilus trossulus,mussel,Bivalvia,Mussels,Background biomonitoring / Post-oil spill assessment,GOC-B-23-3,41,ng/g,wet,Calculated,Whole Body,0.784,1.82,JB,0,AlphaAnalytics,,mussel,Prince William Sound Regional Citizens' Advisory Council Monitoring Program,Prince William Sound Regional Citizens' Advisory Council Monitoring Program
PWSRCAC,LTEMP,2024,65.197,61.1243682,-146.4961415,Blue Mussel,Mytilus trossulus,mussel,Bivalvia,Mussels,Background biomonitoring / Post-oil spill assessment,GOC-B-24-1,41,ng/g,wet,Calculated,Whole Body,0.771,1.79,JB,0,AlphaAnalytics,,mussel,Prince William Sound Regional Citizens' Advisory Council Monitoring Program,Prince William Sound Regional Citizens' Advisory Council Monitoring Program
PWSRCAC,LTEMP,2024,60.921,61.1243682,-146.4961415,Blue Mussel,Mytilus trossulus,mussel,Bivalvia,Mussels,Background biomonitoring / Post-oil spill assessment,GOC-B-24-2,41,ng/g,wet,Calculated,Whole Body,0.775,1.8,JB,0,AlphaAnalytics,,mussel,Prince William Sound Regional Citizens' Advisory Council Monitoring Program,Prince William Sound Regional Citizens' Advisory Council Monitoring Program
PWSRCAC,LTEMP,2024,63.766,61.1243682,-146.4961415,Blue Mussel,Mytilus trossulus,mussel,Bivalvia,Mussels,Background biomonitoring / Post-oil spill assessment,GOC-B-24-3,41,ng/g,wet,Calculated,Whole Body,0.759,1.76,JB,0,AlphaAnalytics,,mussel,Prince William Sound Regional Citizens' Advisory Council Monitoring Program,Prince William Sound Regional Citizens' Advisory Council Monitoring Program
PWSRCAC,LTEMP,2020,702.3385141,61.12315,-146.355228,Blue Mussel,Mytilus trossulus,mussel,Bivalvia,Mussels,Background biomonitoring / Post-oil spill assessment,GRN-B-20-2-1,41,ng/g,dry,Calculated,Whole Body,3.153846,7.315385,JB,87,AlphaAnalytics,,mussel,Prince William Sound Regional Citizens' Advisory Council Monitoring Program,Prince William Sound Regional Citizens' Advisory Council Monitoring Program
PWSRCAC,LTEMP,2020,848.3999671,61.12315,-146.355228,Blue Mussel,Mytilus trossulus,mussel,Bivalvia,Mussels,Background biomonitoring / Post-oil spill assessment,GRN-B-20-2-2,41,ng/g,dry,Calculated,Whole Body,5.414286,12.57143,JB,86,AlphaAnalytics,,mussel,Prince William Sound Regional Citizens' Advisory Council Monitoring Program,Prince William Sound Regional Citizens' Advisory Council Monitoring Program
PWSRCAC,LTEMP,2020,655.9071356,61.12315,-146.355228,Blue Mussel,Mytilus trossulus,mussel,Bivalvia,Mussels,Background biomonitoring / Post-oil spill assessment,GRN-B-20-2-3,41,ng/g,dry,Calculated,Whole Body,2.9,6.728571,JB,86,AlphaAnalytics,,mussel,Prince William Sound Regional Citizens' Advisory Council Monitoring Program,Prince William Sound Regional Citizens' Advisory Council Monitoring Program
PWSRCAC,LTEMP,2020,244574.4785,61.086217,-146.392639,Blue Mussel,Mytilus trossulus,mussel,Bivalvia,Mussels,Background biomonitoring / Post-oil spill assessment,HOT M001,41,ng/g,dry,Calculated,Whole Body,5.626667,13.06667,,85,AlphaAnalytics,,mussel,Prince William Sound Regional Citizens' Advisory Council Monitoring Program,Prince William Sound Regional Citizens' Advisory Council Monitoring Program
PWSRCAC,LTEMP,2020,164452.716,61.086217,-146.392639,Blue Mussel,Mytilus trossulus,mussel,Bivalvia,Mussels,Background biomonitoring / Post-oil spill assessment,HOT M002,41,ng/g,dry,Calculated,Whole Body,5.885714,13.64286,,86,AlphaAnalytics,,mussel,Prince William Sound Regional Citizens' Advisory Council Monitoring Program,Prince William Sound Regional Citizens' Advisory Council Monitoring Program
PWSRCAC,LTEMP,2020,158498.563,61.086217,-146.392639,Blue Mussel,Mytilus trossulus,mussel,Bivalvia,Mussels,Background biomonitoring / Post-oil spill assessment,HOT M003,41,ng/g,dry,Calculated,Whole Body,6.064286,14.07143,,86,AlphaAnalytics,,mussel,Prince William Sound Regional Citizens' Advisory Council Monitoring Program,Prince William Sound Regional Citizens' Advisory Council Monitoring Program
PWSRCAC,LTEMP,2021,50.385,61.086217,-146.392639,Blue Mussel,Mytilus trossulus,mussel,Bivalvia,Mussels,Background biomonitoring / Post-oil spill assessment,HOT-B-21-1,41,ng/g,wet,Calculated,Whole Body,0.829,1.92,B,0,AlphaAnalytics,,mussel,Prince William Sound Regional Citizens' Advisory Council Monitoring Program,Prince William Sound Regional Citizens' Advisory Council Monitoring Program
PWSRCAC,LTEMP,2021,45.607,61.086217,-146.392639,Blue Mussel,Mytilus trossulus,mussel,Bivalvia,Mussels,Background biomonitoring / Post-oil spill assessment,HOT-B-21-2,41,ng/g,wet,Calculated,Whole Body,0.733,1.7,B,0,AlphaAnalytics,,mussel,Prince William Sound Regional Citizens' Advisory Council Monitoring Program,Prince William Sound Regional Citizens' Advisory Council Monitoring Program
PWSRCAC,LTEMP,2021,55.455,61.086217,-146.392639,Blue Mussel,Mytilus trossulus,mussel,Bivalvia,Mussels,Background biomonitoring / Post-oil spill assessment,HOT-B-21-3,41,ng/g,wet,Calculated,Whole Body,0.835,1.94,JB,0,AlphaAnalytics,,mussel,Prince William Sound Regional Citizens' Advisory Council Monitoring Program,Prince William Sound Regional Citizens' Advisory Council Monitoring Program
PWSRCAC,LTEMP,2020,96666.58927,61.086217,-146.392639,Blue Mussel,Mytilus trossulus,mussel,Bivalvia,Mussels,Background biomonitoring / Post-oil spill assessment,HOTM004,41,ng/g,dry,Calculated,Whole Body,4.311765,10,JB,0,AlphaAnalytics,,mussel,Prince William Sound Regional Citizens' Advisory Council Monitoring Program,Prince William Sound Regional Citizens' Advisory Council Monitoring Program
PWSRCAC,LTEMP,2020,78242.5625,61.086217,-146.392639,Blue Mussel,Mytilus trossulus,mussel,Bivalvia,Mussels,Background biomonitoring / Post-oil spill assessment,HOTM005,41,ng/g,dry,Calculated,Whole Body,4.725,10.9375,JB,0,AlphaAnalytics,,mussel,Prince William Sound Regional Citizens' Advisory Council Monitoring Program,Prince William Sound Regional Citizens' Advisory Council Monitoring Program
PWSRCAC,LTEMP,2020,97962.52973,61.086217,-146.392639,Blue Mussel,Mytilus trossulus,mussel,Bivalvia,Mussels,Background biomonitoring / Post-oil spill assessment,HOTM006,41,ng/g,dry,Calculated,Whole Body,4.823529,11.17647,JB,0,AlphaAnalytics,,mussel,Prince William Sound Regional Citizens' Advisory Council Monitoring Program,Prince William Sound Regional Citizens' Advisory Council Monitoring Program
PWSRCAC,LTEMP,2020,44935.29375,61.086217,-146.392639,Blue Mussel,Mytilus trossulus,mussel,Bivalvia,Mussels,Background biomonitoring / Post-oil spill assessment,HOTM007,41,ng/g,dry,Calculated,Whole Body,4.98125,11.5625,B,0,AlphaAnalytics,,mussel,Prince William Sound Regional Citizens' Advisory Council Monitoring Program,Prince William Sound Regional Citizens' Advisory Council Monitoring Program
PWSRCAC,LTEMP,2020,93877.29132,61.086217,-146.392639,Blue Mussel,Mytilus trossulus,mussel,Bivalvia,Mussels,Background biomonitoring / Post-oil spill assessment,HOTM008,41,ng/g,dry,Calculated,Whole Body,5.785714,13.42857,JB,0,AlphaAnalytics,,mussel,Prince William Sound Regional Citizens' Advisory Council Monitoring Program,Prince William Sound Regional Citizens' Advisory Council Monitoring Program
PWSRCAC,LTEMP,2020,36136.1375,61.086217,-146.392639,Blue Mussel,Mytilus trossulus,mussel,Bivalvia,Mussels,Background biomonitoring / Post-oil spill assessment,HOTM009,41,ng/g,dry,Calculated,Whole Body,5.04375,11.6875,JB,0,AlphaAnalytics,,mussel,Prince William Sound Regional Citizens' Advisory Council Monitoring Program,Prince William Sound Regional Citizens' Advisory Council Monitoring Program
PWSRCAC,LTEMP,2020,36626.10633,61.086217,-146.392639,Blue Mussel,Mytilus trossulus,mussel,Bivalvia,Mussels,Background biomonitoring / Post-oil spill assessment,HOTM011,41,ng/g,dry,Calculated,Whole Body,5.713333,13.26667,JB,0,AlphaAnalytics,,mussel,Prince William Sound Regional Citizens' Advisory Council Monitoring Program,Prince William Sound Regional Citizens' Advisory Council Monitoring Program
PWSRCAC,LTEMP,2020,36701.18735,61.086217,-146.392639,Blue Mussel,Mytilus trossulus,mussel,Bivalvia,Mussels,Background biomonitoring / Post-oil spill assessment,HOTM012,41,ng/g,dry,Calculated,Whole Body,4.305556,10,B,0,AlphaAnalytics,,mussel,Prince William Sound Regional Citizens' Advisory Council Monitoring Program,Prince William Sound Regional Citizens' Advisory Council Monitoring Program
PWSRCAC,LTEMP,2020,19649.58662,61.086217,-146.392639,Blue Mussel,Mytilus trossulus,mussel,Bivalvia,Mussels,Background biomonitoring / Post-oil spill assessment,HOTM014,41,ng/g,dry,Calculated,Whole Body,5.133333,11.86667,JB,0,AlphaAnalytics,,mussel,Prince William Sound Regional Citizens' Advisory Council Monitoring Program,Prince William Sound Regional Citizens' Advisory Council Monitoring Program
PWSRCAC,LTEMP,2020,37464.50047,61.086217,-146.392639,Blue Mussel,Mytilus trossulus,mussel,Bivalvia,Mussels,Background biomonitoring / Post-oil spill assessment,HOTM015,41,ng/g,dry,Calculated,Whole Body,6.415385,14.84615,JB,0,AlphaAnalytics,,mussel,Prince William Sound Regional Citizens' Advisory Council Monitoring Program,Prince William Sound Regional Citizens' Advisory Council Monitoring Program
PWSRCAC,LTEMP,2020,15415.72266,61.086217,-146.392639,Blue Mussel,Mytilus trossulus,mussel,Bivalvia,Mussels,Background biomonitoring / Post-oil spill assessment,HOTM016,41,ng/g,dry,Calculated,Whole Body,6.035714,14,JB,0,AlphaAnalytics,,mussel,Prince William Sound Regional Citizens' Advisory Council Monitoring Program,Prince William Sound Regional Citizens' Advisory Council Monitoring Program
PWSRCAC,LTEMP,2020,13984.22404,61.086217,-146.392639,Blue Mussel,Mytilus trossulus,mussel,Bivalvia,Mussels,Background biomonitoring / Post-oil spill assessment,HOTM017,41,ng/g,dry,Calculated,Whole Body,4.764706,11.05882,JB,0,AlphaAnalytics,,mussel,Prince William Sound Regional Citizens' Advisory Council Monitoring Program,Prince William Sound Regional Citizens' Advisory Council Monitoring Program
PWSRCAC,LTEMP,2020,8475.458703,61.086217,-146.392639,Blue Mussel,Mytilus trossulus,mussel,Bivalvia,Mussels,Background biomonitoring / Post-oil spill assessment,HOTM018,41,ng/g,dry,Calculated,Whole Body,4.415789,10.21053,B,0,AlphaAnalytics,,mussel,Prince William Sound Regional Citizens' Advisory Council Monitoring Program,Prince William Sound Regional Citizens' Advisory Council Monitoring Program
PWSRCAC,LTEMP,2020,2136.01875,61.086217,-146.392639,Blue Mussel,Mytilus trossulus,mussel,Bivalvia,Mussels,Background biomonitoring / Post-oil spill assessment,HOTM028,41,ng/g,dry,Calculated,Whole Body,5.2625,12.1875,B,0,AlphaAnalytics,,mussel,Prince William Sound Regional Citizens' Advisory Council Monitoring Program,Prince William Sound Regional Citizens' Advisory Council Monitoring Program
PWSRCAC,LTEMP,2020,349.621,61.086217,-146.392639,Blue Mussel,Mytilus trossulus,mussel,Bivalvia,Mussels,Background biomonitoring / Post-oil spill assessment,HOTM028-DUP,41,ng/g,wet,Calculated,Whole Body,0.844,1.96,B,0,AlphaAnalytics,,mussel,Prince William Sound Regional Citizens' Advisory Council Monitoring Program,Prince William Sound Regional Citizens' Advisory Council Monitoring Program
PWSRCAC,LTEMP,2020,2232.133275,61.086217,-146.392639,Blue Mussel,Mytilus trossulus,mussel,Bivalvia,Mussels,Background biomonitoring / Post-oil spill assessment,HOTM029,41,ng/g,dry,Calculated,Whole Body,5.453333,12.66667,JB,0,AlphaAnalytics,,mussel,Prince William Sound Regional Citizens' Advisory Council Monitoring Program,Prince William Sound Regional Citizens' Advisory Council Monitoring Program
PWSRCAC,LTEMP,2020,246.2333427,61.090051,-146.375706,Blue Mussel,Mytilus trossulus,mussel,Bivalvia,Mussels,Background biomonitoring / Post-oil spill assessment,JAC M001,41,ng/g,dry,Calculated,Whole Body,5.68,13.2,JB,85,AlphaAnalytics,,mussel,Prince William Sound Regional Citizens' Advisory Council Monitoring Program,Prince William Sound Regional Citizens' Advisory Council Monitoring Program
PWSRCAC,LTEMP,2020,309.4875,61.090051,-146.375706,Blue Mussel,Mytilus trossulus,mussel,Bivalvia,Mussels,Background biomonitoring / Post-oil spill assessment,JAC M002,41,ng/g,dry,Calculated,Whole Body,5.0625,11.75,JB,84,AlphaAnalytics,,mussel,Prince William Sound Regional Citizens' Advisory Council Monitoring Program,Prince William Sound Regional Citizens' Advisory Council Monitoring Program
PWSRCAC,LTEMP,2020,305.9266667,61.090051,-146.375706,Blue Mussel,Mytilus trossulus,mussel,Bivalvia,Mussels,Background biomonitoring / Post-oil spill assessment,JAC M003,41,ng/g,dry,Calculated,Whole Body,5.726667,13.26667,JB,85,AlphaAnalytics,,mussel,Prince William Sound Regional Citizens' Advisory Council Monitoring Program,Prince William Sound Regional Citizens' Advisory Council Monitoring Program
PWSRCAC,LTEMP,2017,144.566673,61.090051,-146.375706,Blue Mussel,Mytilus trossulus,mussel,Bivalvia,Mussels,Background biomonitoring / Post-oil spill assessment,JAC-1709-1,41,ng/g,dry,Calculated,Whole Body,6.366667,14.75,JB,88,AlphaAnalytics,,mussel,Prince William Sound Regional Citizens' Advisory Council Monitoring Program,Prince William Sound Regional Citizens' Advisory Council Monitoring Program
PWSRCAC,LTEMP,2017,181.284621,61.090051,-146.375706,Blue Mussel,Mytilus trossulus,mussel,Bivalvia,Mussels,Background biomonitoring / Post-oil spill assessment,JAC-1709-2,41,ng/g,dry,Calculated,Whole Body,6.530769,15.15385,JB,87,AlphaAnalytics,,mussel,Prince William Sound Regional Citizens' Advisory Council Monitoring Program,Prince William Sound Regional Citizens' Advisory Council Monitoring Program
PWSRCAC,LTEMP,2017,195.930768,61.090051,-146.375706,Blue Mussel,Mytilus trossulus,mussel,Bivalvia,Mussels,Background biomonitoring / Post-oil spill assessment,JAC-1709-3,41,ng/g,dry,Calculated,Whole Body,6.492308,15.07692,JB,87,AlphaAnalytics,,mussel,Prince William Sound Regional Citizens' Advisory Council Monitoring Program,Prince William Sound Regional Citizens' Advisory Council Monitoring Program
PWSRCAC,LTEMP,2017,31.176923,61.090051,-146.375706,Blue Mussel,Mytilus trossulus,mussel,Bivalvia,Mussels,Background biomonitoring / Post-oil spill assessment,JAC-1712-1,41,ng/g,dry,Calculated,Whole Body,6.223077,14.46154,JB,87,AlphaAnalytics,,mussel,Prince William Sound Regional Citizens' Advisory Council Monitoring Program,Prince William Sound Regional Citizens' Advisory Council Monitoring Program
PWSRCAC,LTEMP,2017,37.366668,61.090051,-146.375706,Blue Mussel,Mytilus trossulus,mussel,Bivalvia,Mussels,Background biomonitoring / Post-oil spill assessment,JAC-1712-1-DUP,41,ng/g,dry,Calculated,Whole Body,6.958333,16.16667,JB,88,AlphaAnalytics,,mussel,Prince William Sound Regional Citizens' Advisory Council Monitoring Program,Prince William Sound Regional Citizens' Advisory Council Monitoring Program
PWSRCAC,LTEMP,2017,25.3625,61.090051,-146.375706,Blue Mussel,Mytilus trossulus,mussel,Bivalvia,Mussels,Background biomonitoring / Post-oil spill assessment,JAC-1712-2,41,ng/g,dry,Calculated,Whole Body,4.79375,11.125,JB,84,AlphaAnalytics,,mussel,Prince William Sound Regional Citizens' Advisory Council Monitoring Program,Prince William Sound Regional Citizens' Advisory Council Monitoring Program
PWSRCAC,LTEMP,2017,11.000001,61.090051,-146.375706,Blue Mussel,Mytilus trossulus,mussel,Bivalvia,Mussels,Background biomonitoring / Post-oil spill assessment,JAC-1712-3,41,ng/g,dry,Calculated,Whole Body,5.42,12.6,JB,85,AlphaAnalytics,,mussel,Prince William Sound Regional Citizens' Advisory Council Monitoring Program,Prince William Sound Regional Citizens' Advisory Council Monitoring Program
PWSRCAC,LTEMP,2021,47.468,61.090051,-146.375706,Blue Mussel,Mytilus trossulus,mussel,Bivalvia,Mussels,Background biomonitoring / Post-oil spill assessment,JAC-B-21-1,41,ng/g,wet,Calculated,Whole Body,0.77,1.78,JB,0,AlphaAnalytics,,mussel,Prince William Sound Regional Citizens' Advisory Council Monitoring Program,Prince William Sound Regional Citizens' Advisory Council Monitoring Program
PWSRCAC,LTEMP,2021,42.736,61.090051,-146.375706,Blue Mussel,Mytilus trossulus,mussel,Bivalvia,Mussels,Background biomonitoring / Post-oil spill assessment,JAC-B-21-2,41,ng/g,wet,Calculated,Whole Body,0.721,1.67,B,0,AlphaAnalytics,,mussel,Prince William Sound Regional Citizens' Advisory Council Monitoring Program,Prince William Sound Regional Citizens' Advisory Council Monitoring Program
PWSRCAC,LTEMP,2021,52.755,61.090051,-146.375706,Blue Mussel,Mytilus trossulus,mussel,Bivalvia,Mussels,Background biomonitoring / Post-oil spill assessment,JAC-B-21-3,41,ng/g,wet,Calculated,Whole Body,0.766,1.78,B,0,AlphaAnalytics,,mussel,Prince William Sound Regional Citizens' Advisory Council Monitoring Program,Prince William Sound Regional Citizens' Advisory Council Monitoring Program
PWSRCAC,LTEMP,2022,63.733,61.090051,-146.375706,Blue Mussel,Mytilus trossulus,mussel,Bivalvia,Mussels,Background biomonitoring / Post-oil spill assessment,JAC-B-22-1,41,ng/g,wet,Calculated,Whole Body,1.01,2.34,JB,0,AlphaAnalytics,,mussel,Prince William Sound Regional Citizens' Advisory Council Monitoring Program,Prince William Sound Regional Citizens' Advisory Council Monitoring Program
PWSRCAC,LTEMP,2022,56.179,61.090051,-146.375706,Blue Mussel,Mytilus trossulus,mussel,Bivalvia,Mussels,Background biomonitoring / Post-oil spill assessment,JAC-B-22-2,41,ng/g,wet,Calculated,Whole Body,0.857,1.99,JB,0,AlphaAnalytics,,mussel,Prince William Sound Regional Citizens' Advisory Council Monitoring Program,Prince William Sound Regional Citizens' Advisory Council Monitoring Program
PWSRCAC,LTEMP,2022,59.564,61.090051,-146.375706,Blue Mussel,Mytilus trossulus,mussel,Bivalvia,Mussels,Background biomonitoring / Post-oil spill assessment,JAC-B-22-3,41,ng/g,wet,Calculated,Whole Body,0.857,1.99,JB,0,AlphaAnalytics,,mussel,Prince William Sound Regional Citizens' Advisory Council Monitoring Program,Prince William Sound Regional Citizens' Advisory Council Monitoring Program
PWSRCAC,LTEMP,2023,54.457,61.090051,-146.375706,Blue Mussel,Mytilus trossulus,mussel,Bivalvia,Mussels,Background biomonitoring / Post-oil spill assessment,JAC-B-23-1,41,ng/g,wet,Calculated,Whole Body,0.806,1.87,JB,0,AlphaAnalytics,,mussel,Prince William Sound Regional Citizens' Advisory Council Monitoring Program,Prince William Sound Regional Citizens' Advisory Council Monitoring Program
PWSRCAC,LTEMP,2023,61.272,61.090051,-146.375706,Blue Mussel,Mytilus trossulus,mussel,Bivalvia,Mussels,Background biomonitoring / Post-oil spill assessment,JAC-B-23-2,41,ng/g,wet,Calculated,Whole Body,0.849,1.97,JB,0,AlphaAnalytics,,mussel,Prince William Sound Regional Citizens' Advisory Council Monitoring Program,Prince William Sound Regional Citizens' Advisory Council Monitoring Program
PWSRCAC,LTEMP,2023,58.185,61.090051,-146.375706,Blue Mussel,Mytilus trossulus,mussel,Bivalvia,Mussels,Background biomonitoring / Post-oil spill assessment,JAC-B-23-3,41,ng/g,wet,Calculated,Whole Body,0.842,1.95,JB,0,AlphaAnalytics,,mussel,Prince William Sound Regional Citizens' Advisory Council Monitoring Program,Prince William Sound Regional Citizens' Advisory Council Monitoring Program
PWSRCAC,LTEMP,2024,45.773,61.090051,-146.375706,Blue Mussel,Mytilus trossulus,mussel,Bivalvia,Mussels,Background biomonitoring / Post-oil spill assessment,JAC-B-24-1,41,ng/g,wet,Calculated,Whole Body,0.837,1.94,JB,0,AlphaAnalytics,,mussel,Prince William Sound Regional Citizens' Advisory Council Monitoring Program,Prince William Sound Regional Citizens' Advisory Council Monitoring Program
PWSRCAC,LTEMP,2024,70.722,61.090051,-146.375706,Blue Mussel,Mytilus trossulus,mussel,Bivalvia,Mussels,Background biomonitoring / Post-oil spill assessment,JAC-B-24-2,41,ng/g,wet,Calculated,Whole Body,0.832,1.93,JB,0,AlphaAnalytics,,mussel,Prince William Sound Regional Citizens' Advisory Council Monitoring Program,Prince William Sound Regional Citizens' Advisory Council Monitoring Program
PWSRCAC,LTEMP,2024,67.278,61.090051,-146.375706,Blue Mussel,Mytilus trossulus,mussel,Bivalvia,Mussels,Background biomonitoring / Post-oil spill assessment,JAC-B-24-3,41,ng/g,wet,Calculated,Whole Body,0.834,1.93,JB,0,AlphaAnalytics,,mussel,Prince William Sound Regional Citizens' Advisory Council Monitoring Program,Prince William Sound Regional Citizens' Advisory Council Monitoring Program
PWSRCAC,LTEMP,2020,329.559997,61.090051,-146.375706,Blue Mussel,Mytilus trossulus,mussel,Bivalvia,Mussels,Background biomonitoring / Post-oil spill assessment,JACM005,41,ng/g,dry,Calculated,Whole Body,5.413333,12.53333,JB,0,AlphaAnalytics,,mussel,Prince William Sound Regional Citizens' Advisory Council Monitoring Program,Prince William Sound Regional Citizens' Advisory Council Monitoring Program
PWSRCAC,LTEMP,2020,51.957,61.090051,-146.375706,Blue Mussel,Mytilus trossulus,mussel,Bivalvia,Mussels,Background biomonitoring / Post-oil spill assessment,JACM005-DUP,41,ng/g,wet,Calculated,Whole Body,0.835,1.94,JB,0,AlphaAnalytics,,mussel,Prince William Sound Regional Citizens' Advisory Council Monitoring Program,Prince William Sound Regional Citizens' Advisory Council Monitoring Program
PWSRCAC,LTEMP,2020,304.864276,61.090051,-146.375706,Blue Mussel,Mytilus trossulus,mussel,Bivalvia,Mussels,Background biomonitoring / Post-oil spill assessment,JACM008,41,ng/g,dry,Calculated,Whole Body,5.735714,13.28571,JB,0,AlphaAnalytics,,mussel,Prince William Sound Regional Citizens' Advisory Council Monitoring Program,Prince William Sound Regional Citizens' Advisory Council Monitoring Program
PWSRCAC,LTEMP,2020,42.736,61.090051,-146.375706,Blue Mussel,Mytilus trossulus,mussel,Bivalvia,Mussels,Background biomonitoring / Post-oil spill assessment,JACM008-DUP,41,ng/g,wet,Calculated,Whole Body,0.785,1.82,JB,0,AlphaAnalytics,,mussel,Prince William Sound Regional Citizens' Advisory Council Monitoring Program,Prince William Sound Regional Citizens' Advisory Council Monitoring Program
PWSRCAC,LTEMP,2020,200.575,61.090051,-146.375706,Blue Mussel,Mytilus trossulus,mussel,Bivalvia,Mussels,Background biomonitoring / Post-oil spill assessment,JACM011,41,ng/g,dry,Calculated,Whole Body,5.325,12.375,JB,0,AlphaAnalytics,,mussel,Prince William Sound Regional Citizens' Advisory Council Monitoring Program,Prince William Sound Regional Citizens' Advisory Council Monitoring Program
PWSRCAC,LTEMP,2020,33.2785717,61.031886,-146.657525,Blue Mussel,Mytilus trossulus,mussel,Bivalvia,Mussels,Background biomonitoring / Post-oil spill assessment,JAK-B-20-2-1,41,ng/g,dry,Calculated,Whole Body,3.064286,7.107143,JB,86,AlphaAnalytics,,mussel,Prince William Sound Regional Citizens' Advisory Council Monitoring Program,Prince William Sound Regional Citizens' Advisory Council Monitoring Program
PWSRCAC,LTEMP,2020,32.0916666,61.031886,-146.657525,Blue Mussel,Mytilus trossulus,mussel,Bivalvia,Mussels,Background biomonitoring / Post-oil spill assessment,JAK-B-20-2-2,41,ng/g,dry,Calculated,Whole Body,3.425,7.95,JB,88,AlphaAnalytics,,mussel,Prince William Sound Regional Citizens' Advisory Council Monitoring Program,Prince William Sound Regional Citizens' Advisory Council Monitoring Program
PWSRCAC,LTEMP,2020,32.7769224,61.031886,-146.657525,Blue Mussel,Mytilus trossulus,mussel,Bivalvia,Mussels,Background biomonitoring / Post-oil spill assessment,JAK-B-20-2-3,41,ng/g,dry,Calculated,Whole Body,3.153846,7.307692,JB,87,AlphaAnalytics,,mussel,Prince William Sound Regional Citizens' Advisory Council Monitoring Program,Prince William Sound Regional Citizens' Advisory Council Monitoring Program
PWSRCAC,LTEMP,2016,100.259735,61.090051,-146.375706,Blue Mussel,Mytilus trossulus,mussel,Bivalvia,Mussels,Background biomonitoring / Post-oil spill assessment,JAP-B-16-2-1,41,ng/g,dry,Calculated,Whole Body,5.213358,5.213358,JB,89.22,AlphaAnalytics,,mussel,Prince William Sound Regional Citizens' Advisory Council Monitoring Program,Prince William Sound Regional Citizens' Advisory Council Monitoring Program
PWSRCAC,LTEMP,2016,130.1469332,61.090051,-146.375706,Blue Mussel,Mytilus trossulus,mussel,Bivalvia,Mussels,Background biomonitoring / Post-oil spill assessment,JAP-B-16-2-2,41,ng/g,dry,Calculated,Whole Body,4.37551,4.37551,JB,87.75,AlphaAnalytics,,mussel,Prince William Sound Regional Citizens' Advisory Council Monitoring Program,Prince William Sound Regional Citizens' Advisory Council Monitoring Program
PWSRCAC,LTEMP,2016,99.4266066,61.090051,-146.375706,Blue Mussel,Mytilus trossulus,mussel,Bivalvia,Mussels,Background biomonitoring / Post-oil spill assessment,JAP-B-16-2-3,41,ng/g,dry,Calculated,Whole Body,3.98318,3.98318,JB,86.92,AlphaAnalytics,,mussel,Prince William Sound Regional Citizens' Advisory Council Monitoring Program,Prince William Sound Regional Citizens' Advisory Council Monitoring Program
PWSRCAC,LTEMP,2017,41.9176747,61.090051,-146.375706,Blue Mussel,Mytilus trossulus,mussel,Bivalvia,Mussels,Background biomonitoring / Post-oil spill assessment,JAP-B-17-2-1,41,ng/g,dry,Calculated,Whole Body,2.36481,2.36481,JB,87.61,AlphaAnalytics,,mussel,Prince William Sound Regional Citizens' Advisory Council Monitoring Program,Prince William Sound Regional Citizens' Advisory Council Monitoring Program
PWSRCAC,LTEMP,2017,38.8511267,61.090051,-146.375706,Blue Mussel,Mytilus trossulus,mussel,Bivalvia,Mussels,Background biomonitoring / Post-oil spill assessment,JAP-B-17-2-2,41,ng/g,dry,Calculated,Whole Body,2.18797,2.18797,JB,86.7,AlphaAnalytics,,mussel,Prince William Sound Regional Citizens' Advisory Council Monitoring Program,Prince William Sound Regional Citizens' Advisory Council Monitoring Program
PWSRCAC,LTEMP,2017,85.0000016,61.090051,-146.375706,Blue Mussel,Mytilus trossulus,mussel,Bivalvia,Mussels,Background biomonitoring / Post-oil spill assessment,JAP-B-17-2-3,41,ng/g,dry,Calculated,Whole Body,2.080925,2.080925,JB,86.16,AlphaAnalytics,,mussel,Prince William Sound Regional Citizens' Advisory Council Monitoring Program,Prince William Sound Regional Citizens' Advisory Council Monitoring Program
PWSRCAC,LTEMP,2017,39.8041922,61.090051,-146.375706,Blue Mussel,Mytilus trossulus,mussel,Bivalvia,Mussels,Background biomonitoring / Post-oil spill assessment,JAP-B-17-2-3-DUP,41,ng/g,dry,Calculated,Whole Body,2.153179,2.153179,JB<U+00A4>,86.16,AlphaAnalytics,,mussel,Prince William Sound Regional Citizens' Advisory Council Monitoring Program,Prince William Sound Regional Citizens' Advisory Council Monitoring Program
PWSRCAC,LTEMP,2018,22.6750007,61.090051,-146.375706,Blue Mussel,Mytilus trossulus,mussel,Bivalvia,Mussels,Background biomonitoring / Post-oil spill assessment,JAP-B-18-2-1,41,ng/g,dry,Calculated,Whole Body,6.291667,14.58333,JB,88,AlphaAnalytics,,mussel,Prince William Sound Regional Citizens' Advisory Council Monitoring Program,Prince William Sound Regional Citizens' Advisory Council Monitoring Program
PWSRCAC,LTEMP,2018,27.1692318,61.090051,-146.375706,Blue Mussel,Mytilus trossulus,mussel,Bivalvia,Mussels,Background biomonitoring / Post-oil spill assessment,JAP-B-18-2-2,41,ng/g,dry,Calculated,Whole Body,5.923077,13.69231,JB,87,AlphaAnalytics,,mussel,Prince William Sound Regional Citizens' Advisory Council Monitoring Program,Prince William Sound Regional Citizens' Advisory Council Monitoring Program
PWSRCAC,LTEMP,2018,23.6846159,61.090051,-146.375706,Blue Mussel,Mytilus trossulus,mussel,Bivalvia,Mussels,Background biomonitoring / Post-oil spill assessment,JAP-B-18-2-3,41,ng/g,dry,Calculated,Whole Body,6.153846,14.30769,JB,87,AlphaAnalytics,,mussel,Prince William Sound Regional Citizens' Advisory Council Monitoring Program,Prince William Sound Regional Citizens' Advisory Council Monitoring Program
PWSRCAC,LTEMP,2019,28.8444458,61.090051,-146.375706,Blue Mussel,Mytilus trossulus,mussel,Bivalvia,Mussels,Background biomonitoring / Post-oil spill assessment,JAP-B-19-2-1,41,ng/g,dry,Calculated,Whole Body,4.7,10.91111,JB,91,AlphaAnalytics,,mussel,Prince William Sound Regional Citizens' Advisory Council Monitoring Program,Prince William Sound Regional Citizens' Advisory Council Monitoring Program
PWSRCAC,LTEMP,2019,32.0000003,61.090051,-146.375706,Blue Mussel,Mytilus trossulus,mussel,Bivalvia,Mussels,Background biomonitoring / Post-oil spill assessment,JAP-B-19-2-2,41,ng/g,dry,Calculated,Whole Body,5.714286,13.24286,JB,93,AlphaAnalytics,,mussel,Prince William Sound Regional Citizens' Advisory Council Monitoring Program,Prince William Sound Regional Citizens' Advisory Council Monitoring Program
PWSRCAC,LTEMP,2019,31.9166664,61.090051,-146.375706,Blue Mussel,Mytilus trossulus,mussel,Bivalvia,Mussels,Background biomonitoring / Post-oil spill assessment,JAP-B-19-2-3,41,ng/g,dry,Calculated,Whole Body,6.9,16.01667,JB,94,AlphaAnalytics,,mussel,Prince William Sound Regional Citizens' Advisory Council Monitoring Program,Prince William Sound Regional Citizens' Advisory Council Monitoring Program
PWSRCAC,LTEMP,2020,89.0846128,61.090051,-146.375706,Blue Mussel,Mytilus trossulus,mussel,Bivalvia,Mussels,Background biomonitoring / Post-oil spill assessment,JAP-B-20-2-1,41,ng/g,dry,Calculated,Whole Body,3.292308,7.630769,JB,87,AlphaAnalytics,,mussel,Prince William Sound Regional Citizens' Advisory Council Monitoring Program,Prince William Sound Regional Citizens' Advisory Council Monitoring Program
PWSRCAC,LTEMP,2020,136.5399974,61.090051,-146.375706,Blue Mussel,Mytilus trossulus,mussel,Bivalvia,Mussels,Background biomonitoring / Post-oil spill assessment,JAP-B-20-2-2,41,ng/g,dry,Calculated,Whole Body,2.873333,6.666667,JB,85,AlphaAnalytics,,mussel,Prince William Sound Regional Citizens' Advisory Council Monitoring Program,Prince William Sound Regional Citizens' Advisory Council Monitoring Program
PWSRCAC,LTEMP,2020,65.353333,61.090051,-146.375706,Blue Mussel,Mytilus trossulus,mussel,Bivalvia,Mussels,Background biomonitoring / Post-oil spill assessment,JAP-B-20-2-3,41,ng/g,dry,Calculated,Whole Body,2.766667,6.413333,JB,85,AlphaAnalytics,,mussel,Prince William Sound Regional Citizens' Advisory Council Monitoring Program,Prince William Sound Regional Citizens' Advisory Council Monitoring Program
PWSRCAC,LTEMP,2002,61.1763467,60.69055,-146.5833,Blue Mussel,Mytilus trossulus,mussel,Bivalvia,Mussels,Background biomonitoring / Post-oil spill assessment,KNH-B-02-2-1,37,ng/g,dry,Calculated,Whole Body,23.50515,,BD,,AlphaAnalytics,,mussel,Prince William Sound Regional Citizens' Advisory Council Monitoring Program,Prince William Sound Regional Citizens' Advisory Council Monitoring Program
PWSRCAC,LTEMP,2002,47.5426737,60.69055,-146.5833,Blue Mussel,Mytilus trossulus,mussel,Bivalvia,Mussels,Background biomonitoring / Post-oil spill assessment,KNH-B-02-2-2,37,ng/g,dry,Calculated,Whole Body,25.61798,,BD,,AlphaAnalytics,,mussel,Prince William Sound Regional Citizens' Advisory Council Monitoring Program,Prince William Sound Regional Citizens' Advisory Council Monitoring Program
PWSRCAC,LTEMP,2002,39.6035435,60.69055,-146.5833,Blue Mussel,Mytilus trossulus,mussel,Bivalvia,Mussels,Background biomonitoring / Post-oil spill assessment,KNH-B-02-2-3,37,ng/g,dry,Calculated,Whole Body,23.26531,,BD,,AlphaAnalytics,,mussel,Prince William Sound Regional Citizens' Advisory Council Monitoring Program,Prince William Sound Regional Citizens' Advisory Council Monitoring Program
PWSRCAC,LTEMP,2003,12.11372775,60.69055,-146.5833,Blue Mussel,Mytilus trossulus,mussel,Bivalvia,Mussels,Background biomonitoring / Post-oil spill assessment,KNH-B-03-1-1,37,ng/g,dry,Calculated,Whole Body,29.23077,,BD,,AlphaAnalytics,,mussel,Prince William Sound Regional Citizens' Advisory Council Monitoring Program,Prince William Sound Regional Citizens' Advisory Council Monitoring Program
PWSRCAC,LTEMP,2003,15.1943538,60.69055,-146.5833,Blue Mussel,Mytilus trossulus,mussel,Bivalvia,Mussels,Background biomonitoring / Post-oil spill assessment,KNH-B-03-1-2,37,ng/g,dry,Calculated,Whole Body,27.46988,,BD,,AlphaAnalytics,,mussel,Prince William Sound Regional Citizens' Advisory Council Monitoring Program,Prince William Sound Regional Citizens' Advisory Council Monitoring Program
PWSRCAC,LTEMP,2003,6.4653715,60.69055,-146.5833,Blue Mussel,Mytilus trossulus,mussel,Bivalvia,Mussels,Background biomonitoring / Post-oil spill assessment,KNH-B-03-1-3,37,ng/g,dry,Calculated,Whole Body,31.23288,,BD,,AlphaAnalytics,,mussel,Prince William Sound Regional Citizens' Advisory Council Monitoring Program,Prince William Sound Regional Citizens' Advisory Council Monitoring Program
PWSRCAC,LTEMP,2003,10.86,60.69055,-146.5833,Blue Mussel,Mytilus trossulus,mussel,Bivalvia,Mussels,Background biomonitoring / Post-oil spill assessment,KNH-B-03-2-1,39,ng/g,dry,Calculated,Whole Body,9.12,,b,,AlphaAnalytics,,mussel,Prince William Sound Regional Citizens' Advisory Council Monitoring Program,Prince William Sound Regional Citizens' Advisory Council Monitoring Program
PWSRCAC,LTEMP,2003,19.97,60.69055,-146.5833,Blue Mussel,Mytilus trossulus,mussel,Bivalvia,Mussels,Background biomonitoring / Post-oil spill assessment,KNH-B-03-2-2,39,ng/g,dry,Calculated,Whole Body,9.5,,b,,AlphaAnalytics,,mussel,Prince William Sound Regional Citizens' Advisory Council Monitoring Program,Prince William Sound Regional Citizens' Advisory Council Monitoring Program
PWSRCAC,LTEMP,2003,32.28,60.69055,-146.5833,Blue Mussel,Mytilus trossulus,mussel,Bivalvia,Mussels,Background biomonitoring / Post-oil spill assessment,KNH-B-03-2-3,39,ng/g,dry,Calculated,Whole Body,6.61,,b,,AlphaAnalytics,,mussel,Prince William Sound Regional Citizens' Advisory Council Monitoring Program,Prince William Sound Regional Citizens' Advisory Council Monitoring Program
PWSRCAC,LTEMP,2004,7.11,60.69055,-146.5833,Blue Mussel,Mytilus trossulus,mussel,Bivalvia,Mussels,Background biomonitoring / Post-oil spill assessment,KNH-B-04-1-1,39,ng/g,dry,Calculated,Whole Body,2.39,,b,,AlphaAnalytics,,mussel,Prince William Sound Regional Citizens' Advisory Council Monitoring Program,Prince William Sound Regional Citizens' Advisory Council Monitoring Program
PWSRCAC,LTEMP,2004,9.41,60.69055,-146.5833,Blue Mussel,Mytilus trossulus,mussel,Bivalvia,Mussels,Background biomonitoring / Post-oil spill assessment,KNH-B-04-1-2,39,ng/g,dry,Calculated,Whole Body,2.52,,b,,AlphaAnalytics,,mussel,Prince William Sound Regional Citizens' Advisory Council Monitoring Program,Prince William Sound Regional Citizens' Advisory Council Monitoring Program
PWSRCAC,LTEMP,2004,10.1,60.69055,-146.5833,Blue Mussel,Mytilus trossulus,mussel,Bivalvia,Mussels,Background biomonitoring / Post-oil spill assessment,KNH-B-04-1-3,39,ng/g,dry,Calculated,Whole Body,4.7,,b,,AlphaAnalytics,,mussel,Prince William Sound Regional Citizens' Advisory Council Monitoring Program,Prince William Sound Regional Citizens' Advisory Council Monitoring Program
PWSRCAC,LTEMP,2004,12.34,60.69055,-146.5833,Blue Mussel,Mytilus trossulus,mussel,Bivalvia,Mussels,Background biomonitoring / Post-oil spill assessment,KNH-B-04-2-1-R2,39,ng/g,dry,Calculated,Whole Body,6.51,,b,,AlphaAnalytics,,mussel,Prince William Sound Regional Citizens' Advisory Council Monitoring Program,Prince William Sound Regional Citizens' Advisory Council Monitoring Program
PWSRCAC,LTEMP,2004,82.34,60.69055,-146.5833,Blue Mussel,Mytilus trossulus,mussel,Bivalvia,Mussels,Background biomonitoring / Post-oil spill assessment,KNH-B-04-2-2-R2,40,ng/g,dry,Calculated,Whole Body,5.3,,b,,AlphaAnalytics,,mussel,Prince William Sound Regional Citizens' Advisory Council Monitoring Program,Prince William Sound Regional Citizens' Advisory Council Monitoring Program
PWSRCAC,LTEMP,2004,8.93,60.69055,-146.5833,Blue Mussel,Mytilus trossulus,mussel,Bivalvia,Mussels,Background biomonitoring / Post-oil spill assessment,KNH-B-04-2-3-R2,39,ng/g,dry,Calculated,Whole Body,41.5,,b,,AlphaAnalytics,,mussel,Prince William Sound Regional Citizens' Advisory Council Monitoring Program,Prince William Sound Regional Citizens' Advisory Council Monitoring Program
PWSRCAC,LTEMP,2005,27.99,60.69055,-146.5833,Blue Mussel,Mytilus trossulus,mussel,Bivalvia,Mussels,Background biomonitoring / Post-oil spill assessment,KNH-B-05-1-1,39,ng/g,dry,Calculated,Whole Body,0.486,,b,,AlphaAnalytics,,mussel,Prince William Sound Regional Citizens' Advisory Council Monitoring Program,Prince William Sound Regional Citizens' Advisory Council Monitoring Program
PWSRCAC,LTEMP,2005,23.98,60.69055,-146.5833,Blue Mussel,Mytilus trossulus,mussel,Bivalvia,Mussels,Background biomonitoring / Post-oil spill assessment,KNH-B-05-1-2,39,ng/g,dry,Calculated,Whole Body,0.495,,b,,AlphaAnalytics,,mussel,Prince William Sound Regional Citizens' Advisory Council Monitoring Program,Prince William Sound Regional Citizens' Advisory Council Monitoring Program
PWSRCAC,LTEMP,2005,21.98,60.69055,-146.5833,Blue Mussel,Mytilus trossulus,mussel,Bivalvia,Mussels,Background biomonitoring / Post-oil spill assessment,KNH-B-05-1-3,39,ng/g,dry,Calculated,Whole Body,0.483,,b,,AlphaAnalytics,,mussel,Prince William Sound Regional Citizens' Advisory Council Monitoring Program,Prince William Sound Regional Citizens' Advisory Council Monitoring Program
PWSRCAC,LTEMP,2005,26.03,60.69055,-146.5833,Blue Mussel,Mytilus trossulus,mussel,Bivalvia,Mussels,Background biomonitoring / Post-oil spill assessment,KNH-B-05-2-1,39,ng/g,dry,Calculated,Whole Body,5.85,,b,,AlphaAnalytics,,mussel,Prince William Sound Regional Citizens' Advisory Council Monitoring Program,Prince William Sound Regional Citizens' Advisory Council Monitoring Program
PWSRCAC,LTEMP,2005,14.05,60.69055,-146.5833,Blue Mussel,Mytilus trossulus,mussel,Bivalvia,Mussels,Background biomonitoring / Post-oil spill assessment,KNH-B-05-2-2,39,ng/g,dry,Calculated,Whole Body,6.33,,b,,AlphaAnalytics,,mussel,Prince William Sound Regional Citizens' Advisory Council Monitoring Program,Prince William Sound Regional Citizens' Advisory Council Monitoring Program
PWSRCAC,LTEMP,2005,14.63,60.69055,-146.5833,Blue Mussel,Mytilus trossulus,mussel,Bivalvia,Mussels,Background biomonitoring / Post-oil spill assessment,KNH-B-05-2-3,39,ng/g,dry,Calculated,Whole Body,6.33,,b,,AlphaAnalytics,,mussel,Prince William Sound Regional Citizens' Advisory Council Monitoring Program,Prince William Sound Regional Citizens' Advisory Council Monitoring Program
PWSRCAC,LTEMP,2006,19.98,60.69055,-146.5833,Blue Mussel,Mytilus trossulus,mussel,Bivalvia,Mussels,Background biomonitoring / Post-oil spill assessment,KNH-B-06-1-1,39,ng/g,dry,Calculated,Whole Body,5.07,,b,,AlphaAnalytics,,mussel,Prince William Sound Regional Citizens' Advisory Council Monitoring Program,Prince William Sound Regional Citizens' Advisory Council Monitoring Program
PWSRCAC,LTEMP,2006,25.67,60.69055,-146.5833,Blue Mussel,Mytilus trossulus,mussel,Bivalvia,Mussels,Background biomonitoring / Post-oil spill assessment,KNH-B-06-1-2,39,ng/g,dry,Calculated,Whole Body,4.47,,b,,AlphaAnalytics,,mussel,Prince William Sound Regional Citizens' Advisory Council Monitoring Program,Prince William Sound Regional Citizens' Advisory Council Monitoring Program
PWSRCAC,LTEMP,2006,24.53,60.69055,-146.5833,Blue Mussel,Mytilus trossulus,mussel,Bivalvia,Mussels,Background biomonitoring / Post-oil spill assessment,KNH-B-06-1-3,39,ng/g,dry,Calculated,Whole Body,4.38,,b,,AlphaAnalytics,,mussel,Prince William Sound Regional Citizens' Advisory Council Monitoring Program,Prince William Sound Regional Citizens' Advisory Council Monitoring Program
PWSRCAC,LTEMP,2007,21.6882115,60.69055,-146.5833,Blue Mussel,Mytilus trossulus,mussel,Bivalvia,Mussels,Background biomonitoring / Post-oil spill assessment,KNH-B-07-1-1,38,ng/g,dry,Calculated,Whole Body,5.560976,,,,AlphaAnalytics,,mussel,Prince William Sound Regional Citizens' Advisory Council Monitoring Program,Prince William Sound Regional Citizens' Advisory Council Monitoring Program
PWSRCAC,LTEMP,2007,21.41672705,60.69055,-146.5833,Blue Mussel,Mytilus trossulus,mussel,Bivalvia,Mussels,Background biomonitoring / Post-oil spill assessment,KNH-B-07-1-2,38,ng/g,dry,Calculated,Whole Body,5.7,,,,AlphaAnalytics,,mussel,Prince William Sound Regional Citizens' Advisory Council Monitoring Program,Prince William Sound Regional Citizens' Advisory Council Monitoring Program
PWSRCAC,LTEMP,2007,17.722859,60.69055,-146.5833,Blue Mussel,Mytilus trossulus,mussel,Bivalvia,Mussels,Background biomonitoring / Post-oil spill assessment,KNH-B-07-1-3,38,ng/g,dry,Calculated,Whole Body,5.428571,,,,AlphaAnalytics,,mussel,Prince William Sound Regional Citizens' Advisory Council Monitoring Program,Prince William Sound Regional Citizens' Advisory Council Monitoring Program
PWSRCAC,LTEMP,2007,54.2888037,60.69055,-146.5833,Blue Mussel,Mytilus trossulus,mussel,Bivalvia,Mussels,Background biomonitoring / Post-oil spill assessment,KNH-B-07-2-1,38,ng/g,dry,Calculated,Whole Body,4.514851,,,,AlphaAnalytics,,mussel,Prince William Sound Regional Citizens' Advisory Council Monitoring Program,Prince William Sound Regional Citizens' Advisory Council Monitoring Program
PWSRCAC,LTEMP,2007,16.2674788,60.69055,-146.5833,Blue Mussel,Mytilus trossulus,mussel,Bivalvia,Mussels,Background biomonitoring / Post-oil spill assessment,KNH-B-07-2-2,38,ng/g,dry,Calculated,Whole Body,5.241379,,,,AlphaAnalytics,,mussel,Prince William Sound Regional Citizens' Advisory Council Monitoring Program,Prince William Sound Regional Citizens' Advisory Council Monitoring Program
PWSRCAC,LTEMP,2007,15.6761789,60.69055,-146.5833,Blue Mussel,Mytilus trossulus,mussel,Bivalvia,Mussels,Background biomonitoring / Post-oil spill assessment,KNH-B-07-2-3,38,ng/g,dry,Calculated,Whole Body,4.56,,,,AlphaAnalytics,,mussel,Prince William Sound Regional Citizens' Advisory Council Monitoring Program,Prince William Sound Regional Citizens' Advisory Council Monitoring Program
PWSRCAC,LTEMP,2008,11.925044,60.69055,-146.5833,Blue Mussel,Mytilus trossulus,mussel,Bivalvia,Mussels,Background biomonitoring / Post-oil spill assessment,KNH-B-08-2-1,38,ng/g,dry,Calculated,Whole Body,1.969414,,a,,AlphaAnalytics,,mussel,Prince William Sound Regional Citizens' Advisory Council Monitoring Program,Prince William Sound Regional Citizens' Advisory Council Monitoring Program
PWSRCAC,LTEMP,2008,29.82350804,60.69055,-146.5833,Blue Mussel,Mytilus trossulus,mussel,Bivalvia,Mussels,Background biomonitoring / Post-oil spill assessment,KNH-B-08-2-2,76,ng/g,dry,Calculated,Whole Body,1.97129,,a,,AlphaAnalytics,,mussel,Prince William Sound Regional Citizens' Advisory Council Monitoring Program,Prince William Sound Regional Citizens' Advisory Council Monitoring Program
PWSRCAC,LTEMP,2008,8.7232171,60.69055,-146.5833,Blue Mussel,Mytilus trossulus,mussel,Bivalvia,Mussels,Background biomonitoring / Post-oil spill assessment,KNH-B-08-2-3,38,ng/g,dry,Calculated,Whole Body,1.969414,,a,,AlphaAnalytics,,mussel,Prince William Sound Regional Citizens' Advisory Council Monitoring Program,Prince William Sound Regional Citizens' Advisory Council Monitoring Program
PWSRCAC,LTEMP,2009,15.5601128,60.69055,-146.5833,Blue Mussel,Mytilus trossulus,mussel,Bivalvia,Mussels,Background biomonitoring / Post-oil spill assessment,KNH-B-09-1-1,38,ng/g,dry,Calculated,Whole Body,1.621871,,a,,AlphaAnalytics,,mussel,Prince William Sound Regional Citizens' Advisory Council Monitoring Program,Prince William Sound Regional Citizens' Advisory Council Monitoring Program
PWSRCAC,LTEMP,2009,17.4417485,60.69055,-146.5833,Blue Mussel,Mytilus trossulus,mussel,Bivalvia,Mussels,Background biomonitoring / Post-oil spill assessment,KNH-B-09-1-2,38,ng/g,dry,Calculated,Whole Body,1.629539,,a,,AlphaAnalytics,,mussel,Prince William Sound Regional Citizens' Advisory Council Monitoring Program,Prince William Sound Regional Citizens' Advisory Council Monitoring Program
PWSRCAC,LTEMP,2009,11.55466266,60.69055,-146.5833,Blue Mussel,Mytilus trossulus,mussel,Bivalvia,Mussels,Background biomonitoring / Post-oil spill assessment,KNH-B-09-1-3,38,ng/g,dry,Calculated,Whole Body,1.619965,,a,,AlphaAnalytics,,mussel,Prince William Sound Regional Citizens' Advisory Council Monitoring Program,Prince William Sound Regional Citizens' Advisory Council Monitoring Program
PWSRCAC,LTEMP,2009,7.948522,60.69055,-146.5833,Blue Mussel,Mytilus trossulus,mussel,Bivalvia,Mussels,Background biomonitoring / Post-oil spill assessment,KNH-B-09-2-1,38,ng/g,dry,Calculated,Whole Body,1.48555,,a,,AlphaAnalytics,,mussel,Prince William Sound Regional Citizens' Advisory Council Monitoring Program,Prince William Sound Regional Citizens' Advisory Council Monitoring Program
PWSRCAC,LTEMP,2009,7.6978277,60.69055,-146.5833,Blue Mussel,Mytilus trossulus,mussel,Bivalvia,Mussels,Background biomonitoring / Post-oil spill assessment,KNH-B-09-2-2,38,ng/g,dry,Calculated,Whole Body,1.52837,,a,,AlphaAnalytics,,mussel,Prince William Sound Regional Citizens' Advisory Council Monitoring Program,Prince William Sound Regional Citizens' Advisory Council Monitoring Program
PWSRCAC,LTEMP,2009,8.1320807,60.69055,-146.5833,Blue Mussel,Mytilus trossulus,mussel,Bivalvia,Mussels,Background biomonitoring / Post-oil spill assessment,KNH-B-09-2-3,38,ng/g,dry,Calculated,Whole Body,1.500098,,a,,AlphaAnalytics,,mussel,Prince William Sound Regional Citizens' Advisory Council Monitoring Program,Prince William Sound Regional Citizens' Advisory Council Monitoring Program
PWSRCAC,LTEMP,2010,4.7162756,60.69055,-146.5833,Blue Mussel,Mytilus trossulus,mussel,Bivalvia,Mussels,Background biomonitoring / Post-oil spill assessment,KNH-B-10-2-1,38,ng/g,dry,Calculated,Whole Body,1.252948,,a,,AlphaAnalytics,,mussel,Prince William Sound Regional Citizens' Advisory Council Monitoring Program,Prince William Sound Regional Citizens' Advisory Council Monitoring Program
PWSRCAC,LTEMP,2010,3.90701037,60.69055,-146.5833,Blue Mussel,Mytilus trossulus,mussel,Bivalvia,Mussels,Background biomonitoring / Post-oil spill assessment,KNH-B-10-2-2,38,ng/g,dry,Calculated,Whole Body,1.548587,,a,,AlphaAnalytics,,mussel,Prince William Sound Regional Citizens' Advisory Council Monitoring Program,Prince William Sound Regional Citizens' Advisory Council Monitoring Program
PWSRCAC,LTEMP,2010,2.8603141,60.69055,-146.5833,Blue Mussel,Mytilus trossulus,mussel,Bivalvia,Mussels,Background biomonitoring / Post-oil spill assessment,KNH-B-10-2-3,38,ng/g,dry,Calculated,Whole Body,1.450782,,a,,AlphaAnalytics,,mussel,Prince William Sound Regional Citizens' Advisory Council Monitoring Program,Prince William Sound Regional Citizens' Advisory Council Monitoring Program
PWSRCAC,LTEMP,2011,10.5038815,60.69055,-146.5833,Blue Mussel,Mytilus trossulus,mussel,Bivalvia,Mussels,Background biomonitoring / Post-oil spill assessment,KNH-B-11-2-1,38,ng/g,dry,Calculated,Whole Body,2.120374,,b,,AlphaAnalytics,,mussel,Prince William Sound Regional Citizens' Advisory Council Monitoring Program,Prince William Sound Regional Citizens' Advisory Council Monitoring Program
PWSRCAC,LTEMP,2011,8.8120376,60.69055,-146.5833,Blue Mussel,Mytilus trossulus,mussel,Bivalvia,Mussels,Background biomonitoring / Post-oil spill assessment,KNH-B-11-2-2,38,ng/g,dry,Calculated,Whole Body,2.376281,,b,,AlphaAnalytics,,mussel,Prince William Sound Regional Citizens' Advisory Council Monitoring Program,Prince William Sound Regional Citizens' Advisory Council Monitoring Program
PWSRCAC,LTEMP,2011,13.3476592,60.69055,-146.5833,Blue Mussel,Mytilus trossulus,mussel,Bivalvia,Mussels,Background biomonitoring / Post-oil spill assessment,KNH-B-11-2-3,38,ng/g,dry,Calculated,Whole Body,1.997453,,b,,AlphaAnalytics,,mussel,Prince William Sound Regional Citizens' Advisory Council Monitoring Program,Prince William Sound Regional Citizens' Advisory Council Monitoring Program
PWSRCAC,LTEMP,2012,23.8905616,60.69055,-146.5833,Blue Mussel,Mytilus trossulus,mussel,Bivalvia,Mussels,Background biomonitoring / Post-oil spill assessment,KNH-B-12-2-1,38,ng/g,dry,Calculated,Whole Body,1.652569,,a,,AlphaAnalytics,,mussel,Prince William Sound Regional Citizens' Advisory Council Monitoring Program,Prince William Sound Regional Citizens' Advisory Council Monitoring Program
PWSRCAC,LTEMP,2012,23.192912,60.69055,-146.5833,Blue Mussel,Mytilus trossulus,mussel,Bivalvia,Mussels,Background biomonitoring / Post-oil spill assessment,KNH-B-12-2-2,38,ng/g,dry,Calculated,Whole Body,2.456761,,a,,AlphaAnalytics,,mussel,Prince William Sound Regional Citizens' Advisory Council Monitoring Program,Prince William Sound Regional Citizens' Advisory Council Monitoring Program
PWSRCAC,LTEMP,2012,16.7938639,60.69055,-146.5833,Blue Mussel,Mytilus trossulus,mussel,Bivalvia,Mussels,Background biomonitoring / Post-oil spill assessment,KNH-B-12-2-3,38,ng/g,dry,Calculated,Whole Body,2.094594,,a,,AlphaAnalytics,,mussel,Prince William Sound Regional Citizens' Advisory Council Monitoring Program,Prince William Sound Regional Citizens' Advisory Council Monitoring Program
PWSRCAC,LTEMP,2013,10.0393505,60.69055,-146.5833,Blue Mussel,Mytilus trossulus,mussel,Bivalvia,Mussels,Background biomonitoring / Post-oil spill assessment,KNH-B-13-2-1,38,ng/g,dry,Calculated,Whole Body,1.396396,,a,,AlphaAnalytics,,mussel,Prince William Sound Regional Citizens' Advisory Council Monitoring Program,Prince William Sound Regional Citizens' Advisory Council Monitoring Program
PWSRCAC,LTEMP,2013,10.9932557,60.69055,-146.5833,Blue Mussel,Mytilus trossulus,mussel,Bivalvia,Mussels,Background biomonitoring / Post-oil spill assessment,KNH-B-13-2-2,38,ng/g,dry,Calculated,Whole Body,1.412134,,a,,AlphaAnalytics,,mussel,Prince William Sound Regional Citizens' Advisory Council Monitoring Program,Prince William Sound Regional Citizens' Advisory Council Monitoring Program
PWSRCAC,LTEMP,2013,14.0826766,60.69055,-146.5833,Blue Mussel,Mytilus trossulus,mussel,Bivalvia,Mussels,Background biomonitoring / Post-oil spill assessment,KNH-B-13-2-3,38,ng/g,dry,Calculated,Whole Body,1.689023,,a,,AlphaAnalytics,,mussel,Prince William Sound Regional Citizens' Advisory Council Monitoring Program,Prince William Sound Regional Citizens' Advisory Council Monitoring Program
PWSRCAC,LTEMP,2015,10.566326,60.69055,-146.5833,Blue Mussel,Mytilus trossulus,mussel,Bivalvia,Mussels,Background biomonitoring / Post-oil spill assessment,KNH-B-15-2-1,38,ng/g,dry,Calculated,Whole Body,2.057079,,a,,AlphaAnalytics,,mussel,Prince William Sound Regional Citizens' Advisory Council Monitoring Program,Prince William Sound Regional Citizens' Advisory Council Monitoring Program
PWSRCAC,LTEMP,2015,11.830009,60.69055,-146.5833,Blue Mussel,Mytilus trossulus,mussel,Bivalvia,Mussels,Background biomonitoring / Post-oil spill assessment,KNH-B-15-2-2,38,ng/g,dry,Calculated,Whole Body,2.153504,,a,,AlphaAnalytics,,mussel,Prince William Sound Regional Citizens' Advisory Council Monitoring Program,Prince William Sound Regional Citizens' Advisory Council Monitoring Program
PWSRCAC,LTEMP,2015,17.16991,60.69055,-146.5833,Blue Mussel,Mytilus trossulus,mussel,Bivalvia,Mussels,Background biomonitoring / Post-oil spill assessment,KNH-B-15-2-3,38,ng/g,dry,Calculated,Whole Body,2.336005,,a,,AlphaAnalytics,,mussel,Prince William Sound Regional Citizens' Advisory Council Monitoring Program,Prince William Sound Regional Citizens' Advisory Council Monitoring Program
PWSRCAC,LTEMP,2018,16.6000003,60.69055,-146.5833,Blue Mussel,Mytilus trossulus,mussel,Bivalvia,Mussels,Background biomonitoring / Post-oil spill assessment,KNH-B-18-2-1,41,ng/g,dry,Calculated,Whole Body,5.633333,13.06667,JB,85,AlphaAnalytics,,mussel,Prince William Sound Regional Citizens' Advisory Council Monitoring Program,Prince William Sound Regional Citizens' Advisory Council Monitoring Program
PWSRCAC,LTEMP,2018,18.5882355,60.69055,-146.5833,Blue Mussel,Mytilus trossulus,mussel,Bivalvia,Mussels,Background biomonitoring / Post-oil spill assessment,KNH-B-18-2-2,41,ng/g,dry,Calculated,Whole Body,7.176471,16.64706,JB,83,AlphaAnalytics,,mussel,Prince William Sound Regional Citizens' Advisory Council Monitoring Program,Prince William Sound Regional Citizens' Advisory Council Monitoring Program
PWSRCAC,LTEMP,2018,16.35625,60.69055,-146.5833,Blue Mussel,Mytilus trossulus,mussel,Bivalvia,Mussels,Background biomonitoring / Post-oil spill assessment,KNH-B-18-2-3,41,ng/g,dry,Calculated,Whole Body,5.2625,12.1875,JB,84,AlphaAnalytics,,mussel,Prince William Sound Regional Citizens' Advisory Council Monitoring Program,Prince William Sound Regional Citizens' Advisory Council Monitoring Program
PWSRCAC,LTEMP,2023,163.908,60.69055,-146.5833,Blue Mussel,Mytilus trossulus,mussel,Bivalvia,Mussels,Background biomonitoring / Post-oil spill assessment,KNH-B-23-1,41,ng/g,wet,Calculated,Whole Body,2.05,4.76,JB,0,AlphaAnalytics,,mussel,Prince William Sound Regional Citizens' Advisory Council Monitoring Program,Prince William Sound Regional Citizens' Advisory Council Monitoring Program
PWSRCAC,LTEMP,2023,64.929,60.69055,-146.5833,Blue Mussel,Mytilus trossulus,mussel,Bivalvia,Mussels,Background biomonitoring / Post-oil spill assessment,KNH-B-23-2,41,ng/g,wet,Calculated,Whole Body,0.839,1.94,JB,0,AlphaAnalytics,,mussel,Prince William Sound Regional Citizens' Advisory Council Monitoring Program,Prince William Sound Regional Citizens' Advisory Council Monitoring Program
PWSRCAC,LTEMP,2023,184.55,60.69055,-146.5833,Blue Mussel,Mytilus trossulus,mussel,Bivalvia,Mussels,Background biomonitoring / Post-oil spill assessment,KNH-B-23-3,41,ng/g,wet,Calculated,Whole Body,2.08,4.83,,0,AlphaAnalytics,,mussel,Prince William Sound Regional Citizens' Advisory Council Monitoring Program,Prince William Sound Regional Citizens' Advisory Council Monitoring Program
PWSRCAC,LTEMP,2007,490.5585516,60.73167,-146.1864,Blue Mussel,Mytilus trossulus,mussel,Bivalvia,Mussels,Background biomonitoring / Post-oil spill assessment,OLB-B-07-2-1,38,ng/g,dry,Calculated,Whole Body,9.5,,,,AlphaAnalytics,,mussel,Prince William Sound Regional Citizens' Advisory Council Monitoring Program,Prince William Sound Regional Citizens' Advisory Council Monitoring Program
PWSRCAC,LTEMP,2007,380.0410585,60.73167,-146.1864,Blue Mussel,Mytilus trossulus,mussel,Bivalvia,Mussels,Background biomonitoring / Post-oil spill assessment,OLB-B-07-2-2,38,ng/g,dry,Calculated,Whole Body,8.444444,,,,AlphaAnalytics,,mussel,Prince William Sound Regional Citizens' Advisory Council Monitoring Program,Prince William Sound Regional Citizens' Advisory Council Monitoring Program
PWSRCAC,LTEMP,2007,1237.38727,60.73167,-146.1864,Blue Mussel,Mytilus trossulus,mussel,Bivalvia,Mussels,Background biomonitoring / Post-oil spill assessment,OLB-B-07-2-3,38,ng/g,dry,Calculated,Whole Body,8.603774,,,,AlphaAnalytics,,mussel,Prince William Sound Regional Citizens' Advisory Council Monitoring Program,Prince William Sound Regional Citizens' Advisory Council Monitoring Program
PWSRCAC,LTEMP,2007,18310.82258,60.73167,-146.1864,Blue Mussel,Mytilus trossulus,mussel,Bivalvia,Mussels,Background biomonitoring / Post-oil spill assessment,OLB-B-07-2-4,38,ng/g,dry,Calculated,Whole Body,8.603774,,,,AlphaAnalytics,,mussel,Prince William Sound Regional Citizens' Advisory Council Monitoring Program,Prince William Sound Regional Citizens' Advisory Council Monitoring Program
PWSRCAC,LTEMP,2007,3926.120823,60.73167,-146.1864,Blue Mussel,Mytilus trossulus,mussel,Bivalvia,Mussels,Background biomonitoring / Post-oil spill assessment,OLB-B-07-2-5,38,ng/g,dry,Calculated,Whole Body,8.941176,,,,AlphaAnalytics,,mussel,Prince William Sound Regional Citizens' Advisory Council Monitoring Program,Prince William Sound Regional Citizens' Advisory Council Monitoring Program
PWSRCAC,LTEMP,2007,3169.37642,60.73167,-146.1864,Blue Mussel,Mytilus trossulus,mussel,Bivalvia,Mussels,Background biomonitoring / Post-oil spill assessment,OLB-B-07-2-6,38,ng/g,dry,Calculated,Whole Body,8,,,,AlphaAnalytics,,mussel,Prince William Sound Regional Citizens' Advisory Council Monitoring Program,Prince William Sound Regional Citizens' Advisory Council Monitoring Program
PWSRCAC,LTEMP,2000,72.5,59.87917,-149.6569,Blue Mussel,Mytilus trossulus,mussel,Bivalvia,Mussels,Background biomonitoring / Post-oil spill assessment,PWS00TIS0001,34,ng/g,dry,Calculated,Whole Body,1.2,,,,AlphaAnalytics,,mussel,Prince William Sound Regional Citizens' Advisory Council Monitoring Program,Prince William Sound Regional Citizens' Advisory Council Monitoring Program
PWSRCAC,LTEMP,2000,68.6,59.87917,-149.6569,Blue Mussel,Mytilus trossulus,mussel,Bivalvia,Mussels,Background biomonitoring / Post-oil spill assessment,PWS00TIS0002,35,ng/g,dry,Calculated,Whole Body,1.6,,,,AlphaAnalytics,,mussel,Prince William Sound Regional Citizens' Advisory Council Monitoring Program,Prince William Sound Regional Citizens' Advisory Council Monitoring Program
PWSRCAC,LTEMP,2000,78.4,59.87917,-149.6569,Blue Mussel,Mytilus trossulus,mussel,Bivalvia,Mussels,Background biomonitoring / Post-oil spill assessment,PWS00TIS0003,35,ng/g,dry,Calculated,Whole Body,2.1,,,,AlphaAnalytics,,mussel,Prince William Sound Regional Citizens' Advisory Council Monitoring Program,Prince William Sound Regional Citizens' Advisory Council Monitoring Program
PWSRCAC,LTEMP,2000,112.8,59.21888883,-151.5186112,Blue Mussel,Mytilus trossulus,mussel,Bivalvia,Mussels,Background biomonitoring / Post-oil spill assessment,PWS00TIS0004,34,ng/g,dry,Calculated,Whole Body,2.1,,,,AlphaAnalytics,,mussel,Prince William Sound Regional Citizens' Advisory Council Monitoring Program,Prince William Sound Regional Citizens' Advisory Council Monitoring Program
PWSRCAC,LTEMP,2000,143.3,59.21888883,-151.5186112,Blue Mussel,Mytilus trossulus,mussel,Bivalvia,Mussels,Background biomonitoring / Post-oil spill assessment,PWS00TIS0005,34,ng/g,dry,Calculated,Whole Body,2.7,,,,AlphaAnalytics,,mussel,Prince William Sound Regional Citizens' Advisory Council Monitoring Program,Prince William Sound Regional Citizens' Advisory Council Monitoring Program
PWSRCAC,LTEMP,2000,105.8,59.21888883,-151.5186112,Blue Mussel,Mytilus trossulus,mussel,Bivalvia,Mussels,Background biomonitoring / Post-oil spill assessment,PWS00TIS0006,34,ng/g,dry,Calculated,Whole Body,2.3,,J,,AlphaAnalytics,,mussel,Prince William Sound Regional Citizens' Advisory Council Monitoring Program,Prince William Sound Regional Citizens' Advisory Council Monitoring Program
PWSRCAC,LTEMP,2000,104.6,58.50167,-152.625,Blue Mussel,Mytilus trossulus,mussel,Bivalvia,Mussels,Background biomonitoring / Post-oil spill assessment,PWS00TIS0007,34,ng/g,dry,Calculated,Whole Body,2.3,,J,,AlphaAnalytics,,mussel,Prince William Sound Regional Citizens' Advisory Council Monitoring Program,Prince William Sound Regional Citizens' Advisory Council Monitoring Program
PWSRCAC,LTEMP,2000,159.1,58.50167,-152.625,Blue Mussel,Mytilus trossulus,mussel,Bivalvia,Mussels,Background biomonitoring / Post-oil spill assessment,PWS00TIS0008,34,ng/g,dry,Calculated,Whole Body,1.7,,J,,AlphaAnalytics,,mussel,Prince William Sound Regional Citizens' Advisory Council Monitoring Program,Prince William Sound Regional Citizens' Advisory Council Monitoring Program
PWSRCAC,LTEMP,2000,90.1,58.50167,-152.625,Blue Mussel,Mytilus trossulus,mussel,Bivalvia,Mussels,Background biomonitoring / Post-oil spill assessment,PWS00TIS0009,34,ng/g,dry,Calculated,Whole Body,1.6,,J,,AlphaAnalytics,,mussel,Prince William Sound Regional Citizens' Advisory Council Monitoring Program,Prince William Sound Regional Citizens' Advisory Council Monitoring Program
PWSRCAC,LTEMP,2000,110.5,60.69055,-146.5833,Blue Mussel,Mytilus trossulus,mussel,Bivalvia,Mussels,Background biomonitoring / Post-oil spill assessment,PWS00TIS0010,34,ng/g,dry,Calculated,Whole Body,2.9,,,,AlphaAnalytics,,mussel,Prince William Sound Regional Citizens' Advisory Council Monitoring Program,Prince William Sound Regional Citizens' Advisory Council Monitoring Program
PWSRCAC,LTEMP,2000,137.4,60.69055,-146.5833,Blue Mussel,Mytilus trossulus,mussel,Bivalvia,Mussels,Background biomonitoring / Post-oil spill assessment,PWS00TIS0011,34,ng/g,dry,Calculated,Whole Body,3.3,,J,,AlphaAnalytics,,mussel,Prince William Sound Regional Citizens' Advisory Council Monitoring Program,Prince William Sound Regional Citizens' Advisory Council Monitoring Program
PWSRCAC,LTEMP,2000,67.9,60.69055,-146.5833,Blue Mussel,Mytilus trossulus,mussel,Bivalvia,Mussels,Background biomonitoring / Post-oil spill assessment,PWS00TIS0012,34,ng/g,dry,Calculated,Whole Body,2.4,,J,,AlphaAnalytics,,mussel,Prince William Sound Regional Citizens' Advisory Council Monitoring Program,Prince William Sound Regional Citizens' Advisory Council Monitoring Program
PWSRCAC,LTEMP,2000,86.7,60.64722,-145.995,Blue Mussel,Mytilus trossulus,mussel,Bivalvia,Mussels,Background biomonitoring / Post-oil spill assessment,PWS00TIS0013,34,ng/g,dry,Calculated,Whole Body,3,,J,,AlphaAnalytics,,mussel,Prince William Sound Regional Citizens' Advisory Council Monitoring Program,Prince William Sound Regional Citizens' Advisory Council Monitoring Program
PWSRCAC,LTEMP,2000,113.2,60.64722,-145.995,Blue Mussel,Mytilus trossulus,mussel,Bivalvia,Mussels,Background biomonitoring / Post-oil spill assessment,PWS00TIS0014,34,ng/g,dry,Calculated,Whole Body,2.1,,,,AlphaAnalytics,,mussel,Prince William Sound Regional Citizens' Advisory Council Monitoring Program,Prince William Sound Regional Citizens' Advisory Council Monitoring Program
PWSRCAC,LTEMP,2000,52.9,60.64722,-145.995,Blue Mussel,Mytilus trossulus,mussel,Bivalvia,Mussels,Background biomonitoring / Post-oil spill assessment,PWS00TIS0015,34,ng/g,dry,Calculated,Whole Body,1.9,,J,,AlphaAnalytics,,mussel,Prince William Sound Regional Citizens' Advisory Council Monitoring Program,Prince William Sound Regional Citizens' Advisory Council Monitoring Program
PWSRCAC,LTEMP,2000,56.7,60.26583,-147.08445,Blue Mussel,Mytilus trossulus,mussel,Bivalvia,Mussels,Background biomonitoring / Post-oil spill assessment,PWS00TIS0016,34,ng/g,dry,Calculated,Whole Body,1.6,,,,AlphaAnalytics,,mussel,Prince William Sound Regional Citizens' Advisory Council Monitoring Program,Prince William Sound Regional Citizens' Advisory Council Monitoring Program
PWSRCAC,LTEMP,2000,53.5,60.26583,-147.08445,Blue Mussel,Mytilus trossulus,mussel,Bivalvia,Mussels,Background biomonitoring / Post-oil spill assessment,PWS00TIS0017,34,ng/g,dry,Calculated,Whole Body,2.2,,,,AlphaAnalytics,,mussel,Prince William Sound Regional Citizens' Advisory Council Monitoring Program,Prince William Sound Regional Citizens' Advisory Council Monitoring Program
PWSRCAC,LTEMP,2000,56.6,60.26583,-147.08445,Blue Mussel,Mytilus trossulus,mussel,Bivalvia,Mussels,Background biomonitoring / Post-oil spill assessment,PWS00TIS0018,34,ng/g,dry,Calculated,Whole Body,2.5,,,,AlphaAnalytics,,mussel,Prince William Sound Regional Citizens' Advisory Council Monitoring Program,Prince William Sound Regional Citizens' Advisory Council Monitoring Program
PWSRCAC,LTEMP,2000,104.5,60.0675,-147.8319445,Blue Mussel,Mytilus trossulus,mussel,Bivalvia,Mussels,Background biomonitoring / Post-oil spill assessment,PWS00TIS0019,34,ng/g,dry,Calculated,Whole Body,2.8,,J,,AlphaAnalytics,,mussel,Prince William Sound Regional Citizens' Advisory Council Monitoring Program,Prince William Sound Regional Citizens' Advisory Council Monitoring Program
PWSRCAC,LTEMP,2000,122.9,60.0675,-147.8319445,Blue Mussel,Mytilus trossulus,mussel,Bivalvia,Mussels,Background biomonitoring / Post-oil spill assessment,PWS00TIS0020,34,ng/g,dry,Calculated,Whole Body,3.1,,J,,AlphaAnalytics,,mussel,Prince William Sound Regional Citizens' Advisory Council Monitoring Program,Prince William Sound Regional Citizens' Advisory Council Monitoring Program
PWSRCAC,LTEMP,2000,144,60.0675,-147.8319445,Blue Mussel,Mytilus trossulus,mussel,Bivalvia,Mussels,Background biomonitoring / Post-oil spill assessment,PWS00TIS0021,34,ng/g,dry,Calculated,Whole Body,3.6,,,,AlphaAnalytics,,mussel,Prince William Sound Regional Citizens' Advisory Council Monitoring Program,Prince William Sound Regional Citizens' Advisory Council Monitoring Program
PWSRCAC,LTEMP,2000,66.2,60.49861,-147.6586,Blue Mussel,Mytilus trossulus,mussel,Bivalvia,Mussels,Background biomonitoring / Post-oil spill assessment,PWS00TIS0022,34,ng/g,dry,Calculated,Whole Body,1.6,,,,AlphaAnalytics,,mussel,Prince William Sound Regional Citizens' Advisory Council Monitoring Program,Prince William Sound Regional Citizens' Advisory Council Monitoring Program
PWSRCAC,LTEMP,2000,67.6,60.49861,-147.6586,Blue Mussel,Mytilus trossulus,mussel,Bivalvia,Mussels,Background biomonitoring / Post-oil spill assessment,PWS00TIS0023,35,ng/g,dry,Calculated,Whole Body,1.9,,J,,AlphaAnalytics,,mussel,Prince William Sound Regional Citizens' Advisory Council Monitoring Program,Prince William Sound Regional Citizens' Advisory Council Monitoring Program
PWSRCAC,LTEMP,2000,58.2,60.49861,-147.6586,Blue Mussel,Mytilus trossulus,mussel,Bivalvia,Mussels,Background biomonitoring / Post-oil spill assessment,PWS00TIS0024,34,ng/g,dry,Calculated,Whole Body,1.7,,J,,AlphaAnalytics,,mussel,Prince William Sound Regional Citizens' Advisory Council Monitoring Program,Prince William Sound Regional Citizens' Advisory Council Monitoring Program
PWSRCAC,LTEMP,2000,97.5,61.09167,-146.4053,Blue Mussel,Mytilus trossulus,mussel,Bivalvia,Mussels,Background biomonitoring / Post-oil spill assessment,PWS00TIS0025,35,ng/g,dry,Calculated,Whole Body,1.6,,J,,AlphaAnalytics,,mussel,Prince William Sound Regional Citizens' Advisory Council Monitoring Program,Prince William Sound Regional Citizens' Advisory Council Monitoring Program
PWSRCAC,LTEMP,2000,94.3,61.09167,-146.4053,Blue Mussel,Mytilus trossulus,mussel,Bivalvia,Mussels,Background biomonitoring / Post-oil spill assessment,PWS00TIS0026,34,ng/g,dry,Calculated,Whole Body,1.9,,,,AlphaAnalytics,,mussel,Prince William Sound Regional Citizens' Advisory Council Monitoring Program,Prince William Sound Regional Citizens' Advisory Council Monitoring Program
PWSRCAC,LTEMP,2000,166.4,61.09167,-146.4053,Blue Mussel,Mytilus trossulus,mussel,Bivalvia,Mussels,Background biomonitoring / Post-oil spill assessment,PWS00TIS0027,34,ng/g,dry,Calculated,Whole Body,2.8,,,,AlphaAnalytics,,mussel,Prince William Sound Regional Citizens' Advisory Council Monitoring Program,Prince William Sound Regional Citizens' Advisory Council Monitoring Program
PWSRCAC,LTEMP,2000,146.8,61.1243682,-146.4961415,Blue Mussel,Mytilus trossulus,mussel,Bivalvia,Mussels,Background biomonitoring / Post-oil spill assessment,PWS00TIS0028,34,ng/g,dry,Calculated,Whole Body,1.6,,J,,AlphaAnalytics,,mussel,Prince William Sound Regional Citizens' Advisory Council Monitoring Program,Prince William Sound Regional Citizens' Advisory Council Monitoring Program
PWSRCAC,LTEMP,2000,117.8,61.1243682,-146.4961415,Blue Mussel,Mytilus trossulus,mussel,Bivalvia,Mussels,Background biomonitoring / Post-oil spill assessment,PWS00TIS0029,34,ng/g,dry,Calculated,Whole Body,1.7,,J,,AlphaAnalytics,,mussel,Prince William Sound Regional Citizens' Advisory Council Monitoring Program,Prince William Sound Regional Citizens' Advisory Council Monitoring Program
PWSRCAC,LTEMP,2000,130.4,61.1243682,-146.4961415,Blue Mussel,Mytilus trossulus,mussel,Bivalvia,Mussels,Background biomonitoring / Post-oil spill assessment,PWS00TIS0030,34,ng/g,dry,Calculated,Whole Body,1.3,,,,AlphaAnalytics,,mussel,Prince William Sound Regional Citizens' Advisory Council Monitoring Program,Prince William Sound Regional Citizens' Advisory Council Monitoring Program
PWSRCAC,LTEMP,2000,173.2,60.69055,-146.5833,Blue Mussel,Mytilus trossulus,mussel,Bivalvia,Mussels,Background biomonitoring / Post-oil spill assessment,PWS00TIS0031,34,ng/g,dry,Calculated,Whole Body,5.5,,J,,AlphaAnalytics,,mussel,Prince William Sound Regional Citizens' Advisory Council Monitoring Program,Prince William Sound Regional Citizens' Advisory Council Monitoring Program
PWSRCAC,LTEMP,2000,205,60.69055,-146.5833,Blue Mussel,Mytilus trossulus,mussel,Bivalvia,Mussels,Background biomonitoring / Post-oil spill assessment,PWS00TIS0032,34,ng/g,dry,Calculated,Whole Body,9.7,,J,,AlphaAnalytics,,mussel,Prince William Sound Regional Citizens' Advisory Council Monitoring Program,Prince William Sound Regional Citizens' Advisory Council Monitoring Program
PWSRCAC,LTEMP,2000,128.1,60.69055,-146.5833,Blue Mussel,Mytilus trossulus,mussel,Bivalvia,Mussels,Background biomonitoring / Post-oil spill assessment,PWS00TIS0033,34,ng/g,dry,Calculated,Whole Body,6.5,,J,,AlphaAnalytics,,mussel,Prince William Sound Regional Citizens' Advisory Council Monitoring Program,Prince William Sound Regional Citizens' Advisory Council Monitoring Program
PWSRCAC,LTEMP,2000,99,60.64722,-145.995,Blue Mussel,Mytilus trossulus,mussel,Bivalvia,Mussels,Background biomonitoring / Post-oil spill assessment,PWS00TIS0034,34,ng/g,dry,Calculated,Whole Body,4.9,,J,,AlphaAnalytics,,mussel,Prince William Sound Regional Citizens' Advisory Council Monitoring Program,Prince William Sound Regional Citizens' Advisory Council Monitoring Program
PWSRCAC,LTEMP,2000,264.1,60.64722,-145.995,Blue Mussel,Mytilus trossulus,mussel,Bivalvia,Mussels,Background biomonitoring / Post-oil spill assessment,PWS00TIS0035,34,ng/g,dry,Calculated,Whole Body,9.8,,J,,AlphaAnalytics,,mussel,Prince William Sound Regional Citizens' Advisory Council Monitoring Program,Prince William Sound Regional Citizens' Advisory Council Monitoring Program
PWSRCAC,LTEMP,2000,108.3,60.64722,-145.995,Blue Mussel,Mytilus trossulus,mussel,Bivalvia,Mussels,Background biomonitoring / Post-oil spill assessment,PWS00TIS0036,34,ng/g,dry,Calculated,Whole Body,6.3,,J,,AlphaAnalytics,,mussel,Prince William Sound Regional Citizens' Advisory Council Monitoring Program,Prince William Sound Regional Citizens' Advisory Council Monitoring Program
PWSRCAC,LTEMP,2000,96,60.26583,-147.08445,Blue Mussel,Mytilus trossulus,mussel,Bivalvia,Mussels,Background biomonitoring / Post-oil spill assessment,PWS00TIS0037,34,ng/g,dry,Calculated,Whole Body,4,,J,,AlphaAnalytics,,mussel,Prince William Sound Regional Citizens' Advisory Council Monitoring Program,Prince William Sound Regional Citizens' Advisory Council Monitoring Program
PWSRCAC,LTEMP,2000,40.6,60.26583,-147.08445,Blue Mussel,Mytilus trossulus,mussel,Bivalvia,Mussels,Background biomonitoring / Post-oil spill assessment,PWS00TIS0038,34,ng/g,dry,Calculated,Whole Body,3.4,,J,,AlphaAnalytics,,mussel,Prince William Sound Regional Citizens' Advisory Council Monitoring Program,Prince William Sound Regional Citizens' Advisory Council Monitoring Program
PWSRCAC,LTEMP,2000,63.5,60.26583,-147.08445,Blue Mussel,Mytilus trossulus,mussel,Bivalvia,Mussels,Background biomonitoring / Post-oil spill assessment,PWS00TIS0039,34,ng/g,dry,Calculated,Whole Body,4,,J,,AlphaAnalytics,,mussel,Prince William Sound Regional Citizens' Advisory Council Monitoring Program,Prince William Sound Regional Citizens' Advisory Council Monitoring Program
PWSRCAC,LTEMP,2000,428.6,60.0675,-147.8319445,Blue Mussel,Mytilus trossulus,mussel,Bivalvia,Mussels,Background biomonitoring / Post-oil spill assessment,PWS00TIS0040,104,ng/g,dry,Calculated,Whole Body,8.8,,J,,AlphaAnalytics,,mussel,Prince William Sound Regional Citizens' Advisory Council Monitoring Program,Prince William Sound Regional Citizens' Advisory Council Monitoring Program
PWSRCAC,LTEMP,2000,89.2,60.0675,-147.8319445,Blue Mussel,Mytilus trossulus,mussel,Bivalvia,Mussels,Background biomonitoring / Post-oil spill assessment,PWS00TIS0041,34,ng/g,dry,Calculated,Whole Body,4.1,,J,,AlphaAnalytics,,mussel,Prince William Sound Regional Citizens' Advisory Council Monitoring Program,Prince William Sound Regional Citizens' Advisory Council Monitoring Program
PWSRCAC,LTEMP,2000,187.3,60.0675,-147.8319445,Blue Mussel,Mytilus trossulus,mussel,Bivalvia,Mussels,Background biomonitoring / Post-oil spill assessment,PWS00TIS0042,34,ng/g,dry,Calculated,Whole Body,7.9,,J,,AlphaAnalytics,,mussel,Prince William Sound Regional Citizens' Advisory Council Monitoring Program,Prince William Sound Regional Citizens' Advisory Council Monitoring Program
PWSRCAC,LTEMP,2000,79.4,60.49861,-147.6586,Blue Mussel,Mytilus trossulus,mussel,Bivalvia,Mussels,Background biomonitoring / Post-oil spill assessment,PWS00TIS0043,34,ng/g,dry,Calculated,Whole Body,4.1,,J,,AlphaAnalytics,,mussel,Prince William Sound Regional Citizens' Advisory Council Monitoring Program,Prince William Sound Regional Citizens' Advisory Council Monitoring Program
PWSRCAC,LTEMP,2000,77.5,60.49861,-147.6586,Blue Mussel,Mytilus trossulus,mussel,Bivalvia,Mussels,Background biomonitoring / Post-oil spill assessment,PWS00TIS0044,35,ng/g,dry,Calculated,Whole Body,3.1,,J,,AlphaAnalytics,,mussel,Prince William Sound Regional Citizens' Advisory Council Monitoring Program,Prince William Sound Regional Citizens' Advisory Council Monitoring Program
PWSRCAC,LTEMP,2000,62.1,60.49861,-147.6586,Blue Mussel,Mytilus trossulus,mussel,Bivalvia,Mussels,Background biomonitoring / Post-oil spill assessment,PWS00TIS0045,34,ng/g,dry,Calculated,Whole Body,2.7,,J,,AlphaAnalytics,,mussel,Prince William Sound Regional Citizens' Advisory Council Monitoring Program,Prince William Sound Regional Citizens' Advisory Council Monitoring Program
PWSRCAC,LTEMP,2000,93.5,61.1243682,-146.4961415,Blue Mussel,Mytilus trossulus,mussel,Bivalvia,Mussels,Background biomonitoring / Post-oil spill assessment,PWS00TIS0046,34,ng/g,dry,Calculated,Whole Body,3.6,,ND,,AlphaAnalytics,,mussel,Prince William Sound Regional Citizens' Advisory Council Monitoring Program,Prince William Sound Regional Citizens' Advisory Council Monitoring Program
PWSRCAC,LTEMP,2000,119.5,61.1243682,-146.4961415,Blue Mussel,Mytilus trossulus,mussel,Bivalvia,Mussels,Background biomonitoring / Post-oil spill assessment,PWS00TIS0047,34,ng/g,dry,Calculated,Whole Body,3.8,,J,,AlphaAnalytics,,mussel,Prince William Sound Regional Citizens' Advisory Council Monitoring Program,Prince William Sound Regional Citizens' Advisory Council Monitoring Program
PWSRCAC,LTEMP,2000,102.7,61.1243682,-146.4961415,Blue Mussel,Mytilus trossulus,mussel,Bivalvia,Mussels,Background biomonitoring / Post-oil spill assessment,PWS00TIS0048,34,ng/g,dry,Calculated,Whole Body,3.9,,ND,,AlphaAnalytics,,mussel,Prince William Sound Regional Citizens' Advisory Council Monitoring Program,Prince William Sound Regional Citizens' Advisory Council Monitoring Program
PWSRCAC,LTEMP,2000,468,61.09167,-146.4053,Blue Mussel,Mytilus trossulus,mussel,Bivalvia,Mussels,Background biomonitoring / Post-oil spill assessment,PWS00TIS0049,104,ng/g,dry,Calculated,Whole Body,5.4,,J,,AlphaAnalytics,,mussel,Prince William Sound Regional Citizens' Advisory Council Monitoring Program,Prince William Sound Regional Citizens' Advisory Council Monitoring Program
PWSRCAC,LTEMP,2000,168.4,61.09167,-146.4053,Blue Mussel,Mytilus trossulus,mussel,Bivalvia,Mussels,Background biomonitoring / Post-oil spill assessment,PWS00TIS0050,34,ng/g,dry,Calculated,Whole Body,3.9,,J,,AlphaAnalytics,,mussel,Prince William Sound Regional Citizens' Advisory Council Monitoring Program,Prince William Sound Regional Citizens' Advisory Council Monitoring Program
PWSRCAC,LTEMP,2000,177.1,61.09167,-146.4053,Blue Mussel,Mytilus trossulus,mussel,Bivalvia,Mussels,Background biomonitoring / Post-oil spill assessment,PWS00TIS0051,34,ng/g,dry,Calculated,Whole Body,3.6,,J,,AlphaAnalytics,,mussel,Prince William Sound Regional Citizens' Advisory Council Monitoring Program,Prince William Sound Regional Citizens' Advisory Council Monitoring Program
PWSRCAC,LTEMP,2000,74.2,59.87917,-149.6569,Blue Mussel,Mytilus trossulus,mussel,Bivalvia,Mussels,Background biomonitoring / Post-oil spill assessment,PWS00TIS0052,34,ng/g,dry,Calculated,Whole Body,4,,ND,,AlphaAnalytics,,mussel,Prince William Sound Regional Citizens' Advisory Council Monitoring Program,Prince William Sound Regional Citizens' Advisory Council Monitoring Program
PWSRCAC,LTEMP,2000,60,59.87917,-149.6569,Blue Mussel,Mytilus trossulus,mussel,Bivalvia,Mussels,Background biomonitoring / Post-oil spill assessment,PWS00TIS0053,34,ng/g,dry,Calculated,Whole Body,3.7,,J,,AlphaAnalytics,,mussel,Prince William Sound Regional Citizens' Advisory Council Monitoring Program,Prince William Sound Regional Citizens' Advisory Council Monitoring Program
PWSRCAC,LTEMP,2000,91.6,59.87917,-149.6569,Blue Mussel,Mytilus trossulus,mussel,Bivalvia,Mussels,Background biomonitoring / Post-oil spill assessment,PWS00TIS0054,34,ng/g,dry,Calculated,Whole Body,4.1,,J,,AlphaAnalytics,,mussel,Prince William Sound Regional Citizens' Advisory Council Monitoring Program,Prince William Sound Regional Citizens' Advisory Council Monitoring Program
PWSRCAC,LTEMP,2000,55.8,59.21888883,-151.5186112,Blue Mussel,Mytilus trossulus,mussel,Bivalvia,Mussels,Background biomonitoring / Post-oil spill assessment,PWS00TIS0055,35,ng/g,dry,Calculated,Whole Body,2.2,,J,,AlphaAnalytics,,mussel,Prince William Sound Regional Citizens' Advisory Council Monitoring Program,Prince William Sound Regional Citizens' Advisory Council Monitoring Program
PWSRCAC,LTEMP,2000,72.2,59.21888883,-151.5186112,Blue Mussel,Mytilus trossulus,mussel,Bivalvia,Mussels,Background biomonitoring / Post-oil spill assessment,PWS00TIS0056,35,ng/g,dry,Calculated,Whole Body,3.1,,J,,AlphaAnalytics,,mussel,Prince William Sound Regional Citizens' Advisory Council Monitoring Program,Prince William Sound Regional Citizens' Advisory Council Monitoring Program
PWSRCAC,LTEMP,2000,95.1,59.21888883,-151.5186112,Blue Mussel,Mytilus trossulus,mussel,Bivalvia,Mussels,Background biomonitoring / Post-oil spill assessment,PWS00TIS0057,34,ng/g,dry,Calculated,Whole Body,5.4,,J,,AlphaAnalytics,,mussel,Prince William Sound Regional Citizens' Advisory Council Monitoring Program,Prince William Sound Regional Citizens' Advisory Council Monitoring Program
PWSRCAC,LTEMP,2000,44.5,58.50167,-152.625,Blue Mussel,Mytilus trossulus,mussel,Bivalvia,Mussels,Background biomonitoring / Post-oil spill assessment,PWS00TIS0058,34,ng/g,dry,Calculated,Whole Body,2.4,,ND,,AlphaAnalytics,,mussel,Prince William Sound Regional Citizens' Advisory Council Monitoring Program,Prince William Sound Regional Citizens' Advisory Council Monitoring Program
PWSRCAC,LTEMP,2000,68.4,58.50167,-152.625,Blue Mussel,Mytilus trossulus,mussel,Bivalvia,Mussels,Background biomonitoring / Post-oil spill assessment,PWS00TIS0059,34,ng/g,dry,Calculated,Whole Body,3.4,,J,,AlphaAnalytics,,mussel,Prince William Sound Regional Citizens' Advisory Council Monitoring Program,Prince William Sound Regional Citizens' Advisory Council Monitoring Program
PWSRCAC,LTEMP,2000,71.1,58.50167,-152.625,Blue Mussel,Mytilus trossulus,mussel,Bivalvia,Mussels,Background biomonitoring / Post-oil spill assessment,PWS00TIS0060,34,ng/g,dry,Calculated,Whole Body,2.8,,ND,,AlphaAnalytics,,mussel,Prince William Sound Regional Citizens' Advisory Council Monitoring Program,Prince William Sound Regional Citizens' Advisory Council Monitoring Program
PWSRCAC,LTEMP,2000,435.3,61.09167,-146.4053,Blue Mussel,Mytilus trossulus,mussel,Bivalvia,Mussels,Background biomonitoring / Post-oil spill assessment,PWS00TIS0061,104,ng/g,dry,Calculated,Whole Body,4.2,,J,,AlphaAnalytics,,mussel,Prince William Sound Regional Citizens' Advisory Council Monitoring Program,Prince William Sound Regional Citizens' Advisory Council Monitoring Program
PWSRCAC,LTEMP,2000,94.4,61.09167,-146.4053,Blue Mussel,Mytilus trossulus,mussel,Bivalvia,Mussels,Background biomonitoring / Post-oil spill assessment,PWS00TIS0062,34,ng/g,dry,Calculated,Whole Body,2.9,,J,,AlphaAnalytics,,mussel,Prince William Sound Regional Citizens' Advisory Council Monitoring Program,Prince William Sound Regional Citizens' Advisory Council Monitoring Program
PWSRCAC,LTEMP,2000,154.8,61.09167,-146.4053,Blue Mussel,Mytilus trossulus,mussel,Bivalvia,Mussels,Background biomonitoring / Post-oil spill assessment,PWS00TIS0063,34,ng/g,dry,Calculated,Whole Body,3.7,,J,,AlphaAnalytics,,mussel,Prince William Sound Regional Citizens' Advisory Council Monitoring Program,Prince William Sound Regional Citizens' Advisory Council Monitoring Program
PWSRCAC,LTEMP,2000,88.3,61.1243682,-146.4961415,Blue Mussel,Mytilus trossulus,mussel,Bivalvia,Mussels,Background biomonitoring / Post-oil spill assessment,PWS00TIS0064,34,ng/g,dry,Calculated,Whole Body,2.7,,J,,AlphaAnalytics,,mussel,Prince William Sound Regional Citizens' Advisory Council Monitoring Program,Prince William Sound Regional Citizens' Advisory Council Monitoring Program
PWSRCAC,LTEMP,2000,136.8,61.1243682,-146.4961415,Blue Mussel,Mytilus trossulus,mussel,Bivalvia,Mussels,Background biomonitoring / Post-oil spill assessment,PWS00TIS0065,35,ng/g,dry,Calculated,Whole Body,3,,J,,AlphaAnalytics,,mussel,Prince William Sound Regional Citizens' Advisory Council Monitoring Program,Prince William Sound Regional Citizens' Advisory Council Monitoring Program
PWSRCAC,LTEMP,2000,114.9,61.1243682,-146.4961415,Blue Mussel,Mytilus trossulus,mussel,Bivalvia,Mussels,Background biomonitoring / Post-oil spill assessment,PWS00TIS0066,35,ng/g,dry,Calculated,Whole Body,3.1,,J,,AlphaAnalytics,,mussel,Prince William Sound Regional Citizens' Advisory Council Monitoring Program,Prince William Sound Regional Citizens' Advisory Council Monitoring Program
PWSRCAC,LTEMP,2001,182.4,58.50167,-152.625,Blue Mussel,Mytilus trossulus,mussel,Bivalvia,Mussels,Background biomonitoring / Post-oil spill assessment,PWS01LYS0003,34,ng/g,dry,Calculated,Whole Body,2.2,,J,,AlphaAnalytics,,mussel,Prince William Sound Regional Citizens' Advisory Council Monitoring Program,Prince William Sound Regional Citizens' Advisory Council Monitoring Program
PWSRCAC,LTEMP,2001,206.1,59.87917,-149.6569,Blue Mussel,Mytilus trossulus,mussel,Bivalvia,Mussels,Background biomonitoring / Post-oil spill assessment,PWS01LYS0004,34,ng/g,dry,Calculated,Whole Body,3.7,,J,,AlphaAnalytics,,mussel,Prince William Sound Regional Citizens' Advisory Council Monitoring Program,Prince William Sound Regional Citizens' Advisory Council Monitoring Program
PWSRCAC,LTEMP,2001,120.1,59.21888883,-151.5186112,Blue Mussel,Mytilus trossulus,mussel,Bivalvia,Mussels,Background biomonitoring / Post-oil spill assessment,PWS01LYS0005,34,ng/g,dry,Calculated,Whole Body,1.8,,J,,AlphaAnalytics,,mussel,Prince William Sound Regional Citizens' Advisory Council Monitoring Program,Prince William Sound Regional Citizens' Advisory Council Monitoring Program
PWSRCAC,LTEMP,2001,129.2,61.09167,-146.4053,Blue Mussel,Mytilus trossulus,mussel,Bivalvia,Mussels,Background biomonitoring / Post-oil spill assessment,PWS01LYS0006,34,ng/g,dry,Calculated,Whole Body,2.5,,J,,AlphaAnalytics,,mussel,Prince William Sound Regional Citizens' Advisory Council Monitoring Program,Prince William Sound Regional Citizens' Advisory Council Monitoring Program
PWSRCAC,LTEMP,2001,85.5,61.1243682,-146.4961415,Blue Mussel,Mytilus trossulus,mussel,Bivalvia,Mussels,Background biomonitoring / Post-oil spill assessment,PWS01LYS0007,34,ng/g,dry,Calculated,Whole Body,2.5,,J,,AlphaAnalytics,,mussel,Prince William Sound Regional Citizens' Advisory Council Monitoring Program,Prince William Sound Regional Citizens' Advisory Council Monitoring Program
PWSRCAC,LTEMP,2001,31,58.50167,-152.625,Blue Mussel,Mytilus trossulus,mussel,Bivalvia,Mussels,Background biomonitoring / Post-oil spill assessment,PWS01LYS0008,34,ng/g,dry,Calculated,Whole Body,1.5,,J,,AlphaAnalytics,,mussel,Prince William Sound Regional Citizens' Advisory Council Monitoring Program,Prince William Sound Regional Citizens' Advisory Council Monitoring Program
PWSRCAC,LTEMP,2001,370.2,60.49861,-147.6586,Blue Mussel,Mytilus trossulus,mussel,Bivalvia,Mussels,Background biomonitoring / Post-oil spill assessment,PWS01TIS0001,104,ng/g,dry,Calculated,Whole Body,3.9,,J,,AlphaAnalytics,,mussel,Prince William Sound Regional Citizens' Advisory Council Monitoring Program,Prince William Sound Regional Citizens' Advisory Council Monitoring Program
PWSRCAC,LTEMP,2001,130.4,60.49861,-147.6586,Blue Mussel,Mytilus trossulus,mussel,Bivalvia,Mussels,Background biomonitoring / Post-oil spill assessment,PWS01TIS0002,34,ng/g,dry,Calculated,Whole Body,3.3,,J,,AlphaAnalytics,,mussel,Prince William Sound Regional Citizens' Advisory Council Monitoring Program,Prince William Sound Regional Citizens' Advisory Council Monitoring Program
PWSRCAC,LTEMP,2001,159.2,60.49861,-147.6586,Blue Mussel,Mytilus trossulus,mussel,Bivalvia,Mussels,Background biomonitoring / Post-oil spill assessment,PWS01TIS0003,34,ng/g,dry,Calculated,Whole Body,4.3,,J,,AlphaAnalytics,,mussel,Prince William Sound Regional Citizens' Advisory Council Monitoring Program,Prince William Sound Regional Citizens' Advisory Council Monitoring Program
PWSRCAC,LTEMP,2001,187.5,60.0675,-147.8319445,Blue Mussel,Mytilus trossulus,mussel,Bivalvia,Mussels,Background biomonitoring / Post-oil spill assessment,PWS01TIS0004,34,ng/g,dry,Calculated,Whole Body,2.9,,J,,AlphaAnalytics,,mussel,Prince William Sound Regional Citizens' Advisory Council Monitoring Program,Prince William Sound Regional Citizens' Advisory Council Monitoring Program
PWSRCAC,LTEMP,2001,200.5,60.0675,-147.8319445,Blue Mussel,Mytilus trossulus,mussel,Bivalvia,Mussels,Background biomonitoring / Post-oil spill assessment,PWS01TIS0005,34,ng/g,dry,Calculated,Whole Body,3.2,,J,,AlphaAnalytics,,mussel,Prince William Sound Regional Citizens' Advisory Council Monitoring Program,Prince William Sound Regional Citizens' Advisory Council Monitoring Program
PWSRCAC,LTEMP,2001,137,60.0675,-147.8319445,Blue Mussel,Mytilus trossulus,mussel,Bivalvia,Mussels,Background biomonitoring / Post-oil spill assessment,PWS01TIS0006,34,ng/g,dry,Calculated,Whole Body,2.4,,J,,AlphaAnalytics,,mussel,Prince William Sound Regional Citizens' Advisory Council Monitoring Program,Prince William Sound Regional Citizens' Advisory Council Monitoring Program
PWSRCAC,LTEMP,2001,115.9,60.26583,-147.08445,Blue Mussel,Mytilus trossulus,mussel,Bivalvia,Mussels,Background biomonitoring / Post-oil spill assessment,PWS01TIS0007,34,ng/g,dry,Calculated,Whole Body,3.5,,J,,AlphaAnalytics,,mussel,Prince William Sound Regional Citizens' Advisory Council Monitoring Program,Prince William Sound Regional Citizens' Advisory Council Monitoring Program
PWSRCAC,LTEMP,2001,113.6,60.26583,-147.08445,Blue Mussel,Mytilus trossulus,mussel,Bivalvia,Mussels,Background biomonitoring / Post-oil spill assessment,PWS01TIS0008,34,ng/g,dry,Calculated,Whole Body,3.4,,J,,AlphaAnalytics,,mussel,Prince William Sound Regional Citizens' Advisory Council Monitoring Program,Prince William Sound Regional Citizens' Advisory Council Monitoring Program
PWSRCAC,LTEMP,2001,112.3,60.26583,-147.08445,Blue Mussel,Mytilus trossulus,mussel,Bivalvia,Mussels,Background biomonitoring / Post-oil spill assessment,PWS01TIS0009,34,ng/g,dry,Calculated,Whole Body,2.3,,ND,,AlphaAnalytics,,mussel,Prince William Sound Regional Citizens' Advisory Council Monitoring Program,Prince William Sound Regional Citizens' Advisory Council Monitoring Program
PWSRCAC,LTEMP,2001,97,60.64722,-145.995,Blue Mussel,Mytilus trossulus,mussel,Bivalvia,Mussels,Background biomonitoring / Post-oil spill assessment,PWS01TIS0010,34,ng/g,dry,Calculated,Whole Body,3.2,,J,,AlphaAnalytics,,mussel,Prince William Sound Regional Citizens' Advisory Council Monitoring Program,Prince William Sound Regional Citizens' Advisory Council Monitoring Program
PWSRCAC,LTEMP,2001,332.1,60.64722,-145.995,Blue Mussel,Mytilus trossulus,mussel,Bivalvia,Mussels,Background biomonitoring / Post-oil spill assessment,PWS01TIS0012,34,ng/g,dry,Calculated,Whole Body,13,,J,,AlphaAnalytics,,mussel,Prince William Sound Regional Citizens' Advisory Council Monitoring Program,Prince William Sound Regional Citizens' Advisory Council Monitoring Program
PWSRCAC,LTEMP,2001,95.7,60.69055,-146.5833,Blue Mussel,Mytilus trossulus,mussel,Bivalvia,Mussels,Background biomonitoring / Post-oil spill assessment,PWS01TIS0013,34,ng/g,dry,Calculated,Whole Body,3.5,,J,,AlphaAnalytics,,mussel,Prince William Sound Regional Citizens' Advisory Council Monitoring Program,Prince William Sound Regional Citizens' Advisory Council Monitoring Program
PWSRCAC,LTEMP,2001,66.5,60.69055,-146.5833,Blue Mussel,Mytilus trossulus,mussel,Bivalvia,Mussels,Background biomonitoring / Post-oil spill assessment,PWS01TIS0014,37,ng/g,dry,Calculated,Whole Body,2.9,,J,,AlphaAnalytics,,mussel,Prince William Sound Regional Citizens' Advisory Council Monitoring Program,Prince William Sound Regional Citizens' Advisory Council Monitoring Program
PWSRCAC,LTEMP,2001,102.7,60.69055,-146.5833,Blue Mussel,Mytilus trossulus,mussel,Bivalvia,Mussels,Background biomonitoring / Post-oil spill assessment,PWS01TIS0015,35,ng/g,dry,Calculated,Whole Body,4.4,,J,,AlphaAnalytics,,mussel,Prince William Sound Regional Citizens' Advisory Council Monitoring Program,Prince William Sound Regional Citizens' Advisory Council Monitoring Program
PWSRCAC,LTEMP,2001,134.7,61.1243682,-146.4961415,Blue Mussel,Mytilus trossulus,mussel,Bivalvia,Mussels,Background biomonitoring / Post-oil spill assessment,PWS01TIS0016,34,ng/g,dry,Calculated,Whole Body,3.8,,J,,AlphaAnalytics,,mussel,Prince William Sound Regional Citizens' Advisory Council Monitoring Program,Prince William Sound Regional Citizens' Advisory Council Monitoring Program
PWSRCAC,LTEMP,2001,150.9,61.1243682,-146.4961415,Blue Mussel,Mytilus trossulus,mussel,Bivalvia,Mussels,Background biomonitoring / Post-oil spill assessment,PWS01TIS0017,34,ng/g,dry,Calculated,Whole Body,4.2,,J,,AlphaAnalytics,,mussel,Prince William Sound Regional Citizens' Advisory Council Monitoring Program,Prince William Sound Regional Citizens' Advisory Council Monitoring Program
PWSRCAC,LTEMP,2001,450.6,61.1243682,-146.4961415,Blue Mussel,Mytilus trossulus,mussel,Bivalvia,Mussels,Background biomonitoring / Post-oil spill assessment,PWS01TIS0018,104,ng/g,dry,Calculated,Whole Body,4.6,,J,,AlphaAnalytics,,mussel,Prince William Sound Regional Citizens' Advisory Council Monitoring Program,Prince William Sound Regional Citizens' Advisory Council Monitoring Program
PWSRCAC,LTEMP,2001,409.5,61.09167,-146.4053,Blue Mussel,Mytilus trossulus,mussel,Bivalvia,Mussels,Background biomonitoring / Post-oil spill assessment,PWS01TIS0019,35,ng/g,dry,Calculated,Whole Body,4.2,,J,,AlphaAnalytics,,mussel,Prince William Sound Regional Citizens' Advisory Council Monitoring Program,Prince William Sound Regional Citizens' Advisory Council Monitoring Program
PWSRCAC,LTEMP,2001,361.8,61.09167,-146.4053,Blue Mussel,Mytilus trossulus,mussel,Bivalvia,Mussels,Background biomonitoring / Post-oil spill assessment,PWS01TIS0020,34,ng/g,dry,Calculated,Whole Body,3.7,,J,,AlphaAnalytics,,mussel,Prince William Sound Regional Citizens' Advisory Council Monitoring Program,Prince William Sound Regional Citizens' Advisory Council Monitoring Program
PWSRCAC,LTEMP,2001,342.1,61.09167,-146.4053,Blue Mussel,Mytilus trossulus,mussel,Bivalvia,Mussels,Background biomonitoring / Post-oil spill assessment,PWS01TIS0021,35,ng/g,dry,Calculated,Whole Body,4.2,,J,,AlphaAnalytics,,mussel,Prince William Sound Regional Citizens' Advisory Council Monitoring Program,Prince William Sound Regional Citizens' Advisory Council Monitoring Program
PWSRCAC,LTEMP,2001,73.8,58.50167,-152.625,Blue Mussel,Mytilus trossulus,mussel,Bivalvia,Mussels,Background biomonitoring / Post-oil spill assessment,PWS01TIS0022,34,ng/g,dry,Calculated,Whole Body,1.9,,J,,AlphaAnalytics,,mussel,Prince William Sound Regional Citizens' Advisory Council Monitoring Program,Prince William Sound Regional Citizens' Advisory Council Monitoring Program
PWSRCAC,LTEMP,2001,64,58.50167,-152.625,Blue Mussel,Mytilus trossulus,mussel,Bivalvia,Mussels,Background biomonitoring / Post-oil spill assessment,PWS01TIS0023,34,ng/g,dry,Calculated,Whole Body,2.8,,J,,AlphaAnalytics,,mussel,Prince William Sound Regional Citizens' Advisory Council Monitoring Program,Prince William Sound Regional Citizens' Advisory Council Monitoring Program
PWSRCAC,LTEMP,2001,50.4,58.50167,-152.625,Blue Mussel,Mytilus trossulus,mussel,Bivalvia,Mussels,Background biomonitoring / Post-oil spill assessment,PWS01TIS0024,34,ng/g,dry,Calculated,Whole Body,3.3,,J,,AlphaAnalytics,,mussel,Prince William Sound Regional Citizens' Advisory Council Monitoring Program,Prince William Sound Regional Citizens' Advisory Council Monitoring Program
PWSRCAC,LTEMP,2001,50.8,59.87917,-149.6569,Blue Mussel,Mytilus trossulus,mussel,Bivalvia,Mussels,Background biomonitoring / Post-oil spill assessment,PWS01TIS0025,34,ng/g,dry,Calculated,Whole Body,2.7,,J,,AlphaAnalytics,,mussel,Prince William Sound Regional Citizens' Advisory Council Monitoring Program,Prince William Sound Regional Citizens' Advisory Council Monitoring Program
PWSRCAC,LTEMP,2001,277.3,59.87917,-149.6569,Blue Mussel,Mytilus trossulus,mussel,Bivalvia,Mussels,Background biomonitoring / Post-oil spill assessment,PWS01TIS0026,104,ng/g,dry,Calculated,Whole Body,2.6,,J,,AlphaAnalytics,,mussel,Prince William Sound Regional Citizens' Advisory Council Monitoring Program,Prince William Sound Regional Citizens' Advisory Council Monitoring Program
PWSRCAC,LTEMP,2001,42.1,59.87917,-149.6569,Blue Mussel,Mytilus trossulus,mussel,Bivalvia,Mussels,Background biomonitoring / Post-oil spill assessment,PWS01TIS0027,34,ng/g,dry,Calculated,Whole Body,2.5,,J,,AlphaAnalytics,,mussel,Prince William Sound Regional Citizens' Advisory Council Monitoring Program,Prince William Sound Regional Citizens' Advisory Council Monitoring Program
PWSRCAC,LTEMP,2001,52.2,59.21888883,-151.5186112,Blue Mussel,Mytilus trossulus,mussel,Bivalvia,Mussels,Background biomonitoring / Post-oil spill assessment,PWS01TIS0028,34,ng/g,dry,Calculated,Whole Body,2.9,,J,,AlphaAnalytics,,mussel,Prince William Sound Regional Citizens' Advisory Council Monitoring Program,Prince William Sound Regional Citizens' Advisory Council Monitoring Program
PWSRCAC,LTEMP,2001,58.4,59.21888883,-151.5186112,Blue Mussel,Mytilus trossulus,mussel,Bivalvia,Mussels,Background biomonitoring / Post-oil spill assessment,PWS01TIS0029,34,ng/g,dry,Calculated,Whole Body,2.8,,J,,AlphaAnalytics,,mussel,Prince William Sound Regional Citizens' Advisory Council Monitoring Program,Prince William Sound Regional Citizens' Advisory Council Monitoring Program
PWSRCAC,LTEMP,2001,62.5,59.21888883,-151.5186112,Blue Mussel,Mytilus trossulus,mussel,Bivalvia,Mussels,Background biomonitoring / Post-oil spill assessment,PWS01TIS0030,34,ng/g,dry,Calculated,Whole Body,2.6,,ND,,AlphaAnalytics,,mussel,Prince William Sound Regional Citizens' Advisory Council Monitoring Program,Prince William Sound Regional Citizens' Advisory Council Monitoring Program
PWSRCAC,LTEMP,2001,74.3,60.49861,-147.6586,Blue Mussel,Mytilus trossulus,mussel,Bivalvia,Mussels,Background biomonitoring / Post-oil spill assessment,PWS01TIS0031,34,ng/g,dry,Calculated,Whole Body,3.2,,J,,AlphaAnalytics,,mussel,Prince William Sound Regional Citizens' Advisory Council Monitoring Program,Prince William Sound Regional Citizens' Advisory Council Monitoring Program
PWSRCAC,LTEMP,2001,60.8,60.49861,-147.6586,Blue Mussel,Mytilus trossulus,mussel,Bivalvia,Mussels,Background biomonitoring / Post-oil spill assessment,PWS01TIS0032,34,ng/g,dry,Calculated,Whole Body,2.8,,J,,AlphaAnalytics,,mussel,Prince William Sound Regional Citizens' Advisory Council Monitoring Program,Prince William Sound Regional Citizens' Advisory Council Monitoring Program
PWSRCAC,LTEMP,2001,61.4,60.49861,-147.6586,Blue Mussel,Mytilus trossulus,mussel,Bivalvia,Mussels,Background biomonitoring / Post-oil spill assessment,PWS01TIS0033,34,ng/g,dry,Calculated,Whole Body,2.9,,J,,AlphaAnalytics,,mussel,Prince William Sound Regional Citizens' Advisory Council Monitoring Program,Prince William Sound Regional Citizens' Advisory Council Monitoring Program
PWSRCAC,LTEMP,2001,110.4,60.0675,-147.8319445,Blue Mussel,Mytilus trossulus,mussel,Bivalvia,Mussels,Background biomonitoring / Post-oil spill assessment,PWS01TIS0034,34,ng/g,dry,Calculated,Whole Body,3.2,,J,,AlphaAnalytics,,mussel,Prince William Sound Regional Citizens' Advisory Council Monitoring Program,Prince William Sound Regional Citizens' Advisory Council Monitoring Program
PWSRCAC,LTEMP,2001,83.4,60.0675,-147.8319445,Blue Mussel,Mytilus trossulus,mussel,Bivalvia,Mussels,Background biomonitoring / Post-oil spill assessment,PWS01TIS0035,34,ng/g,dry,Calculated,Whole Body,4.6,,J,,AlphaAnalytics,,mussel,Prince William Sound Regional Citizens' Advisory Council Monitoring Program,Prince William Sound Regional Citizens' Advisory Council Monitoring Program
PWSRCAC,LTEMP,2001,116.8,60.0675,-147.8319445,Blue Mussel,Mytilus trossulus,mussel,Bivalvia,Mussels,Background biomonitoring / Post-oil spill assessment,PWS01TIS0036,34,ng/g,dry,Calculated,Whole Body,4.7,,J,,AlphaAnalytics,,mussel,Prince William Sound Regional Citizens' Advisory Council Monitoring Program,Prince William Sound Regional Citizens' Advisory Council Monitoring Program
PWSRCAC,LTEMP,2001,85.7,60.26583,-147.08445,Blue Mussel,Mytilus trossulus,mussel,Bivalvia,Mussels,Background biomonitoring / Post-oil spill assessment,PWS01TIS0037,34,ng/g,dry,Calculated,Whole Body,4.2,,J,,AlphaAnalytics,,mussel,Prince William Sound Regional Citizens' Advisory Council Monitoring Program,Prince William Sound Regional Citizens' Advisory Council Monitoring Program
PWSRCAC,LTEMP,2001,89.1,60.26583,-147.08445,Blue Mussel,Mytilus trossulus,mussel,Bivalvia,Mussels,Background biomonitoring / Post-oil spill assessment,PWS01TIS0038,34,ng/g,dry,Calculated,Whole Body,4.2,,J,,AlphaAnalytics,,mussel,Prince William Sound Regional Citizens' Advisory Council Monitoring Program,Prince William Sound Regional Citizens' Advisory Council Monitoring Program
PWSRCAC,LTEMP,2001,198.5,60.26583,-147.08445,Blue Mussel,Mytilus trossulus,mussel,Bivalvia,Mussels,Background biomonitoring / Post-oil spill assessment,PWS01TIS0039,104,ng/g,dry,Calculated,Whole Body,4.1,,J,,AlphaAnalytics,,mussel,Prince William Sound Regional Citizens' Advisory Council Monitoring Program,Prince William Sound Regional Citizens' Advisory Council Monitoring Program
PWSRCAC,LTEMP,2001,90.9,60.64722,-145.995,Blue Mussel,Mytilus trossulus,mussel,Bivalvia,Mussels,Background biomonitoring / Post-oil spill assessment,PWS01TIS0040,35,ng/g,dry,Calculated,Whole Body,3,,J,,AlphaAnalytics,,mussel,Prince William Sound Regional Citizens' Advisory Council Monitoring Program,Prince William Sound Regional Citizens' Advisory Council Monitoring Program
PWSRCAC,LTEMP,2001,86.6,60.64722,-145.995,Blue Mussel,Mytilus trossulus,mussel,Bivalvia,Mussels,Background biomonitoring / Post-oil spill assessment,PWS01TIS0041,34,ng/g,dry,Calculated,Whole Body,3.3,,J,,AlphaAnalytics,,mussel,Prince William Sound Regional Citizens' Advisory Council Monitoring Program,Prince William Sound Regional Citizens' Advisory Council Monitoring Program
PWSRCAC,LTEMP,2001,141.2,60.64722,-145.995,Blue Mussel,Mytilus trossulus,mussel,Bivalvia,Mussels,Background biomonitoring / Post-oil spill assessment,PWS01TIS0042,34,ng/g,dry,Calculated,Whole Body,3.7,,J,,AlphaAnalytics,,mussel,Prince William Sound Regional Citizens' Advisory Council Monitoring Program,Prince William Sound Regional Citizens' Advisory Council Monitoring Program
PWSRCAC,LTEMP,2001,84.7,60.69055,-146.5833,Blue Mussel,Mytilus trossulus,mussel,Bivalvia,Mussels,Background biomonitoring / Post-oil spill assessment,PWS01TIS0043,35,ng/g,dry,Calculated,Whole Body,3,,J,,AlphaAnalytics,,mussel,Prince William Sound Regional Citizens' Advisory Council Monitoring Program,Prince William Sound Regional Citizens' Advisory Council Monitoring Program
PWSRCAC,LTEMP,2001,118.1,60.69055,-146.5833,Blue Mussel,Mytilus trossulus,mussel,Bivalvia,Mussels,Background biomonitoring / Post-oil spill assessment,PWS01TIS0044,34,ng/g,dry,Calculated,Whole Body,4.6,,J,,AlphaAnalytics,,mussel,Prince William Sound Regional Citizens' Advisory Council Monitoring Program,Prince William Sound Regional Citizens' Advisory Council Monitoring Program
PWSRCAC,LTEMP,2001,79.2,60.69055,-146.5833,Blue Mussel,Mytilus trossulus,mussel,Bivalvia,Mussels,Background biomonitoring / Post-oil spill assessment,PWS01TIS0045,35,ng/g,dry,Calculated,Whole Body,2,,J,,AlphaAnalytics,,mussel,Prince William Sound Regional Citizens' Advisory Council Monitoring Program,Prince William Sound Regional Citizens' Advisory Council Monitoring Program
PWSRCAC,LTEMP,2001,161,61.09167,-146.4053,Blue Mussel,Mytilus trossulus,mussel,Bivalvia,Mussels,Background biomonitoring / Post-oil spill assessment,PWS01TIS0046,34,ng/g,dry,Calculated,Whole Body,4.4,,J,,AlphaAnalytics,,mussel,Prince William Sound Regional Citizens' Advisory Council Monitoring Program,Prince William Sound Regional Citizens' Advisory Council Monitoring Program
PWSRCAC,LTEMP,2001,128.1,61.09167,-146.4053,Blue Mussel,Mytilus trossulus,mussel,Bivalvia,Mussels,Background biomonitoring / Post-oil spill assessment,PWS01TIS0047,34,ng/g,dry,Calculated,Whole Body,4,,J,,AlphaAnalytics,,mussel,Prince William Sound Regional Citizens' Advisory Council Monitoring Program,Prince William Sound Regional Citizens' Advisory Council Monitoring Program
PWSRCAC,LTEMP,2001,121.4,61.09167,-146.4053,Blue Mussel,Mytilus trossulus,mussel,Bivalvia,Mussels,Background biomonitoring / Post-oil spill assessment,PWS01TIS0048,35,ng/g,dry,Calculated,Whole Body,3.3,,J,,AlphaAnalytics,,mussel,Prince William Sound Regional Citizens' Advisory Council Monitoring Program,Prince William Sound Regional Citizens' Advisory Council Monitoring Program
PWSRCAC,LTEMP,2001,102.8,61.1243682,-146.4961415,Blue Mussel,Mytilus trossulus,mussel,Bivalvia,Mussels,Background biomonitoring / Post-oil spill assessment,PWS01TIS0049,34,ng/g,dry,Calculated,Whole Body,3.8,,J,,AlphaAnalytics,,mussel,Prince William Sound Regional Citizens' Advisory Council Monitoring Program,Prince William Sound Regional Citizens' Advisory Council Monitoring Program
PWSRCAC,LTEMP,2001,99.4,61.1243682,-146.4961415,Blue Mussel,Mytilus trossulus,mussel,Bivalvia,Mussels,Background biomonitoring / Post-oil spill assessment,PWS01TIS0050,35,ng/g,dry,Calculated,Whole Body,3,,ND,,AlphaAnalytics,,mussel,Prince William Sound Regional Citizens' Advisory Council Monitoring Program,Prince William Sound Regional Citizens' Advisory Council Monitoring Program
PWSRCAC,LTEMP,2001,107.8,61.1243682,-146.4961415,Blue Mussel,Mytilus trossulus,mussel,Bivalvia,Mussels,Background biomonitoring / Post-oil spill assessment,PWS01TIS0051,34,ng/g,dry,Calculated,Whole Body,3.5,,J,,AlphaAnalytics,,mussel,Prince William Sound Regional Citizens' Advisory Council Monitoring Program,Prince William Sound Regional Citizens' Advisory Council Monitoring Program
PWSRCAC,LTEMP,2001,54.5,59.87917,-149.6569,Blue Mussel,Mytilus trossulus,mussel,Bivalvia,Mussels,Background biomonitoring / Post-oil spill assessment,PWS01TIS0052,34,ng/g,dry,Calculated,Whole Body,2.7,,J,,AlphaAnalytics,,mussel,Prince William Sound Regional Citizens' Advisory Council Monitoring Program,Prince William Sound Regional Citizens' Advisory Council Monitoring Program
PWSRCAC,LTEMP,2001,75.6,59.87917,-149.6569,Blue Mussel,Mytilus trossulus,mussel,Bivalvia,Mussels,Background biomonitoring / Post-oil spill assessment,PWS01TIS0053,34,ng/g,dry,Calculated,Whole Body,2.7,,J,,AlphaAnalytics,,mussel,Prince William Sound Regional Citizens' Advisory Council Monitoring Program,Prince William Sound Regional Citizens' Advisory Council Monitoring Program
PWSRCAC,LTEMP,2001,46.6,59.87917,-149.6569,Blue Mussel,Mytilus trossulus,mussel,Bivalvia,Mussels,Background biomonitoring / Post-oil spill assessment,PWS01TIS0054,34,ng/g,dry,Calculated,Whole Body,2.5,,J,,AlphaAnalytics,,mussel,Prince William Sound Regional Citizens' Advisory Council Monitoring Program,Prince William Sound Regional Citizens' Advisory Council Monitoring Program
PWSRCAC,LTEMP,2001,156.2,59.21888883,-151.5186112,Blue Mussel,Mytilus trossulus,mussel,Bivalvia,Mussels,Background biomonitoring / Post-oil spill assessment,PWS01TIS0055,104,ng/g,dry,Calculated,Whole Body,2.6,,ND,,AlphaAnalytics,,mussel,Prince William Sound Regional Citizens' Advisory Council Monitoring Program,Prince William Sound Regional Citizens' Advisory Council Monitoring Program
PWSRCAC,LTEMP,2001,45.8,59.21888883,-151.5186112,Blue Mussel,Mytilus trossulus,mussel,Bivalvia,Mussels,Background biomonitoring / Post-oil spill assessment,PWS01TIS0056,34,ng/g,dry,Calculated,Whole Body,2.8,,J,,AlphaAnalytics,,mussel,Prince William Sound Regional Citizens' Advisory Council Monitoring Program,Prince William Sound Regional Citizens' Advisory Council Monitoring Program
PWSRCAC,LTEMP,2001,63,59.21888883,-151.5186112,Blue Mussel,Mytilus trossulus,mussel,Bivalvia,Mussels,Background biomonitoring / Post-oil spill assessment,PWS01TIS0057,34,ng/g,dry,Calculated,Whole Body,2.6,,J,,AlphaAnalytics,,mussel,Prince William Sound Regional Citizens' Advisory Council Monitoring Program,Prince William Sound Regional Citizens' Advisory Council Monitoring Program
PWSRCAC,LTEMP,2001,62.1,58.50167,-152.625,Blue Mussel,Mytilus trossulus,mussel,Bivalvia,Mussels,Background biomonitoring / Post-oil spill assessment,PWS01TIS0058,35,ng/g,dry,Calculated,Whole Body,2.2,,J,,AlphaAnalytics,,mussel,Prince William Sound Regional Citizens' Advisory Council Monitoring Program,Prince William Sound Regional Citizens' Advisory Council Monitoring Program
PWSRCAC,LTEMP,2001,79.3,58.50167,-152.625,Blue Mussel,Mytilus trossulus,mussel,Bivalvia,Mussels,Background biomonitoring / Post-oil spill assessment,PWS01TIS0059,34,ng/g,dry,Calculated,Whole Body,2.4,,J,,AlphaAnalytics,,mussel,Prince William Sound Regional Citizens' Advisory Council Monitoring Program,Prince William Sound Regional Citizens' Advisory Council Monitoring Program
PWSRCAC,LTEMP,2001,49.6,58.50167,-152.625,Blue Mussel,Mytilus trossulus,mussel,Bivalvia,Mussels,Background biomonitoring / Post-oil spill assessment,PWS01TIS0060,34,ng/g,dry,Calculated,Whole Body,2.7,,J,,AlphaAnalytics,,mussel,Prince William Sound Regional Citizens' Advisory Council Monitoring Program,Prince William Sound Regional Citizens' Advisory Council Monitoring Program
PWSRCAC,LTEMP,2001,424.1,61.09167,-146.4053,Blue Mussel,Mytilus trossulus,mussel,Bivalvia,Mussels,Background biomonitoring / Post-oil spill assessment,PWS01TIS0061,34,ng/g,dry,Calculated,Whole Body,3.7,,J,,AlphaAnalytics,,mussel,Prince William Sound Regional Citizens' Advisory Council Monitoring Program,Prince William Sound Regional Citizens' Advisory Council Monitoring Program
PWSRCAC,LTEMP,2001,360.4,61.09167,-146.4053,Blue Mussel,Mytilus trossulus,mussel,Bivalvia,Mussels,Background biomonitoring / Post-oil spill assessment,PWS01TIS0062,34,ng/g,dry,Calculated,Whole Body,3.1,,J,,AlphaAnalytics,,mussel,Prince William Sound Regional Citizens' Advisory Council Monitoring Program,Prince William Sound Regional Citizens' Advisory Council Monitoring Program
PWSRCAC,LTEMP,2001,317.2,61.09167,-146.4053,Blue Mussel,Mytilus trossulus,mussel,Bivalvia,Mussels,Background biomonitoring / Post-oil spill assessment,PWS01TIS0063,35,ng/g,dry,Calculated,Whole Body,3.1,,J,,AlphaAnalytics,,mussel,Prince William Sound Regional Citizens' Advisory Council Monitoring Program,Prince William Sound Regional Citizens' Advisory Council Monitoring Program
PWSRCAC,LTEMP,2001,1028.4,61.1243682,-146.4961415,Blue Mussel,Mytilus trossulus,mussel,Bivalvia,Mussels,Background biomonitoring / Post-oil spill assessment,PWS01TIS0064,104,ng/g,dry,Calculated,Whole Body,4.4,,J,,AlphaAnalytics,,mussel,Prince William Sound Regional Citizens' Advisory Council Monitoring Program,Prince William Sound Regional Citizens' Advisory Council Monitoring Program
PWSRCAC,LTEMP,2001,320.5,61.1243682,-146.4961415,Blue Mussel,Mytilus trossulus,mussel,Bivalvia,Mussels,Background biomonitoring / Post-oil spill assessment,PWS01TIS0065,35,ng/g,dry,Calculated,Whole Body,3.3,,J,,AlphaAnalytics,,mussel,Prince William Sound Regional Citizens' Advisory Council Monitoring Program,Prince William Sound Regional Citizens' Advisory Council Monitoring Program
PWSRCAC,LTEMP,2001,496,61.1243682,-146.4961415,Blue Mussel,Mytilus trossulus,mussel,Bivalvia,Mussels,Background biomonitoring / Post-oil spill assessment,PWS01TIS0066,34,ng/g,dry,Calculated,Whole Body,3.6,,J,,AlphaAnalytics,,mussel,Prince William Sound Regional Citizens' Advisory Council Monitoring Program,Prince William Sound Regional Citizens' Advisory Council Monitoring Program
PWSRCAC,LTEMP,2002,240.7,61.1243682,-146.4961415,Blue Mussel,Mytilus trossulus,mussel,Bivalvia,Mussels,Background biomonitoring / Post-oil spill assessment,PWS02LYS0001,37,ng/g,dry,Calculated,Whole Body,2.8,,J,,AlphaAnalytics,,mussel,Prince William Sound Regional Citizens' Advisory Council Monitoring Program,Prince William Sound Regional Citizens' Advisory Council Monitoring Program
PWSRCAC,LTEMP,2002,202.6,61.09167,-146.4053,Blue Mussel,Mytilus trossulus,mussel,Bivalvia,Mussels,Background biomonitoring / Post-oil spill assessment,PWS02LYS0002,34,ng/g,dry,Calculated,Whole Body,1.9,,J,,AlphaAnalytics,,mussel,Prince William Sound Regional Citizens' Advisory Council Monitoring Program,Prince William Sound Regional Citizens' Advisory Council Monitoring Program
PWSRCAC,LTEMP,2002,237.4,61.1243682,-146.4961415,Blue Mussel,Mytilus trossulus,mussel,Bivalvia,Mussels,Background biomonitoring / Post-oil spill assessment,PWS02TIS0001,35,ng/g,dry,Calculated,Whole Body,5.6,,J,,AlphaAnalytics,,mussel,Prince William Sound Regional Citizens' Advisory Council Monitoring Program,Prince William Sound Regional Citizens' Advisory Council Monitoring Program
PWSRCAC,LTEMP,2002,221.8,61.1243682,-146.4961415,Blue Mussel,Mytilus trossulus,mussel,Bivalvia,Mussels,Background biomonitoring / Post-oil spill assessment,PWS02TIS0002,34,ng/g,dry,Calculated,Whole Body,4.2,,J,,AlphaAnalytics,,mussel,Prince William Sound Regional Citizens' Advisory Council Monitoring Program,Prince William Sound Regional Citizens' Advisory Council Monitoring Program
PWSRCAC,LTEMP,2002,168.5,61.1243682,-146.4961415,Blue Mussel,Mytilus trossulus,mussel,Bivalvia,Mussels,Background biomonitoring / Post-oil spill assessment,PWS02TIS0003,34,ng/g,dry,Calculated,Whole Body,4.2,,J,,AlphaAnalytics,,mussel,Prince William Sound Regional Citizens' Advisory Council Monitoring Program,Prince William Sound Regional Citizens' Advisory Council Monitoring Program
PWSRCAC,LTEMP,2002,129.3,60.49861,-147.6586,Blue Mussel,Mytilus trossulus,mussel,Bivalvia,Mussels,Background biomonitoring / Post-oil spill assessment,PWS02TIS0004,35,ng/g,dry,Calculated,Whole Body,3.4,,ND,,AlphaAnalytics,,mussel,Prince William Sound Regional Citizens' Advisory Council Monitoring Program,Prince William Sound Regional Citizens' Advisory Council Monitoring Program
PWSRCAC,LTEMP,2002,540.9,60.49861,-147.6586,Blue Mussel,Mytilus trossulus,mussel,Bivalvia,Mussels,Background biomonitoring / Post-oil spill assessment,PWS02TIS0005,104,ng/g,dry,Calculated,Whole Body,7.4,,J,,AlphaAnalytics,,mussel,Prince William Sound Regional Citizens' Advisory Council Monitoring Program,Prince William Sound Regional Citizens' Advisory Council Monitoring Program
PWSRCAC,LTEMP,2002,113.6,60.49861,-147.6586,Blue Mussel,Mytilus trossulus,mussel,Bivalvia,Mussels,Background biomonitoring / Post-oil spill assessment,PWS02TIS0006,34,ng/g,dry,Calculated,Whole Body,3.4,,J,,AlphaAnalytics,,mussel,Prince William Sound Regional Citizens' Advisory Council Monitoring Program,Prince William Sound Regional Citizens' Advisory Council Monitoring Program
PWSRCAC,LTEMP,2002,128.8,60.0675,-147.8319445,Blue Mussel,Mytilus trossulus,mussel,Bivalvia,Mussels,Background biomonitoring / Post-oil spill assessment,PWS02TIS0007,34,ng/g,dry,Calculated,Whole Body,3.9,,ND,,AlphaAnalytics,,mussel,Prince William Sound Regional Citizens' Advisory Council Monitoring Program,Prince William Sound Regional Citizens' Advisory Council Monitoring Program
PWSRCAC,LTEMP,2002,165.6,60.0675,-147.8319445,Blue Mussel,Mytilus trossulus,mussel,Bivalvia,Mussels,Background biomonitoring / Post-oil spill assessment,PWS02TIS0008,34,ng/g,dry,Calculated,Whole Body,4.8,,J,,AlphaAnalytics,,mussel,Prince William Sound Regional Citizens' Advisory Council Monitoring Program,Prince William Sound Regional Citizens' Advisory Council Monitoring Program
PWSRCAC,LTEMP,2002,204.4,60.0675,-147.8319445,Blue Mussel,Mytilus trossulus,mussel,Bivalvia,Mussels,Background biomonitoring / Post-oil spill assessment,PWS02TIS0009,34,ng/g,dry,Calculated,Whole Body,3.6,,J,,AlphaAnalytics,,mussel,Prince William Sound Regional Citizens' Advisory Council Monitoring Program,Prince William Sound Regional Citizens' Advisory Council Monitoring Program
PWSRCAC,LTEMP,2002,220.9,60.26583,-147.08445,Blue Mussel,Mytilus trossulus,mussel,Bivalvia,Mussels,Background biomonitoring / Post-oil spill assessment,PWS02TIS0010,34,ng/g,dry,Calculated,Whole Body,4.5,,J,,AlphaAnalytics,,mussel,Prince William Sound Regional Citizens' Advisory Council Monitoring Program,Prince William Sound Regional Citizens' Advisory Council Monitoring Program
PWSRCAC,LTEMP,2002,1.4,60.26583,-147.08445,Blue Mussel,Mytilus trossulus,mussel,Bivalvia,Mussels,Background biomonitoring / Post-oil spill assessment,PWS02TIS0011,34,ng/g,dry,Calculated,Whole Body,4.4,,ND,,AlphaAnalytics,,mussel,Prince William Sound Regional Citizens' Advisory Council Monitoring Program,Prince William Sound Regional Citizens' Advisory Council Monitoring Program
PWSRCAC,LTEMP,2002,146,60.26583,-147.08445,Blue Mussel,Mytilus trossulus,mussel,Bivalvia,Mussels,Background biomonitoring / Post-oil spill assessment,PWS02TIS0012,34,ng/g,dry,Calculated,Whole Body,3.7,,J,,AlphaAnalytics,,mussel,Prince William Sound Regional Citizens' Advisory Council Monitoring Program,Prince William Sound Regional Citizens' Advisory Council Monitoring Program
PWSRCAC,LTEMP,2002,315.9,60.69055,-146.5833,Blue Mussel,Mytilus trossulus,mussel,Bivalvia,Mussels,Background biomonitoring / Post-oil spill assessment,PWS02TIS0013,34,ng/g,dry,Calculated,Whole Body,8.5,,J,,AlphaAnalytics,,mussel,Prince William Sound Regional Citizens' Advisory Council Monitoring Program,Prince William Sound Regional Citizens' Advisory Council Monitoring Program
PWSRCAC,LTEMP,2002,203.9,60.69055,-146.5833,Blue Mussel,Mytilus trossulus,mussel,Bivalvia,Mussels,Background biomonitoring / Post-oil spill assessment,PWS02TIS0014,34,ng/g,dry,Calculated,Whole Body,4.1,,J,,AlphaAnalytics,,mussel,Prince William Sound Regional Citizens' Advisory Council Monitoring Program,Prince William Sound Regional Citizens' Advisory Council Monitoring Program
PWSRCAC,LTEMP,2002,118.2,60.69055,-146.5833,Blue Mussel,Mytilus trossulus,mussel,Bivalvia,Mussels,Background biomonitoring / Post-oil spill assessment,PWS02TIS0015,34,ng/g,dry,Calculated,Whole Body,3.4,,ND,,AlphaAnalytics,,mussel,Prince William Sound Regional Citizens' Advisory Council Monitoring Program,Prince William Sound Regional Citizens' Advisory Council Monitoring Program
PWSRCAC,LTEMP,2002,144.8,60.64722,-145.995,Blue Mussel,Mytilus trossulus,mussel,Bivalvia,Mussels,Background biomonitoring / Post-oil spill assessment,PWS02TIS0016,34,ng/g,dry,Calculated,Whole Body,3.5,,J,,AlphaAnalytics,,mussel,Prince William Sound Regional Citizens' Advisory Council Monitoring Program,Prince William Sound Regional Citizens' Advisory Council Monitoring Program
PWSRCAC,LTEMP,2002,252.6,60.64722,-145.995,Blue Mussel,Mytilus trossulus,mussel,Bivalvia,Mussels,Background biomonitoring / Post-oil spill assessment,PWS02TIS0017,34,ng/g,dry,Calculated,Whole Body,5.8,,J,,AlphaAnalytics,,mussel,Prince William Sound Regional Citizens' Advisory Council Monitoring Program,Prince William Sound Regional Citizens' Advisory Council Monitoring Program
PWSRCAC,LTEMP,2002,163.5,60.64722,-145.995,Blue Mussel,Mytilus trossulus,mussel,Bivalvia,Mussels,Background biomonitoring / Post-oil spill assessment,PWS02TIS0018,34,ng/g,dry,Calculated,Whole Body,2.1,,J,,AlphaAnalytics,,mussel,Prince William Sound Regional Citizens' Advisory Council Monitoring Program,Prince William Sound Regional Citizens' Advisory Council Monitoring Program
PWSRCAC,LTEMP,2002,385.5,61.09167,-146.4053,Blue Mussel,Mytilus trossulus,mussel,Bivalvia,Mussels,Background biomonitoring / Post-oil spill assessment,PWS02TIS0019,34,ng/g,dry,Calculated,Whole Body,4,,J,,AlphaAnalytics,,mussel,Prince William Sound Regional Citizens' Advisory Council Monitoring Program,Prince William Sound Regional Citizens' Advisory Council Monitoring Program
PWSRCAC,LTEMP,2002,305.9,61.09167,-146.4053,Blue Mussel,Mytilus trossulus,mussel,Bivalvia,Mussels,Background biomonitoring / Post-oil spill assessment,PWS02TIS0020,34,ng/g,dry,Calculated,Whole Body,2.6,,J,,AlphaAnalytics,,mussel,Prince William Sound Regional Citizens' Advisory Council Monitoring Program,Prince William Sound Regional Citizens' Advisory Council Monitoring Program
PWSRCAC,LTEMP,2002,403.9,61.09167,-146.4053,Blue Mussel,Mytilus trossulus,mussel,Bivalvia,Mussels,Background biomonitoring / Post-oil spill assessment,PWS02TIS0021,34,ng/g,dry,Calculated,Whole Body,3.4,,J,,AlphaAnalytics,,mussel,Prince William Sound Regional Citizens' Advisory Council Monitoring Program,Prince William Sound Regional Citizens' Advisory Council Monitoring Program
PWSRCAC,LTEMP,2002,203.5,59.87917,-149.6569,Blue Mussel,Mytilus trossulus,mussel,Bivalvia,Mussels,Background biomonitoring / Post-oil spill assessment,PWS02TIS0022,34,ng/g,dry,Calculated,Whole Body,2.2,,J,,AlphaAnalytics,,mussel,Prince William Sound Regional Citizens' Advisory Council Monitoring Program,Prince William Sound Regional Citizens' Advisory Council Monitoring Program
PWSRCAC,LTEMP,2002,156.8,59.87917,-149.6569,Blue Mussel,Mytilus trossulus,mussel,Bivalvia,Mussels,Background biomonitoring / Post-oil spill assessment,PWS02TIS0023,34,ng/g,dry,Calculated,Whole Body,2,,J,,AlphaAnalytics,,mussel,Prince William Sound Regional Citizens' Advisory Council Monitoring Program,Prince William Sound Regional Citizens' Advisory Council Monitoring Program
PWSRCAC,LTEMP,2002,305.9,59.87917,-149.6569,Blue Mussel,Mytilus trossulus,mussel,Bivalvia,Mussels,Background biomonitoring / Post-oil spill assessment,PWS02TIS0024,104,ng/g,dry,Calculated,Whole Body,2.4,,J,,AlphaAnalytics,,mussel,Prince William Sound Regional Citizens' Advisory Council Monitoring Program,Prince William Sound Regional Citizens' Advisory Council Monitoring Program
PWSRCAC,LTEMP,2002,79.5,59.21888883,-151.5186112,Blue Mussel,Mytilus trossulus,mussel,Bivalvia,Mussels,Background biomonitoring / Post-oil spill assessment,PWS02TIS0025,34,ng/g,dry,Calculated,Whole Body,3.6,,J,,AlphaAnalytics,,mussel,Prince William Sound Regional Citizens' Advisory Council Monitoring Program,Prince William Sound Regional Citizens' Advisory Council Monitoring Program
PWSRCAC,LTEMP,2002,63.3,59.21888883,-151.5186112,Blue Mussel,Mytilus trossulus,mussel,Bivalvia,Mussels,Background biomonitoring / Post-oil spill assessment,PWS02TIS0026,34,ng/g,dry,Calculated,Whole Body,2.1,,J,,AlphaAnalytics,,mussel,Prince William Sound Regional Citizens' Advisory Council Monitoring Program,Prince William Sound Regional Citizens' Advisory Council Monitoring Program
PWSRCAC,LTEMP,2002,62.8,59.21888883,-151.5186112,Blue Mussel,Mytilus trossulus,mussel,Bivalvia,Mussels,Background biomonitoring / Post-oil spill assessment,PWS02TIS0027,34,ng/g,dry,Calculated,Whole Body,2.4,,J,,AlphaAnalytics,,mussel,Prince William Sound Regional Citizens' Advisory Council Monitoring Program,Prince William Sound Regional Citizens' Advisory Council Monitoring Program
PWSRCAC,LTEMP,2002,67.8,58.50167,-152.625,Blue Mussel,Mytilus trossulus,mussel,Bivalvia,Mussels,Background biomonitoring / Post-oil spill assessment,PWS02TIS0028,34,ng/g,dry,Calculated,Whole Body,2,,J,,AlphaAnalytics,,mussel,Prince William Sound Regional Citizens' Advisory Council Monitoring Program,Prince William Sound Regional Citizens' Advisory Council Monitoring Program
PWSRCAC,LTEMP,2002,57.3,58.50167,-152.625,Blue Mussel,Mytilus trossulus,mussel,Bivalvia,Mussels,Background biomonitoring / Post-oil spill assessment,PWS02TIS0029,34,ng/g,dry,Calculated,Whole Body,1.8,,ND,,AlphaAnalytics,,mussel,Prince William Sound Regional Citizens' Advisory Council Monitoring Program,Prince William Sound Regional Citizens' Advisory Council Monitoring Program
PWSRCAC,LTEMP,2002,72.7,58.50167,-152.625,Blue Mussel,Mytilus trossulus,mussel,Bivalvia,Mussels,Background biomonitoring / Post-oil spill assessment,PWS02TIS0030,35,ng/g,dry,Calculated,Whole Body,2.2,,ND,,AlphaAnalytics,,mussel,Prince William Sound Regional Citizens' Advisory Council Monitoring Program,Prince William Sound Regional Citizens' Advisory Council Monitoring Program
PWSRCAC,LTEMP,2020,1054.24669,61.123719,-146.35315,Blue Mussel,Mytilus trossulus,mussel,Bivalvia,Mussels,Background biomonitoring / Post-oil spill assessment,RED-B-20-2-1,41,ng/g,dry,Calculated,Whole Body,2.866667,6.653333,B,85,AlphaAnalytics,,mussel,Prince William Sound Regional Citizens' Advisory Council Monitoring Program,Prince William Sound Regional Citizens' Advisory Council Monitoring Program
PWSRCAC,LTEMP,2020,905.275,61.123719,-146.35315,Blue Mussel,Mytilus trossulus,mussel,Bivalvia,Mussels,Background biomonitoring / Post-oil spill assessment,RED-B-20-2-2,41,ng/g,dry,Calculated,Whole Body,2.60625,6.04375,B,84,AlphaAnalytics,,mussel,Prince William Sound Regional Citizens' Advisory Council Monitoring Program,Prince William Sound Regional Citizens' Advisory Council Monitoring Program
PWSRCAC,LTEMP,2020,1181.149999,61.123719,-146.35315,Blue Mussel,Mytilus trossulus,mussel,Bivalvia,Mussels,Background biomonitoring / Post-oil spill assessment,RED-B-20-2-3,41,ng/g,dry,Calculated,Whole Body,3.057143,7.1,B,86,AlphaAnalytics,,mussel,Prince William Sound Regional Citizens' Advisory Council Monitoring Program,Prince William Sound Regional Citizens' Advisory Council Monitoring Program
PWSRCAC,LTEMP,2021,82.752,61.123719,-146.35315,Blue Mussel,Mytilus trossulus,mussel,Bivalvia,Mussels,Background biomonitoring / Post-oil spill assessment,RED-B-21-1,41,ng/g,wet,Calculated,Whole Body,0.758,1.76,B,0,AlphaAnalytics,,mussel,Prince William Sound Regional Citizens' Advisory Council Monitoring Program,Prince William Sound Regional Citizens' Advisory Council Monitoring Program
PWSRCAC,LTEMP,2021,116.275,61.123719,-146.35315,Blue Mussel,Mytilus trossulus,mussel,Bivalvia,Mussels,Background biomonitoring / Post-oil spill assessment,RED-B-21-2,41,ng/g,wet,Calculated,Whole Body,0.844,1.96,,0,AlphaAnalytics,,mussel,Prince William Sound Regional Citizens' Advisory Council Monitoring Program,Prince William Sound Regional Citizens' Advisory Council Monitoring Program
PWSRCAC,LTEMP,2021,74.66,61.123719,-146.35315,Blue Mussel,Mytilus trossulus,mussel,Bivalvia,Mussels,Background biomonitoring / Post-oil spill assessment,RED-B-21-3,41,ng/g,wet,Calculated,Whole Body,0.778,1.8,B,0,AlphaAnalytics,,mussel,Prince William Sound Regional Citizens' Advisory Council Monitoring Program,Prince William Sound Regional Citizens' Advisory Council Monitoring Program
PWSRCAC,LTEMP,2022,88.286,61.123719,-146.35315,Blue Mussel,Mytilus trossulus,mussel,Bivalvia,Mussels,Background biomonitoring / Post-oil spill assessment,RED-B-22-1,41,ng/g,wet,Calculated,Whole Body,0.827,1.92,JB,0,AlphaAnalytics,,mussel,Prince William Sound Regional Citizens' Advisory Council Monitoring Program,Prince William Sound Regional Citizens' Advisory Council Monitoring Program
PWSRCAC,LTEMP,2022,71.777,61.123719,-146.35315,Blue Mussel,Mytilus trossulus,mussel,Bivalvia,Mussels,Background biomonitoring / Post-oil spill assessment,RED-B-22-2,41,ng/g,wet,Calculated,Whole Body,0.79,1.83,JB,0,AlphaAnalytics,,mussel,Prince William Sound Regional Citizens' Advisory Council Monitoring Program,Prince William Sound Regional Citizens' Advisory Council Monitoring Program
PWSRCAC,LTEMP,2022,72.784,61.123719,-146.35315,Blue Mussel,Mytilus trossulus,mussel,Bivalvia,Mussels,Background biomonitoring / Post-oil spill assessment,RED-B-22-2-DUP,41,ng/g,wet,Calculated,Whole Body,0.859,1.99,JB,0,AlphaAnalytics,,mussel,Prince William Sound Regional Citizens' Advisory Council Monitoring Program,Prince William Sound Regional Citizens' Advisory Council Monitoring Program
PWSRCAC,LTEMP,2022,190.411,61.123719,-146.35315,Blue Mussel,Mytilus trossulus,mussel,Bivalvia,Mussels,Background biomonitoring / Post-oil spill assessment,RED-B-22-3,41,ng/g,wet,Calculated,Whole Body,0.78,1.81,JB,0,AlphaAnalytics,,mussel,Prince William Sound Regional Citizens' Advisory Council Monitoring Program,Prince William Sound Regional Citizens' Advisory Council Monitoring Program
PWSRCAC,LTEMP,2023,106.925,61.123719,-146.35315,Blue Mussel,Mytilus trossulus,mussel,Bivalvia,Mussels,Background biomonitoring / Post-oil spill assessment,RED-B-23-1,41,ng/g,wet,Calculated,Whole Body,0.845,1.96,B,0,AlphaAnalytics,,mussel,Prince William Sound Regional Citizens' Advisory Council Monitoring Program,Prince William Sound Regional Citizens' Advisory Council Monitoring Program
PWSRCAC,LTEMP,2023,97.824,61.123719,-146.35315,Blue Mussel,Mytilus trossulus,mussel,Bivalvia,Mussels,Background biomonitoring / Post-oil spill assessment,RED-B-23-2,41,ng/g,wet,Calculated,Whole Body,0.852,1.98,B,0,AlphaAnalytics,,mussel,Prince William Sound Regional Citizens' Advisory Council Monitoring Program,Prince William Sound Regional Citizens' Advisory Council Monitoring Program
PWSRCAC,LTEMP,2023,121.761,61.123719,-146.35315,Blue Mussel,Mytilus trossulus,mussel,Bivalvia,Mussels,Background biomonitoring / Post-oil spill assessment,RED-B-23-3,41,ng/g,wet,Calculated,Whole Body,0.85,1.97,B,0,AlphaAnalytics,,mussel,Prince William Sound Regional Citizens' Advisory Council Monitoring Program,Prince William Sound Regional Citizens' Advisory Council Monitoring Program
PWSRCAC,LTEMP,2024,79.562,61.123719,-146.35315,Blue Mussel,Mytilus trossulus,mussel,Bivalvia,Mussels,Background biomonitoring / Post-oil spill assessment,RED-B-24-1,41,ng/g,wet,Calculated,Whole Body,0.829,1.92,JB,0,AlphaAnalytics,,mussel,Prince William Sound Regional Citizens' Advisory Council Monitoring Program,Prince William Sound Regional Citizens' Advisory Council Monitoring Program
PWSRCAC,LTEMP,2024,72.064,61.123719,-146.35315,Blue Mussel,Mytilus trossulus,mussel,Bivalvia,Mussels,Background biomonitoring / Post-oil spill assessment,RED-B-24-2,41,ng/g,wet,Calculated,Whole Body,0.821,1.9,JB,0,AlphaAnalytics,,mussel,Prince William Sound Regional Citizens' Advisory Council Monitoring Program,Prince William Sound Regional Citizens' Advisory Council Monitoring Program
PWSRCAC,LTEMP,2024,74.456,61.123719,-146.35315,Blue Mussel,Mytilus trossulus,mussel,Bivalvia,Mussels,Background biomonitoring / Post-oil spill assessment,RED-B-24-3,41,ng/g,wet,Calculated,Whole Body,0.813,1.89,JB,0,AlphaAnalytics,,mussel,Prince William Sound Regional Citizens' Advisory Council Monitoring Program,Prince William Sound Regional Citizens' Advisory Council Monitoring Program
PWSRCAC,LTEMP,2020,121.72,61.09167,-146.4053,Blue Mussel,Mytilus trossulus,mussel,Bivalvia,Mussels,Background biomonitoring / Post-oil spill assessment,SAW M001,41,ng/g,dry,Calculated,Whole Body,5.693333,13.2,JB,85,AlphaAnalytics,,mussel,Prince William Sound Regional Citizens' Advisory Council Monitoring Program,Prince William Sound Regional Citizens' Advisory Council Monitoring Program
PWSRCAC,LTEMP,2020,175.5000025,61.09167,-146.4053,Blue Mussel,Mytilus trossulus,mussel,Bivalvia,Mussels,Background biomonitoring / Post-oil spill assessment,SAW M002,41,ng/g,dry,Calculated,Whole Body,5.978571,13.85714,JB,86,AlphaAnalytics,,mussel,Prince William Sound Regional Citizens' Advisory Council Monitoring Program,Prince William Sound Regional Citizens' Advisory Council Monitoring Program
PWSRCAC,LTEMP,2020,172.0076883,61.09167,-146.4053,Blue Mussel,Mytilus trossulus,mussel,Bivalvia,Mussels,Background biomonitoring / Post-oil spill assessment,SAW M003,41,ng/g,dry,Calculated,Whole Body,6.476923,15,JB,87,AlphaAnalytics,,mussel,Prince William Sound Regional Citizens' Advisory Council Monitoring Program,Prince William Sound Regional Citizens' Advisory Council Monitoring Program
PWSRCAC,LTEMP,2017,1155.774998,61.09167,-146.4053,Blue Mussel,Mytilus trossulus,mussel,Bivalvia,Mussels,Background biomonitoring / Post-oil spill assessment,SAW-1709-1,41,ng/g,dry,Calculated,Whole Body,8.166667,18.91667,JB,88,AlphaAnalytics,,mussel,Prince William Sound Regional Citizens' Advisory Council Monitoring Program,Prince William Sound Regional Citizens' Advisory Council Monitoring Program
PWSRCAC,LTEMP,2017,1134.199947,61.09167,-146.4053,Blue Mussel,Mytilus trossulus,mussel,Bivalvia,Mussels,Background biomonitoring / Post-oil spill assessment,SAW-1709-1-DUP,41,ng/g,dry,Calculated,Whole Body,8.316667,19.25,JB,88,AlphaAnalytics,,mussel,Prince William Sound Regional Citizens' Advisory Council Monitoring Program,Prince William Sound Regional Citizens' Advisory Council Monitoring Program
PWSRCAC,LTEMP,2017,1073.122237,61.09167,-146.4053,Blue Mussel,Mytilus trossulus,mussel,Bivalvia,Mussels,Background biomonitoring / Post-oil spill assessment,SAW-1709-2,41,ng/g,dry,Calculated,Whole Body,9.277778,21.55556,JB,91,AlphaAnalytics,,mussel,Prince William Sound Regional Citizens' Advisory Council Monitoring Program,Prince William Sound Regional Citizens' Advisory Council Monitoring Program
PWSRCAC,LTEMP,2017,1246.58467,61.09167,-146.4053,Blue Mussel,Mytilus trossulus,mussel,Bivalvia,Mussels,Background biomonitoring / Post-oil spill assessment,SAW-1709-3,41,ng/g,dry,Calculated,Whole Body,6.615385,15.38462,JB,87,AlphaAnalytics,,mussel,Prince William Sound Regional Citizens' Advisory Council Monitoring Program,Prince William Sound Regional Citizens' Advisory Council Monitoring Program
PWSRCAC,LTEMP,2017,54.3875,61.09167,-146.4053,Blue Mussel,Mytilus trossulus,mussel,Bivalvia,Mussels,Background biomonitoring / Post-oil spill assessment,SAW-1712-1,41,ng/g,dry,Calculated,Whole Body,4.91875,11.375,JB,84,AlphaAnalytics,,mussel,Prince William Sound Regional Citizens' Advisory Council Monitoring Program,Prince William Sound Regional Citizens' Advisory Council Monitoring Program
PWSRCAC,LTEMP,2017,47.186664,61.09167,-146.4053,Blue Mussel,Mytilus trossulus,mussel,Bivalvia,Mussels,Background biomonitoring / Post-oil spill assessment,SAW-1712-2,41,ng/g,dry,Calculated,Whole Body,4.953333,11.46667,JB,85,AlphaAnalytics,,mussel,Prince William Sound Regional Citizens' Advisory Council Monitoring Program,Prince William Sound Regional Citizens' Advisory Council Monitoring Program
PWSRCAC,LTEMP,2017,41.905,61.09167,-146.4053,Blue Mussel,Mytilus trossulus,mussel,Bivalvia,Mussels,Background biomonitoring / Post-oil spill assessment,SAW-1712-3,41,ng/g,dry,Calculated,Whole Body,4.21,9.75,JB,80,AlphaAnalytics,,mussel,Prince William Sound Regional Citizens' Advisory Council Monitoring Program,Prince William Sound Regional Citizens' Advisory Council Monitoring Program
PWSRCAC,LTEMP,2021,54.449,61.09167,-146.4053,Blue Mussel,Mytilus trossulus,mussel,Bivalvia,Mussels,Background biomonitoring / Post-oil spill assessment,SAW-B-21-1,41,ng/g,wet,Calculated,Whole Body,0.837,1.94,B,0,AlphaAnalytics,,mussel,Prince William Sound Regional Citizens' Advisory Council Monitoring Program,Prince William Sound Regional Citizens' Advisory Council Monitoring Program
PWSRCAC,LTEMP,2021,48.906,61.09167,-146.4053,Blue Mussel,Mytilus trossulus,mussel,Bivalvia,Mussels,Background biomonitoring / Post-oil spill assessment,SAW-B-21-2,41,ng/g,wet,Calculated,Whole Body,0.746,1.73,JB,0,AlphaAnalytics,,mussel,Prince William Sound Regional Citizens' Advisory Council Monitoring Program,Prince William Sound Regional Citizens' Advisory Council Monitoring Program
PWSRCAC,LTEMP,2021,53.661,61.09167,-146.4053,Blue Mussel,Mytilus trossulus,mussel,Bivalvia,Mussels,Background biomonitoring / Post-oil spill assessment,SAW-B-21-3,41,ng/g,wet,Calculated,Whole Body,0.722,1.68,B,0,AlphaAnalytics,,mussel,Prince William Sound Regional Citizens' Advisory Council Monitoring Program,Prince William Sound Regional Citizens' Advisory Council Monitoring Program
PWSRCAC,LTEMP,2022,52.961,61.09167,-146.4053,Blue Mussel,Mytilus trossulus,mussel,Bivalvia,Mussels,Background biomonitoring / Post-oil spill assessment,SAW-B-22-1,41,ng/g,wet,Calculated,Whole Body,0.824,1.91,JB,0,AlphaAnalytics,,mussel,Prince William Sound Regional Citizens' Advisory Council Monitoring Program,Prince William Sound Regional Citizens' Advisory Council Monitoring Program
PWSRCAC,LTEMP,2022,59.271,61.09167,-146.4053,Blue Mussel,Mytilus trossulus,mussel,Bivalvia,Mussels,Background biomonitoring / Post-oil spill assessment,SAW-B-22-2,41,ng/g,wet,Calculated,Whole Body,0.831,1.93,JB,0,AlphaAnalytics,,mussel,Prince William Sound Regional Citizens' Advisory Council Monitoring Program,Prince William Sound Regional Citizens' Advisory Council Monitoring Program
PWSRCAC,LTEMP,2022,57.526,61.09167,-146.4053,Blue Mussel,Mytilus trossulus,mussel,Bivalvia,Mussels,Background biomonitoring / Post-oil spill assessment,SAW-B-22-3,41,ng/g,wet,Calculated,Whole Body,0.792,1.84,JB,0,AlphaAnalytics,,mussel,Prince William Sound Regional Citizens' Advisory Council Monitoring Program,Prince William Sound Regional Citizens' Advisory Council Monitoring Program
PWSRCAC,LTEMP,2020,173.825,61.09167,-146.4053,Blue Mussel,Mytilus trossulus,mussel,Bivalvia,Mussels,Background biomonitoring / Post-oil spill assessment,SAWM004,41,ng/g,dry,Calculated,Whole Body,5.1625,12,JB,0,AlphaAnalytics,,mussel,Prince William Sound Regional Citizens' Advisory Council Monitoring Program,Prince William Sound Regional Citizens' Advisory Council Monitoring Program
PWSRCAC,LTEMP,2020,241.6625,61.09167,-146.4053,Blue Mussel,Mytilus trossulus,mussel,Bivalvia,Mussels,Background biomonitoring / Post-oil spill assessment,SAWM007,41,ng/g,dry,Calculated,Whole Body,5.19375,12.0625,JB,0,AlphaAnalytics,,mussel,Prince William Sound Regional Citizens' Advisory Council Monitoring Program,Prince William Sound Regional Citizens' Advisory Council Monitoring Program
PWSRCAC,LTEMP,2020,139.7823574,61.09167,-146.4053,Blue Mussel,Mytilus trossulus,mussel,Bivalvia,Mussels,Background biomonitoring / Post-oil spill assessment,SAWM010,41,ng/g,dry,Calculated,Whole Body,4.388235,10.17647,B,0,AlphaAnalytics,,mussel,Prince William Sound Regional Citizens' Advisory Council Monitoring Program,Prince William Sound Regional Citizens' Advisory Council Monitoring Program
PWSRCAC,LTEMP,2002,48.6662388,60.64722,-145.995,Blue Mussel,Mytilus trossulus,mussel,Bivalvia,Mussels,Background biomonitoring / Post-oil spill assessment,SHB-B-02-2-1,37,ng/g,dry,Calculated,Whole Body,20.91743,,BD,,AlphaAnalytics,,mussel,Prince William Sound Regional Citizens' Advisory Council Monitoring Program,Prince William Sound Regional Citizens' Advisory Council Monitoring Program
PWSRCAC,LTEMP,2002,48.2335864,60.64722,-145.995,Blue Mussel,Mytilus trossulus,mussel,Bivalvia,Mussels,Background biomonitoring / Post-oil spill assessment,SHB-B-02-2-2,37,ng/g,dry,Calculated,Whole Body,25.90909,,BD,,AlphaAnalytics,,mussel,Prince William Sound Regional Citizens' Advisory Council Monitoring Program,Prince William Sound Regional Citizens' Advisory Council Monitoring Program
PWSRCAC,LTEMP,2002,34.4184431,60.64722,-145.995,Blue Mussel,Mytilus trossulus,mussel,Bivalvia,Mussels,Background biomonitoring / Post-oil spill assessment,SHB-B-02-2-3,37,ng/g,dry,Calculated,Whole Body,20.91743,,BD,,AlphaAnalytics,,mussel,Prince William Sound Regional Citizens' Advisory Council Monitoring Program,Prince William Sound Regional Citizens' Advisory Council Monitoring Program
PWSRCAC,LTEMP,2003,23.4294844,60.64722,-145.995,Blue Mussel,Mytilus trossulus,mussel,Bivalvia,Mussels,Background biomonitoring / Post-oil spill assessment,SHB-B-03-1-1,37,ng/g,dry,Calculated,Whole Body,25.33333,,BD,,AlphaAnalytics,,mussel,Prince William Sound Regional Citizens' Advisory Council Monitoring Program,Prince William Sound Regional Citizens' Advisory Council Monitoring Program
PWSRCAC,LTEMP,2003,34.0152137,60.64722,-145.995,Blue Mussel,Mytilus trossulus,mussel,Bivalvia,Mussels,Background biomonitoring / Post-oil spill assessment,SHB-B-03-1-1D,37,ng/g,dry,Calculated,Whole Body,25.33333,,BD,,AlphaAnalytics,,mussel,Prince William Sound Regional Citizens' Advisory Council Monitoring Program,Prince William Sound Regional Citizens' Advisory Council Monitoring Program
PWSRCAC,LTEMP,2003,20.7729449,60.64722,-145.995,Blue Mussel,Mytilus trossulus,mussel,Bivalvia,Mussels,Background biomonitoring / Post-oil spill assessment,SHB-B-03-1-2,37,ng/g,dry,Calculated,Whole Body,26.82353,,BD,,AlphaAnalytics,,mussel,Prince William Sound Regional Citizens' Advisory Council Monitoring Program,Prince William Sound Regional Citizens' Advisory Council Monitoring Program
PWSRCAC,LTEMP,2003,17.8929259,60.64722,-145.995,Blue Mussel,Mytilus trossulus,mussel,Bivalvia,Mussels,Background biomonitoring / Post-oil spill assessment,SHB-B-03-1-3,37,ng/g,dry,Calculated,Whole Body,22.13592,,BD,,AlphaAnalytics,,mussel,Prince William Sound Regional Citizens' Advisory Council Monitoring Program,Prince William Sound Regional Citizens' Advisory Council Monitoring Program
PWSRCAC,LTEMP,2003,58.28,60.64722,-145.995,Blue Mussel,Mytilus trossulus,mussel,Bivalvia,Mussels,Background biomonitoring / Post-oil spill assessment,SHB-B-03-2-1,39,ng/g,dry,Calculated,Whole Body,7.6,,b,,AlphaAnalytics,,mussel,Prince William Sound Regional Citizens' Advisory Council Monitoring Program,Prince William Sound Regional Citizens' Advisory Council Monitoring Program
PWSRCAC,LTEMP,2003,13.49,60.64722,-145.995,Blue Mussel,Mytilus trossulus,mussel,Bivalvia,Mussels,Background biomonitoring / Post-oil spill assessment,SHB-B-03-2-2,40,ng/g,dry,Calculated,Whole Body,6.91,,b,,AlphaAnalytics,,mussel,Prince William Sound Regional Citizens' Advisory Council Monitoring Program,Prince William Sound Regional Citizens' Advisory Council Monitoring Program
PWSRCAC,LTEMP,2003,20.27,60.64722,-145.995,Blue Mussel,Mytilus trossulus,mussel,Bivalvia,Mussels,Background biomonitoring / Post-oil spill assessment,SHB-B-03-2-3,39,ng/g,dry,Calculated,Whole Body,7.86,,b,,AlphaAnalytics,,mussel,Prince William Sound Regional Citizens' Advisory Council Monitoring Program,Prince William Sound Regional Citizens' Advisory Council Monitoring Program
PWSRCAC,LTEMP,2004,44,60.64722,-145.995,Blue Mussel,Mytilus trossulus,mussel,Bivalvia,Mussels,Background biomonitoring / Post-oil spill assessment,SHB-B-04-1-1,40,ng/g,dry,Calculated,Whole Body,4.43,,b,,AlphaAnalytics,,mussel,Prince William Sound Regional Citizens' Advisory Council Monitoring Program,Prince William Sound Regional Citizens' Advisory Council Monitoring Program
PWSRCAC,LTEMP,2004,49.19,60.64722,-145.995,Blue Mussel,Mytilus trossulus,mussel,Bivalvia,Mussels,Background biomonitoring / Post-oil spill assessment,SHB-B-04-1-2,39,ng/g,dry,Calculated,Whole Body,5.49,,b,,AlphaAnalytics,,mussel,Prince William Sound Regional Citizens' Advisory Council Monitoring Program,Prince William Sound Regional Citizens' Advisory Council Monitoring Program
PWSRCAC,LTEMP,2004,49.3,60.64722,-145.995,Blue Mussel,Mytilus trossulus,mussel,Bivalvia,Mussels,Background biomonitoring / Post-oil spill assessment,SHB-B-04-1-3,39,ng/g,dry,Calculated,Whole Body,4.3,,b,,AlphaAnalytics,,mussel,Prince William Sound Regional Citizens' Advisory Council Monitoring Program,Prince William Sound Regional Citizens' Advisory Council Monitoring Program
PWSRCAC,LTEMP,2004,10.87,60.64722,-145.995,Blue Mussel,Mytilus trossulus,mussel,Bivalvia,Mussels,Background biomonitoring / Post-oil spill assessment,SHB-B-04-2-1-R2,39,ng/g,dry,Calculated,Whole Body,8,,b,,AlphaAnalytics,,mussel,Prince William Sound Regional Citizens' Advisory Council Monitoring Program,Prince William Sound Regional Citizens' Advisory Council Monitoring Program
PWSRCAC,LTEMP,2004,31.2,60.64722,-145.995,Blue Mussel,Mytilus trossulus,mussel,Bivalvia,Mussels,Background biomonitoring / Post-oil spill assessment,SHB-B-04-2-2-R2,39,ng/g,dry,Calculated,Whole Body,7.1,,b,,AlphaAnalytics,,mussel,Prince William Sound Regional Citizens' Advisory Council Monitoring Program,Prince William Sound Regional Citizens' Advisory Council Monitoring Program
PWSRCAC,LTEMP,2004,14.41,60.64722,-145.995,Blue Mussel,Mytilus trossulus,mussel,Bivalvia,Mussels,Background biomonitoring / Post-oil spill assessment,SHB-B-04-2-3,39,ng/g,dry,Calculated,Whole Body,0.427,,b,,AlphaAnalytics,,mussel,Prince William Sound Regional Citizens' Advisory Council Monitoring Program,Prince William Sound Regional Citizens' Advisory Council Monitoring Program
PWSRCAC,LTEMP,2005,31.81,60.64722,-145.995,Blue Mussel,Mytilus trossulus,mussel,Bivalvia,Mussels,Background biomonitoring / Post-oil spill assessment,SHB-B-05-1-1,39,ng/g,dry,Calculated,Whole Body,0.482,,b,,AlphaAnalytics,,mussel,Prince William Sound Regional Citizens' Advisory Council Monitoring Program,Prince William Sound Regional Citizens' Advisory Council Monitoring Program
PWSRCAC,LTEMP,2005,23.83,60.64722,-145.995,Blue Mussel,Mytilus trossulus,mussel,Bivalvia,Mussels,Background biomonitoring / Post-oil spill assessment,SHB-B-05-1-2,39,ng/g,dry,Calculated,Whole Body,0.489,,b,,AlphaAnalytics,,mussel,Prince William Sound Regional Citizens' Advisory Council Monitoring Program,Prince William Sound Regional Citizens' Advisory Council Monitoring Program
PWSRCAC,LTEMP,2005,76.74,60.64722,-145.995,Blue Mussel,Mytilus trossulus,mussel,Bivalvia,Mussels,Background biomonitoring / Post-oil spill assessment,SHB-B-05-1-3-R2,39,ng/g,dry,Calculated,Whole Body,8.14,,b,,AlphaAnalytics,,mussel,Prince William Sound Regional Citizens' Advisory Council Monitoring Program,Prince William Sound Regional Citizens' Advisory Council Monitoring Program
PWSRCAC,LTEMP,2005,20.28,60.64722,-145.995,Blue Mussel,Mytilus trossulus,mussel,Bivalvia,Mussels,Background biomonitoring / Post-oil spill assessment,SHB-B-05-2-1,39,ng/g,dry,Calculated,Whole Body,7.35,,b,,AlphaAnalytics,,mussel,Prince William Sound Regional Citizens' Advisory Council Monitoring Program,Prince William Sound Regional Citizens' Advisory Council Monitoring Program
PWSRCAC,LTEMP,2005,27.45,60.64722,-145.995,Blue Mussel,Mytilus trossulus,mussel,Bivalvia,Mussels,Background biomonitoring / Post-oil spill assessment,SHB-B-05-2-2,39,ng/g,dry,Calculated,Whole Body,5.85,,b,,AlphaAnalytics,,mussel,Prince William Sound Regional Citizens' Advisory Council Monitoring Program,Prince William Sound Regional Citizens' Advisory Council Monitoring Program
PWSRCAC,LTEMP,2005,37.4,60.64722,-145.995,Blue Mussel,Mytilus trossulus,mussel,Bivalvia,Mussels,Background biomonitoring / Post-oil spill assessment,SHB-B-05-2-3,39,ng/g,dry,Calculated,Whole Body,6.61,,b,,AlphaAnalytics,,mussel,Prince William Sound Regional Citizens' Advisory Council Monitoring Program,Prince William Sound Regional Citizens' Advisory Council Monitoring Program
PWSRCAC,LTEMP,2006,16.2,60.64722,-145.995,Blue Mussel,Mytilus trossulus,mussel,Bivalvia,Mussels,Background biomonitoring / Post-oil spill assessment,SHB-B-06-1-1,39,ng/g,dry,Calculated,Whole Body,6,,b,,AlphaAnalytics,,mussel,Prince William Sound Regional Citizens' Advisory Council Monitoring Program,Prince William Sound Regional Citizens' Advisory Council Monitoring Program
PWSRCAC,LTEMP,2006,20.15,60.64722,-145.995,Blue Mussel,Mytilus trossulus,mussel,Bivalvia,Mussels,Background biomonitoring / Post-oil spill assessment,SHB-B-06-1-2,39,ng/g,dry,Calculated,Whole Body,5.43,,b,,AlphaAnalytics,,mussel,Prince William Sound Regional Citizens' Advisory Council Monitoring Program,Prince William Sound Regional Citizens' Advisory Council Monitoring Program
PWSRCAC,LTEMP,2006,20.29,60.64722,-145.995,Blue Mussel,Mytilus trossulus,mussel,Bivalvia,Mussels,Background biomonitoring / Post-oil spill assessment,SHB-B-06-1-3,39,ng/g,dry,Calculated,Whole Body,5.7,,b,,AlphaAnalytics,,mussel,Prince William Sound Regional Citizens' Advisory Council Monitoring Program,Prince William Sound Regional Citizens' Advisory Council Monitoring Program
PWSRCAC,LTEMP,2006,22.92368042,60.64722,-145.995,Blue Mussel,Mytilus trossulus,mussel,Bivalvia,Mussels,Background biomonitoring / Post-oil spill assessment,SHB-B-06-2-1,38,ng/g,dry,Calculated,Whole Body,5.62963,,,,AlphaAnalytics,,mussel,Prince William Sound Regional Citizens' Advisory Council Monitoring Program,Prince William Sound Regional Citizens' Advisory Council Monitoring Program
PWSRCAC,LTEMP,2006,78.88986696,60.64722,-145.995,Blue Mussel,Mytilus trossulus,mussel,Bivalvia,Mussels,Background biomonitoring / Post-oil spill assessment,SHB-B-06-2-2,38,ng/g,dry,Calculated,Whole Body,6.705882,,,,AlphaAnalytics,,mussel,Prince William Sound Regional Citizens' Advisory Council Monitoring Program,Prince William Sound Regional Citizens' Advisory Council Monitoring Program
PWSRCAC,LTEMP,2006,21.85425619,60.64722,-145.995,Blue Mussel,Mytilus trossulus,mussel,Bivalvia,Mussels,Background biomonitoring / Post-oil spill assessment,SHB-B-06-2-3,38,ng/g,dry,Calculated,Whole Body,6.162162,,,,AlphaAnalytics,,mussel,Prince William Sound Regional Citizens' Advisory Council Monitoring Program,Prince William Sound Regional Citizens' Advisory Council Monitoring Program
PWSRCAC,LTEMP,2007,23.7059469,60.64722,-145.995,Blue Mussel,Mytilus trossulus,mussel,Bivalvia,Mussels,Background biomonitoring / Post-oil spill assessment,SHB-B-07-1-1,38,ng/g,dry,Calculated,Whole Body,6.422535,,,,AlphaAnalytics,,mussel,Prince William Sound Regional Citizens' Advisory Council Monitoring Program,Prince William Sound Regional Citizens' Advisory Council Monitoring Program
PWSRCAC,LTEMP,2007,23.3132261,60.64722,-145.995,Blue Mussel,Mytilus trossulus,mussel,Bivalvia,Mussels,Background biomonitoring / Post-oil spill assessment,SHB-B-07-1-2,38,ng/g,dry,Calculated,Whole Body,5.772152,,,,AlphaAnalytics,,mussel,Prince William Sound Regional Citizens' Advisory Council Monitoring Program,Prince William Sound Regional Citizens' Advisory Council Monitoring Program
PWSRCAC,LTEMP,2007,17.91255746,60.64722,-145.995,Blue Mussel,Mytilus trossulus,mussel,Bivalvia,Mussels,Background biomonitoring / Post-oil spill assessment,SHB-B-07-1-3,38,ng/g,dry,Calculated,Whole Body,5.922078,,,,AlphaAnalytics,,mussel,Prince William Sound Regional Citizens' Advisory Council Monitoring Program,Prince William Sound Regional Citizens' Advisory Council Monitoring Program
PWSRCAC,LTEMP,2007,26.6082201,60.64722,-145.995,Blue Mussel,Mytilus trossulus,mussel,Bivalvia,Mussels,Background biomonitoring / Post-oil spill assessment,SHB-B-07-2-1,39,ng/g,dry,Calculated,Whole Body,4.427184,,,,AlphaAnalytics,,mussel,Prince William Sound Regional Citizens' Advisory Council Monitoring Program,Prince William Sound Regional Citizens' Advisory Council Monitoring Program
PWSRCAC,LTEMP,2007,23.8872956,60.64722,-145.995,Blue Mussel,Mytilus trossulus,mussel,Bivalvia,Mussels,Background biomonitoring / Post-oil spill assessment,SHB-B-07-2-2,38,ng/g,dry,Calculated,Whole Body,4.56,,,,AlphaAnalytics,,mussel,Prince William Sound Regional Citizens' Advisory Council Monitoring Program,Prince William Sound Regional Citizens' Advisory Council Monitoring Program
PWSRCAC,LTEMP,2007,17.150761,60.64722,-145.995,Blue Mussel,Mytilus trossulus,mussel,Bivalvia,Mussels,Background biomonitoring / Post-oil spill assessment,SHB-B-07-2-3,38,ng/g,dry,Calculated,Whole Body,4.701031,,,,AlphaAnalytics,,mussel,Prince William Sound Regional Citizens' Advisory Council Monitoring Program,Prince William Sound Regional Citizens' Advisory Council Monitoring Program
PWSRCAC,LTEMP,2008,23.9779089,60.64722,-145.995,Blue Mussel,Mytilus trossulus,mussel,Bivalvia,Mussels,Background biomonitoring / Post-oil spill assessment,SHB-B-08-2-1,38,ng/g,dry,Calculated,Whole Body,1.955447,,a,,AlphaAnalytics,,mussel,Prince William Sound Regional Citizens' Advisory Council Monitoring Program,Prince William Sound Regional Citizens' Advisory Council Monitoring Program
PWSRCAC,LTEMP,2008,8.0366655,60.64722,-145.995,Blue Mussel,Mytilus trossulus,mussel,Bivalvia,Mussels,Background biomonitoring / Post-oil spill assessment,SHB-B-08-2-2,38,ng/g,dry,Calculated,Whole Body,1.963804,,a,,AlphaAnalytics,,mussel,Prince William Sound Regional Citizens' Advisory Council Monitoring Program,Prince William Sound Regional Citizens' Advisory Council Monitoring Program
PWSRCAC,LTEMP,2008,8.28532985,60.64722,-145.995,Blue Mussel,Mytilus trossulus,mussel,Bivalvia,Mussels,Background biomonitoring / Post-oil spill assessment,SHB-B-08-2-3,38,ng/g,dry,Calculated,Whole Body,1.958225,,a,,AlphaAnalytics,,mussel,Prince William Sound Regional Citizens' Advisory Council Monitoring Program,Prince William Sound Regional Citizens' Advisory Council Monitoring Program
PWSRCAC,LTEMP,2009,21.6143062,60.64722,-145.995,Blue Mussel,Mytilus trossulus,mussel,Bivalvia,Mussels,Background biomonitoring / Post-oil spill assessment,SHB-B-09-1-1,38,ng/g,dry,Calculated,Whole Body,1.618063,,a,,AlphaAnalytics,,mussel,Prince William Sound Regional Citizens' Advisory Council Monitoring Program,Prince William Sound Regional Citizens' Advisory Council Monitoring Program
PWSRCAC,LTEMP,2009,11.9446618,60.64722,-145.995,Blue Mussel,Mytilus trossulus,mussel,Bivalvia,Mussels,Background biomonitoring / Post-oil spill assessment,SHB-B-09-1-2,38,ng/g,dry,Calculated,Whole Body,1.614274,,a,,AlphaAnalytics,,mussel,Prince William Sound Regional Citizens' Advisory Council Monitoring Program,Prince William Sound Regional Citizens' Advisory Council Monitoring Program
PWSRCAC,LTEMP,2009,10.83392396,60.64722,-145.995,Blue Mussel,Mytilus trossulus,mussel,Bivalvia,Mussels,Background biomonitoring / Post-oil spill assessment,SHB-B-09-1-3,38,ng/g,dry,Calculated,Whole Body,1.629539,,a,,AlphaAnalytics,,mussel,Prince William Sound Regional Citizens' Advisory Council Monitoring Program,Prince William Sound Regional Citizens' Advisory Council Monitoring Program
PWSRCAC,LTEMP,2013,11.1602095,60.64722,-145.995,Blue Mussel,Mytilus trossulus,mussel,Bivalvia,Mussels,Background biomonitoring / Post-oil spill assessment,SHB-B-13-2-1,38,ng/g,dry,Calculated,Whole Body,2.252031,,a,,AlphaAnalytics,,mussel,Prince William Sound Regional Citizens' Advisory Council Monitoring Program,Prince William Sound Regional Citizens' Advisory Council Monitoring Program
PWSRCAC,LTEMP,2013,10.926443,60.64722,-145.995,Blue Mussel,Mytilus trossulus,mussel,Bivalvia,Mussels,Background biomonitoring / Post-oil spill assessment,SHB-B-13-2-2,38,ng/g,dry,Calculated,Whole Body,2.336005,,a,,AlphaAnalytics,,mussel,Prince William Sound Regional Citizens' Advisory Council Monitoring Program,Prince William Sound Regional Citizens' Advisory Council Monitoring Program
PWSRCAC,LTEMP,2013,9.7601128,60.64722,-145.995,Blue Mussel,Mytilus trossulus,mussel,Bivalvia,Mussels,Background biomonitoring / Post-oil spill assessment,SHB-B-13-2-3,38,ng/g,dry,Calculated,Whole Body,2.120374,,a,,AlphaAnalytics,,mussel,Prince William Sound Regional Citizens' Advisory Council Monitoring Program,Prince William Sound Regional Citizens' Advisory Council Monitoring Program
PWSRCAC,LTEMP,2015,21.163998,60.64722,-145.995,Blue Mussel,Mytilus trossulus,mussel,Bivalvia,Mussels,Background biomonitoring / Post-oil spill assessment,SHB-B-15-2-1,38,ng/g,dry,Calculated,Whole Body,2.505896,,a,,AlphaAnalytics,,mussel,Prince William Sound Regional Citizens' Advisory Council Monitoring Program,Prince William Sound Regional Citizens' Advisory Council Monitoring Program
PWSRCAC,LTEMP,2015,27.0382181,60.64722,-145.995,Blue Mussel,Mytilus trossulus,mussel,Bivalvia,Mussels,Background biomonitoring / Post-oil spill assessment,SHB-B-15-2-2,38,ng/g,dry,Calculated,Whole Body,2.336005,,b,,AlphaAnalytics,,mussel,Prince William Sound Regional Citizens' Advisory Council Monitoring Program,Prince William Sound Regional Citizens' Advisory Council Monitoring Program
PWSRCAC,LTEMP,2015,24.0048233,60.64722,-145.995,Blue Mussel,Mytilus trossulus,mussel,Bivalvia,Mussels,Background biomonitoring / Post-oil spill assessment,SHB-B-15-2-3,38,ng/g,dry,Calculated,Whole Body,2.505896,,b,,AlphaAnalytics,,mussel,Prince William Sound Regional Citizens' Advisory Council Monitoring Program,Prince William Sound Regional Citizens' Advisory Council Monitoring Program
PWSRCAC,LTEMP,2018,19.8933334,60.64722,-145.995,Blue Mussel,Mytilus trossulus,mussel,Bivalvia,Mussels,Background biomonitoring / Post-oil spill assessment,SHB-B-18-2-1,41,ng/g,dry,Calculated,Whole Body,5.28,12.26667,JB,85,AlphaAnalytics,,mussel,Prince William Sound Regional Citizens' Advisory Council Monitoring Program,Prince William Sound Regional Citizens' Advisory Council Monitoring Program
PWSRCAC,LTEMP,2018,17.19375,60.64722,-145.995,Blue Mussel,Mytilus trossulus,mussel,Bivalvia,Mussels,Background biomonitoring / Post-oil spill assessment,SHB-B-18-2-2,41,ng/g,dry,Calculated,Whole Body,5.23125,12.125,JB,84,AlphaAnalytics,,mussel,Prince William Sound Regional Citizens' Advisory Council Monitoring Program,Prince William Sound Regional Citizens' Advisory Council Monitoring Program
PWSRCAC,LTEMP,2018,20.16875,60.64722,-145.995,Blue Mussel,Mytilus trossulus,mussel,Bivalvia,Mussels,Background biomonitoring / Post-oil spill assessment,SHB-B-18-2-3,41,ng/g,dry,Calculated,Whole Body,4.63125,10.75,JB,84,AlphaAnalytics,,mussel,Prince William Sound Regional Citizens' Advisory Council Monitoring Program,Prince William Sound Regional Citizens' Advisory Council Monitoring Program
PWSRCAC,LTEMP,2023,58.319,60.64722,-145.995,Blue Mussel,Mytilus trossulus,mussel,Bivalvia,Mussels,Background biomonitoring / Post-oil spill assessment,SHB-B-23-1,41,ng/g,wet,Calculated,Whole Body,0.785,1.82,JB,0,AlphaAnalytics,,mussel,Prince William Sound Regional Citizens' Advisory Council Monitoring Program,Prince William Sound Regional Citizens' Advisory Council Monitoring Program
PWSRCAC,LTEMP,2023,68.128,60.64722,-145.995,Blue Mussel,Mytilus trossulus,mussel,Bivalvia,Mussels,Background biomonitoring / Post-oil spill assessment,SHB-B-23-2,41,ng/g,wet,Calculated,Whole Body,0.842,1.95,JB,0,AlphaAnalytics,,mussel,Prince William Sound Regional Citizens' Advisory Council Monitoring Program,Prince William Sound Regional Citizens' Advisory Council Monitoring Program
PWSRCAC,LTEMP,2023,60.048,60.64722,-145.995,Blue Mussel,Mytilus trossulus,mussel,Bivalvia,Mussels,Background biomonitoring / Post-oil spill assessment,SHB-B-23-3,41,ng/g,wet,Calculated,Whole Body,0.813,1.89,JB,0,AlphaAnalytics,,mussel,Prince William Sound Regional Citizens' Advisory Council Monitoring Program,Prince William Sound Regional Citizens' Advisory Council Monitoring Program
PWSRCAC,LTEMP,2002,60.2701472,58.50167,-152.625,Blue Mussel,Mytilus trossulus,mussel,Bivalvia,Mussels,Background biomonitoring / Post-oil spill assessment,SHH-B-02-2-1,37,ng/g,dry,Calculated,Whole Body,20.54054,,BD,,AlphaAnalytics,,mussel,Prince William Sound Regional Citizens' Advisory Council Monitoring Program,Prince William Sound Regional Citizens' Advisory Council Monitoring Program
PWSRCAC,LTEMP,2002,46.9314966,58.50167,-152.625,Blue Mussel,Mytilus trossulus,mussel,Bivalvia,Mussels,Background biomonitoring / Post-oil spill assessment,SHH-B-02-2-2,37,ng/g,dry,Calculated,Whole Body,19.32203,,BD,,AlphaAnalytics,,mussel,Prince William Sound Regional Citizens' Advisory Council Monitoring Program,Prince William Sound Regional Citizens' Advisory Council Monitoring Program
PWSRCAC,LTEMP,2002,42.0613008,58.50167,-152.625,Blue Mussel,Mytilus trossulus,mussel,Bivalvia,Mussels,Background biomonitoring / Post-oil spill assessment,SHH-B-02-2-3,37,ng/g,dry,Calculated,Whole Body,19.48718,,BD,,AlphaAnalytics,,mussel,Prince William Sound Regional Citizens' Advisory Council Monitoring Program,Prince William Sound Regional Citizens' Advisory Council Monitoring Program
PWSRCAC,LTEMP,2003,11.6253676,58.50167,-152.625,Blue Mussel,Mytilus trossulus,mussel,Bivalvia,Mussels,Background biomonitoring / Post-oil spill assessment,SHH-B-03-1-1,37,ng/g,dry,Calculated,Whole Body,24.25532,,BD,,AlphaAnalytics,,mussel,Prince William Sound Regional Citizens' Advisory Council Monitoring Program,Prince William Sound Regional Citizens' Advisory Council Monitoring Program
PWSRCAC,LTEMP,2003,31.0939925,58.50167,-152.625,Blue Mussel,Mytilus trossulus,mussel,Bivalvia,Mussels,Background biomonitoring / Post-oil spill assessment,SHH-B-03-1-2,37,ng/g,dry,Calculated,Whole Body,23.0303,,BD,,AlphaAnalytics,,mussel,Prince William Sound Regional Citizens' Advisory Council Monitoring Program,Prince William Sound Regional Citizens' Advisory Council Monitoring Program
PWSRCAC,LTEMP,2003,16.0694443,58.50167,-152.625,Blue Mussel,Mytilus trossulus,mussel,Bivalvia,Mussels,Background biomonitoring / Post-oil spill assessment,SHH-B-03-1-3,37,ng/g,dry,Calculated,Whole Body,22.13592,,BD,,AlphaAnalytics,,mussel,Prince William Sound Regional Citizens' Advisory Council Monitoring Program,Prince William Sound Regional Citizens' Advisory Council Monitoring Program
PWSRCAC,LTEMP,2003,13.42,58.50167,-152.625,Blue Mussel,Mytilus trossulus,mussel,Bivalvia,Mussels,Background biomonitoring / Post-oil spill assessment,SHH-B-03-2-1,39,ng/g,dry,Calculated,Whole Body,0.44,,b,,AlphaAnalytics,,mussel,Prince William Sound Regional Citizens' Advisory Council Monitoring Program,Prince William Sound Regional Citizens' Advisory Council Monitoring Program
PWSRCAC,LTEMP,2003,19.04,58.50167,-152.625,Blue Mussel,Mytilus trossulus,mussel,Bivalvia,Mussels,Background biomonitoring / Post-oil spill assessment,SHH-B-03-2-2,39,ng/g,dry,Calculated,Whole Body,0.44,,b,,AlphaAnalytics,,mussel,Prince William Sound Regional Citizens' Advisory Council Monitoring Program,Prince William Sound Regional Citizens' Advisory Council Monitoring Program
PWSRCAC,LTEMP,2003,12.55,58.50167,-152.625,Blue Mussel,Mytilus trossulus,mussel,Bivalvia,Mussels,Background biomonitoring / Post-oil spill assessment,SHH-B-03-2-3,39,ng/g,dry,Calculated,Whole Body,0.45,,b,,AlphaAnalytics,,mussel,Prince William Sound Regional Citizens' Advisory Council Monitoring Program,Prince William Sound Regional Citizens' Advisory Council Monitoring Program
PWSRCAC,LTEMP,2004,23.22,58.50167,-152.625,Blue Mussel,Mytilus trossulus,mussel,Bivalvia,Mussels,Background biomonitoring / Post-oil spill assessment,SHH-B-04-1-1,39,ng/g,dry,Calculated,Whole Body,3.68,,b,,AlphaAnalytics,,mussel,Prince William Sound Regional Citizens' Advisory Council Monitoring Program,Prince William Sound Regional Citizens' Advisory Council Monitoring Program
PWSRCAC,LTEMP,2004,51.78,58.50167,-152.625,Blue Mussel,Mytilus trossulus,mussel,Bivalvia,Mussels,Background biomonitoring / Post-oil spill assessment,SHH-B-04-1-2,39,ng/g,dry,Calculated,Whole Body,3.77,,b,,AlphaAnalytics,,mussel,Prince William Sound Regional Citizens' Advisory Council Monitoring Program,Prince William Sound Regional Citizens' Advisory Council Monitoring Program
PWSRCAC,LTEMP,2004,41.92,58.50167,-152.625,Blue Mussel,Mytilus trossulus,mussel,Bivalvia,Mussels,Background biomonitoring / Post-oil spill assessment,SHH-B-04-1-3,39,ng/g,dry,Calculated,Whole Body,3.59,,b,,AlphaAnalytics,,mussel,Prince William Sound Regional Citizens' Advisory Council Monitoring Program,Prince William Sound Regional Citizens' Advisory Council Monitoring Program
PWSRCAC,LTEMP,2004,32.4,58.50167,-152.625,Blue Mussel,Mytilus trossulus,mussel,Bivalvia,Mussels,Background biomonitoring / Post-oil spill assessment,SHH-B-04-2-1,39,ng/g,dry,Calculated,Whole Body,0.462,,b,,AlphaAnalytics,,mussel,Prince William Sound Regional Citizens' Advisory Council Monitoring Program,Prince William Sound Regional Citizens' Advisory Council Monitoring Program
PWSRCAC,LTEMP,2004,31.82,58.50167,-152.625,Blue Mussel,Mytilus trossulus,mussel,Bivalvia,Mussels,Background biomonitoring / Post-oil spill assessment,SHH-B-04-2-2,39,ng/g,dry,Calculated,Whole Body,0.468,,b,,AlphaAnalytics,,mussel,Prince William Sound Regional Citizens' Advisory Council Monitoring Program,Prince William Sound Regional Citizens' Advisory Council Monitoring Program
PWSRCAC,LTEMP,2004,21.22,58.50167,-152.625,Blue Mussel,Mytilus trossulus,mussel,Bivalvia,Mussels,Background biomonitoring / Post-oil spill assessment,SHH-B-04-2-3-R2,40,ng/g,dry,Calculated,Whole Body,6.91,,b,,AlphaAnalytics,,mussel,Prince William Sound Regional Citizens' Advisory Council Monitoring Program,Prince William Sound Regional Citizens' Advisory Council Monitoring Program
PWSRCAC,LTEMP,2005,23.63,58.50167,-152.625,Blue Mussel,Mytilus trossulus,mussel,Bivalvia,Mussels,Background biomonitoring / Post-oil spill assessment,SHH-B-05-1-1,39,ng/g,dry,Calculated,Whole Body,0.452,,b,,AlphaAnalytics,,mussel,Prince William Sound Regional Citizens' Advisory Council Monitoring Program,Prince William Sound Regional Citizens' Advisory Council Monitoring Program
PWSRCAC,LTEMP,2005,31.43,58.50167,-152.625,Blue Mussel,Mytilus trossulus,mussel,Bivalvia,Mussels,Background biomonitoring / Post-oil spill assessment,SHH-B-05-1-2,39,ng/g,dry,Calculated,Whole Body,0.45,,b,,AlphaAnalytics,,mussel,Prince William Sound Regional Citizens' Advisory Council Monitoring Program,Prince William Sound Regional Citizens' Advisory Council Monitoring Program
PWSRCAC,LTEMP,2005,28.97,58.50167,-152.625,Blue Mussel,Mytilus trossulus,mussel,Bivalvia,Mussels,Background biomonitoring / Post-oil spill assessment,SHH-B-05-1-3,39,ng/g,dry,Calculated,Whole Body,0.454,,b,,AlphaAnalytics,,mussel,Prince William Sound Regional Citizens' Advisory Council Monitoring Program,Prince William Sound Regional Citizens' Advisory Council Monitoring Program
PWSRCAC,LTEMP,2005,18.03,58.50167,-152.625,Blue Mussel,Mytilus trossulus,mussel,Bivalvia,Mussels,Background biomonitoring / Post-oil spill assessment,SHH-B-05-2-1,39,ng/g,dry,Calculated,Whole Body,5.92,,b,,AlphaAnalytics,,mussel,Prince William Sound Regional Citizens' Advisory Council Monitoring Program,Prince William Sound Regional Citizens' Advisory Council Monitoring Program
PWSRCAC,LTEMP,2005,9.29,58.50167,-152.625,Blue Mussel,Mytilus trossulus,mussel,Bivalvia,Mussels,Background biomonitoring / Post-oil spill assessment,SHH-B-05-2-2,39,ng/g,dry,Calculated,Whole Body,5.49,,b,,AlphaAnalytics,,mussel,Prince William Sound Regional Citizens' Advisory Council Monitoring Program,Prince William Sound Regional Citizens' Advisory Council Monitoring Program
PWSRCAC,LTEMP,2005,11.13,58.50167,-152.625,Blue Mussel,Mytilus trossulus,mussel,Bivalvia,Mussels,Background biomonitoring / Post-oil spill assessment,SHH-B-05-2-3,39,ng/g,dry,Calculated,Whole Body,5.24,,b,,AlphaAnalytics,,mussel,Prince William Sound Regional Citizens' Advisory Council Monitoring Program,Prince William Sound Regional Citizens' Advisory Council Monitoring Program
PWSRCAC,LTEMP,2006,15.76,58.50167,-152.625,Blue Mussel,Mytilus trossulus,mussel,Bivalvia,Mussels,Background biomonitoring / Post-oil spill assessment,SHH-B-06-1-1,39,ng/g,dry,Calculated,Whole Body,4.65,,b,,AlphaAnalytics,,mussel,Prince William Sound Regional Citizens' Advisory Council Monitoring Program,Prince William Sound Regional Citizens' Advisory Council Monitoring Program
PWSRCAC,LTEMP,2006,14.57,58.50167,-152.625,Blue Mussel,Mytilus trossulus,mussel,Bivalvia,Mussels,Background biomonitoring / Post-oil spill assessment,SHH-B-06-1-2,39,ng/g,dry,Calculated,Whole Body,4.38,,b,,AlphaAnalytics,,mussel,Prince William Sound Regional Citizens' Advisory Council Monitoring Program,Prince William Sound Regional Citizens' Advisory Council Monitoring Program
PWSRCAC,LTEMP,2006,21.63,58.50167,-152.625,Blue Mussel,Mytilus trossulus,mussel,Bivalvia,Mussels,Background biomonitoring / Post-oil spill assessment,SHH-B-06-1-3,39,ng/g,dry,Calculated,Whole Body,4.26,,b,,AlphaAnalytics,,mussel,Prince William Sound Regional Citizens' Advisory Council Monitoring Program,Prince William Sound Regional Citizens' Advisory Council Monitoring Program
PWSRCAC,LTEMP,2006,26.7214577,58.50167,-152.625,Blue Mussel,Mytilus trossulus,mussel,Bivalvia,Mussels,Background biomonitoring / Post-oil spill assessment,SHH-B-06-2-1,38,ng/g,dry,Calculated,Whole Body,4.183486,,,,AlphaAnalytics,,mussel,Prince William Sound Regional Citizens' Advisory Council Monitoring Program,Prince William Sound Regional Citizens' Advisory Council Monitoring Program
PWSRCAC,LTEMP,2006,19.52655,58.50167,-152.625,Blue Mussel,Mytilus trossulus,mussel,Bivalvia,Mussels,Background biomonitoring / Post-oil spill assessment,SHH-B-06-2-2,38,ng/g,dry,Calculated,Whole Body,3.931034,,,,AlphaAnalytics,,mussel,Prince William Sound Regional Citizens' Advisory Council Monitoring Program,Prince William Sound Regional Citizens' Advisory Council Monitoring Program
PWSRCAC,LTEMP,2006,107.0232817,58.50167,-152.625,Blue Mussel,Mytilus trossulus,mussel,Bivalvia,Mussels,Background biomonitoring / Post-oil spill assessment,SHH-B-06-2-3,38,ng/g,dry,Calculated,Whole Body,3.8,,,,AlphaAnalytics,,mussel,Prince William Sound Regional Citizens' Advisory Council Monitoring Program,Prince William Sound Regional Citizens' Advisory Council Monitoring Program
PWSRCAC,LTEMP,2007,6.356479,58.50167,-152.625,Blue Mussel,Mytilus trossulus,mussel,Bivalvia,Mussels,Background biomonitoring / Post-oil spill assessment,SHH-B-07-1-1,38,ng/g,dry,Calculated,Whole Body,5.493976,,,,AlphaAnalytics,,mussel,Prince William Sound Regional Citizens' Advisory Council Monitoring Program,Prince William Sound Regional Citizens' Advisory Council Monitoring Program
PWSRCAC,LTEMP,2007,16.2598178,58.50167,-152.625,Blue Mussel,Mytilus trossulus,mussel,Bivalvia,Mussels,Background biomonitoring / Post-oil spill assessment,SHH-B-07-1-2,38,ng/g,dry,Calculated,Whole Body,6.08,,,,AlphaAnalytics,,mussel,Prince William Sound Regional Citizens' Advisory Council Monitoring Program,Prince William Sound Regional Citizens' Advisory Council Monitoring Program
PWSRCAC,LTEMP,2007,20.29801851,58.50167,-152.625,Blue Mussel,Mytilus trossulus,mussel,Bivalvia,Mussels,Background biomonitoring / Post-oil spill assessment,SHH-B-07-1-3,38,ng/g,dry,Calculated,Whole Body,5.493976,,,,AlphaAnalytics,,mussel,Prince William Sound Regional Citizens' Advisory Council Monitoring Program,Prince William Sound Regional Citizens' Advisory Council Monitoring Program
PWSRCAC,LTEMP,2007,5.58127368,58.50167,-152.625,Blue Mussel,Mytilus trossulus,mussel,Bivalvia,Mussels,Background biomonitoring / Post-oil spill assessment,SHH-B-07-2-1,38,ng/g,dry,Calculated,Whole Body,7.6,,,,AlphaAnalytics,,mussel,Prince William Sound Regional Citizens' Advisory Council Monitoring Program,Prince William Sound Regional Citizens' Advisory Council Monitoring Program
PWSRCAC,LTEMP,2007,6.7634046,58.50167,-152.625,Blue Mussel,Mytilus trossulus,mussel,Bivalvia,Mussels,Background biomonitoring / Post-oil spill assessment,SHH-B-07-2-2,38,ng/g,dry,Calculated,Whole Body,8.290909,,,,AlphaAnalytics,,mussel,Prince William Sound Regional Citizens' Advisory Council Monitoring Program,Prince William Sound Regional Citizens' Advisory Council Monitoring Program
PWSRCAC,LTEMP,2007,4.6653385,58.50167,-152.625,Blue Mussel,Mytilus trossulus,mussel,Bivalvia,Mussels,Background biomonitoring / Post-oil spill assessment,SHH-B-07-2-3,38,ng/g,dry,Calculated,Whole Body,5.181818,,,,AlphaAnalytics,,mussel,Prince William Sound Regional Citizens' Advisory Council Monitoring Program,Prince William Sound Regional Citizens' Advisory Council Monitoring Program
PWSRCAC,LTEMP,2008,19.81414414,58.50167,-152.625,Blue Mussel,Mytilus trossulus,mussel,Bivalvia,Mussels,Background biomonitoring / Post-oil spill assessment,SHH-B-08-2-1,38,ng/g,dry,Calculated,Whole Body,1.952677,,a,,AlphaAnalytics,,mussel,Prince William Sound Regional Citizens' Advisory Council Monitoring Program,Prince William Sound Regional Citizens' Advisory Council Monitoring Program
PWSRCAC,LTEMP,2008,13.82623805,58.50167,-152.625,Blue Mussel,Mytilus trossulus,mussel,Bivalvia,Mussels,Background biomonitoring / Post-oil spill assessment,SHH-B-08-2-2,38,ng/g,dry,Calculated,Whole Body,1.969414,,a,,AlphaAnalytics,,mussel,Prince William Sound Regional Citizens' Advisory Council Monitoring Program,Prince William Sound Regional Citizens' Advisory Council Monitoring Program
PWSRCAC,LTEMP,2008,11.4095854,58.50167,-152.625,Blue Mussel,Mytilus trossulus,mussel,Bivalvia,Mussels,Background biomonitoring / Post-oil spill assessment,SHH-B-08-2-3,38,ng/g,dry,Calculated,Whole Body,1.955447,,a,,AlphaAnalytics,,mussel,Prince William Sound Regional Citizens' Advisory Council Monitoring Program,Prince William Sound Regional Citizens' Advisory Council Monitoring Program
PWSRCAC,LTEMP,2009,6.0595659,58.50167,-152.625,Blue Mussel,Mytilus trossulus,mussel,Bivalvia,Mussels,Background biomonitoring / Post-oil spill assessment,SHH-B-09-1-1,38,ng/g,dry,Calculated,Whole Body,1.610502,,a,,AlphaAnalytics,,mussel,Prince William Sound Regional Citizens' Advisory Council Monitoring Program,Prince William Sound Regional Citizens' Advisory Council Monitoring Program
PWSRCAC,LTEMP,2009,8.931917,58.50167,-152.625,Blue Mussel,Mytilus trossulus,mussel,Bivalvia,Mussels,Background biomonitoring / Post-oil spill assessment,SHH-B-09-1-2,38,ng/g,dry,Calculated,Whole Body,1.610502,,a,,AlphaAnalytics,,mussel,Prince William Sound Regional Citizens' Advisory Council Monitoring Program,Prince William Sound Regional Citizens' Advisory Council Monitoring Program
PWSRCAC,LTEMP,2009,12.5878487,58.50167,-152.625,Blue Mussel,Mytilus trossulus,mussel,Bivalvia,Mussels,Background biomonitoring / Post-oil spill assessment,SHH-B-09-1-3,38,ng/g,dry,Calculated,Whole Body,1.608623,,a,,AlphaAnalytics,,mussel,Prince William Sound Regional Citizens' Advisory Council Monitoring Program,Prince William Sound Regional Citizens' Advisory Council Monitoring Program
PWSRCAC,LTEMP,2013,37.3275189,58.50167,-152.625,Blue Mussel,Mytilus trossulus,mussel,Bivalvia,Mussels,Background biomonitoring / Post-oil spill assessment,SHH-B-13-2-1,38,ng/g,dry,Calculated,Whole Body,2.072546,,a,,AlphaAnalytics,,mussel,Prince William Sound Regional Citizens' Advisory Council Monitoring Program,Prince William Sound Regional Citizens' Advisory Council Monitoring Program
PWSRCAC,LTEMP,2013,67.1702378,58.50167,-152.625,Blue Mussel,Mytilus trossulus,mussel,Bivalvia,Mussels,Background biomonitoring / Post-oil spill assessment,SHH-B-13-2-2,38,ng/g,dry,Calculated,Whole Body,1.746822,,a,,AlphaAnalytics,,mussel,Prince William Sound Regional Citizens' Advisory Council Monitoring Program,Prince William Sound Regional Citizens' Advisory Council Monitoring Program
PWSRCAC,LTEMP,2013,88.9675919,58.50167,-152.625,Blue Mussel,Mytilus trossulus,mussel,Bivalvia,Mussels,Background biomonitoring / Post-oil spill assessment,SHH-B-13-2-3,38,ng/g,dry,Calculated,Whole Body,1.837657,,a,,AlphaAnalytics,,mussel,Prince William Sound Regional Citizens' Advisory Council Monitoring Program,Prince William Sound Regional Citizens' Advisory Council Monitoring Program
PWSRCAC,LTEMP,2018,24.1307677,58.50167,-152.625,Blue Mussel,Mytilus trossulus,mussel,Bivalvia,Mussels,Background biomonitoring / Post-oil spill assessment,SHH-B-18-2-1,41,ng/g,dry,Calculated,Whole Body,6.538462,15.15385,JB,87,AlphaAnalytics,,mussel,Prince William Sound Regional Citizens' Advisory Council Monitoring Program,Prince William Sound Regional Citizens' Advisory Council Monitoring Program
PWSRCAC,LTEMP,2018,15.8071431,58.50167,-152.625,Blue Mussel,Mytilus trossulus,mussel,Bivalvia,Mussels,Background biomonitoring / Post-oil spill assessment,SHH-B-18-2-2,41,ng/g,dry,Calculated,Whole Body,5.878571,13.64286,JB,86,AlphaAnalytics,,mussel,Prince William Sound Regional Citizens' Advisory Council Monitoring Program,Prince William Sound Regional Citizens' Advisory Council Monitoring Program
PWSRCAC,LTEMP,2018,34.7375,58.50167,-152.625,Blue Mussel,Mytilus trossulus,mussel,Bivalvia,Mussels,Background biomonitoring / Post-oil spill assessment,SHH-B-18-2-3,41,ng/g,dry,Calculated,Whole Body,6.5625,15.25,JB,84,AlphaAnalytics,,mussel,Prince William Sound Regional Citizens' Advisory Council Monitoring Program,Prince William Sound Regional Citizens' Advisory Council Monitoring Program
PWSRCAC,LTEMP,2024,54.537,58.50167,-152.625,Blue Mussel,Mytilus trossulus,mussel,Bivalvia,Mussels,Background biomonitoring / Post-oil spill assessment,SHH-B-24-1,41,ng/g,wet,Calculated,Whole Body,0.835,1.94,JB,0,AlphaAnalytics,,mussel,Prince William Sound Regional Citizens' Advisory Council Monitoring Program,Prince William Sound Regional Citizens' Advisory Council Monitoring Program
PWSRCAC,LTEMP,2024,58.486,58.50167,-152.625,Blue Mussel,Mytilus trossulus,mussel,Bivalvia,Mussels,Background biomonitoring / Post-oil spill assessment,SHH-B-24-2,41,ng/g,wet,Calculated,Whole Body,0.823,1.91,JB,0,AlphaAnalytics,,mussel,Prince William Sound Regional Citizens' Advisory Council Monitoring Program,Prince William Sound Regional Citizens' Advisory Council Monitoring Program
PWSRCAC,LTEMP,2024,58.308,58.50167,-152.625,Blue Mussel,Mytilus trossulus,mussel,Bivalvia,Mussels,Background biomonitoring / Post-oil spill assessment,SHH-B-24-3,41,ng/g,wet,Calculated,Whole Body,0.852,1.98,JB,0,AlphaAnalytics,,mussel,Prince William Sound Regional Citizens' Advisory Council Monitoring Program,Prince William Sound Regional Citizens' Advisory Council Monitoring Program
PWSRCAC,LTEMP,2002,65.3463538,60.0675,-147.8319445,Blue Mussel,Mytilus trossulus,mussel,Bivalvia,Mussels,Background biomonitoring / Post-oil spill assessment,SLB-B-02-2-1,37,ng/g,dry,Calculated,Whole Body,29.23077,,BD,,AlphaAnalytics,,mussel,Prince William Sound Regional Citizens' Advisory Council Monitoring Program,Prince William Sound Regional Citizens' Advisory Council Monitoring Program
PWSRCAC,LTEMP,2002,66.1429274,60.0675,-147.8319445,Blue Mussel,Mytilus trossulus,mussel,Bivalvia,Mussels,Background biomonitoring / Post-oil spill assessment,SLB-B-02-2-2,37,ng/g,dry,Calculated,Whole Body,30.4,,BD,,AlphaAnalytics,,mussel,Prince William Sound Regional Citizens' Advisory Council Monitoring Program,Prince William Sound Regional Citizens' Advisory Council Monitoring Program
PWSRCAC,LTEMP,2002,70.3968716,60.0675,-147.8319445,Blue Mussel,Mytilus trossulus,mussel,Bivalvia,Mussels,Background biomonitoring / Post-oil spill assessment,SLB-B-02-2-3,37,ng/g,dry,Calculated,Whole Body,30,,BD,,AlphaAnalytics,,mussel,Prince William Sound Regional Citizens' Advisory Council Monitoring Program,Prince William Sound Regional Citizens' Advisory Council Monitoring Program
PWSRCAC,LTEMP,2003,63.1665191,60.0675,-147.8319445,Blue Mussel,Mytilus trossulus,mussel,Bivalvia,Mussels,Background biomonitoring / Post-oil spill assessment,SLB-B-03-1-1,37,ng/g,dry,Calculated,Whole Body,27.14286,,BD,,AlphaAnalytics,,mussel,Prince William Sound Regional Citizens' Advisory Council Monitoring Program,Prince William Sound Regional Citizens' Advisory Council Monitoring Program
PWSRCAC,LTEMP,2003,38.8893426,60.0675,-147.8319445,Blue Mussel,Mytilus trossulus,mussel,Bivalvia,Mussels,Background biomonitoring / Post-oil spill assessment,SLB-B-03-1-2,37,ng/g,dry,Calculated,Whole Body,27.46988,,BD,,AlphaAnalytics,,mussel,Prince William Sound Regional Citizens' Advisory Council Monitoring Program,Prince William Sound Regional Citizens' Advisory Council Monitoring Program
PWSRCAC,LTEMP,2003,43.704024,60.0675,-147.8319445,Blue Mussel,Mytilus trossulus,mussel,Bivalvia,Mussels,Background biomonitoring / Post-oil spill assessment,SLB-B-03-1-3,37,ng/g,dry,Calculated,Whole Body,28.14815,,BD,,AlphaAnalytics,,mussel,Prince William Sound Regional Citizens' Advisory Council Monitoring Program,Prince William Sound Regional Citizens' Advisory Council Monitoring Program
PWSRCAC,LTEMP,2003,26.58,60.0675,-147.8319445,Blue Mussel,Mytilus trossulus,mussel,Bivalvia,Mussels,Background biomonitoring / Post-oil spill assessment,SLB-B-03-2-1,39,ng/g,dry,Calculated,Whole Body,8.29,,b,,AlphaAnalytics,,mussel,Prince William Sound Regional Citizens' Advisory Council Monitoring Program,Prince William Sound Regional Citizens' Advisory Council Monitoring Program
PWSRCAC,LTEMP,2003,24.06,60.0675,-147.8319445,Blue Mussel,Mytilus trossulus,mussel,Bivalvia,Mussels,Background biomonitoring / Post-oil spill assessment,SLB-B-03-2-2,39,ng/g,dry,Calculated,Whole Body,7.73,,b,,AlphaAnalytics,,mussel,Prince William Sound Regional Citizens' Advisory Council Monitoring Program,Prince William Sound Regional Citizens' Advisory Council Monitoring Program
PWSRCAC,LTEMP,2003,68.41,60.0675,-147.8319445,Blue Mussel,Mytilus trossulus,mussel,Bivalvia,Mussels,Background biomonitoring / Post-oil spill assessment,SLB-B-03-2-3,39,ng/g,dry,Calculated,Whole Body,10.13,,b,,AlphaAnalytics,,mussel,Prince William Sound Regional Citizens' Advisory Council Monitoring Program,Prince William Sound Regional Citizens' Advisory Council Monitoring Program
PWSRCAC,LTEMP,2004,46.21,60.0675,-147.8319445,Blue Mussel,Mytilus trossulus,mussel,Bivalvia,Mussels,Background biomonitoring / Post-oil spill assessment,SLB-B-04-1-1,39,ng/g,dry,Calculated,Whole Body,5.92,,b,,AlphaAnalytics,,mussel,Prince William Sound Regional Citizens' Advisory Council Monitoring Program,Prince William Sound Regional Citizens' Advisory Council Monitoring Program
PWSRCAC,LTEMP,2004,35.66,60.0675,-147.8319445,Blue Mussel,Mytilus trossulus,mussel,Bivalvia,Mussels,Background biomonitoring / Post-oil spill assessment,SLB-B-04-1-2,39,ng/g,dry,Calculated,Whole Body,5.01,,b,,AlphaAnalytics,,mussel,Prince William Sound Regional Citizens' Advisory Council Monitoring Program,Prince William Sound Regional Citizens' Advisory Council Monitoring Program
PWSRCAC,LTEMP,2004,53.16,60.0675,-147.8319445,Blue Mussel,Mytilus trossulus,mussel,Bivalvia,Mussels,Background biomonitoring / Post-oil spill assessment,SLB-B-04-1-3,39,ng/g,dry,Calculated,Whole Body,5.77,,b,,AlphaAnalytics,,mussel,Prince William Sound Regional Citizens' Advisory Council Monitoring Program,Prince William Sound Regional Citizens' Advisory Council Monitoring Program
PWSRCAC,LTEMP,2004,66.04,60.0675,-147.8319445,Blue Mussel,Mytilus trossulus,mussel,Bivalvia,Mussels,Background biomonitoring / Post-oil spill assessment,SLB-B-04-2-1,39,ng/g,dry,Calculated,Whole Body,0.492,,b,,AlphaAnalytics,,mussel,Prince William Sound Regional Citizens' Advisory Council Monitoring Program,Prince William Sound Regional Citizens' Advisory Council Monitoring Program
PWSRCAC,LTEMP,2004,1090.54,60.0675,-147.8319445,Blue Mussel,Mytilus trossulus,mussel,Bivalvia,Mussels,Background biomonitoring / Post-oil spill assessment,SLB-B-04-2-2,39,ng/g,dry,Calculated,Whole Body,0.515,,Qb,,AlphaAnalytics,,mussel,Prince William Sound Regional Citizens' Advisory Council Monitoring Program,Prince William Sound Regional Citizens' Advisory Council Monitoring Program
PWSRCAC,LTEMP,2004,57.17,60.0675,-147.8319445,Blue Mussel,Mytilus trossulus,mussel,Bivalvia,Mussels,Background biomonitoring / Post-oil spill assessment,SLB-B-04-2-3,39,ng/g,dry,Calculated,Whole Body,0.48,,b,,AlphaAnalytics,,mussel,Prince William Sound Regional Citizens' Advisory Council Monitoring Program,Prince William Sound Regional Citizens' Advisory Council Monitoring Program
PWSRCAC,LTEMP,2005,16.3,60.0675,-147.8319445,Blue Mussel,Mytilus trossulus,mussel,Bivalvia,Mussels,Background biomonitoring / Post-oil spill assessment,SLB-B-05-1-1,39,ng/g,dry,Calculated,Whole Body,0.483,,b,,AlphaAnalytics,,mussel,Prince William Sound Regional Citizens' Advisory Council Monitoring Program,Prince William Sound Regional Citizens' Advisory Council Monitoring Program
PWSRCAC,LTEMP,2005,31.1,60.0675,-147.8319445,Blue Mussel,Mytilus trossulus,mussel,Bivalvia,Mussels,Background biomonitoring / Post-oil spill assessment,SLB-B-05-1-2,39,ng/g,dry,Calculated,Whole Body,0.481,,b,,AlphaAnalytics,,mussel,Prince William Sound Regional Citizens' Advisory Council Monitoring Program,Prince William Sound Regional Citizens' Advisory Council Monitoring Program
PWSRCAC,LTEMP,2005,34.56,60.0675,-147.8319445,Blue Mussel,Mytilus trossulus,mussel,Bivalvia,Mussels,Background biomonitoring / Post-oil spill assessment,SLB-B-05-1-3,39,ng/g,dry,Calculated,Whole Body,0.464,,b,,AlphaAnalytics,,mussel,Prince William Sound Regional Citizens' Advisory Council Monitoring Program,Prince William Sound Regional Citizens' Advisory Council Monitoring Program
PWSRCAC,LTEMP,2005,17.83,60.0675,-147.8319445,Blue Mussel,Mytilus trossulus,mussel,Bivalvia,Mussels,Background biomonitoring / Post-oil spill assessment,SLB-B-05-2-1,39,ng/g,dry,Calculated,Whole Body,7.6,,b,,AlphaAnalytics,,mussel,Prince William Sound Regional Citizens' Advisory Council Monitoring Program,Prince William Sound Regional Citizens' Advisory Council Monitoring Program
PWSRCAC,LTEMP,2005,30.2,60.0675,-147.8319445,Blue Mussel,Mytilus trossulus,mussel,Bivalvia,Mussels,Background biomonitoring / Post-oil spill assessment,SLB-B-05-2-2,39,ng/g,dry,Calculated,Whole Body,5.07,,b,,AlphaAnalytics,,mussel,Prince William Sound Regional Citizens' Advisory Council Monitoring Program,Prince William Sound Regional Citizens' Advisory Council Monitoring Program
PWSRCAC,LTEMP,2005,22.17,60.0675,-147.8319445,Blue Mussel,Mytilus trossulus,mussel,Bivalvia,Mussels,Background biomonitoring / Post-oil spill assessment,SLB-B-05-2-3,39,ng/g,dry,Calculated,Whole Body,6.71,,b,,AlphaAnalytics,,mussel,Prince William Sound Regional Citizens' Advisory Council Monitoring Program,Prince William Sound Regional Citizens' Advisory Council Monitoring Program
PWSRCAC,LTEMP,2006,19.75,60.0675,-147.8319445,Blue Mussel,Mytilus trossulus,mussel,Bivalvia,Mussels,Background biomonitoring / Post-oil spill assessment,SLB-B-06-1-1,39,ng/g,dry,Calculated,Whole Body,4.51,,b,,AlphaAnalytics,,mussel,Prince William Sound Regional Citizens' Advisory Council Monitoring Program,Prince William Sound Regional Citizens' Advisory Council Monitoring Program
PWSRCAC,LTEMP,2006,18.55,60.0675,-147.8319445,Blue Mussel,Mytilus trossulus,mussel,Bivalvia,Mussels,Background biomonitoring / Post-oil spill assessment,SLB-B-06-1-2,39,ng/g,dry,Calculated,Whole Body,4.8,,b,,AlphaAnalytics,,mussel,Prince William Sound Regional Citizens' Advisory Council Monitoring Program,Prince William Sound Regional Citizens' Advisory Council Monitoring Program
PWSRCAC,LTEMP,2006,16.75,60.0675,-147.8319445,Blue Mussel,Mytilus trossulus,mussel,Bivalvia,Mussels,Background biomonitoring / Post-oil spill assessment,SLB-B-06-1-3,39,ng/g,dry,Calculated,Whole Body,5.56,,b,,AlphaAnalytics,,mussel,Prince William Sound Regional Citizens' Advisory Council Monitoring Program,Prince William Sound Regional Citizens' Advisory Council Monitoring Program
PWSRCAC,LTEMP,2007,17.45968242,60.0675,-147.8319445,Blue Mussel,Mytilus trossulus,mussel,Bivalvia,Mussels,Background biomonitoring / Post-oil spill assessment,SLB-B-07-1-1,38,ng/g,dry,Calculated,Whole Body,6.333333,,,,AlphaAnalytics,,mussel,Prince William Sound Regional Citizens' Advisory Council Monitoring Program,Prince William Sound Regional Citizens' Advisory Council Monitoring Program
PWSRCAC,LTEMP,2007,26.91351016,60.0675,-147.8319445,Blue Mussel,Mytilus trossulus,mussel,Bivalvia,Mussels,Background biomonitoring / Post-oil spill assessment,SLB-B-07-1-2,38,ng/g,dry,Calculated,Whole Body,6.246575,,,,AlphaAnalytics,,mussel,Prince William Sound Regional Citizens' Advisory Council Monitoring Program,Prince William Sound Regional Citizens' Advisory Council Monitoring Program
PWSRCAC,LTEMP,2007,17.18423679,60.0675,-147.8319445,Blue Mussel,Mytilus trossulus,mussel,Bivalvia,Mussels,Background biomonitoring / Post-oil spill assessment,SLB-B-07-1-3,38,ng/g,dry,Calculated,Whole Body,6.705882,,,,AlphaAnalytics,,mussel,Prince William Sound Regional Citizens' Advisory Council Monitoring Program,Prince William Sound Regional Citizens' Advisory Council Monitoring Program
PWSRCAC,LTEMP,2007,16.61022252,60.0675,-147.8319445,Blue Mussel,Mytilus trossulus,mussel,Bivalvia,Mussels,Background biomonitoring / Post-oil spill assessment,SLB-B-07-2-1,38,ng/g,dry,Calculated,Whole Body,5.364706,,,,AlphaAnalytics,,mussel,Prince William Sound Regional Citizens' Advisory Council Monitoring Program,Prince William Sound Regional Citizens' Advisory Council Monitoring Program
PWSRCAC,LTEMP,2007,12.51704593,60.0675,-147.8319445,Blue Mussel,Mytilus trossulus,mussel,Bivalvia,Mussels,Background biomonitoring / Post-oil spill assessment,SLB-B-07-2-2,38,ng/g,dry,Calculated,Whole Body,4.903226,,,,AlphaAnalytics,,mussel,Prince William Sound Regional Citizens' Advisory Council Monitoring Program,Prince William Sound Regional Citizens' Advisory Council Monitoring Program
PWSRCAC,LTEMP,2007,13.8148809,60.0675,-147.8319445,Blue Mussel,Mytilus trossulus,mussel,Bivalvia,Mussels,Background biomonitoring / Post-oil spill assessment,SLB-B-07-2-3,38,ng/g,dry,Calculated,Whole Body,5.428571,,,,AlphaAnalytics,,mussel,Prince William Sound Regional Citizens' Advisory Council Monitoring Program,Prince William Sound Regional Citizens' Advisory Council Monitoring Program
PWSRCAC,LTEMP,2008,20.7784138,60.0675,-147.8319445,Blue Mussel,Mytilus trossulus,mussel,Bivalvia,Mussels,Background biomonitoring / Post-oil spill assessment,SLB-B-08-2-1,38,ng/g,dry,Calculated,Whole Body,1.963804,,a,,AlphaAnalytics,,mussel,Prince William Sound Regional Citizens' Advisory Council Monitoring Program,Prince William Sound Regional Citizens' Advisory Council Monitoring Program
PWSRCAC,LTEMP,2008,20.7516812,60.0675,-147.8319445,Blue Mussel,Mytilus trossulus,mussel,Bivalvia,Mussels,Background biomonitoring / Post-oil spill assessment,SLB-B-08-2-2,38,ng/g,dry,Calculated,Whole Body,1.969414,,a,,AlphaAnalytics,,mussel,Prince William Sound Regional Citizens' Advisory Council Monitoring Program,Prince William Sound Regional Citizens' Advisory Council Monitoring Program
PWSRCAC,LTEMP,2008,11.96836752,60.0675,-147.8319445,Blue Mussel,Mytilus trossulus,mussel,Bivalvia,Mussels,Background biomonitoring / Post-oil spill assessment,SLB-B-08-2-3,76,ng/g,dry,Calculated,Whole Body,1.958225,,a,,AlphaAnalytics,,mussel,Prince William Sound Regional Citizens' Advisory Council Monitoring Program,Prince William Sound Regional Citizens' Advisory Council Monitoring Program
PWSRCAC,LTEMP,2009,11.2458105,60.0675,-147.8319445,Blue Mussel,Mytilus trossulus,mussel,Bivalvia,Mussels,Background biomonitoring / Post-oil spill assessment,SLB-B-09-1-1,38,ng/g,dry,Calculated,Whole Body,1.612386,,a,,AlphaAnalytics,,mussel,Prince William Sound Regional Citizens' Advisory Council Monitoring Program,Prince William Sound Regional Citizens' Advisory Council Monitoring Program
PWSRCAC,LTEMP,2009,12.757767,60.0675,-147.8319445,Blue Mussel,Mytilus trossulus,mussel,Bivalvia,Mussels,Background biomonitoring / Post-oil spill assessment,SLB-B-09-1-2,38,ng/g,dry,Calculated,Whole Body,1.619965,,a,,AlphaAnalytics,,mussel,Prince William Sound Regional Citizens' Advisory Council Monitoring Program,Prince William Sound Regional Citizens' Advisory Council Monitoring Program
PWSRCAC,LTEMP,2009,16.1004814,60.0675,-147.8319445,Blue Mussel,Mytilus trossulus,mussel,Bivalvia,Mussels,Background biomonitoring / Post-oil spill assessment,SLB-B-09-1-3,38,ng/g,dry,Calculated,Whole Body,1.612386,,a,,AlphaAnalytics,,mussel,Prince William Sound Regional Citizens' Advisory Council Monitoring Program,Prince William Sound Regional Citizens' Advisory Council Monitoring Program
PWSRCAC,LTEMP,2013,27.8661283,60.0675,-147.8319445,Blue Mussel,Mytilus trossulus,mussel,Bivalvia,Mussels,Background biomonitoring / Post-oil spill assessment,SLB-B-13-2-1,38,ng/g,dry,Calculated,Whole Body,2.324187,,a,,AlphaAnalytics,,mussel,Prince William Sound Regional Citizens' Advisory Council Monitoring Program,Prince William Sound Regional Citizens' Advisory Council Monitoring Program
PWSRCAC,LTEMP,2013,19.6918063,60.0675,-147.8319445,Blue Mussel,Mytilus trossulus,mussel,Bivalvia,Mussels,Background biomonitoring / Post-oil spill assessment,SLB-B-13-2-2,38,ng/g,dry,Calculated,Whole Body,2.180764,,a,,AlphaAnalytics,,mussel,Prince William Sound Regional Citizens' Advisory Council Monitoring Program,Prince William Sound Regional Citizens' Advisory Council Monitoring Program
PWSRCAC,LTEMP,2013,18.78496012,60.0675,-147.8319445,Blue Mussel,Mytilus trossulus,mussel,Bivalvia,Mussels,Background biomonitoring / Post-oil spill assessment,SLB-B-13-2-3,38,ng/g,dry,Calculated,Whole Body,2.222972,,a,,AlphaAnalytics,,mussel,Prince William Sound Regional Citizens' Advisory Council Monitoring Program,Prince William Sound Regional Citizens' Advisory Council Monitoring Program
PWSRCAC,LTEMP,2018,30.4999985,60.0675,-147.8319445,Blue Mussel,Mytilus trossulus,mussel,Bivalvia,Mussels,Background biomonitoring / Post-oil spill assessment,SLB-B-18-2-1,41,ng/g,dry,Calculated,Whole Body,7.309091,16.90909,JB,89,AlphaAnalytics,,mussel,Prince William Sound Regional Citizens' Advisory Council Monitoring Program,Prince William Sound Regional Citizens' Advisory Council Monitoring Program
PWSRCAC,LTEMP,2018,26.592306,60.0675,-147.8319445,Blue Mussel,Mytilus trossulus,mussel,Bivalvia,Mussels,Background biomonitoring / Post-oil spill assessment,SLB-B-18-2-2,41,ng/g,dry,Calculated,Whole Body,7.692308,17.92308,JB,87,AlphaAnalytics,,mussel,Prince William Sound Regional Citizens' Advisory Council Monitoring Program,Prince William Sound Regional Citizens' Advisory Council Monitoring Program
PWSRCAC,LTEMP,2018,19.6199997,60.0675,-147.8319445,Blue Mussel,Mytilus trossulus,mussel,Bivalvia,Mussels,Background biomonitoring / Post-oil spill assessment,SLB-B-18-2-3,41,ng/g,dry,Calculated,Whole Body,5.253333,12.2,JB,85,AlphaAnalytics,,mussel,Prince William Sound Regional Citizens' Advisory Council Monitoring Program,Prince William Sound Regional Citizens' Advisory Council Monitoring Program
PWSRCAC,LTEMP,2023,60.868,60.0675,-147.8319445,Blue Mussel,Mytilus trossulus,mussel,Bivalvia,Mussels,Background biomonitoring / Post-oil spill assessment,SLB-B-23-1,41,ng/g,wet,Calculated,Whole Body,0.852,1.98,JB,0,AlphaAnalytics,,mussel,Prince William Sound Regional Citizens' Advisory Council Monitoring Program,Prince William Sound Regional Citizens' Advisory Council Monitoring Program
PWSRCAC,LTEMP,2023,63.023,60.0675,-147.8319445,Blue Mussel,Mytilus trossulus,mussel,Bivalvia,Mussels,Background biomonitoring / Post-oil spill assessment,SLB-B-23-2,41,ng/g,wet,Calculated,Whole Body,0.801,1.86,JB,0,AlphaAnalytics,,mussel,Prince William Sound Regional Citizens' Advisory Council Monitoring Program,Prince William Sound Regional Citizens' Advisory Council Monitoring Program
PWSRCAC,LTEMP,2023,65.293,60.0675,-147.8319445,Blue Mussel,Mytilus trossulus,mussel,Bivalvia,Mussels,Background biomonitoring / Post-oil spill assessment,SLB-B-23-3,41,ng/g,wet,Calculated,Whole Body,0.816,1.89,JB,0,AlphaAnalytics,,mussel,Prince William Sound Regional Citizens' Advisory Council Monitoring Program,Prince William Sound Regional Citizens' Advisory Council Monitoring Program
NCCOS,Resurrection Bay Intercomparison Project,2009,145.8,60.1021,-149.3642,Cockle,Clinocardium nuttallii,cockle,Bivalvia,Clams,Background biomonitoring,SS2009RBNR1CN,38,ng/g,dry,Calculated,Other,,,,,,,cockle,NOAA Resurrection Bay Project,NOAA Regional Studies
NCCOS,Resurrection Bay Intercomparison Project,2009,113.4,60.1021,-149.3642,Soft Shell Clam,Mya arenaria,clam,Bivalvia,Clams,Background biomonitoring,SS2009RBNR1MA,38,ng/g,dry,Calculated,Other,,,Below the MDL,,,,clam,NOAA Resurrection Bay Project,NOAA Regional Studies
NCCOS,Resurrection Bay Intercomparison Project,2009,281.9,60.1021,-149.3642,Blue Mussel,Mytilus edulis,mussel,Bivalvia,Mussels,Background biomonitoring,SS2009RBNR1ME,38,ng/g,dry,Calculated,Other,,,,,,,mussel,NOAA Resurrection Bay Project,NOAA Regional Studies
NCCOS,Resurrection Bay Intercomparison Project,2009,154.8,60.1021,-149.3642,Cockle,Clinocardium nuttallii,cockle,Bivalvia,Clams,Background biomonitoring,SS2009RBNR2CN,38,ng/g,dry,Calculated,Other,,,,,,,cockle,NOAA Resurrection Bay Project,NOAA Regional Studies
NCCOS,Resurrection Bay Intercomparison Project,2009,153.3,60.1021,-149.3642,Soft Shell Clam,Mya arenaria,clam,Bivalvia,Clams,Background biomonitoring,SS2009RBNR2MA,38,ng/g,dry,Calculated,Other,,,,,,,clam,NOAA Resurrection Bay Project,NOAA Regional Studies
NCCOS,Resurrection Bay Intercomparison Project,2009,220.5,60.1021,-149.3642,Blue Mussel,Mytilus edulis,mussel,Bivalvia,Mussels,Background biomonitoring,SS2009RBNR2ME,38,ng/g,dry,Calculated,Other,,,,,,,mussel,NOAA Resurrection Bay Project,NOAA Regional Studies
NCCOS,Resurrection Bay Intercomparison Project,2009,88.2,60.1021,-149.3642,Cockle,Clinocardium nuttallii,cockle,Bivalvia,Clams,Background biomonitoring,SS2009RBNR3CN,38,ng/g,dry,Calculated,Other,,,Below the MDL,,,,cockle,NOAA Resurrection Bay Project,NOAA Regional Studies
NCCOS,Resurrection Bay Intercomparison Project,2009,225.8,60.1021,-149.3642,Soft Shell Clam,Mya arenaria,clam,Bivalvia,Clams,Background biomonitoring,SS2009RBNR3MA,38,ng/g,dry,Calculated,Other,,,Below the MDL,,,,clam,NOAA Resurrection Bay Project,NOAA Regional Studies
NCCOS,Resurrection Bay Intercomparison Project,2009,219.5,60.1021,-149.3642,Blue Mussel,Mytilus edulis,mussel,Bivalvia,Mussels,Background biomonitoring,SS2009RBNR3ME,38,ng/g,dry,Calculated,Other,,,,,,,mussel,NOAA Resurrection Bay Project,NOAA Regional Studies
NCCOS,Resurrection Bay Intercomparison Project,2009,206.2,60.1021,-149.3642,Cockle,Clinocardium nuttallii,cockle,Bivalvia,Clams,Background biomonitoring,SS2009RBNR4CN,38,ng/g,dry,Calculated,Other,,,Below the MDL,,,,cockle,NOAA Resurrection Bay Project,NOAA Regional Studies
NCCOS,Resurrection Bay Intercomparison Project,2010,126.8,60.1021,-149.3642,Soft Shell Clam,Mya arenaria,clam,Bivalvia,Clams,Background biomonitoring,SS2009RBNR4MA,38,ng/g,dry,Calculated,Other,,,Below the MDL,,,,clam,NOAA Resurrection Bay Project,NOAA Regional Studies
NCCOS,Resurrection Bay Intercomparison Project,2009,595.1,60.1021,-149.3642,Blue Mussel,Mytilus edulis,mussel,Bivalvia,Mussels,Background biomonitoring,SS2009RBNR4ME,38,ng/g,dry,Calculated,Other,,,,,,,mussel,NOAA Resurrection Bay Project,NOAA Regional Studies
NCCOS,Resurrection Bay Intercomparison Project,2010,132.9,60.1021,-149.3642,Cockle,Clinocardium nuttallii,cockle,Bivalvia,Clams,Background biomonitoring,SS2009RBNR5CN,38,ng/g,dry,Calculated,Other,,,Below the MDL,,,,cockle,NOAA Resurrection Bay Project,NOAA Regional Studies
NCCOS,Resurrection Bay Intercomparison Project,2010,453.3,60.1021,-149.3642,Blue Mussel,Mytilus edulis,mussel,Bivalvia,Mussels,Background biomonitoring,SS2009RBNR5ME,38,ng/g,dry,Calculated,Other,,,,,,,mussel,NOAA Resurrection Bay Project,NOAA Regional Studies
NCCOS,Bristol Bay Study,2013,160.411,59.0393,-158.4784,Rainbow Smelt,Osmerus mordax,forage fish,Chordata (Actinopterygii),Fish,Background biomonitoring,SS2013BRB_DH-3POM,42,ng/g,dry,Calculated,Other,,,,,,,forage fish,NOAA Bristol Bay Study,NOAA Regional Studies
NCCOS,Bristol Bay Study,2013,61.182,59.0393,-158.4784,Starry Flounder,Platichthys stellatus,flatfish,Chordata (Actinopterygii),Fish,Background biomonitoring,SS2013BRB_DH-3PSF,42,ng/g,dry,Calculated,Other,,,Not detected,,,,flatfish,NOAA Bristol Bay Study,NOAA Regional Studies
NCCOS,Bristol Bay Study,2014,55.688,58.5717,-158.069,Rainbow Smelt,Osmerus mordax,forage fish,Chordata (Actinopterygii),Fish,Background biomonitoring,SS2014BRB_LK-16AOM,42,ng/g,dry,Calculated,Other,,,Below the MDL,,,,forage fish,NOAA Bristol Bay Study,NOAA Regional Studies
NCCOS,Bristol Bay Study,2014,28.833,58.5717,-158.069,Starry Flounder,Platichthys stellatus,flatfish,Chordata (Actinopterygii),Fish,Background biomonitoring,SS2014BRB_LK-16ASF,42,ng/g,dry,Calculated,Other,,,Below the MDL,,,,flatfish,NOAA Bristol Bay Study,NOAA Regional Studies
NCCOS,Bristol Bay Study,2014,47.381,58.7305,-156.971,Rainbow Smelt,Osmerus mordax,forage fish,Chordata (Actinopterygii),Fish,Background biomonitoring,SS2014BRB_NR-2POM,42,ng/g,dry,Calculated,Other,,,Below the MDL,,,,forage fish,NOAA Bristol Bay Study,NOAA Regional Studies
NCCOS,Bristol Bay Study,2014,69.42,58.7305,-156.971,Starry Flounder,Platichthys stellatus,flatfish,Chordata (Actinopterygii),Fish,Background biomonitoring,SS2014BRB_NR-2aPSF,42,ng/g,dry,Calculated,Other,,,Below the MDL,,,,flatfish,NOAA Bristol Bay Study,NOAA Regional Studies
NCCOS,Bristol Bay Study,2014,96.794,58.7305,-156.971,Starry Flounder,Platichthys stellatus,flatfish,Chordata (Actinopterygii),Fish,Background biomonitoring,SS2014BRB_NR-2bPSF,42,ng/g,dry,Calculated,Other,,,Below the MDL,,,,flatfish,NOAA Bristol Bay Study,NOAA Regional Studies
NCCOS,Bristol Bay Study,2014,27.029,58.7965,-157.0594,Starry Flounder,Platichthys stellatus,flatfish,Chordata (Actinopterygii),Fish,Background biomonitoring,SS2014BRB_UK-1PSF,42,ng/g,dry,Calculated,Other,,,Below the MDL,,,,flatfish,NOAA Bristol Bay Study,NOAA Regional Studies
NCCOS,Bristol Bay Study,2014,44.921,58.6881,-158.644,Rainbow Smelt,Osmerus mordax,forage fish,Chordata (Actinopterygii),Fish,Background biomonitoring,SS2014BRB_UN-6AOM,42,ng/g,dry,Calculated,Other,,,Below the MDL,,,,forage fish,NOAA Bristol Bay Study,NOAA Regional Studies
NCCOS,Bristol Bay Study,2014,33.139,58.6881,-158.644,Starry Flounder,Platichthys stellatus,flatfish,Chordata (Actinopterygii),Fish,Background biomonitoring,SS2014BRB_UN-6ASF,42,ng/g,dry,Calculated,Other,,,Below the MDL,,,,flatfish,NOAA Bristol Bay Study,NOAA Regional Studies
PWSRCAC,LTEMP,2002,125.0987922,59.21888883,-151.5186112,Blue Mussel,Mytilus trossulus,mussel,Bivalvia,Mussels,Background biomonitoring / Post-oil spill assessment,WIB-B-02-2-1,37,ng/g,dry,Calculated,Whole Body,30.4,,BD,,AlphaAnalytics,,mussel,Prince William Sound Regional Citizens' Advisory Council Monitoring Program,Prince William Sound Regional Citizens' Advisory Council Monitoring Program
PWSRCAC,LTEMP,2002,79.0548617,59.21888883,-151.5186112,Blue Mussel,Mytilus trossulus,mussel,Bivalvia,Mussels,Background biomonitoring / Post-oil spill assessment,WIB-B-02-2-2,37,ng/g,dry,Calculated,Whole Body,33.04348,,BD,,AlphaAnalytics,,mussel,Prince William Sound Regional Citizens' Advisory Council Monitoring Program,Prince William Sound Regional Citizens' Advisory Council Monitoring Program
PWSRCAC,LTEMP,2002,65.9374426,59.21888883,-151.5186112,Blue Mussel,Mytilus trossulus,mussel,Bivalvia,Mussels,Background biomonitoring / Post-oil spill assessment,WIB-B-02-2-3,37,ng/g,dry,Calculated,Whole Body,34.02985,,BD,,AlphaAnalytics,,mussel,Prince William Sound Regional Citizens' Advisory Council Monitoring Program,Prince William Sound Regional Citizens' Advisory Council Monitoring Program
PWSRCAC,LTEMP,2003,27.5742837,59.21888883,-151.5186112,Blue Mussel,Mytilus trossulus,mussel,Bivalvia,Mussels,Background biomonitoring / Post-oil spill assessment,WIB-B-03-1-1,37,ng/g,dry,Calculated,Whole Body,27.14286,,BD,,AlphaAnalytics,,mussel,Prince William Sound Regional Citizens' Advisory Council Monitoring Program,Prince William Sound Regional Citizens' Advisory Council Monitoring Program
PWSRCAC,LTEMP,2003,8.0231716,59.21888883,-151.5186112,Blue Mussel,Mytilus trossulus,mussel,Bivalvia,Mussels,Background biomonitoring / Post-oil spill assessment,WIB-B-03-1-2,37,ng/g,dry,Calculated,Whole Body,34.02985,,BD,,AlphaAnalytics,,mussel,Prince William Sound Regional Citizens' Advisory Council Monitoring Program,Prince William Sound Regional Citizens' Advisory Council Monitoring Program
PWSRCAC,LTEMP,2003,18.9680772,59.21888883,-151.5186112,Blue Mussel,Mytilus trossulus,mussel,Bivalvia,Mussels,Background biomonitoring / Post-oil spill assessment,WIB-B-03-1-2D,37,ng/g,dry,Calculated,Whole Body,34.02985,,BD,,AlphaAnalytics,,mussel,Prince William Sound Regional Citizens' Advisory Council Monitoring Program,Prince William Sound Regional Citizens' Advisory Council Monitoring Program
PWSRCAC,LTEMP,2003,14.7206056,59.21888883,-151.5186112,Blue Mussel,Mytilus trossulus,mussel,Bivalvia,Mussels,Background biomonitoring / Post-oil spill assessment,WIB-B-03-1-3,37,ng/g,dry,Calculated,Whole Body,26.51163,,BD,,AlphaAnalytics,,mussel,Prince William Sound Regional Citizens' Advisory Council Monitoring Program,Prince William Sound Regional Citizens' Advisory Council Monitoring Program
PWSRCAC,LTEMP,2003,20.87,59.21888883,-151.5186112,Blue Mussel,Mytilus trossulus,mussel,Bivalvia,Mussels,Background biomonitoring / Post-oil spill assessment,WIB-B-03-2-1,39,ng/g,dry,Calculated,Whole Body,0.44,,b,,AlphaAnalytics,,mussel,Prince William Sound Regional Citizens' Advisory Council Monitoring Program,Prince William Sound Regional Citizens' Advisory Council Monitoring Program
PWSRCAC,LTEMP,2003,18.64,59.21888883,-151.5186112,Blue Mussel,Mytilus trossulus,mussel,Bivalvia,Mussels,Background biomonitoring / Post-oil spill assessment,WIB-B-03-2-2,39,ng/g,dry,Calculated,Whole Body,0.45,,b,,AlphaAnalytics,,mussel,Prince William Sound Regional Citizens' Advisory Council Monitoring Program,Prince William Sound Regional Citizens' Advisory Council Monitoring Program
PWSRCAC,LTEMP,2003,18.04,59.21888883,-151.5186112,Blue Mussel,Mytilus trossulus,mussel,Bivalvia,Mussels,Background biomonitoring / Post-oil spill assessment,WIB-B-03-2-3,39,ng/g,dry,Calculated,Whole Body,0.45,,b,,AlphaAnalytics,,mussel,Prince William Sound Regional Citizens' Advisory Council Monitoring Program,Prince William Sound Regional Citizens' Advisory Council Monitoring Program
PWSRCAC,LTEMP,2004,81.19,59.21888883,-151.5186112,Blue Mussel,Mytilus trossulus,mussel,Bivalvia,Mussels,Background biomonitoring / Post-oil spill assessment,WIB-B-04-1-1,39,ng/g,dry,Calculated,Whole Body,4.04,,b,,AlphaAnalytics,,mussel,Prince William Sound Regional Citizens' Advisory Council Monitoring Program,Prince William Sound Regional Citizens' Advisory Council Monitoring Program
PWSRCAC,LTEMP,2004,41.91,59.21888883,-151.5186112,Blue Mussel,Mytilus trossulus,mussel,Bivalvia,Mussels,Background biomonitoring / Post-oil spill assessment,WIB-B-04-1-2,39,ng/g,dry,Calculated,Whole Body,3.83,,b,,AlphaAnalytics,,mussel,Prince William Sound Regional Citizens' Advisory Council Monitoring Program,Prince William Sound Regional Citizens' Advisory Council Monitoring Program
PWSRCAC,LTEMP,2004,44.64,59.21888883,-151.5186112,Blue Mussel,Mytilus trossulus,mussel,Bivalvia,Mussels,Background biomonitoring / Post-oil spill assessment,WIB-B-04-1-3,39,ng/g,dry,Calculated,Whole Body,3.8,,b,,AlphaAnalytics,,mussel,Prince William Sound Regional Citizens' Advisory Council Monitoring Program,Prince William Sound Regional Citizens' Advisory Council Monitoring Program
PWSRCAC,LTEMP,2004,71.12,59.21888883,-151.5186112,Blue Mussel,Mytilus trossulus,mussel,Bivalvia,Mussels,Background biomonitoring / Post-oil spill assessment,WIB-B-04-2-1,39,ng/g,dry,Calculated,Whole Body,0.501,,b,,AlphaAnalytics,,mussel,Prince William Sound Regional Citizens' Advisory Council Monitoring Program,Prince William Sound Regional Citizens' Advisory Council Monitoring Program
PWSRCAC,LTEMP,2004,59.9,59.21888883,-151.5186112,Blue Mussel,Mytilus trossulus,mussel,Bivalvia,Mussels,Background biomonitoring / Post-oil spill assessment,WIB-B-04-2-2,39,ng/g,dry,Calculated,Whole Body,0.49,,b,,AlphaAnalytics,,mussel,Prince William Sound Regional Citizens' Advisory Council Monitoring Program,Prince William Sound Regional Citizens' Advisory Council Monitoring Program
PWSRCAC,LTEMP,2004,41.85,59.21888883,-151.5186112,Blue Mussel,Mytilus trossulus,mussel,Bivalvia,Mussels,Background biomonitoring / Post-oil spill assessment,WIB-B-04-2-3,39,ng/g,dry,Calculated,Whole Body,0.499,,b,,AlphaAnalytics,,mussel,Prince William Sound Regional Citizens' Advisory Council Monitoring Program,Prince William Sound Regional Citizens' Advisory Council Monitoring Program
PWSRCAC,LTEMP,2005,28.1,59.21888883,-151.5186112,Blue Mussel,Mytilus trossulus,mussel,Bivalvia,Mussels,Background biomonitoring / Post-oil spill assessment,WIB-B-05-1-1,39,ng/g,dry,Calculated,Whole Body,0.462,,b,,AlphaAnalytics,,mussel,Prince William Sound Regional Citizens' Advisory Council Monitoring Program,Prince William Sound Regional Citizens' Advisory Council Monitoring Program
PWSRCAC,LTEMP,2005,29.69,59.21888883,-151.5186112,Blue Mussel,Mytilus trossulus,mussel,Bivalvia,Mussels,Background biomonitoring / Post-oil spill assessment,WIB-B-05-1-2,39,ng/g,dry,Calculated,Whole Body,0.471,,b,,AlphaAnalytics,,mussel,Prince William Sound Regional Citizens' Advisory Council Monitoring Program,Prince William Sound Regional Citizens' Advisory Council Monitoring Program
PWSRCAC,LTEMP,2005,26.85,59.21888883,-151.5186112,Blue Mussel,Mytilus trossulus,mussel,Bivalvia,Mussels,Background biomonitoring / Post-oil spill assessment,WIB-B-05-1-3,39,ng/g,dry,Calculated,Whole Body,0.454,,b,,AlphaAnalytics,,mussel,Prince William Sound Regional Citizens' Advisory Council Monitoring Program,Prince William Sound Regional Citizens' Advisory Council Monitoring Program
PWSRCAC,LTEMP,2005,11,59.21888883,-151.5186112,Blue Mussel,Mytilus trossulus,mussel,Bivalvia,Mussels,Background biomonitoring / Post-oil spill assessment,WIB-B-05-2-1,39,ng/g,dry,Calculated,Whole Body,5.12,,b,,AlphaAnalytics,,mussel,Prince William Sound Regional Citizens' Advisory Council Monitoring Program,Prince William Sound Regional Citizens' Advisory Council Monitoring Program
PWSRCAC,LTEMP,2005,15.15,59.21888883,-151.5186112,Blue Mussel,Mytilus trossulus,mussel,Bivalvia,Mussels,Background biomonitoring / Post-oil spill assessment,WIB-B-05-2-2,39,ng/g,dry,Calculated,Whole Body,5.85,,b,,AlphaAnalytics,,mussel,Prince William Sound Regional Citizens' Advisory Council Monitoring Program,Prince William Sound Regional Citizens' Advisory Council Monitoring Program
PWSRCAC,LTEMP,2005,24.68,59.21888883,-151.5186112,Blue Mussel,Mytilus trossulus,mussel,Bivalvia,Mussels,Background biomonitoring / Post-oil spill assessment,WIB-B-05-2-3,39,ng/g,dry,Calculated,Whole Body,5.77,,b,,AlphaAnalytics,,mussel,Prince William Sound Regional Citizens' Advisory Council Monitoring Program,Prince William Sound Regional Citizens' Advisory Council Monitoring Program
PWSRCAC,LTEMP,2006,45.35,59.21888883,-151.5186112,Blue Mussel,Mytilus trossulus,mussel,Bivalvia,Mussels,Background biomonitoring / Post-oil spill assessment,WIB-B-06-1-1,39,ng/g,dry,Calculated,Whole Body,6.25,,b,,AlphaAnalytics,,mussel,Prince William Sound Regional Citizens' Advisory Council Monitoring Program,Prince William Sound Regional Citizens' Advisory Council Monitoring Program
PWSRCAC,LTEMP,2006,36.33,59.21888883,-151.5186112,Blue Mussel,Mytilus trossulus,mussel,Bivalvia,Mussels,Background biomonitoring / Post-oil spill assessment,WIB-B-06-1-2,39,ng/g,dry,Calculated,Whole Body,4.96,,b,,AlphaAnalytics,,mussel,Prince William Sound Regional Citizens' Advisory Council Monitoring Program,Prince William Sound Regional Citizens' Advisory Council Monitoring Program
PWSRCAC,LTEMP,2006,37.93,59.21888883,-151.5186112,Blue Mussel,Mytilus trossulus,mussel,Bivalvia,Mussels,Background biomonitoring / Post-oil spill assessment,WIB-B-06-1-3,39,ng/g,dry,Calculated,Whole Body,5.36,,b,,AlphaAnalytics,,mussel,Prince William Sound Regional Citizens' Advisory Council Monitoring Program,Prince William Sound Regional Citizens' Advisory Council Monitoring Program
PWSRCAC,LTEMP,2006,16.5201684,59.21888883,-151.5186112,Blue Mussel,Mytilus trossulus,mussel,Bivalvia,Mussels,Background biomonitoring / Post-oil spill assessment,WIB-B-06-2-1,38,ng/g,dry,Calculated,Whole Body,3.768595,,,,AlphaAnalytics,,mussel,Prince William Sound Regional Citizens' Advisory Council Monitoring Program,Prince William Sound Regional Citizens' Advisory Council Monitoring Program
PWSRCAC,LTEMP,2006,21.17745713,59.21888883,-151.5186112,Blue Mussel,Mytilus trossulus,mussel,Bivalvia,Mussels,Background biomonitoring / Post-oil spill assessment,WIB-B-06-2-2,38,ng/g,dry,Calculated,Whole Body,4.222222,,,,AlphaAnalytics,,mussel,Prince William Sound Regional Citizens' Advisory Council Monitoring Program,Prince William Sound Regional Citizens' Advisory Council Monitoring Program
PWSRCAC,LTEMP,2006,22.3753736,59.21888883,-151.5186112,Blue Mussel,Mytilus trossulus,mussel,Bivalvia,Mussels,Background biomonitoring / Post-oil spill assessment,WIB-B-06-2-3,38,ng/g,dry,Calculated,Whole Body,3.8,,,,AlphaAnalytics,,mussel,Prince William Sound Regional Citizens' Advisory Council Monitoring Program,Prince William Sound Regional Citizens' Advisory Council Monitoring Program
PWSRCAC,LTEMP,2007,19.38503005,59.21888883,-151.5186112,Blue Mussel,Mytilus trossulus,mussel,Bivalvia,Mussels,Background biomonitoring / Post-oil spill assessment,WIB-B-07-1-1,38,ng/g,dry,Calculated,Whole Body,4.342857,,,,AlphaAnalytics,,mussel,Prince William Sound Regional Citizens' Advisory Council Monitoring Program,Prince William Sound Regional Citizens' Advisory Council Monitoring Program
PWSRCAC,LTEMP,2007,22.84441267,59.21888883,-151.5186112,Blue Mussel,Mytilus trossulus,mussel,Bivalvia,Mussels,Background biomonitoring / Post-oil spill assessment,WIB-B-07-1-2,38,ng/g,dry,Calculated,Whole Body,4.071429,,,,AlphaAnalytics,,mussel,Prince William Sound Regional Citizens' Advisory Council Monitoring Program,Prince William Sound Regional Citizens' Advisory Council Monitoring Program
PWSRCAC,LTEMP,2007,25.10846034,59.21888883,-151.5186112,Blue Mussel,Mytilus trossulus,mussel,Bivalvia,Mussels,Background biomonitoring / Post-oil spill assessment,WIB-B-07-1-3,38,ng/g,dry,Calculated,Whole Body,3.965217,,,,AlphaAnalytics,,mussel,Prince William Sound Regional Citizens' Advisory Council Monitoring Program,Prince William Sound Regional Citizens' Advisory Council Monitoring Program
PWSRCAC,LTEMP,2007,7.96938296,59.21888883,-151.5186112,Blue Mussel,Mytilus trossulus,mussel,Bivalvia,Mussels,Background biomonitoring / Post-oil spill assessment,WIB-B-07-2-1,38,ng/g,dry,Calculated,Whole Body,5.428571,,,,AlphaAnalytics,,mussel,Prince William Sound Regional Citizens' Advisory Council Monitoring Program,Prince William Sound Regional Citizens' Advisory Council Monitoring Program
PWSRCAC,LTEMP,2007,7.63474201,59.21888883,-151.5186112,Blue Mussel,Mytilus trossulus,mussel,Bivalvia,Mussels,Background biomonitoring / Post-oil spill assessment,WIB-B-07-2-2,38,ng/g,dry,Calculated,Whole Body,5.302326,,,,AlphaAnalytics,,mussel,Prince William Sound Regional Citizens' Advisory Council Monitoring Program,Prince William Sound Regional Citizens' Advisory Council Monitoring Program
PWSRCAC,LTEMP,2007,6.46773283,59.21888883,-151.5186112,Blue Mussel,Mytilus trossulus,mussel,Bivalvia,Mussels,Background biomonitoring / Post-oil spill assessment,WIB-B-07-2-3,38,ng/g,dry,Calculated,Whole Body,5.066667,,,,AlphaAnalytics,,mussel,Prince William Sound Regional Citizens' Advisory Council Monitoring Program,Prince William Sound Regional Citizens' Advisory Council Monitoring Program
PWSRCAC,LTEMP,2008,7.0593274,59.21888883,-151.5186112,Blue Mussel,Mytilus trossulus,mussel,Bivalvia,Mussels,Background biomonitoring / Post-oil spill assessment,WIB-B-0802-1,38,ng/g,dry,Calculated,Whole Body,1.947161,,a,,AlphaAnalytics,,mussel,Prince William Sound Regional Citizens' Advisory Council Monitoring Program,Prince William Sound Regional Citizens' Advisory Council Monitoring Program
PWSRCAC,LTEMP,2008,8.85221934,59.21888883,-151.5186112,Blue Mussel,Mytilus trossulus,mussel,Bivalvia,Mussels,Background biomonitoring / Post-oil spill assessment,WIB-B-0802-2,38,ng/g,dry,Calculated,Whole Body,1.966605,,a,,AlphaAnalytics,,mussel,Prince William Sound Regional Citizens' Advisory Council Monitoring Program,Prince William Sound Regional Citizens' Advisory Council Monitoring Program
PWSRCAC,LTEMP,2008,7.3938078,59.21888883,-151.5186112,Blue Mussel,Mytilus trossulus,mussel,Bivalvia,Mussels,Background biomonitoring / Post-oil spill assessment,WIB-B-0802-3,38,ng/g,dry,Calculated,Whole Body,1.963804,,a,,AlphaAnalytics,,mussel,Prince William Sound Regional Citizens' Advisory Council Monitoring Program,Prince William Sound Regional Citizens' Advisory Council Monitoring Program
PWSRCAC,LTEMP,2009,9.546595,59.21888883,-151.5186112,Blue Mussel,Mytilus trossulus,mussel,Bivalvia,Mussels,Background biomonitoring / Post-oil spill assessment,WIB-B-09-1-1,38,ng/g,dry,Calculated,Whole Body,1.621871,,a,,AlphaAnalytics,,mussel,Prince William Sound Regional Citizens' Advisory Council Monitoring Program,Prince William Sound Regional Citizens' Advisory Council Monitoring Program
PWSRCAC,LTEMP,2009,12.0157294,59.21888883,-151.5186112,Blue Mussel,Mytilus trossulus,mussel,Bivalvia,Mussels,Background biomonitoring / Post-oil spill assessment,WIB-B-09-1-2,38,ng/g,dry,Calculated,Whole Body,1.612386,,a,,AlphaAnalytics,,mussel,Prince William Sound Regional Citizens' Advisory Council Monitoring Program,Prince William Sound Regional Citizens' Advisory Council Monitoring Program
PWSRCAC,LTEMP,2009,11.9297237,59.21888883,-151.5186112,Blue Mussel,Mytilus trossulus,mussel,Bivalvia,Mussels,Background biomonitoring / Post-oil spill assessment,WIB-B-09-1-3,38,ng/g,dry,Calculated,Whole Body,1.612386,,a,,AlphaAnalytics,,mussel,Prince William Sound Regional Citizens' Advisory Council Monitoring Program,Prince William Sound Regional Citizens' Advisory Council Monitoring Program
PWSRCAC,LTEMP,2013,72.2153849,59.21888883,-151.5186112,Blue Mussel,Mytilus trossulus,mussel,Bivalvia,Mussels,Background biomonitoring / Post-oil spill assessment,WIB-B-13-2-1,38,ng/g,dry,Calculated,Whole Body,1.403506,,a,,AlphaAnalytics,,mussel,Prince William Sound Regional Citizens' Advisory Council Monitoring Program,Prince William Sound Regional Citizens' Advisory Council Monitoring Program
PWSRCAC,LTEMP,2013,32.98686336,59.21888883,-151.5186112,Blue Mussel,Mytilus trossulus,mussel,Bivalvia,Mussels,Background biomonitoring / Post-oil spill assessment,WIB-B-13-2-2,38,ng/g,dry,Calculated,Whole Body,1.106134,,a,,AlphaAnalytics,,mussel,Prince William Sound Regional Citizens' Advisory Council Monitoring Program,Prince William Sound Regional Citizens' Advisory Council Monitoring Program
PWSRCAC,LTEMP,2013,59.5134816,59.21888883,-151.5186112,Blue Mussel,Mytilus trossulus,mussel,Bivalvia,Mussels,Background biomonitoring / Post-oil spill assessment,WIB-B-13-2-3,38,ng/g,dry,Calculated,Whole Body,1.393572,,a,,AlphaAnalytics,,mussel,Prince William Sound Regional Citizens' Advisory Council Monitoring Program,Prince William Sound Regional Citizens' Advisory Council Monitoring Program
PWSRCAC,LTEMP,2018,17.1500003,59.21888883,-151.5186112,Blue Mussel,Mytilus trossulus,mussel,Bivalvia,Mussels,Background biomonitoring / Post-oil spill assessment,WIB-B-18-2-1,41,ng/g,dry,Calculated,Whole Body,6.064286,14.07143,JB,86,AlphaAnalytics,,mussel,Prince William Sound Regional Citizens' Advisory Council Monitoring Program,Prince William Sound Regional Citizens' Advisory Council Monitoring Program
PWSRCAC,LTEMP,2018,17.9533343,59.21888883,-151.5186112,Blue Mussel,Mytilus trossulus,mussel,Bivalvia,Mussels,Background biomonitoring / Post-oil spill assessment,WIB-B-18-2-2,41,ng/g,dry,Calculated,Whole Body,6.273333,14.53333,JB,85,AlphaAnalytics,,mussel,Prince William Sound Regional Citizens' Advisory Council Monitoring Program,Prince William Sound Regional Citizens' Advisory Council Monitoring Program
PWSRCAC,LTEMP,2018,18.4285724,59.21888883,-151.5186112,Blue Mussel,Mytilus trossulus,mussel,Bivalvia,Mussels,Background biomonitoring / Post-oil spill assessment,WIB-B-18-2-3,41,ng/g,dry,Calculated,Whole Body,5.692857,13.21429,JB,86,AlphaAnalytics,,mussel,Prince William Sound Regional Citizens' Advisory Council Monitoring Program,Prince William Sound Regional Citizens' Advisory Council Monitoring Program
PWSRCAC,LTEMP,2024,59.366,59.21888883,-151.5186112,Blue Mussel,Mytilus trossulus,mussel,Bivalvia,Mussels,Background biomonitoring / Post-oil spill assessment,WIB-B-24-1,41,ng/g,wet,Calculated,Whole Body,0.85,1.97,JB,0,AlphaAnalytics,,mussel,Prince William Sound Regional Citizens' Advisory Council Monitoring Program,Prince William Sound Regional Citizens' Advisory Council Monitoring Program
PWSRCAC,LTEMP,2024,74.371,59.21888883,-151.5186112,Blue Mussel,Mytilus trossulus,mussel,Bivalvia,Mussels,Background biomonitoring / Post-oil spill assessment,WIB-B-24-2,41,ng/g,wet,Calculated,Whole Body,0.792,1.84,JB,0,AlphaAnalytics,,mussel,Prince William Sound Regional Citizens' Advisory Council Monitoring Program,Prince William Sound Regional Citizens' Advisory Council Monitoring Program
PWSRCAC,LTEMP,2024,148.643,59.21888883,-151.5186112,Blue Mussel,Mytilus trossulus,mussel,Bivalvia,Mussels,Background biomonitoring / Post-oil spill assessment,WIB-B-24-3,41,ng/g,wet,Calculated,Whole Body,1.98,4.59,JB,0,AlphaAnalytics,,mussel,Prince William Sound Regional Citizens' Advisory Council Monitoring Program,Prince William Sound Regional Citizens' Advisory Council Monitoring Program
PWSRCAC,LTEMP,2002,21.067102,60.26583,-147.08445,Blue Mussel,Mytilus trossulus,mussel,Bivalvia,Mussels,Background biomonitoring / Post-oil spill assessment,ZAB-B-02-2-1,37,ng/g,dry,Calculated,Whole Body,35.625,,BD,,AlphaAnalytics,,mussel,Prince William Sound Regional Citizens' Advisory Council Monitoring Program,Prince William Sound Regional Citizens' Advisory Council Monitoring Program
PWSRCAC,LTEMP,2002,16.33773012,60.26583,-147.08445,Blue Mussel,Mytilus trossulus,mussel,Bivalvia,Mussels,Background biomonitoring / Post-oil spill assessment,ZAB-B-02-2-2,37,ng/g,dry,Calculated,Whole Body,30.81081,,BD,,AlphaAnalytics,,mussel,Prince William Sound Regional Citizens' Advisory Council Monitoring Program,Prince William Sound Regional Citizens' Advisory Council Monitoring Program
PWSRCAC,LTEMP,2002,85.0611377,60.26583,-147.08445,Blue Mussel,Mytilus trossulus,mussel,Bivalvia,Mussels,Background biomonitoring / Post-oil spill assessment,ZAB-B-02-2-3,37,ng/g,dry,Calculated,Whole Body,35.625,,BD,,AlphaAnalytics,,mussel,Prince William Sound Regional Citizens' Advisory Council Monitoring Program,Prince William Sound Regional Citizens' Advisory Council Monitoring Program
PWSRCAC,LTEMP,2003,14.7105943,60.26583,-147.08445,Blue Mussel,Mytilus trossulus,mussel,Bivalvia,Mussels,Background biomonitoring / Post-oil spill assessment,ZAB-B-03-1-1,37,ng/g,dry,Calculated,Whole Body,33.52941,,BD,,AlphaAnalytics,,mussel,Prince William Sound Regional Citizens' Advisory Council Monitoring Program,Prince William Sound Regional Citizens' Advisory Council Monitoring Program
PWSRCAC,LTEMP,2003,13.8813476,60.26583,-147.08445,Blue Mussel,Mytilus trossulus,mussel,Bivalvia,Mussels,Background biomonitoring / Post-oil spill assessment,ZAB-B-03-1-2,37,ng/g,dry,Calculated,Whole Body,27.14286,,BD,,AlphaAnalytics,,mussel,Prince William Sound Regional Citizens' Advisory Council Monitoring Program,Prince William Sound Regional Citizens' Advisory Council Monitoring Program
PWSRCAC,LTEMP,2003,10.0539222,60.26583,-147.08445,Blue Mussel,Mytilus trossulus,mussel,Bivalvia,Mussels,Background biomonitoring / Post-oil spill assessment,ZAB-B-03-1-3,37,ng/g,dry,Calculated,Whole Body,26.2069,,BD,,AlphaAnalytics,,mussel,Prince William Sound Regional Citizens' Advisory Council Monitoring Program,Prince William Sound Regional Citizens' Advisory Council Monitoring Program
PWSRCAC,LTEMP,2003,33.73,60.26583,-147.08445,Blue Mussel,Mytilus trossulus,mussel,Bivalvia,Mussels,Background biomonitoring / Post-oil spill assessment,ZAB-B-03-2-1,39,ng/g,dry,Calculated,Whole Body,9.31,,b,,AlphaAnalytics,,mussel,Prince William Sound Regional Citizens' Advisory Council Monitoring Program,Prince William Sound Regional Citizens' Advisory Council Monitoring Program
PWSRCAC,LTEMP,2003,47.29,60.26583,-147.08445,Blue Mussel,Mytilus trossulus,mussel,Bivalvia,Mussels,Background biomonitoring / Post-oil spill assessment,ZAB-B-03-2-2,39,ng/g,dry,Calculated,Whole Body,7.13,,b,,AlphaAnalytics,,mussel,Prince William Sound Regional Citizens' Advisory Council Monitoring Program,Prince William Sound Regional Citizens' Advisory Council Monitoring Program
PWSRCAC,LTEMP,2003,79.07,60.26583,-147.08445,Blue Mussel,Mytilus trossulus,mussel,Bivalvia,Mussels,Background biomonitoring / Post-oil spill assessment,ZAB-B-03-2-3,39,ng/g,dry,Calculated,Whole Body,6.61,,b,,AlphaAnalytics,,mussel,Prince William Sound Regional Citizens' Advisory Council Monitoring Program,Prince William Sound Regional Citizens' Advisory Council Monitoring Program
PWSRCAC,LTEMP,2004,43.51,60.26583,-147.08445,Blue Mussel,Mytilus trossulus,mussel,Bivalvia,Mussels,Background biomonitoring / Post-oil spill assessment,ZAB-B-04-1-1,39,ng/g,dry,Calculated,Whole Body,5.7,,b,,AlphaAnalytics,,mussel,Prince William Sound Regional Citizens' Advisory Council Monitoring Program,Prince William Sound Regional Citizens' Advisory Council Monitoring Program
PWSRCAC,LTEMP,2004,33.34,60.26583,-147.08445,Blue Mussel,Mytilus trossulus,mussel,Bivalvia,Mussels,Background biomonitoring / Post-oil spill assessment,ZAB-B-04-1-2,39,ng/g,dry,Calculated,Whole Body,5.77,,b,,AlphaAnalytics,,mussel,Prince William Sound Regional Citizens' Advisory Council Monitoring Program,Prince William Sound Regional Citizens' Advisory Council Monitoring Program
PWSRCAC,LTEMP,2004,46.81,60.26583,-147.08445,Blue Mussel,Mytilus trossulus,mussel,Bivalvia,Mussels,Background biomonitoring / Post-oil spill assessment,ZAB-B-04-1-3,39,ng/g,dry,Calculated,Whole Body,5.36,,b,,AlphaAnalytics,,mussel,Prince William Sound Regional Citizens' Advisory Council Monitoring Program,Prince William Sound Regional Citizens' Advisory Council Monitoring Program
PWSRCAC,LTEMP,2004,37.68,60.26583,-147.08445,Blue Mussel,Mytilus trossulus,mussel,Bivalvia,Mussels,Background biomonitoring / Post-oil spill assessment,ZAB-B-04-2-1,39,ng/g,dry,Calculated,Whole Body,0.528,,b,,AlphaAnalytics,,mussel,Prince William Sound Regional Citizens' Advisory Council Monitoring Program,Prince William Sound Regional Citizens' Advisory Council Monitoring Program
PWSRCAC,LTEMP,2004,44.5,60.26583,-147.08445,Blue Mussel,Mytilus trossulus,mussel,Bivalvia,Mussels,Background biomonitoring / Post-oil spill assessment,ZAB-B-04-2-2,39,ng/g,dry,Calculated,Whole Body,0.47,,b,,AlphaAnalytics,,mussel,Prince William Sound Regional Citizens' Advisory Council Monitoring Program,Prince William Sound Regional Citizens' Advisory Council Monitoring Program
PWSRCAC,LTEMP,2004,41.41,60.26583,-147.08445,Blue Mussel,Mytilus trossulus,mussel,Bivalvia,Mussels,Background biomonitoring / Post-oil spill assessment,ZAB-B-04-2-3,39,ng/g,dry,Calculated,Whole Body,0.475,,b,,AlphaAnalytics,,mussel,Prince William Sound Regional Citizens' Advisory Council Monitoring Program,Prince William Sound Regional Citizens' Advisory Council Monitoring Program
PWSRCAC,LTEMP,2005,49.45,60.26583,-147.08445,Blue Mussel,Mytilus trossulus,mussel,Bivalvia,Mussels,Background biomonitoring / Post-oil spill assessment,ZAB-B-05-1-1,39,ng/g,dry,Calculated,Whole Body,0.488,,b,,AlphaAnalytics,,mussel,Prince William Sound Regional Citizens' Advisory Council Monitoring Program,Prince William Sound Regional Citizens' Advisory Council Monitoring Program
PWSRCAC,LTEMP,2005,65.57,60.26583,-147.08445,Blue Mussel,Mytilus trossulus,mussel,Bivalvia,Mussels,Background biomonitoring / Post-oil spill assessment,ZAB-B-05-1-2,39,ng/g,dry,Calculated,Whole Body,0.486,,b,,AlphaAnalytics,,mussel,Prince William Sound Regional Citizens' Advisory Council Monitoring Program,Prince William Sound Regional Citizens' Advisory Council Monitoring Program
PWSRCAC,LTEMP,2005,65.09,60.26583,-147.08445,Blue Mussel,Mytilus trossulus,mussel,Bivalvia,Mussels,Background biomonitoring / Post-oil spill assessment,ZAB-B-05-1-3,39,ng/g,dry,Calculated,Whole Body,0.487,,b,,AlphaAnalytics,,mussel,Prince William Sound Regional Citizens' Advisory Council Monitoring Program,Prince William Sound Regional Citizens' Advisory Council Monitoring Program
PWSRCAC,LTEMP,2005,16.23,60.26583,-147.08445,Blue Mussel,Mytilus trossulus,mussel,Bivalvia,Mussels,Background biomonitoring / Post-oil spill assessment,ZAB-B-05-2-1,39,ng/g,dry,Calculated,Whole Body,6.42,,b,,AlphaAnalytics,,mussel,Prince William Sound Regional Citizens' Advisory Council Monitoring Program,Prince William Sound Regional Citizens' Advisory Council Monitoring Program
PWSRCAC,LTEMP,2005,23.68,60.26583,-147.08445,Blue Mussel,Mytilus trossulus,mussel,Bivalvia,Mussels,Background biomonitoring / Post-oil spill assessment,ZAB-B-05-2-2,39,ng/g,dry,Calculated,Whole Body,5.63,,b,,AlphaAnalytics,,mussel,Prince William Sound Regional Citizens' Advisory Council Monitoring Program,Prince William Sound Regional Citizens' Advisory Council Monitoring Program
PWSRCAC,LTEMP,2005,10.87,60.26583,-147.08445,Blue Mussel,Mytilus trossulus,mussel,Bivalvia,Mussels,Background biomonitoring / Post-oil spill assessment,ZAB-B-05-2-3,39,ng/g,dry,Calculated,Whole Body,5.85,,b,,AlphaAnalytics,,mussel,Prince William Sound Regional Citizens' Advisory Council Monitoring Program,Prince William Sound Regional Citizens' Advisory Council Monitoring Program
PWSRCAC,LTEMP,2006,13.06,60.26583,-147.08445,Blue Mussel,Mytilus trossulus,mussel,Bivalvia,Mussels,Background biomonitoring / Post-oil spill assessment,ZAB-B-06-1-1,39,ng/g,dry,Calculated,Whole Body,4.9,,b,,AlphaAnalytics,,mussel,Prince William Sound Regional Citizens' Advisory Council Monitoring Program,Prince William Sound Regional Citizens' Advisory Council Monitoring Program
PWSRCAC,LTEMP,2006,10.91,60.26583,-147.08445,Blue Mussel,Mytilus trossulus,mussel,Bivalvia,Mussels,Background biomonitoring / Post-oil spill assessment,ZAB-B-06-1-2,39,ng/g,dry,Calculated,Whole Body,5.24,,b,,AlphaAnalytics,,mussel,Prince William Sound Regional Citizens' Advisory Council Monitoring Program,Prince William Sound Regional Citizens' Advisory Council Monitoring Program
PWSRCAC,LTEMP,2006,12.66,60.26583,-147.08445,Blue Mussel,Mytilus trossulus,mussel,Bivalvia,Mussels,Background biomonitoring / Post-oil spill assessment,ZAB-B-06-1-3,39,ng/g,dry,Calculated,Whole Body,5.18,,b,,AlphaAnalytics,,mussel,Prince William Sound Regional Citizens' Advisory Council Monitoring Program,Prince William Sound Regional Citizens' Advisory Council Monitoring Program
PWSRCAC,LTEMP,2006,22.91868046,60.26583,-147.08445,Blue Mussel,Mytilus trossulus,mussel,Bivalvia,Mussels,Background biomonitoring / Post-oil spill assessment,ZAB-B-06-2-1,38,ng/g,dry,Calculated,Whole Body,4.8,,,,AlphaAnalytics,,mussel,Prince William Sound Regional Citizens' Advisory Council Monitoring Program,Prince William Sound Regional Citizens' Advisory Council Monitoring Program
PWSRCAC,LTEMP,2006,20.18310721,60.26583,-147.08445,Blue Mussel,Mytilus trossulus,mussel,Bivalvia,Mussels,Background biomonitoring / Post-oil spill assessment,ZAB-B-06-2-2,38,ng/g,dry,Calculated,Whole Body,4.701031,,,,AlphaAnalytics,,mussel,Prince William Sound Regional Citizens' Advisory Council Monitoring Program,Prince William Sound Regional Citizens' Advisory Council Monitoring Program
PWSRCAC,LTEMP,2006,17.83124014,60.26583,-147.08445,Blue Mussel,Mytilus trossulus,mussel,Bivalvia,Mussels,Background biomonitoring / Post-oil spill assessment,ZAB-B-06-2-3,38,ng/g,dry,Calculated,Whole Body,5.62963,,,,AlphaAnalytics,,mussel,Prince William Sound Regional Citizens' Advisory Council Monitoring Program,Prince William Sound Regional Citizens' Advisory Council Monitoring Program
PWSRCAC,LTEMP,2007,22.12940681,60.26583,-147.08445,Blue Mussel,Mytilus trossulus,mussel,Bivalvia,Mussels,Background biomonitoring / Post-oil spill assessment,ZAB-B-07-1-1,38,ng/g,dry,Calculated,Whole Body,5.493976,,,,AlphaAnalytics,,mussel,Prince William Sound Regional Citizens' Advisory Council Monitoring Program,Prince William Sound Regional Citizens' Advisory Council Monitoring Program
PWSRCAC,LTEMP,2007,24.92598213,60.26583,-147.08445,Blue Mussel,Mytilus trossulus,mussel,Bivalvia,Mussels,Background biomonitoring / Post-oil spill assessment,ZAB-B-07-1-2,38,ng/g,dry,Calculated,Whole Body,5.493976,,,,AlphaAnalytics,,mussel,Prince William Sound Regional Citizens' Advisory Council Monitoring Program,Prince William Sound Regional Citizens' Advisory Council Monitoring Program
PWSRCAC,LTEMP,2007,35.62653817,60.26583,-147.08445,Blue Mussel,Mytilus trossulus,mussel,Bivalvia,Mussels,Background biomonitoring / Post-oil spill assessment,ZAB-B-07-1-3,38,ng/g,dry,Calculated,Whole Body,5.560976,,,,AlphaAnalytics,,mussel,Prince William Sound Regional Citizens' Advisory Council Monitoring Program,Prince William Sound Regional Citizens' Advisory Council Monitoring Program
PWSRCAC,LTEMP,2007,10.7835304,60.26583,-147.08445,Blue Mussel,Mytilus trossulus,mussel,Bivalvia,Mussels,Background biomonitoring / Post-oil spill assessment,ZAB-B-07-2-1,38,ng/g,dry,Calculated,Whole Body,7.125,,,,AlphaAnalytics,,mussel,Prince William Sound Regional Citizens' Advisory Council Monitoring Program,Prince William Sound Regional Citizens' Advisory Council Monitoring Program
PWSRCAC,LTEMP,2007,14.5630524,60.26583,-147.08445,Blue Mussel,Mytilus trossulus,mussel,Bivalvia,Mussels,Background biomonitoring / Post-oil spill assessment,ZAB-B-07-2-2,38,ng/g,dry,Calculated,Whole Body,5.772152,,,,AlphaAnalytics,,mussel,Prince William Sound Regional Citizens' Advisory Council Monitoring Program,Prince William Sound Regional Citizens' Advisory Council Monitoring Program
PWSRCAC,LTEMP,2007,180.8026408,60.26583,-147.08445,Blue Mussel,Mytilus trossulus,mussel,Bivalvia,Mussels,Background biomonitoring / Post-oil spill assessment,ZAB-B-07-2-3,38,ng/g,dry,Calculated,Whole Body,5.493976,,,,AlphaAnalytics,,mussel,Prince William Sound Regional Citizens' Advisory Council Monitoring Program,Prince William Sound Regional Citizens' Advisory Council Monitoring Program
PWSRCAC,LTEMP,2008,6.5186283,60.26583,-147.08445,Blue Mussel,Mytilus trossulus,mussel,Bivalvia,Mussels,Background biomonitoring / Post-oil spill assessment,ZAB-B-08-2-1,38,ng/g,dry,Calculated,Whole Body,1.963804,,a,,AlphaAnalytics,,mussel,Prince William Sound Regional Citizens' Advisory Council Monitoring Program,Prince William Sound Regional Citizens' Advisory Council Monitoring Program
PWSRCAC,LTEMP,2008,3.5989044,60.26583,-147.08445,Blue Mussel,Mytilus trossulus,mussel,Bivalvia,Mussels,Background biomonitoring / Post-oil spill assessment,ZAB-B-08-2-2,38,ng/g,dry,Calculated,Whole Body,1.963804,,a,,AlphaAnalytics,,mussel,Prince William Sound Regional Citizens' Advisory Council Monitoring Program,Prince William Sound Regional Citizens' Advisory Council Monitoring Program
PWSRCAC,LTEMP,2008,3.5994032,60.26583,-147.08445,Blue Mussel,Mytilus trossulus,mussel,Bivalvia,Mussels,Background biomonitoring / Post-oil spill assessment,ZAB-B-08-2-3,38,ng/g,dry,Calculated,Whole Body,1.969414,,a,,AlphaAnalytics,,mussel,Prince William Sound Regional Citizens' Advisory Council Monitoring Program,Prince William Sound Regional Citizens' Advisory Council Monitoring Program
PWSRCAC,LTEMP,2009,11.7508702,60.26583,-147.08445,Blue Mussel,Mytilus trossulus,mussel,Bivalvia,Mussels,Background biomonitoring / Post-oil spill assessment,ZAB-B-09-1-1,38,ng/g,dry,Calculated,Whole Body,1.606748,,a,,AlphaAnalytics,,mussel,Prince William Sound Regional Citizens' Advisory Council Monitoring Program,Prince William Sound Regional Citizens' Advisory Council Monitoring Program
PWSRCAC,LTEMP,2009,10.29251673,60.26583,-147.08445,Blue Mussel,Mytilus trossulus,mussel,Bivalvia,Mussels,Background biomonitoring / Post-oil spill assessment,ZAB-B-09-1-2,38,ng/g,dry,Calculated,Whole Body,1.599292,,a,,AlphaAnalytics,,mussel,Prince William Sound Regional Citizens' Advisory Council Monitoring Program,Prince William Sound Regional Citizens' Advisory Council Monitoring Program
PWSRCAC,LTEMP,2009,10.3353304,60.26583,-147.08445,Blue Mussel,Mytilus trossulus,mussel,Bivalvia,Mussels,Background biomonitoring / Post-oil spill assessment,ZAB-B-09-1-3,38,ng/g,dry,Calculated,Whole Body,1.614274,,a,,AlphaAnalytics,,mussel,Prince William Sound Regional Citizens' Advisory Council Monitoring Program,Prince William Sound Regional Citizens' Advisory Council Monitoring Program
PWSRCAC,LTEMP,2013,33.2929558,60.26583,-147.08445,Blue Mussel,Mytilus trossulus,mussel,Bivalvia,Mussels,Background biomonitoring / Post-oil spill assessment,ZAB-B-13-2-1,38,ng/g,dry,Calculated,Whole Body,2.542883,,a,,AlphaAnalytics,,mussel,Prince William Sound Regional Citizens' Advisory Council Monitoring Program,Prince William Sound Regional Citizens' Advisory Council Monitoring Program
PWSRCAC,LTEMP,2013,29.1120046,60.26583,-147.08445,Blue Mussel,Mytilus trossulus,mussel,Bivalvia,Mussels,Background biomonitoring / Post-oil spill assessment,ZAB-B-13-2-2,38,ng/g,dry,Calculated,Whole Body,2.026828,,a,,AlphaAnalytics,,mussel,Prince William Sound Regional Citizens' Advisory Council Monitoring Program,Prince William Sound Regional Citizens' Advisory Council Monitoring Program
PWSRCAC,LTEMP,2013,27.1486771,60.26583,-147.08445,Blue Mussel,Mytilus trossulus,mussel,Bivalvia,Mussels,Background biomonitoring / Post-oil spill assessment,ZAB-B-13-2-3,38,ng/g,dry,Calculated,Whole Body,2.28944,,a,,AlphaAnalytics,,mussel,Prince William Sound Regional Citizens' Advisory Council Monitoring Program,Prince William Sound Regional Citizens' Advisory Council Monitoring Program
PWSRCAC,LTEMP,2018,21.4533333,60.26583,-147.08445,Blue Mussel,Mytilus trossulus,mussel,Bivalvia,Mussels,Background biomonitoring / Post-oil spill assessment,ZAB-B-18-2-1,41,ng/g,dry,Calculated,Whole Body,5.273333,12.2,JB,85,AlphaAnalytics,,mussel,Prince William Sound Regional Citizens' Advisory Council Monitoring Program,Prince William Sound Regional Citizens' Advisory Council Monitoring Program
PWSRCAC,LTEMP,2018,20.0799997,60.26583,-147.08445,Blue Mussel,Mytilus trossulus,mussel,Bivalvia,Mussels,Background biomonitoring / Post-oil spill assessment,ZAB-B-18-2-1-DUP,41,ng/g,dry,Calculated,Whole Body,5.493333,12.73333,JB,85,AlphaAnalytics,,mussel,Prince William Sound Regional Citizens' Advisory Council Monitoring Program,Prince William Sound Regional Citizens' Advisory Council Monitoring Program
PWSRCAC,LTEMP,2018,21.9375,60.26583,-147.08445,Blue Mussel,Mytilus trossulus,mussel,Bivalvia,Mussels,Background biomonitoring / Post-oil spill assessment,ZAB-B-18-2-2,41,ng/g,dry,Calculated,Whole Body,5.0625,11.75,JB,84,AlphaAnalytics,,mussel,Prince William Sound Regional Citizens' Advisory Council Monitoring Program,Prince William Sound Regional Citizens' Advisory Council Monitoring Program
PWSRCAC,LTEMP,2018,21.325,60.26583,-147.08445,Blue Mussel,Mytilus trossulus,mussel,Bivalvia,Mussels,Background biomonitoring / Post-oil spill assessment,ZAB-B-18-2-3,41,ng/g,dry,Calculated,Whole Body,4.8625,11.25,JB,84,AlphaAnalytics,,mussel,Prince William Sound Regional Citizens' Advisory Council Monitoring Program,Prince William Sound Regional Citizens' Advisory Council Monitoring Program
PWSRCAC,LTEMP,2023,66.761,60.26583,-147.08445,Blue Mussel,Mytilus trossulus,mussel,Bivalvia,Mussels,Background biomonitoring / Post-oil spill assessment,ZAB-B-23-1,41,ng/g,wet,Calculated,Whole Body,0.847,1.96,JB,0,AlphaAnalytics,,mussel,Prince William Sound Regional Citizens' Advisory Council Monitoring Program,Prince William Sound Regional Citizens' Advisory Council Monitoring Program
PWSRCAC,LTEMP,2023,66.713,60.26583,-147.08445,Blue Mussel,Mytilus trossulus,mussel,Bivalvia,Mussels,Background biomonitoring / Post-oil spill assessment,ZAB-B-23-2,41,ng/g,wet,Calculated,Whole Body,0.862,2,JB,0,AlphaAnalytics,,mussel,Prince William Sound Regional Citizens' Advisory Council Monitoring Program,Prince William Sound Regional Citizens' Advisory Council Monitoring Program
PWSRCAC,LTEMP,2023,76.501,60.26583,-147.08445,Blue Mussel,Mytilus trossulus,mussel,Bivalvia,Mussels,Background biomonitoring / Post-oil spill assessment,ZAB-B-23-3,41,ng/g,wet,Calculated,Whole Body,0.852,1.98,JB,0,AlphaAnalytics,,mussel,Prince William Sound Regional Citizens' Advisory Council Monitoring Program,Prince William Sound Regional Citizens' Advisory Council Monitoring Program
Diver,NOAA Pribilofs Special Study 2000,2000,867.678,57.1262,-170.278,Blue Mussel,Mytilus edulis,mussel,Bivalvia,Mussels,Background biomonitoring,1096-06-SS2000SNPLS1M,,ng/g,wet,Provided,Whole Body,1,1,CALC_018,,,,mussel,NOAA Pribilofs Special Study,NOAA Regional Studies
Diver,NOAA Pribilofs Special Study 2000,2000,1614.813,57.124,-170.2797,Blue Mussel,Mytilus edulis,mussel,Bivalvia,Mussels,Background biomonitoring,1096-06-SS2000SNPSC1M,,ng/g,wet,Provided,Whole Body,1,1,CALC_018,,,,mussel,NOAA Pribilofs Special Study,NOAA Regional Studies
Diver,NOAA Pribilofs Special Study 2000,2000,577.43,57.1299,-170.2778,Blue Mussel,Mytilus edulis,mussel,Bivalvia,Mussels,Background biomonitoring,1096-06-SS2000SNPUS1M,,ng/g,wet,Provided,Whole Body,1,1,CALC_018,,,,mussel,NOAA Pribilofs Special Study,NOAA Regional Studies
Diver,NOAA Pribilofs Special Study 2000,2000,18.08,57.1547,-170.3563,Blue Mussel,Mytilus edulis,mussel,Bivalvia,Mussels,Background biomonitoring,1096-06-SS2000SNPZB1M,,ng/g,wet,Provided,Whole Body,1,1,CALC_018,,,,mussel,NOAA Pribilofs Special Study,NOAA Regional Studies
Diver,Mussel Watch:Alaska 2001,2001,6.341,55.29383333,-131.548,Blue Mussel,Mytilus edulis,mussel,Bivalvia,Mussels,Background biomonitoring,MWAK-16-2001KTMP1ME_1MS,,ng/g,wet,Provided,Other,1,1,CALC_018,,,,mussel,NOAA Mussel Watch,NOAA Mussel Watch
Diver,Mussel Watch:Alaska 2001,2001,5.86028572,60.96083333,-147.646,Blue Mussel,Mytilus edulis,mussel,Bivalvia,Mussels,Background biomonitoring,MWAK-16-2001UISB1ME_1MS,,ng/g,wet,Provided,Other,1,1,CALC_018,,,,mussel,NOAA Mussel Watch,NOAA Mussel Watch
Diver,Mussel Watch:Alaska 2001,2001,6.52457142,61.13283333,-146.461,Blue Mussel,Mytilus edulis,mussel,Bivalvia,Mussels,Background biomonitoring,MWAK-16-2001PVMC1ME_1MS,,ng/g,wet,Provided,Other,1,1,CALC_018,,,,mussel,NOAA Mussel Watch,NOAA Mussel Watch
Diver,Mussel Watch:Alaska 2001,2001,10.37142856,59.6145,-151.4441667,Blue Mussel,Mytilus edulis,mussel,Bivalvia,Mussels,Background biomonitoring,MWAK-16-2001CIHS1ME_1MS,,ng/g,wet,Provided,Other,1,1,CALC_018,,,,mussel,NOAA Mussel Watch,NOAA Mussel Watch
Diver,Mussel Watch:Alaska 2001,2001,9.88100572,59.45333333,-135.3365,Blue Mussel,Mytilus edulis,mussel,Bivalvia,Mussels,Background biomonitoring,MWAK-16-2001NBES1ME_1MS,,ng/g,wet,Provided,Other,1,1,CALC_018,,,,mussel,NOAA Mussel Watch,NOAA Mussel Watch
Diver,NOAA Metlakatla Annette Islands Biota 2002,2002,10.09,55.12783,-131.59522,Butter Clam,Saxidomus gigantea,clam,Bivalvia,Clams,Background biomonitoring,1096-01-512007,,ng/g,wet,Provided,Other,1,1,CALC_017,,,,clam,NOAA Metlakatla Annette Islands Biota Study,NOAA Regional Studies
Diver,NOAA Metlakatla Annette Islands Biota 2002,2002,9.2,55.12783,-131.59522,Butter Clam,Saxidomus gigantea,clam,Bivalvia,Clams,Background biomonitoring,1096-01-512012,,ng/g,wet,Provided,Other,1,1,CALC_017,,,,clam,NOAA Metlakatla Annette Islands Biota Study,NOAA Regional Studies
Diver,NOAA Metlakatla Annette Islands Biota 2002,2002,5.11,55.12739,-131.59686,Butter Clam,Saxidomus gigantea,clam,Bivalvia,Clams,Background biomonitoring,1096-01-512008,,ng/g,wet,Provided,Other,1,1,CALC_017,,,,clam,NOAA Metlakatla Annette Islands Biota Study,NOAA Regional Studies
Diver,NOAA Metlakatla Annette Islands Biota 2002,2002,8.84,55.12825,-131.59553,Butter Clam,Saxidomus gigantea,clam,Bivalvia,Clams,Background biomonitoring,1096-01-512009,,ng/g,wet,Provided,Other,1,1,CALC_017,,,,clam,NOAA Metlakatla Annette Islands Biota Study,NOAA Regional Studies
Diver,NOAA Metlakatla Annette Islands Biota 2002,2002,8.55,55.12803,-131.59792,Butter Clam,Saxidomus gigantea,clam,Bivalvia,Clams,Background biomonitoring,1096-01-512010,,ng/g,wet,Provided,Other,1,1,CALC_017,,,,clam,NOAA Metlakatla Annette Islands Biota Study,NOAA Regional Studies
Diver,NOAA Metlakatla Annette Islands Biota 2002,2002,4.93,55.12668,-131.59808,Butter Clam,Saxidomus gigantea,clam,Bivalvia,Clams,Background biomonitoring,1096-01-512011,,ng/g,wet,Provided,Other,1,1,CALC_017,,,,clam,NOAA Metlakatla Annette Islands Biota Study,NOAA Regional Studies
Diver,NOAA Metlakatla Annette Islands Biota 2002,2002,2.04,55.1262,-131.5933,Cockle,Clinocardium nuttallii,cockle,Bivalvia,Clams,Background biomonitoring,1096-01-509015,,ng/g,wet,Provided,Other,1,1,CALC_017,,,,cockle,NOAA Metlakatla Annette Islands Biota Study,NOAA Regional Studies
Diver,NOAA Metlakatla Annette Islands Biota 2002,2002,4.11,55.1261,-131.5959,Cockle,Clinocardium nuttallii,cockle,Bivalvia,Clams,Background biomonitoring,1096-01-509016,,ng/g,wet,Provided,Other,1,1,CALC_017,,,,cockle,NOAA Metlakatla Annette Islands Biota Study,NOAA Regional Studies
Diver,NOAA Metlakatla Annette Islands Biota 2002,2002,0.56,55.12656,-131.59756,Octopus,Octopoda,cephalapods,Mollusca (Cephalopoda),Octopus,Background biomonitoring,1096-01-784013,,ng/g,wet,Provided,Whole Body,1,1,UCALC_017,,,,cephalapods,NOAA Metlakatla Annette Islands Biota Study,NOAA Regional Studies
Diver,NOAA Metlakatla Annette Islands Biota 2002,2002,32.69,55.12442,-131.59807,Octopus,Octopoda,cephalapods,Mollusca (Cephalopoda),Octopus,Background biomonitoring,1096-01-784014,,ng/g,wet,Provided,Whole Body,1,1,CALC_017,,,,cephalapods,NOAA Metlakatla Annette Islands Biota Study,NOAA Regional Studies
Diver,NOAA Metlakatla Annette Islands Biota 2002,2002,35.25,55.12555,-131.59807,Octopus,Octopoda,cephalapods,Mollusca (Cephalopoda),Octopus,Background biomonitoring,1096-01-784015,,ng/g,wet,Provided,Whole Body,1,1,CALC_017,,,,cephalapods,NOAA Metlakatla Annette Islands Biota Study,NOAA Regional Studies
Diver,NOAA Metlakatla Annette Islands Biota 2002,2002,0.56,55.12803,-131.59792,Chiton,Katharina tunicata,chiton,Gastropoda,Snails,Background biomonitoring,"1096-01-783005, 514013",,ng/g,wet,Provided,Other,1,1,UCALC_017,,,,molluscs,NOAA Metlakatla Annette Islands Biota Study,NOAA Regional Studies
Diver,NOAA Metlakatla Annette Islands Biota 2002,2002,0.56,55.1275,-131.5985,Chiton,Katharina tunicata,chiton,Gastropoda,Snails,Background biomonitoring,1096-01-783006/514014,,ng/g,wet,Provided,Other,1,1,UCALC_017,,,,molluscs,NOAA Metlakatla Annette Islands Biota Study,NOAA Regional Studies
Diver,NOAA Metlakatla Annette Islands Biota 2002,2002,0.56,55.12656,-131.5976,Chiton,Katharina tunicata,chiton,Gastropoda,Snails,Background biomonitoring,1096-01-514015,,ng/g,wet,Provided,Other,1,1,UCALC_017,,,,molluscs,NOAA Metlakatla Annette Islands Biota Study,NOAA Regional Studies
Diver,NOAA Metlakatla Annette Islands Biota 2002,2002,0.56,55.12656,-131.5976,Chiton,Katharina tunicata,chiton,Gastropoda,Snails,Background biomonitoring,1096-01-783007,,ng/g,wet,Provided,Other,1,1,UCALC_017,,,,molluscs,NOAA Metlakatla Annette Islands Biota Study,NOAA Regional Studies
Diver,NOAA Metlakatla Annette Islands Biota 2002,2002,52.52,55.12735,-131.56768,Butter Clam,Saxidomus gigantea,clam,Bivalvia,Clams,Background biomonitoring,1096-01-511020,,ng/g,wet,Provided,Other,1,1,CALC_017,,,,clam,NOAA Metlakatla Annette Islands Biota Study,NOAA Regional Studies
Diver,NOAA Metlakatla Annette Islands Biota 2002,2002,59.01,55.12725,-131.56737,Butter Clam,Saxidomus gigantea,clam,Bivalvia,Clams,Background biomonitoring,1096-01-512001,,ng/g,wet,Provided,Other,1,1,CALC_017,,,,clam,NOAA Metlakatla Annette Islands Biota Study,NOAA Regional Studies
Diver,NOAA Metlakatla Annette Islands Biota 2002,2002,54.85,55.12736,-131.56533,Butter Clam,Saxidomus gigantea,clam,Bivalvia,Clams,Background biomonitoring,1096-01-512002,,ng/g,wet,Provided,Other,1,1,CALC_017,,,,clam,NOAA Metlakatla Annette Islands Biota Study,NOAA Regional Studies
Diver,NOAA Metlakatla Annette Islands Biota 2002,2002,54.11,55.12672,-131.56598,Butter Clam,Saxidomus gigantea,clam,Bivalvia,Clams,Background biomonitoring,1096-01-512003,,ng/g,wet,Provided,Other,1,1,CALC_017,,,,clam,NOAA Metlakatla Annette Islands Biota Study,NOAA Regional Studies
Diver,NOAA Metlakatla Annette Islands Biota 2002,2002,5.57,55.07361,-131.56875,Butter Clam,Saxidomus gigantea,clam,Bivalvia,Clams,Background biomonitoring,1096-01-511001,,ng/g,wet,Provided,Other,1,1,CALC_017,,,,clam,NOAA Metlakatla Annette Islands Biota Study,NOAA Regional Studies
Diver,NOAA Metlakatla Annette Islands Biota 2002,2002,6.35,55.07333,-131.56883,Butter Clam,Saxidomus gigantea,clam,Bivalvia,Clams,Background biomonitoring,1096-01-511002,,ng/g,wet,Provided,Other,1,1,CALC_017,,,,clam,NOAA Metlakatla Annette Islands Biota Study,NOAA Regional Studies
Diver,NOAA Metlakatla Annette Islands Biota 2002,2002,3,55.07506,-131.56669,Butter Clam,Saxidomus gigantea,clam,Bivalvia,Clams,Background biomonitoring,1096-01-511003,,ng/g,wet,Provided,Other,1,1,CALC_017,,,,clam,NOAA Metlakatla Annette Islands Biota Study,NOAA Regional Studies
Diver,NOAA Metlakatla Annette Islands Biota 2002,2002,4.56,55.07494,-131.56673,Butter Clam,Saxidomus gigantea,clam,Bivalvia,Clams,Background biomonitoring,1096-01-511004,,ng/g,wet,Provided,Other,1,1,CALC_017,,,,clam,NOAA Metlakatla Annette Islands Biota Study,NOAA Regional Studies
Diver,NOAA Metlakatla Annette Islands Biota 2002,2002,4.55,55.07483,-131.56758,Butter Clam,Saxidomus gigantea,clam,Bivalvia,Clams,Background biomonitoring,1096-01-511005,,ng/g,wet,Provided,Other,1,1,CALC_017,,,,clam,NOAA Metlakatla Annette Islands Biota Study,NOAA Regional Studies
Diver,NOAA Metlakatla Annette Islands Biota 2002,2002,6.14,55.07472,-131.56806,Butter Clam,Saxidomus gigantea,clam,Bivalvia,Clams,Background biomonitoring,1096-01-511006,,ng/g,wet,Provided,Other,1,1,CALC_017,,,,clam,NOAA Metlakatla Annette Islands Biota Study,NOAA Regional Studies
Diver,NOAA Metlakatla Annette Islands Biota 2002,2002,5.74,55.07475,-131.56689,Butter Clam,Saxidomus gigantea,clam,Bivalvia,Clams,Background biomonitoring,1096-01-511007,,ng/g,wet,Provided,Other,1,1,CALC_017,,,,clam,NOAA Metlakatla Annette Islands Biota Study,NOAA Regional Studies
Diver,NOAA Metlakatla Annette Islands Biota 2002,2002,3.77,55.07394,-131.56958,Butter Clam,Saxidomus gigantea,clam,Bivalvia,Clams,Background biomonitoring,1096-01-511008,,ng/g,wet,Provided,Other,1,1,CALC_017,,,,clam,NOAA Metlakatla Annette Islands Biota Study,NOAA Regional Studies
Diver,NOAA Metlakatla Annette Islands Biota 2002,2002,3.17,55.07394,-131.56967,Cockle,Clinocardium nuttallii,cockle,Bivalvia,Clams,Background biomonitoring,1096-01-509002,,ng/g,wet,Provided,Other,1,1,CALC_017,,,,cockle,NOAA Metlakatla Annette Islands Biota Study,NOAA Regional Studies
Diver,NOAA Metlakatla Annette Islands Biota 2002,2002,1.94,55.07367,-131.56911,Cockle,Clinocardium nuttallii,cockle,Bivalvia,Clams,Background biomonitoring,1096-01-509003,,ng/g,wet,Provided,Other,1,1,CALC_017,,,,cockle,NOAA Metlakatla Annette Islands Biota Study,NOAA Regional Studies
Diver,NOAA Metlakatla Annette Islands Biota 2002,2002,2.75,55.07367,-131.56911,Cockle,Clinocardium nuttallii,cockle,Bivalvia,Clams,Background biomonitoring,1096-01-509009,,ng/g,wet,Provided,Other,1,1,CALC_017,,,,cockle,NOAA Metlakatla Annette Islands Biota Study,NOAA Regional Studies
Diver,NOAA Metlakatla Annette Islands Biota 2002,2002,2.25,55.07372,-131.56872,Cockle,Clinocardium nuttallii,cockle,Bivalvia,Clams,Background biomonitoring,1096-01-509004,,ng/g,wet,Provided,Other,1,1,CALC_017,,,,cockle,NOAA Metlakatla Annette Islands Biota Study,NOAA Regional Studies
Diver,NOAA Metlakatla Annette Islands Biota 2002,2002,1.49,55.07453,-131.56717,Cockle,Clinocardium nuttallii,cockle,Bivalvia,Clams,Background biomonitoring,1096-01-509005,,ng/g,wet,Provided,Other,1,1,CALC_017,,,,cockle,NOAA Metlakatla Annette Islands Biota Study,NOAA Regional Studies
Diver,NOAA Metlakatla Annette Islands Biota 2002,2002,2.519,55.07439,-131.56644,Cockle,Clinocardium nuttallii,cockle,Bivalvia,Clams,Background biomonitoring,1096-01-509006,,ng/g,wet,Provided,Other,1,1,CALC_017,,,,cockle,NOAA Metlakatla Annette Islands Biota Study,NOAA Regional Studies
Diver,NOAA Metlakatla Annette Islands Biota 2002,2002,3.47,55.07336,-131.56797,Cockle,Clinocardium nuttallii,cockle,Bivalvia,Clams,Background biomonitoring,1096-01-509007,,ng/g,wet,Provided,Other,1,1,CALC_017,,,,cockle,NOAA Metlakatla Annette Islands Biota Study,NOAA Regional Studies
Diver,NOAA Metlakatla Annette Islands Biota 2002,2002,1.51,55.07489,-131.56639,Cockle,Clinocardium nuttallii,cockle,Bivalvia,Clams,Background biomonitoring,1096-01-509008,,ng/g,wet,Provided,Other,1,1,CALC_017,,,,cockle,NOAA Metlakatla Annette Islands Biota Study,NOAA Regional Studies
Diver,NOAA Metlakatla Annette Islands Biota 2002,2002,15.65,55.0688,-131.5465,Butter Clam,Saxidomus gigantea,clam,Bivalvia,Clams,Background biomonitoring,1096-01-516001,,ng/g,wet,Provided,Other,1,1,CALC_017,,,,clam,NOAA Metlakatla Annette Islands Biota Study,NOAA Regional Studies
Diver,NOAA Metlakatla Annette Islands Biota 2002,2002,18.06,55.06715,-131.54625,Butter Clam,Saxidomus gigantea,clam,Bivalvia,Clams,Background biomonitoring,1096-01-516002,,ng/g,wet,Provided,Other,1,1,CALC_017,,,,clam,NOAA Metlakatla Annette Islands Biota Study,NOAA Regional Studies
Diver,NOAA Metlakatla Annette Islands Biota 2002,2002,21.88,55.06598,-131.5453,Butter Clam,Saxidomus gigantea,clam,Bivalvia,Clams,Background biomonitoring,1096-01-516003,,ng/g,wet,Provided,Other,1,1,CALC_017,,,,clam,NOAA Metlakatla Annette Islands Biota Study,NOAA Regional Studies
Diver,NOAA Metlakatla Annette Islands Biota 2002,2002,43.36,55.06557,-131.54432,Butter Clam,Saxidomus gigantea,clam,Bivalvia,Clams,Background biomonitoring,1096-01-516004,,ng/g,wet,Provided,Other,1,1,CALC_017,,,,clam,NOAA Metlakatla Annette Islands Biota Study,NOAA Regional Studies
Diver,NOAA Metlakatla Annette Islands Biota 2002,2002,2.67,55.05632,-131.54025,Butter Clam,Saxidomus gigantea,clam,Bivalvia,Clams,Background biomonitoring,1096-01-516020,,ng/g,wet,Provided,Other,1,1,CALC_017,,,,clam,NOAA Metlakatla Annette Islands Biota Study,NOAA Regional Studies
Diver,NOAA Metlakatla Annette Islands Biota 2002,2002,18.4,55.06503,-131.54053,Butter Clam,Saxidomus gigantea,clam,Bivalvia,Clams,Background biomonitoring,1096-01-516005,,ng/g,wet,Provided,Other,1,1,CALC_017,,,,clam,NOAA Metlakatla Annette Islands Biota Study,NOAA Regional Studies
Diver,NOAA Metlakatla Annette Islands Biota 2002,2002,27.27,55.06462,-131.53917,Butter Clam,Saxidomus gigantea,clam,Bivalvia,Clams,Background biomonitoring,1096-01-516006,,ng/g,wet,Provided,Other,1,1,CALC_017,,,,clam,NOAA Metlakatla Annette Islands Biota Study,NOAA Regional Studies
Diver,NOAA Metlakatla Annette Islands Biota 2002,2002,8.65,55.06462,-131.53917,Butter Clam,Saxidomus gigantea,clam,Bivalvia,Clams,Background biomonitoring,1096-01-516009,,ng/g,wet,Provided,Other,1,1,CALC_017,,,,clam,NOAA Metlakatla Annette Islands Biota Study,NOAA Regional Studies
Diver,NOAA Metlakatla Annette Islands Biota 2002,2002,11.08,55.06407,-131.53798,Butter Clam,Saxidomus gigantea,clam,Bivalvia,Clams,Background biomonitoring,1096-01-516007,,ng/g,wet,Provided,Other,1,1,CALC_017,,,,clam,NOAA Metlakatla Annette Islands Biota Study,NOAA Regional Studies
Diver,NOAA Metlakatla Annette Islands Biota 2002,2002,12.97,55.06348,-131.53725,Butter Clam,Saxidomus gigantea,clam,Bivalvia,Clams,Background biomonitoring,1096-01-516008,,ng/g,wet,Provided,Other,1,1,CALC_017,,,,clam,NOAA Metlakatla Annette Islands Biota Study,NOAA Regional Studies
Diver,NOAA Metlakatla Annette Islands Biota 2002,2002,17.37,55.06557,-131.54432,Cockle,Clinocardium nuttallii,cockle,Bivalvia,Clams,Background biomonitoring,1096-01-509010,,ng/g,wet,Provided,Other,1,1,CALC_017,,,,cockle,NOAA Metlakatla Annette Islands Biota Study,NOAA Regional Studies
Diver,NOAA Metlakatla Annette Islands Biota 2002,2002,11.24,55.06535,-131.54267,Cockle,Clinocardium nuttallii,cockle,Bivalvia,Clams,Background biomonitoring,1096-01-509011,,ng/g,wet,Provided,Other,1,1,CALC_017,,,,cockle,NOAA Metlakatla Annette Islands Biota Study,NOAA Regional Studies
Diver,NOAA Metlakatla Annette Islands Biota 2002,2002,11.25,55.06535,-131.54267,Cockle,Clinocardium nuttallii,cockle,Bivalvia,Clams,Background biomonitoring,1096-01-509017,,ng/g,wet,Provided,Other,1,1,CALC_017,,,,cockle,NOAA Metlakatla Annette Islands Biota Study,NOAA Regional Studies
Diver,NOAA Metlakatla Annette Islands Biota 2002,2002,6.84,55.06503,-131.54053,Cockle,Clinocardium nuttallii,cockle,Bivalvia,Clams,Background biomonitoring,1096-01-509012,,ng/g,wet,Provided,Other,1,1,CALC_017,,,,cockle,NOAA Metlakatla Annette Islands Biota Study,NOAA Regional Studies
Diver,NOAA Metlakatla Annette Islands Biota 2002,2002,4.92,55.06462,-131.53917,Cockle,Clinocardium nuttallii,cockle,Bivalvia,Clams,Background biomonitoring,1096-01-509013,,ng/g,wet,Provided,Other,1,1,CALC_017,,,,cockle,NOAA Metlakatla Annette Islands Biota Study,NOAA Regional Studies
Diver,NOAA Metlakatla Annette Islands Biota 2002,2002,8.29,55.0649,-131.5419,Cockle,Clinocardium nuttallii,cockle,Bivalvia,Clams,Background biomonitoring,1096-01-509014,,ng/g,wet,Provided,Other,1,1,CALC_017,,,,cockle,NOAA Metlakatla Annette Islands Biota Study,NOAA Regional Studies
Diver,NOAA Metlakatla Annette Islands Biota 2002,2002,10.35,55.06522,-131.54253,Chiton,Katharina tunicata,chiton,Gastropoda,Snails,Background biomonitoring,1096-01-509018,,ng/g,wet,Provided,Other,1,1,CALC_017,,,,molluscs,NOAA Metlakatla Annette Islands Biota Study,NOAA Regional Studies
Diver,NOAA Metlakatla Annette Islands Biota 2002,2002,6.34,55.132,-131.554,Chinook Salmon,Oncorhynchus tshawytscha,salmon,Chordata (Actinopterygii),Fish,Background biomonitoring,1096-01-970009,,ng/g,wet,Provided,Muscle,1,1,CALC_017,,,,salmon,NOAA Metlakatla Annette Islands Biota Study,NOAA Regional Studies
Diver,NOAA Metlakatla Annette Islands Biota 2002,2002,4.92,55.132,-131.554,Chinook Salmon,Oncorhynchus tshawytscha,salmon,Chordata (Actinopterygii),Fish,Background biomonitoring,1096-01-970010,,ng/g,wet,Provided,Muscle,1,1,CALC_017,,,,salmon,NOAA Metlakatla Annette Islands Biota Study,NOAA Regional Studies
Diver,NOAA Metlakatla Annette Islands Biota 2002,2002,2.404,55.0777,-131.60343,Butter Clam,Saxidomus gigantea,clam,Bivalvia,Clams,Background biomonitoring,1096-01-511009,,ng/g,wet,Provided,Other,1,1,CALC_017,,,,clam,NOAA Metlakatla Annette Islands Biota Study,NOAA Regional Studies
Diver,NOAA Metlakatla Annette Islands Biota 2002,2002,1.52,55.07858,-131.603,Butter Clam,Saxidomus gigantea,clam,Bivalvia,Clams,Background biomonitoring,1096-01-511010,,ng/g,wet,Provided,Other,1,1,CALC_017,,,,clam,NOAA Metlakatla Annette Islands Biota Study,NOAA Regional Studies
Diver,NOAA Metlakatla Annette Islands Biota 2002,2002,4.35,55.082,-131.60468,Butter Clam,Saxidomus gigantea,clam,Bivalvia,Clams,Background biomonitoring,1096-01-511011,,ng/g,wet,Provided,Other,1,1,CALC_017,,,,clam,NOAA Metlakatla Annette Islands Biota Study,NOAA Regional Studies
Diver,NOAA Metlakatla Annette Islands Biota 2002,2002,1.81,55.08192,-131.60415,Butter Clam,Saxidomus gigantea,clam,Bivalvia,Clams,Background biomonitoring,1096-01-511012,,ng/g,wet,Provided,Other,1,1,CALC_017,,,,clam,NOAA Metlakatla Annette Islands Biota Study,NOAA Regional Studies
Diver,NOAA Metlakatla Annette Islands Biota 2002,2002,1.66,55.07752,-131.6072,Butter Clam,Saxidomus gigantea,clam,Bivalvia,Clams,Background biomonitoring,1096-01-511018,,ng/g,wet,Provided,Other,1,1,CALC_017,,,,clam,NOAA Metlakatla Annette Islands Biota Study,NOAA Regional Studies
Diver,NOAA Metlakatla Annette Islands Biota 2002,2002,1.57,55.07835,-131.60492,Butter Clam,Saxidomus gigantea,clam,Bivalvia,Clams,Background biomonitoring,1096-01-511017,,ng/g,wet,Provided,Other,1,1,CALC_017,,,,clam,NOAA Metlakatla Annette Islands Biota Study,NOAA Regional Studies
Diver,NOAA Metlakatla Annette Islands Biota 2002,2002,2.25,55.07835,-131.60492,Butter Clam,Saxidomus gigantea,clam,Bivalvia,Clams,Background biomonitoring,1096-01-511019,,ng/g,wet,Provided,Other,1,1,CALC_017,,,,clam,NOAA Metlakatla Annette Islands Biota Study,NOAA Regional Studies
Diver,NOAA Metlakatla Annette Islands Biota 2002,2002,3.367,55.08085,-131.60458,Butter Clam,Saxidomus gigantea,clam,Bivalvia,Clams,Background biomonitoring,1096-01-511016,,ng/g,wet,Provided,Other,1,1,CALC_017,,,,clam,NOAA Metlakatla Annette Islands Biota Study,NOAA Regional Studies
Diver,NOAA Metlakatla Annette Islands Biota 2002,2002,2.46,55.08038,-131.60465,Butter Clam,Saxidomus gigantea,clam,Bivalvia,Clams,Background biomonitoring,1096-01-511015,,ng/g,wet,Provided,Other,1,1,CALC_017,,,,clam,NOAA Metlakatla Annette Islands Biota Study,NOAA Regional Studies
Diver,NOAA Metlakatla Annette Islands Biota 2002,2002,0.93,55.07667,-131.60217,Cockle,Clinocardium nuttallii,cockle,Bivalvia,Clams,Background biomonitoring,1096-01-509019,,ng/g,wet,Provided,Other,1,1,CALC_017,,,,cockle,NOAA Metlakatla Annette Islands Biota Study,NOAA Regional Studies
Diver,NOAA Metlakatla Annette Islands Biota 2002,2002,1.24,55.07662,-131.60295,Cockle,Clinocardium nuttallii,cockle,Bivalvia,Clams,Background biomonitoring,1096-01-509020,,ng/g,wet,Provided,Other,1,1,CALC_017,,,,cockle,NOAA Metlakatla Annette Islands Biota Study,NOAA Regional Studies
Diver,NOAA Metlakatla Annette Islands Biota 2002,2002,0.56,55.08152,-131.6058,Chiton,Katharina tunicata,chiton,Gastropoda,Snails,Background biomonitoring,1096-01-783001/514009,,ng/g,wet,Provided,Other,1,1,UCALC_017,,,,molluscs,NOAA Metlakatla Annette Islands Biota Study,NOAA Regional Studies
Diver,NOAA Metlakatla Annette Islands Biota 2002,2002,0.56,55.078,-131.607,Chiton,Katharina tunicata,chiton,Gastropoda,Snails,Background biomonitoring,1096-01-783002/514010,,ng/g,wet,Provided,Other,1,1,UCALC_017,,,,molluscs,NOAA Metlakatla Annette Islands Biota Study,NOAA Regional Studies
Diver,NOAA Metlakatla Annette Islands Biota 2002,2002,61.15,55.12714,-131.56328,Butter Clam,Saxidomus gigantea,clam,Bivalvia,Clams,Background biomonitoring,1096-01-512004,,ng/g,wet,Provided,Other,1,1,CALC_017,,,,clam,NOAA Metlakatla Annette Islands Biota Study,NOAA Regional Studies
Diver,NOAA Metlakatla Annette Islands Biota 2002,2002,88.72,55.12714,-131.56244,Butter Clam,Saxidomus gigantea,clam,Bivalvia,Clams,Background biomonitoring,1096-01-512005,,ng/g,wet,Provided,Other,1,1,CALC_017,,,,clam,NOAA Metlakatla Annette Islands Biota Study,NOAA Regional Studies
Diver,NOAA Metlakatla Annette Islands Biota 2002,2002,89.3,55.12714,-131.56244,Butter Clam,Saxidomus gigantea,clam,Bivalvia,Clams,Background biomonitoring,1096-01-512006,,ng/g,wet,Provided,Other,1,1,CALC_017,,,,clam,NOAA Metlakatla Annette Islands Biota Study,NOAA Regional Studies
Diver,NOAA Metlakatla Annette Islands Biota 2002,2002,2.32,55.1949,-131.39007,Butter Clam,Saxidomus gigantea,clam,Bivalvia,Clams,Background biomonitoring,1096-01-512013,,ng/g,wet,Provided,Other,1,1,CALC_017,,,,clam,NOAA Metlakatla Annette Islands Biota Study,NOAA Regional Studies
Diver,NOAA Metlakatla Annette Islands Biota 2002,2002,3.51,55.1965,-131.3874,Butter Clam,Saxidomus gigantea,clam,Bivalvia,Clams,Background biomonitoring,1096-01-512014,,ng/g,wet,Provided,Other,1,1,CALC_017,,,,clam,NOAA Metlakatla Annette Islands Biota Study,NOAA Regional Studies
Diver,NOAA Metlakatla Annette Islands Biota 2002,2002,5.36,55.19518,-131.38957,Butter Clam,Saxidomus gigantea,clam,Bivalvia,Clams,Background biomonitoring,1096-01-512015,,ng/g,wet,Provided,Other,1,1,CALC_017,,,,clam,NOAA Metlakatla Annette Islands Biota Study,NOAA Regional Studies
Diver,NOAA Metlakatla Annette Islands Biota 2002,2002,0.91,55.19548,-131.38972,Cockle,Clinocardium nuttallii,cockle,Bivalvia,Clams,Background biomonitoring,1096-01-512016,,ng/g,wet,Provided,Other,1,1,CALC_017,,,,cockle,NOAA Metlakatla Annette Islands Biota Study,NOAA Regional Studies
Diver,NOAA Metlakatla Annette Islands Biota 2002,2002,1.43,55.19567,-131.3882,Cockle,Clinocardium nuttallii,cockle,Bivalvia,Clams,Background biomonitoring,1096-01-509001,,ng/g,wet,Provided,Other,1,1,CALC_017,,,,cockle,NOAA Metlakatla Annette Islands Biota Study,NOAA Regional Studies
Diver,NOAA Metlakatla Annette Islands Biota 2002,2002,5.75,55.10508,-131.36155,Dungeness Crab,Cancer magister,crab,Decapoda,Crabs/ Shrimp,Background biomonitoring,1096-01-970005,,ng/g,wet,Provided,Muscle,1,1,CALC_017,,,,crab,NOAA Metlakatla Annette Islands Biota Study,NOAA Regional Studies
Diver,NOAA Metlakatla Annette Islands Biota 2002,2002,3200,55.10508,-131.36155,Dungeness Crab,Cancer magister,crab,Decapoda,Crabs/ Shrimp,Background biomonitoring,1096-01-970006,,ng/g,wet,Provided,Other,1,1,UCALC_017,,,,crab,NOAA Metlakatla Annette Islands Biota Study,NOAA Regional Studies
Diver,NOAA Metlakatla Annette Islands Biota 2002,2002,2.42,55.10535,-131.36417,Dungeness Crab,Cancer magister,crab,Decapoda,Crabs/ Shrimp,Background biomonitoring,1096-01-970007,,ng/g,wet,Provided,Muscle,1,1,CALC_017,,,,crab,NOAA Metlakatla Annette Islands Biota Study,NOAA Regional Studies
Diver,NOAA Metlakatla Annette Islands Biota 2002,2002,5900,55.10535,-131.36417,Dungeness Crab,Cancer magister,crab,Decapoda,Crabs/ Shrimp,Background biomonitoring,1096-01-970008,,ng/g,wet,Provided,Other,1,1,UCALC_017,,,,crab,NOAA Metlakatla Annette Islands Biota Study,NOAA Regional Studies
Diver,NOAA Metlakatla Annette Islands Biota 2002,2002,0.56,55.19567,-131.3882,Chiton,Katharina tunicata,chiton,Gastropoda,Snails,Background biomonitoring,1096-01-783004,,ng/g,wet,Provided,Other,1,1,UCALC_017,,,,molluscs,NOAA Metlakatla Annette Islands Biota Study,NOAA Regional Studies
Diver,NOAA Metlakatla Annette Islands Biota 2002,2002,0.56,55.0231,-131.5519,Octopus,Octopoda,cephalapods,Mollusca (Cephalopoda),Octopus,Background biomonitoring,1096-01-784011,,ng/g,wet,Provided,Whole Body,1,1,UCALC_017,,,,cephalapods,NOAA Metlakatla Annette Islands Biota Study,NOAA Regional Studies
Diver,NOAA Metlakatla Annette Islands Biota 2002,2002,0.56,55.966,-131.6052,Octopus,Octopoda,cephalapods,Mollusca (Cephalopoda),Octopus,Background biomonitoring,1096-01-784012,,ng/g,wet,Provided,Whole Body,1,1,UCALC_017,,,,cephalapods,NOAA Metlakatla Annette Islands Biota Study,NOAA Regional Studies
Diver,NOAA Metlakatla Annette Islands Biota 2002,2002,0.56,55.9955,-131.6067,Chiton,Katharina tunicata,chiton,Gastropoda,Snails,Background biomonitoring,1096-01-783003,,ng/g,wet,Provided,Other,1,1,UCALC_017,,,,molluscs,NOAA Metlakatla Annette Islands Biota Study,NOAA Regional Studies
Diver,NOAA Metlakatla Annette Islands Biota 2002,2002,2.33,55.09253,-131.58953,Butter Clam,Saxidomus gigantea,clam,Bivalvia,Clams,Background biomonitoring,1096-01-511014,,ng/g,wet,Provided,Other,1,1,CALC_017,,,,clam,NOAA Metlakatla Annette Islands Biota Study,NOAA Regional Studies
Diver,NOAA Metlakatla Annette Islands Biota 2002,2002,3.555,55.09222,-131.58947,Butter Clam,Saxidomus gigantea,clam,Bivalvia,Clams,Background biomonitoring,1096-01-511013,,ng/g,wet,Provided,Other,1,1,CALC_017,,,,clam,NOAA Metlakatla Annette Islands Biota Study,NOAA Regional Studies
Diver,NOAA Metlakatla Annette Islands Biota 2002,2002,0.85,55.07675,-131.60175,Cockle,Clinocardium nuttallii,cockle,Bivalvia,Clams,Background biomonitoring,1096-01-514001,,ng/g,wet,Provided,Other,1,1,CALC_017,,,,cockle,NOAA Metlakatla Annette Islands Biota Study,NOAA Regional Studies
Diver,NOAA Metlakatla Annette Islands Biota 2002,2002,0.56,55.07719,-131.59992,Cockle,Clinocardium nuttallii,cockle,Bivalvia,Clams,Background biomonitoring,1096-01-514002,,ng/g,wet,Provided,Other,1,1,UCALC_017,,,,cockle,NOAA Metlakatla Annette Islands Biota Study,NOAA Regional Studies
Diver,NOAA Metlakatla Annette Islands Biota 2002,2002,0.8,55.07642,-131.60036,Cockle,Clinocardium nuttallii,cockle,Bivalvia,Clams,Background biomonitoring,1096-01-514003,,ng/g,wet,Provided,Other,1,1,CALC_017,,,,cockle,NOAA Metlakatla Annette Islands Biota Study,NOAA Regional Studies
Diver,NOAA Metlakatla Annette Islands Biota 2002,2002,0.81,55.07594,-131.6,Cockle,Clinocardium nuttallii,cockle,Bivalvia,Clams,Background biomonitoring,1096-01-514004,,ng/g,wet,Provided,Other,1,1,CALC_017,,,,cockle,NOAA Metlakatla Annette Islands Biota Study,NOAA Regional Studies
Diver,NOAA Metlakatla Annette Islands Biota 2002,2002,0.87,55.07522,-131.60214,Cockle,Clinocardium nuttallii,cockle,Bivalvia,Clams,Background biomonitoring,1096-01-514005,,ng/g,wet,Provided,Other,1,1,CALC_017,,,,cockle,NOAA Metlakatla Annette Islands Biota Study,NOAA Regional Studies
Diver,NOAA Metlakatla Annette Islands Biota 2002,2002,0.75,55.07575,-131.60125,Cockle,Clinocardium nuttallii,cockle,Bivalvia,Clams,Background biomonitoring,1096-01-514006,,ng/g,wet,Provided,Other,1,1,CALC_017,,,,cockle,NOAA Metlakatla Annette Islands Biota Study,NOAA Regional Studies
Diver,NOAA Metlakatla Annette Islands Biota 2002,2002,1.56,55.09222,-131.58947,Cockle,Clinocardium nuttallii,cockle,Bivalvia,Clams,Background biomonitoring,1096-01-514007,,ng/g,wet,Provided,Other,1,1,CALC_017,,,,cockle,NOAA Metlakatla Annette Islands Biota Study,NOAA Regional Studies
Diver,NOAA Metlakatla Annette Islands Biota 2002,2002,0.88,55.09122,-131.58917,Cockle,Clinocardium nuttallii,cockle,Bivalvia,Clams,Background biomonitoring,1096-01-514008,,ng/g,wet,Provided,Other,1,1,CALC_017,,,,cockle,NOAA Metlakatla Annette Islands Biota Study,NOAA Regional Studies
Diver,NOAA Metlakatla Annette Islands Biota 2002,2002,1.38,55.1,-131.35,Dungeness Crab,Cancer magister,crab,Decapoda,Crabs/ Shrimp,Background biomonitoring,1096-01-970003,,ng/g,wet,Provided,Muscle,1,1,CALC_017,,,,crab,NOAA Metlakatla Annette Islands Biota Study,NOAA Regional Studies
Diver,NOAA Metlakatla Annette Islands Biota 2002,2002,2700,55.1,-131.35,Dungeness Crab,Cancer magister,crab,Decapoda,Crabs/ Shrimp,Background biomonitoring,1096-01-970004,,ng/g,wet,Provided,Other,1,1,UCALC_017,,,,crab,NOAA Metlakatla Annette Islands Biota Study,NOAA Regional Studies
Diver,NOAA Metlakatla Annette Islands Biota 2002,2002,2.38,55.0734,-131.5685,Dungeness Crab,Cancer magister,crab,Decapoda,Crabs/ Shrimp,Background biomonitoring,1096-01-970001,,ng/g,wet,Provided,Muscle,1,1,CALC_017,,,,crab,NOAA Metlakatla Annette Islands Biota Study,NOAA Regional Studies
Diver,NOAA Metlakatla Annette Islands Biota 2002,2002,5400,55.0734,-131.5685,Dungeness Crab,Cancer magister,crab,Decapoda,Crabs/ Shrimp,Background biomonitoring,1096-01-970002,,ng/g,wet,Provided,Other,1,1,UCALC_017,,,,crab,NOAA Metlakatla Annette Islands Biota Study,NOAA Regional Studies
Diver,NOAA Metlakatla Annette Islands Biota 2002,2002,11.47,55.057,-131.511,Chinook Salmon,Oncorhynchus tshawytscha,salmon,Chordata (Actinopterygii),Fish,Background biomonitoring,1096-01-970021,,ng/g,wet,Provided,Muscle,1,1,CALC_017,,,,salmon,NOAA Metlakatla Annette Islands Biota Study,NOAA Regional Studies
Diver,NOAA Metlakatla Annette Islands Biota 2002,2002,24.27,55.057,-131.511,Chinook Salmon,Oncorhynchus tshawytscha,salmon,Chordata (Actinopterygii),Fish,Background biomonitoring,1096-01-970022,,ng/g,wet,Provided,Muscle,1,1,CALC_017,,,,salmon,NOAA Metlakatla Annette Islands Biota Study,NOAA Regional Studies
Diver,NOAA Metlakatla Annette Islands Biota 2002,2002,30.29,55.057,-131.511,Chinook Salmon,Oncorhynchus tshawytscha,salmon,Chordata (Actinopterygii),Fish,Background biomonitoring,1096-01-970023,,ng/g,wet,Provided,Muscle,1,1,CALC_017,,,,salmon,NOAA Metlakatla Annette Islands Biota Study,NOAA Regional Studies
Diver,NOAA Metlakatla Annette Islands Biota 2002,2002,18.9,55.057,-131.511,Chinook Salmon,Oncorhynchus tshawytscha,salmon,Chordata (Actinopterygii),Fish,Background biomonitoring,1096-01-970024,,ng/g,wet,Provided,Muscle,1,1,CALC_017,,,,salmon,NOAA Metlakatla Annette Islands Biota Study,NOAA Regional Studies
Diver,NOAA Metlakatla Annette Islands Biota 2002,2002,11.35,55.057,-131.511,Chinook Salmon,Oncorhynchus tshawytscha,salmon,Chordata (Actinopterygii),Fish,Background biomonitoring,1096-01-970025,,ng/g,wet,Provided,Muscle,1,1,CALC_017,,,,salmon,NOAA Metlakatla Annette Islands Biota Study,NOAA Regional Studies
Diver,NOAA Metlakatla Annette Islands Biota 2002,2002,28.31,55.06525,-131.54133,Cockle,Clinocardium nuttallii,cockle,Bivalvia,Clams,Background biomonitoring,1096-01-787011,,ng/g,wet,Provided,Other,1,1,CALC_017,,,,cockle,NOAA Metlakatla Annette Islands Biota Study,NOAA Regional Studies
Diver,NOAA Metlakatla Annette Islands Biota 2002,2002,20.31,55.06575,-131.54158,Cockle,Clinocardium nuttallii,cockle,Bivalvia,Clams,Background biomonitoring,1096-01-787012,,ng/g,wet,Provided,Other,1,1,CALC_017,,,,cockle,NOAA Metlakatla Annette Islands Biota Study,NOAA Regional Studies
Diver,NOAA Metlakatla Annette Islands Biota 2002,2002,1.63,55.087,-131.614,Halibut,Hippoglossus stenolepis,flatfish,Chordata (Actinopterygii),Fish,Background biomonitoring,1096-01-787006,,ng/g,wet,Provided,Muscle,1,1,CALC_017,,,,flatfish,NOAA Metlakatla Annette Islands Biota Study,NOAA Regional Studies
Diver,NOAA Metlakatla Annette Islands Biota 2002,2002,4.92,55.087,-131.614,Halibut,Hippoglossus stenolepis,flatfish,Chordata (Actinopterygii),Fish,Background biomonitoring,1096-01-787007,,ng/g,wet,Provided,Muscle,1,1,CALC_017,,,,flatfish,NOAA Metlakatla Annette Islands Biota Study,NOAA Regional Studies
Diver,NOAA Metlakatla Annette Islands Biota 2002,2002,2.36,55.087,-131.614,Halibut,Hippoglossus stenolepis,flatfish,Chordata (Actinopterygii),Fish,Background biomonitoring,1096-01-787008,,ng/g,wet,Provided,Muscle,1,1,CALC_017,,,,flatfish,NOAA Metlakatla Annette Islands Biota Study,NOAA Regional Studies
Diver,NOAA Metlakatla Annette Islands Biota 2002,2002,0.56,55.087,-131.614,Halibut,Hippoglossus stenolepis,flatfish,Chordata (Actinopterygii),Fish,Background biomonitoring,1096-01-787009,,ng/g,wet,Provided,Muscle,1,1,UCALC_017,,,,flatfish,NOAA Metlakatla Annette Islands Biota Study,NOAA Regional Studies
Diver,NOAA Metlakatla Annette Islands Biota 2002,2002,0.74,55.087,-131.614,Halibut,Hippoglossus stenolepis,flatfish,Chordata (Actinopterygii),Fish,Background biomonitoring,1096-01-787010,,ng/g,wet,Provided,Muscle,1,1,CALC_017,,,,flatfish,NOAA Metlakatla Annette Islands Biota Study,NOAA Regional Studies
Diver,NOAA Metlakatla Annette Islands Biota 2002,2002,4.96,55.044,-131.52,Halibut,Hippoglossus stenolepis,flatfish,Chordata (Actinopterygii),Fish,Background biomonitoring,1096-01-787001,,ng/g,wet,Provided,Other,1,1,CALC_017,,,,flatfish,NOAA Metlakatla Annette Islands Biota Study,NOAA Regional Studies
Diver,NOAA Metlakatla Annette Islands Biota 2002,2002,0.77,55.044,-131.52,Halibut,Hippoglossus stenolepis,flatfish,Chordata (Actinopterygii),Fish,Background biomonitoring,1096-01-787002,,ng/g,wet,Provided,Muscle,1,1,CALC_017,,,,flatfish,NOAA Metlakatla Annette Islands Biota Study,NOAA Regional Studies
Diver,NOAA Metlakatla Annette Islands Biota 2002,2002,15.15,55.044,-131.52,Halibut,Hippoglossus stenolepis,flatfish,Chordata (Actinopterygii),Fish,Background biomonitoring,1096-01-787003,,ng/g,wet,Provided,Muscle,1,1,CALC_017,,,,flatfish,NOAA Metlakatla Annette Islands Biota Study,NOAA Regional Studies
Diver,NOAA Metlakatla Annette Islands Biota 2002,2002,5.41,55.044,-131.52,Halibut,Hippoglossus stenolepis,flatfish,Chordata (Actinopterygii),Fish,Background biomonitoring,1096-01-787004,,ng/g,wet,Provided,Muscle,1,1,CALC_017,,,,flatfish,NOAA Metlakatla Annette Islands Biota Study,NOAA Regional Studies
Diver,NOAA Metlakatla Annette Islands Biota 2002,2002,8.99,55.044,-131.52,Halibut,Hippoglossus stenolepis,flatfish,Chordata (Actinopterygii),Fish,Background biomonitoring,1096-01-787005,,ng/g,wet,Provided,Other,1,1,CALC_017,,,,flatfish,NOAA Metlakatla Annette Islands Biota Study,NOAA Regional Studies
Diver,NOAA Metlakatla Annette Islands Biota 2002,2002,2.06,55.1106,-131.3641,Cockle,Clinocardium nuttallii,cockle,Bivalvia,Clams,Background biomonitoring,1096-01-787013,,ng/g,wet,Provided,Other,1,1,CALC_017,,,,cockle,NOAA Metlakatla Annette Islands Biota Study,NOAA Regional Studies
Diver,NOAA Metlakatla Annette Islands Biota 2002,2002,3.15,55.1106,-131.3641,Cockle,Clinocardium nuttallii,cockle,Bivalvia,Clams,Background biomonitoring,1096-01-787014,,ng/g,wet,Provided,Other,1,1,CALC_017,,,,cockle,NOAA Metlakatla Annette Islands Biota Study,NOAA Regional Studies
Diver,NOAA Metlakatla Annette Islands Biota 2002,2002,9.25,55.1118,-131.3581,Octopus,Octopoda,cephalapods,Mollusca (Cephalopoda),Octopus,Background biomonitoring,1096-01-787016,,ng/g,wet,Provided,Whole Body,1,1,CALC_017,,,,cephalapods,NOAA Metlakatla Annette Islands Biota Study,NOAA Regional Studies
Diver,NOAA Metlakatla Annette Islands Biota 2002,2002,1.5,55.1076,-131.3652,Chiton,Katharina tunicata,chiton,Gastropoda,Snails,Background biomonitoring,1096-01-787015,,ng/g,wet,Provided,Other,1,1,CALC_017,,,,molluscs,NOAA Metlakatla Annette Islands Biota Study,NOAA Regional Studies
Diver,NOAA Metlakatla Annette Islands Biota 2002,2002,2.93,55.1,-131.35,Dungeness Crab,Cancer magister,crab,Decapoda,Crabs/ Shrimp,Background biomonitoring,1096-01-970015,,ng/g,wet,Provided,Muscle,1,1,CALC_017,,,,crab,NOAA Metlakatla Annette Islands Biota Study,NOAA Regional Studies
Diver,NOAA Metlakatla Annette Islands Biota 2002,2002,1200,55.1,-131.35,Dungeness Crab,Cancer magister,crab,Decapoda,Crabs/ Shrimp,Background biomonitoring,1096-01-970016,,ng/g,wet,Provided,Other,1,1,UCALC_017,,,,crab,NOAA Metlakatla Annette Islands Biota Study,NOAA Regional Studies
Diver,NOAA Metlakatla Annette Islands Biota 2002,2002,2.47,55.0079,-131.6225,Dungeness Crab,Cancer magister,crab,Decapoda,Crabs/ Shrimp,Background biomonitoring,1096-01-970017,,ng/g,wet,Provided,Muscle,1,1,CALC_017,,,,crab,NOAA Metlakatla Annette Islands Biota Study,NOAA Regional Studies
Diver,NOAA Metlakatla Annette Islands Biota 2002,2002,3600,55.0079,-131.6225,Dungeness Crab,Cancer magister,crab,Decapoda,Crabs/ Shrimp,Background biomonitoring,1096-01-970018,,ng/g,wet,Provided,Other,1,1,UCALC_017,,,,crab,NOAA Metlakatla Annette Islands Biota Study,NOAA Regional Studies
Diver,NOAA Metlakatla Annette Islands Biota 2002,2002,6.358,55.0746,-131.5597,Dungeness Crab,Cancer magister,crab,Decapoda,Crabs/ Shrimp,Background biomonitoring,1096-01-970011,,ng/g,wet,Provided,Muscle,1,1,CALC_017,,,,crab,NOAA Metlakatla Annette Islands Biota Study,NOAA Regional Studies
Diver,NOAA Metlakatla Annette Islands Biota 2002,2002,700,55.0746,-131.5597,Dungeness Crab,Cancer magister,crab,Decapoda,Crabs/ Shrimp,Background biomonitoring,1096-01-970012,,ng/g,wet,Provided,Other,1,1,UCALC_017,,,,crab,NOAA Metlakatla Annette Islands Biota Study,NOAA Regional Studies
Diver,NOAA Metlakatla Annette Islands Biota 2002,2002,4.21,55.075,-131.5581,Dungeness Crab,Cancer magister,crab,Decapoda,Crabs/ Shrimp,Background biomonitoring,1096-01-970013,,ng/g,wet,Provided,Muscle,1,1,CALC_017,,,,crab,NOAA Metlakatla Annette Islands Biota Study,NOAA Regional Studies
Diver,NOAA Metlakatla Annette Islands Biota 2002,2002,22.07,55.075,-131.5581,Dungeness Crab,Cancer magister,crab,Decapoda,Crabs/ Shrimp,Background biomonitoring,1096-01-970014,,ng/g,wet,Provided,Other,1,1,CALC_017,,,,crab,NOAA Metlakatla Annette Islands Biota Study,NOAA Regional Studies
Diver,NOAA Metlakatla Annette Islands Biota 2002,2002,4.67,55.0935,-131.5899,Octopus,Octopoda,cephalapods,Mollusca (Cephalopoda),Octopus,Background biomonitoring,1096-01-787017,,ng/g,wet,Provided,Whole Body,1,1,CALC_017,,,,cephalapods,NOAA Metlakatla Annette Islands Biota Study,NOAA Regional Studies
Diver,NOAA Metlakatla Annette Islands Biota 2002,2002,2.23,55.0638,-131.5348,Dungeness Crab,Cancer magister,crab,Decapoda,Crabs/ Shrimp,Background biomonitoring,1096-01-970019,,ng/g,wet,Provided,Muscle,1,1,CALC_017,,,,crab,NOAA Metlakatla Annette Islands Biota Study,NOAA Regional Studies
Diver,NOAA Metlakatla Annette Islands Biota 2002,2002,42.65,55.0638,-131.5348,Dungeness Crab,Cancer magister,crab,Decapoda,Crabs/ Shrimp,Background biomonitoring,1096-01-970020,,ng/g,wet,Provided,Other,1,1,CALC_017,,,,crab,NOAA Metlakatla Annette Islands Biota Study,NOAA Regional Studies
Diver,Mussel Watch:Alaska 2003,2003,43.97142861,59.45333333,-135.3365,Blue Mussel,Mytilus edulis,mussel,Bivalvia,Mussels,Background biomonitoring,MWAK-18-2003NBES1ME_1MS,,ng/g,wet,Provided,Other,1,1,CALC_018,,,,mussel,NOAA Mussel Watch,NOAA Mussel Watch
Diver,Mussel Watch:Alaska 2003,2003,37.94342855,55.29383333,-131.548,Blue Mussel,Mytilus edulis,mussel,Bivalvia,Mussels,Background biomonitoring,MWAK-18-2003KTMP1ME_1MS,,ng/g,wet,Provided,Other,1,1,CALC_018,,,,mussel,NOAA Mussel Watch,NOAA Mussel Watch
Diver,Mussel Watch:Alaska 2003,2003,110.1711428,60.96083333,-147.646,Blue Mussel,Mytilus edulis,mussel,Bivalvia,Mussels,Background biomonitoring,MWAK-18-2003UISB1ME_1MS,,ng/g,wet,Provided,Other,1,1,CALC_018,,,,mussel,NOAA Mussel Watch,NOAA Mussel Watch
Diver,Mussel Watch:Alaska 2003,2003,46.00400001,61.13283333,-146.461,Blue Mussel,Mytilus edulis,mussel,Bivalvia,Mussels,Background biomonitoring,MWAK-18-2003PVMC1ME_1MS,,ng/g,wet,Provided,Other,1,1,CALC_018,,,,mussel,NOAA Mussel Watch,NOAA Mussel Watch
Diver,Mussel Watch:Alaska 2003,2003,20.95199999,59.6145,-151.4441667,Blue Mussel,Mytilus edulis,mussel,Bivalvia,Mussels,Background biomonitoring,MWAK-18-2003CIHS1ME_1MS,,ng/g,wet,Provided,Other,1,1,CALC_018,,,,mussel,NOAA Mussel Watch,NOAA Mussel Watch
Diver,Mussel Watch:Alaska 2005,2005,11.037,60.9608,-147.646,Mussel,Mytilus,mussel,Bivalvia,Mussels,Background biomonitoring,MWAK-20-MW2005UISBMS_1MS,,ng/g,wet,Provided,Other,1,1,CALC_018,,,,molluscs,NOAA Mussel Watch,NOAA Mussel Watch
Diver,Mussel Watch:Alaska 2005,2005,20.042,61.1328,-146.461,Mussel,Mytilus,mussel,Bivalvia,Mussels,Background biomonitoring,MWAK-20-MW2005PVMCMS_1MS,,ng/g,wet,Provided,Other,1,1,CALC_018,,,,molluscs,NOAA Mussel Watch,NOAA Mussel Watch
Diver,Mussel Watch:Alaska 2005,2005,12.925,59.6145,-151.4442,Mussel,Mytilus,mussel,Bivalvia,Mussels,Background biomonitoring,MWAK-20-MW2005CIHSMS_1MS,,ng/g,wet,Provided,Other,1,1,CALC_018,,,,molluscs,NOAA Mussel Watch,NOAA Mussel Watch
Diver,Mussel Watch:Alaska 2005,2005,14.45,59.4533,-135.3365,Mussel,Mytilus,mussel,Bivalvia,Mussels,Background biomonitoring,MWAK-20-MW2005NBESMS_1MS,,ng/g,wet,Provided,Other,1,1,CALC_018,,,,molluscs,NOAA Mussel Watch,NOAA Mussel Watch
Diver,Mussel Watch:Alaska 2005,2005,13.695,55.2938,-131.548,Mussel,Mytilus,mussel,Bivalvia,Mussels,Background biomonitoring,MWAK-20-MW2005KTMPMS_1MS,,ng/g,wet,Provided,Other,1,1,CALC_018,,,,molluscs,NOAA Mussel Watch,NOAA Mussel Watch
Diver,Mussel Watch:Alaska 2007,2007,10.27793,59.6145,-151.44417,Mussel,Mytilus,mussel,Bivalvia,Mussels,Background biomonitoring,MWAK-22-2007CIHS1MS_MS,,ng/g,wet,Provided,Whole Body,1,1,CALC_018,,,,molluscs,NOAA Mussel Watch,NOAA Mussel Watch
Diver,Mussel Watch:Alaska 2007,2007,15.78693,61.13283,-146.461,Mussel,Mytilus,mussel,Bivalvia,Mussels,Background biomonitoring,MWAK-22-2007PVMC1MS_MS,,ng/g,wet,Provided,Whole Body,1,1,CALC_018,,,,molluscs,NOAA Mussel Watch,NOAA Mussel Watch
Diver,Mussel Watch:Alaska 2007,2007,6.95895,60.96083,-147.646,Mussel,Mytilus,mussel,Bivalvia,Mussels,Background biomonitoring,MWAK-22-2007UISB1MS_MS,,ng/g,wet,Provided,Whole Body,1,1,CALC_018,,,,molluscs,NOAA Mussel Watch,NOAA Mussel Watch
Diver,Mussel Watch:Alaska 2007,2007,16.64195,59.45333,-135.3365,Mussel,Mytilus,mussel,Bivalvia,Mussels,Background biomonitoring,MWAK-22-2007NBES1MS_MS,,ng/g,wet,Provided,Whole Body,1,1,CALC_018,,,,molluscs,NOAA Mussel Watch,NOAA Mussel Watch
Diver,Mussel Watch:Alaska 2007,2007,16.73591,55.29383,-131.548,Mussel,Mytilus,mussel,Bivalvia,Mussels,Background biomonitoring,MWAK-22-2007KTMP1MS_MS,,ng/g,wet,Provided,Whole Body,1,1,CALC_018,,,,molluscs,NOAA Mussel Watch,NOAA Mussel Watch
Diver,Mussel Watch:Alaska 2007,2007,14.91698,60.10208,-149.36416,Mussel,Mytilus,mussel,Bivalvia,Mussels,Background biomonitoring,MWAK-22-2007RBNR1MS_MS,,ng/g,wet,Provided,Whole Body,1,1,CALC_018,,,,molluscs,NOAA Mussel Watch,NOAA Mussel Watch
Diver,Mussel Watch:Alaska 2007,2007,6.75697,59.358,-151.93,California Mussel,Mytilus californianus,mussel,Bivalvia,Mussels,Background biomonitoring,MWAK-22-2007CINK1MS_MS,,ng/g,wet,Provided,Whole Body,1,1,CALC_018,,,,mussel,NOAA Mussel Watch,NOAA Mussel Watch
Diver,Mussel Watch:Alaska 2007,2007,10.36892,60.11297,-149.374,Cockle,Clinocardium nuttallii,cockle,Bivalvia,Clams,Background biomonitoring,MWAK-22-2007RBMF1CN_CN,,ng/g,wet,Provided,Whole Body,1,1,CALC_018,,,,cockle,NOAA Mussel Watch,NOAA Mussel Watch
Diver,Mussel Watch:Alaska 2007,2007,10.68994,60.11297,-149.374,Mussel,Mytilus,mussel,Bivalvia,Mussels,Background biomonitoring,MWAK-22-2007RBMF1MS_MS,,ng/g,wet,Provided,Whole Body,1,1,CALC_018,,,,molluscs,NOAA Mussel Watch,NOAA Mussel Watch
Diver,Mussel Watch:Alaska 2007,2007,12.48494,60.06488,-149.44,Blue Mussel,Mytilus edulis,mussel,Bivalvia,Mussels,Background biomonitoring,MWAK-22-2007RBML1MS_MS,,ng/g,wet,Provided,Whole Body,1,1,CALC_018,,,,mussel,NOAA Mussel Watch,NOAA Mussel Watch
Diver,NOAA Southwest Alaska Nearshore Monitoring 2007,2007,2.385,59.4207,-150.647,Mussel,Mytilus,mussel,Bivalvia,Mussels,Background biomonitoring,1096-08-SS2007CINPMT,,ng/g,wet,Provided,Whole Body,1,1,CALC_018,,,,molluscs,NOAA Southwest Alaska Nearshore Monitoring,NOAA Regional Studies
Diver,NOAA Southwest Alaska Nearshore Monitoring 2007,2007,2.548,59.5372,-150.6071,Mussel,Mytilus,mussel,Bivalvia,Mussels,Background biomonitoring,1096-08-SS2007CINBMT,,ng/g,wet,Provided,Whole Body,1,1,CALC_018,,,,molluscs,NOAA Southwest Alaska Nearshore Monitoring,NOAA Regional Studies
Diver,NOAA Southwest Alaska Nearshore Monitoring 2007,2007,2.604,59.5085,-150.3417,Mussel,Mytilus,mussel,Bivalvia,Mussels,Background biomonitoring,1096-08-SS2007CIMFMT,,ng/g,wet,Provided,Whole Body,1,1,CALC_018,,,,molluscs,NOAA Southwest Alaska Nearshore Monitoring,NOAA Regional Studies
Diver,NOAA Southwest Alaska Nearshore Monitoring 2007,2007,1.455,59.7377,-149.9584,Mussel,Mytilus,mussel,Bivalvia,Mussels,Background biomonitoring,1096-08-SS2007CIHBMT,,ng/g,wet,Provided,Whole Body,1,1,UCALC_018,,,,molluscs,NOAA Southwest Alaska Nearshore Monitoring,NOAA Regional Studies
Diver,NOAA Southwest Alaska Nearshore Monitoring 2007,2007,2.01,59.8747,-149.6404,Mussel,Mytilus,mussel,Bivalvia,Mussels,Background biomonitoring,1096-08-SS2007CIABMT,,ng/g,wet,Provided,Whole Body,1,1,CALC_018,,,,molluscs,NOAA Southwest Alaska Nearshore Monitoring,NOAA Regional Studies
Diver,NOAA Southwest Alaska Nearshore Monitoring 2007,2007,1.87,58.0635,-154.4841,Mussel,Mytilus,mussel,Bivalvia,Mussels,Background biomonitoring,1096-08-SS2007TAKIMT,,ng/g,wet,Provided,Whole Body,1,1,CALC_018,,,,molluscs,NOAA Southwest Alaska Nearshore Monitoring,NOAA Regional Studies
Diver,Mussel Watch:Alaska 2007,2007,5.67996,58.0635,-154.48414,Mussel,Mytilus,mussel,Bivalvia,Mussels,Background biomonitoring,MWAK-22-2007TAKI1MS_MS,,ng/g,wet,Provided,Whole Body,1,1,CALC_018,,,,molluscs,NOAA Mussel Watch,NOAA Mussel Watch
Diver,NOAA Southwest Alaska Nearshore Monitoring 2007,2007,1.965,58.0793,-154.4659,Mussel,Mytilus,mussel,Bivalvia,Mussels,Background biomonitoring,1096-08-SS2007AMABMT,,ng/g,wet,Provided,Whole Body,1,1,CALC_018,,,,molluscs,NOAA Southwest Alaska Nearshore Monitoring,NOAA Regional Studies
Diver,Mussel Watch:Alaska 2007,2007,7.11697,58.07931,-154.46594,Mussel,Mytilus,mussel,Bivalvia,Mussels,Background biomonitoring,MWAK-22-2007AMAB1MS_MS,,ng/g,wet,Provided,Whole Body,1,1,CALC_018,,,,molluscs,NOAA Mussel Watch,NOAA Mussel Watch
Diver,NOAA Southwest Alaska Nearshore Monitoring 2007,2007,1.386,58.1906,-154.4849,Mussel,Mytilus,mussel,Bivalvia,Mussels,Background biomonitoring,1096-08-SS2007KINBMT,,ng/g,wet,Provided,Whole Body,1,1,CALC_018,,,,molluscs,NOAA Southwest Alaska Nearshore Monitoring,NOAA Regional Studies
Diver,Mussel Watch:Alaska 2007,2007,5.19093,58.19058,-154.48489,Mussel,Mytilus,mussel,Bivalvia,Mussels,Background biomonitoring,MWAK-22-2007KINB1MS_MS,,ng/g,wet,Provided,Whole Body,1,1,CALC_018,,,,molluscs,NOAA Mussel Watch,NOAA Mussel Watch
Diver,NOAA Southwest Alaska Nearshore Monitoring 2007,2007,2.112,58.2569,-154.1977,Mussel,Mytilus,mussel,Bivalvia,Mussels,Background biomonitoring,1096-08-SS2007KAFBMT,,ng/g,wet,Provided,Whole Body,1,1,CALC_018,,,,molluscs,NOAA Southwest Alaska Nearshore Monitoring,NOAA Regional Studies
Diver,Mussel Watch:Alaska 2007,2007,5.52199,58.25694,-154.19769,Mussel,Mytilus,mussel,Bivalvia,Mussels,Background biomonitoring,MWAK-22-2007KAFB1MS_MS,,ng/g,wet,Provided,Whole Body,1,1,CALC_018,,,,molluscs,NOAA Mussel Watch,NOAA Mussel Watch
Diver,NOAA Southwest Alaska Nearshore Monitoring 2007,2007,2.58,58.3166,-154.2066,Mussel,Mytilus,mussel,Bivalvia,Mussels,Background biomonitoring,1096-08-SS2007KUKBMT,,ng/g,wet,Provided,Whole Body,1,1,CALC_018,,,,molluscs,NOAA Southwest Alaska Nearshore Monitoring,NOAA Regional Studies
Diver,Mussel Watch:Alaska 2007,2007,6.51595,58.31658,-154.20658,Mussel,Mytilus,mussel,Bivalvia,Mussels,Background biomonitoring,MWAK-22-2007KUKB1MS_MS,,ng/g,wet,Provided,Whole Body,1,1,CALC_018,,,,molluscs,NOAA Mussel Watch,NOAA Mussel Watch
Diver,NOAA Southwest Alaska Nearshore Monitoring 2007,2007,4.455,58.4515,-154.0143,Mussel,Mytilus,mussel,Bivalvia,Mussels,Background biomonitoring,1096-08-SS2007CINIMT,,ng/g,wet,Provided,Whole Body,1,1,CALC_018,,,,molluscs,NOAA Southwest Alaska Nearshore Monitoring,NOAA Regional Studies
Diver,NOAA AKMAP Special Study 2007,2007,13.64,51.7852,-176.7553,Blue Mussel,Mytilus edulis,mussel,Bivalvia,Mussels,Background biomonitoring,1096-10-SS2007AIBIME,,ng/g,wet,Provided,Whole Body,1,1,CALC_018,,,,mussel,NOAA AKMAP Special Study,NOAA Regional Studies
Diver,NOAA AKMAP Special Study 2007,2007,220.014,51.8623,-176.6385,Blue Mussel,Mytilus edulis,mussel,Bivalvia,Mussels,Background biomonitoring,1096-10-SS2007AISWME,,ng/g,wet,Provided,Whole Body,1,1,CALC_018,,,,mussel,NOAA AKMAP Special Study,NOAA Regional Studies
Diver,NOAA AKMAP Special Study 2007,2007,12.264,51.8274,-176.1508,Blue Mussel,Mytilus edulis,mussel,Bivalvia,Mussels,Background biomonitoring,1096-10-SS2007TICBME,,ng/g,wet,Provided,Whole Body,1,1,CALC_018,,,,mussel,NOAA AKMAP Special Study,NOAA Regional Studies
Diver,NOAA AKMAP Special Study 2007,2007,10.71,51.8661,-176.1536,Blue Mussel,Mytilus edulis,mussel,Bivalvia,Mussels,Background biomonitoring,1096-10-SS2007TIMPME,,ng/g,wet,Provided,Whole Body,1,1,CALC_018,,,,mussel,NOAA AKMAP Special Study,NOAA Regional Studies
Diver,NOAA AKMAP Special Study 2007,2007,10.908,52.1404,-174.6029,Blue Mussel,Mytilus edulis,mussel,Bivalvia,Mussels,Background biomonitoring,1096-10-SS2007AIDBME,,ng/g,wet,Provided,Whole Body,1,1,CALC_018,,,,mussel,NOAA AKMAP Special Study,NOAA Regional Studies
Diver,NOAA AKMAP Special Study 2007,2007,11.186,52.2251,-174.1602,Blue Mussel,Mytilus edulis,mussel,Bivalvia,Mussels,Background biomonitoring,1096-10-SS2007AINBME,,ng/g,wet,Provided,Whole Body,1,1,CALC_018,,,,mussel,NOAA AKMAP Special Study,NOAA Regional Studies
Diver,NOAA AKMAP Special Study 2007,2007,42.75,53.4094,-167.5232,Blue Mussel,Mytilus edulis,mussel,Bivalvia,Mussels,Background biomonitoring,1096-10-SS2007UIMCME,,ng/g,wet,Provided,Whole Body,1,1,CALC_018,,,,mussel,NOAA AKMAP Special Study,NOAA Regional Studies
Diver,NOAA AKMAP Special Study 2007,2007,9.59,53.6167,-167.0561,Blue Mussel,Mytilus edulis,mussel,Bivalvia,Mussels,Background biomonitoring,1096-10-SS2007UISKME,,ng/g,wet,Provided,Whole Body,1,1,CALC_018,,,,mussel,NOAA AKMAP Special Study,NOAA Regional Studies
Diver,NOAA AKMAP Special Study 2007,2007,52.039,53.8819,-166.5421,Blue Mussel,Mytilus edulis,mussel,Bivalvia,Mussels,Background biomonitoring,1096-10-SS2007UDDHME,,ng/g,wet,Provided,Whole Body,1,1,CALC_018,,,,mussel,NOAA AKMAP Special Study,NOAA Regional Studies
Diver,Mussel Watch:Alaska 2007,2007,13.13295,58.7961,-158.53248,Blue Mussel,Mytilus spp.,mussel,Bivalvia,Mussels,Background biomonitoring,MWAK-22-2007NGEK1MM_MM,,ng/g,wet,Provided,Whole Body,1,1,CALC_018,,,,molluscs,NOAA Mussel Watch,NOAA Mussel Watch
Diver,NOAA Special Alaska Study 2007,2007,14.25,59.6145,-151.4442,Blue Mussel,Mytilus edulis,mussel,Bivalvia,Mussels,Background biomonitoring,1096-07-SS2008CIHS1ME,,ng/g,wet,Provided,Whole Body,1,1,CALC_018,,,,mussel,NOAA AKMAP Special Study,NOAA Regional Studies
Diver,NOAA Special Alaska Study 2007,2007,2.652,59.6145,-151.4442,Pacific Littleneck Clam,Protothaca staminea,clam,Bivalvia,Clams,Background biomonitoring,1096-07-SS2008CIHS1PS,,ng/g,wet,Provided,Whole Body,1,1,CALC_018,,,,clam,NOAA AKMAP Special Study,NOAA Regional Studies
Diver,NOAA Special Alaska Study 2007,2007,1.872,59.6145,-151.4442,Cockle,Clinocardium nuttallii,cockle,Bivalvia,Clams,Background biomonitoring,1096-07-SS2008CIHS1CN,,ng/g,wet,Provided,Whole Body,1,1,CALC_018,,,,cockle,NOAA AKMAP Special Study,NOAA Regional Studies
Diver,NOAA Special Alaska Study 2007,2007,3.472,59.6145,-151.4442,Pacific Littleneck Clam,Protothaca staminea,clam,Bivalvia,Clams,Background biomonitoring,1096-07-SS2008CIHS2PS,,ng/g,wet,Provided,Whole Body,1,1,CALC_018,,,,clam,NOAA AKMAP Special Study,NOAA Regional Studies
Diver,NOAA Special Alaska Study 2007,2007,7.308,59.6145,-151.4442,Blue Mussel,Mytilus edulis,mussel,Bivalvia,Mussels,Background biomonitoring,1096-07-SS2008CIHS2ME,,ng/g,wet,Provided,Whole Body,1,1,CALC_018,,,,mussel,NOAA AKMAP Special Study,NOAA Regional Studies
Diver,NOAA Special Alaska Study 2007,2007,3.621,59.6145,-151.4442,Cockle,Clinocardium nuttallii,cockle,Bivalvia,Clams,Background biomonitoring,1096-07-SS2008CIHS2CN,,ng/g,wet,Provided,Whole Body,1,1,CALC_018,,,,cockle,NOAA AKMAP Special Study,NOAA Regional Studies
Diver,NOAA Special Alaska Study 2007,2008,3.393,59.723,-151.027,Pacific Littleneck Clam,Protothaca staminea,clam,Bivalvia,Clams,Background biomonitoring,1096-07-SS2008CIBCPS,,ng/g,wet,Provided,Whole Body,1,1,CALC_018,,,,clam,NOAA AKMAP Special Study,NOAA Regional Studies
Diver,NOAA Special Alaska Study 2007,2008,2.808,59.723,-151.027,Cockle,Clinocardium nuttallii,cockle,Bivalvia,Clams,Background biomonitoring,1096-07-SS2008CIBCCN,,ng/g,wet,Provided,Whole Body,1,1,CALC_018,,,,cockle,NOAA AKMAP Special Study,NOAA Regional Studies
Diver,NOAA Special Alaska Study 2007,2008,8.8,59.723,-151.027,Blue Mussel,Mytilus edulis,mussel,Bivalvia,Mussels,Background biomonitoring,1096-07-SS2008CIBCME,,ng/g,wet,Provided,Whole Body,1,1,CALC_018,,,,mussel,NOAA AKMAP Special Study,NOAA Regional Studies
Diver,Mussel Watch:Alaska 2008,2008,1.17,60.05139,-151.66889,Pacific Razor Clam,Siliqua patula,clam,Bivalvia,Clams,Background biomonitoring,MWAK-23-MW2008NINBRC_1RC,,ng/g,wet,Provided,Other,1,1,CALC_018,,,,clam,NOAA Mussel Watch,NOAA Mussel Watch
Diver,Mussel Watch:Alaska 2008,2008,6.81992,60.05139,-151.66889,Spot Shrimp,Pandalus platyceros,shrimp,Decapoda,Crabs/ Shrimp,Background biomonitoring,MWAK-23-2008NINB1SP_SP,,ng/g,wet,Provided,Whole Body,1,1,CALC_018,,,,shrimp,NOAA Mussel Watch,NOAA Mussel Watch
Diver,Mussel Watch:Alaska 2009,2009,17.08493,55.29383,-131.548,Mussel,Mytilus,mussel,Bivalvia,Mussels,Background biomonitoring,MWAK-24-2009KTMP1MS_MS,,ng/g,wet,Provided,Whole Body,1,1,CALC_018,,,,molluscs,NOAA Mussel Watch,NOAA Mussel Watch
Diver,Mussel Watch:Alaska 2009,2009,18.32698,59.45333,-135.3365,Mussel,Mytilus,mussel,Bivalvia,Mussels,Background biomonitoring,MWAK-24-2009NBES1MS_MS,,ng/g,wet,Provided,Whole Body,1,1,CALC_018,,,,molluscs,NOAA Mussel Watch,NOAA Mussel Watch
Diver,Mussel Watch:Alaska 2009,2009,17.0299,61.13283,-146.461,Bay Mussel,Mytilus trossulus,mussel,Bivalvia,Mussels,Background biomonitoring,MWAK-24-2009PVMC1BaM_aM,,ng/g,wet,Provided,Whole Body,1,1,CALC_018,,,,mussel,NOAA Mussel Watch,NOAA Mussel Watch
Diver,Mussel Watch:Alaska 2009,2009,18.56496,60.96083,-147.646,Bay Mussel,Mytilus trossulus,mussel,Bivalvia,Mussels,Background biomonitoring,MWAK-24-2009UISB1BaM_aM,,ng/g,wet,Provided,Whole Body,1,1,CALC_018,,,,mussel,NOAA Mussel Watch,NOAA Mussel Watch
Diver,NOAA North Pacific Research Board Study 2010,2010,16.434,59.3,-151.9,Soft Shell Clam,Mya arenaria,clam,Bivalvia,Clams,Background biomonitoring,1096-12-BA2010NPR_NHA,,ng/g,wet,Provided,Whole Body,1,1,CALC_018,,,,clam,NOAA North Pacific Research Board Study,NOAA Regional Studies
Diver,NOAA North Pacific Research Board Study 2010,2010,22.287,59.5705,-151.968,Cockle,Clinocardium nuttallii,cockle,Bivalvia,Clams,Background biomonitoring,1096-12-BA2010NPR_PGHA3,,ng/g,wet,Provided,Whole Body,1,1,CALC_018,,,,cockle,NOAA North Pacific Research Board Study,NOAA Regional Studies
Diver,NOAA North Pacific Research Board Study 2010,2010,21.165,59.562,-151.7,Soft Shell Clam,Mya arenaria,clam,Bivalvia,Clams,Background biomonitoring,1096-12-BA2010NPR_PHGA,,ng/g,wet,Provided,Whole Body,1,1,CALC_018,,,,clam,NOAA North Pacific Research Board Study,NOAA Regional Studies
Diver,NOAA North Pacific Research Board Study 2010,2010,18.14,59.50694,-151.88139,Cockle,Clinocardium nuttallii,cockle,Bivalvia,Clams,Background biomonitoring,1096-12-BA2010NPR_SHACN,,ng/g,wet,Provided,Whole Body,1,1,CALC_018,,,,cockle,NOAA North Pacific Research Board Study,NOAA Regional Studies
Diver,NOAA North Pacific Research Board Study 2010,2010,25.884,59.50694,-151.88139,Soft Shell Clam,Mya arenaria,clam,Bivalvia,Clams,Background biomonitoring,1096-12-BA2010NPR_SHAMA,,ng/g,wet,Provided,Whole Body,1,1,CALC_018,,,,clam,NOAA North Pacific Research Board Study,NOAA Regional Studies
Diver,Western Mariner Preassessment Tissue,2022,168.44,57.29588,-135.619327,Bay Mussel,Mytilus trossulus,mussel,Bivalvia,Mussels,Post-oil spill assessment,1092-A1-NRDAR-001,,ng/g,wet,Provided,Other,1,1,CALC_016,,,,mussel,NOAA Western Mariner Assessment,NOAA Western Mariner Assessment
Diver,Western Mariner Preassessment Tissue,2022,6.77,57.300952,-135.637727,Bay Mussel,Mytilus trossulus,mussel,Bivalvia,Mussels,Post-oil spill assessment,1092-A1-NRDAR-002,,ng/g,wet,Provided,Other,1,1,CALC_016,,,,mussel,NOAA Western Mariner Assessment,NOAA Western Mariner Assessment
Diver,Western Mariner Preassessment Tissue,2022,17.39,57.297235,-135.590132,Bay Mussel,Mytilus trossulus,mussel,Bivalvia,Mussels,Post-oil spill assessment,1092-A1-NRDAR-003,,ng/g,wet,Provided,Other,1,1,CALC_016,,,,mussel,NOAA Western Mariner Assessment,NOAA Western Mariner Assessment
Diver,Western Mariner Preassessment Tissue,2022,222.08,57.268213,-135.583302,Bay Mussel,Mytilus trossulus,mussel,Bivalvia,Mussels,Post-oil spill assessment,1092-A1-NRDAR-004,,ng/g,wet,Provided,Other,1,1,CALC_016,,,,mussel,NOAA Western Mariner Assessment,NOAA Western Mariner Assessment
Diver,Western Mariner Preassessment Tissue,2022,61.29,57.267483,-135.583222,Bay Mussel,Mytilus trossulus,mussel,Bivalvia,Mussels,Post-oil spill assessment,1092-A1-NRDAR-005,,ng/g,wet,Provided,Other,1,1,CALC_016,,,,mussel,NOAA Western Mariner Assessment,NOAA Western Mariner Assessment
Diver,Western Mariner Preassessment Tissue,2022,4.78,57.156522,-135.568097,Bay Mussel,Mytilus trossulus,mussel,Bivalvia,Mussels,Post-oil spill assessment,1092-A1-NRDAR-008,,ng/g,wet,Provided,Other,1,1,UCALC_016,,,,mussel,NOAA Western Mariner Assessment,NOAA Western Mariner Assessment
Diver,Western Mariner Preassessment Tissue,2022,4.45,57.173958,-135.555258,Bay Mussel,Mytilus trossulus,mussel,Bivalvia,Mussels,Post-oil spill assessment,1092-A1-NRDAR-007,,ng/g,wet,Provided,Other,1,1,UCALC_016,,,,mussel,NOAA Western Mariner Assessment,NOAA Western Mariner Assessment
Diver,Western Mariner Preassessment Tissue,2022,4.6,57.22868,-135.537007,Bay Mussel,Mytilus trossulus,mussel,Bivalvia,Mussels,Post-oil spill assessment,1092-A1-NRDAR-006,,ng/g,wet,Provided,Other,1,1,UCALC_016,,,,mussel,NOAA Western Mariner Assessment,NOAA Western Mariner Assessment
Diver,Western Mariner Preassessment Tissue,2022,2.72,57.1476,-135.464783,Pacific Herring,Clupea pallasii,forage fish,Chordata (Actinopterygii),Fish,Post-oil spill assessment,1092-A1-SS-12,,ng/g,wet,Provided,Eggs,1,1,UCALC_016,,,,forage fish,NOAA Western Mariner Assessment,NOAA Western Mariner Assessment
Diver,Western Mariner Preassessment Tissue,2022,23.31,57.17415,-135.461717,Bay Mussel,Mytilus trossulus,mussel,Bivalvia,Mussels,Post-oil spill assessment,1092-A1-SS-10,,ng/g,wet,Provided,Other,1,1,CALC_016,,,,mussel,NOAA Western Mariner Assessment,NOAA Western Mariner Assessment
Diver,Western Mariner Preassessment Tissue,2022,4.008,57.17415,-135.461717,Pacific Herring,Clupea pallasii,forage fish,Chordata (Actinopterygii),Fish,Post-oil spill assessment,1092-A1-SS-10.5,,ng/g,wet,Provided,Eggs,1,1,CALC_016,,,,forage fish,NOAA Western Mariner Assessment,NOAA Western Mariner Assessment
Diver,Western Mariner Preassessment Tissue,2022,10.374,57.1528,-135.5829,Pacific Herring,Clupea pallasii,forage fish,Chordata (Actinopterygii),Fish,Post-oil spill assessment,1092-A1-SS-8,,ng/g,wet,Provided,Eggs,1,1,CALC_016,,,,forage fish,NOAA Western Mariner Assessment,NOAA Western Mariner Assessment
Diver,Western Mariner Preassessment Tissue,2022,3.174,57.0844,-135.4146,Pacific Herring,Clupea pallasii,forage fish,Chordata (Actinopterygii),Fish,Post-oil spill assessment,1092-A1-SS-13,,ng/g,wet,Provided,Eggs,1,1,CALC_016,,,,forage fish,NOAA Western Mariner Assessment,NOAA Western Mariner Assessment
Diver,Western Mariner Preassessment Tissue,2022,22.697,57.1739,-135.60535,Bay Mussel,Mytilus trossulus,mussel,Bivalvia,Mussels,Post-oil spill assessment,1092-A1-SS-7,,ng/g,wet,Provided,Other,1,1,CALC_016,,,,mussel,NOAA Western Mariner Assessment,NOAA Western Mariner Assessment
Diver,Western Mariner Preassessment Tissue,2022,3.67,57.1739,-135.60535,Pacific Herring,Clupea pallasii,forage fish,Chordata (Actinopterygii),Fish,Post-oil spill assessment,1092-A1-SS-7.5,,ng/g,wet,Provided,Eggs,1,1,CALC_016,,,,forage fish,NOAA Western Mariner Assessment,NOAA Western Mariner Assessment
Diver,Western Mariner Preassessment Tissue,2022,21.442,57.224283,-135.552133,Bay Mussel,Mytilus trossulus,mussel,Bivalvia,Mussels,Post-oil spill assessment,1092-A1-SS-5,,ng/g,wet,Provided,Other,1,1,CALC_016,,,,mussel,NOAA Western Mariner Assessment,NOAA Western Mariner Assessment
Diver,Western Mariner Preassessment Tissue,2022,15.409,57.24035,-135.528267,Bay Mussel,Mytilus trossulus,mussel,Bivalvia,Mussels,Post-oil spill assessment,1092-A1-SS-4,,ng/g,wet,Provided,Other,1,1,CALC_016,,,,mussel,NOAA Western Mariner Assessment,NOAA Western Mariner Assessment
Diver,Western Mariner Preassessment Tissue,2022,24.658,57.219483,-135.509517,Butter Clam,Saxidomus gigantea,clam,Bivalvia,Clams,Post-oil spill assessment,1092-A1-SS-6,,ng/g,wet,Provided,Other,1,1,CALC_016,,,,clam,NOAA Western Mariner Assessment,NOAA Western Mariner Assessment
Diver,Western Mariner Preassessment Tissue,2022,5.985,57.146883,-135.509217,Pacific Herring,Clupea pallasii,forage fish,Chordata (Actinopterygii),Fish,Post-oil spill assessment,1092-A1-SS-9,,ng/g,wet,Provided,Eggs,1,1,CALC_016,,,,forage fish,NOAA Western Mariner Assessment,NOAA Western Mariner Assessment
Diver,Western Mariner Preassessment Tissue,2022,38.701,57.290183,-135.59695,Bay Mussel,Mytilus trossulus,mussel,Bivalvia,Mussels,Post-oil spill assessment,1092-A1-SS-1,,ng/g,wet,Provided,Other,1,1,CALC_016,,,,mussel,NOAA Western Mariner Assessment,NOAA Western Mariner Assessment
Diver,Western Mariner Preassessment Tissue,2022,23.028,57.252733,-135.568283,Bay Mussel,Mytilus trossulus,mussel,Bivalvia,Mussels,Post-oil spill assessment,1092-A1-SS-3,,ng/g,wet,Provided,Other,1,1,CALC_016,,,,mussel,NOAA Western Mariner Assessment,NOAA Western Mariner Assessment
Diver,Western Mariner Preassessment Tissue,2022,8.03,57.27007,-135.59366,Cockle,Clinocardium nuttallii,cockle,Bivalvia,Clams,Post-oil spill assessment,1092-A1-GS003,,ng/g,wet,Provided,Whole Body,1,1,CALC_016,,,,cockle,NOAA Western Mariner Assessment,NOAA Western Mariner Assessment
Diver,Western Mariner Preassessment Tissue,2022,10.82,57.27028,-135.59399,Bay Mussel,Mytilus trossulus,mussel,Bivalvia,Mussels,Post-oil spill assessment,1092-A1-GS001,,ng/g,wet,Provided,Whole Body,1,1,CALC_016,,,,mussel,NOAA Western Mariner Assessment,NOAA Western Mariner Assessment
Diver,Western Mariner Preassessment Tissue,2022,4.62,57.27028,-135.59399,Bay Mussel,Mytilus trossulus,mussel,Bivalvia,Mussels,Post-oil spill assessment,1092-A1-GS002,,ng/g,wet,Provided,Whole Body,1,1,UCALC_016,,,,mussel,NOAA Western Mariner Assessment,NOAA Western Mariner Assessment
Diver,Western Mariner Preassessment Tissue,2022,21.63,57.2814,-135.5984,Butter Clam,Saxidomus gigantea,clam,Bivalvia,Clams,Post-oil spill assessment,1092-A1-HI001,,ng/g,wet,Provided,Whole Body,1,1,CALC_016,,,,clam,NOAA Western Mariner Assessment,NOAA Western Mariner Assessment
Diver,Western Mariner Preassessment Tissue,2022,34.21,57.2814,-135.5984,Butter Clam,Saxidomus gigantea,clam,Bivalvia,Clams,Post-oil spill assessment,1092-A1-HI002,,ng/g,wet,Provided,Whole Body,1,1,CALC_016,,,,clam,NOAA Western Mariner Assessment,NOAA Western Mariner Assessment
Diver,Western Mariner Preassessment Tissue,2022,7.47,57.2814,-135.5984,Butter Clam,Saxidomus gigantea,clam,Bivalvia,Clams,Post-oil spill assessment,1092-A1-HI003,,ng/g,wet,Provided,Whole Body,1,1,CALC_016,,,,clam,NOAA Western Mariner Assessment,NOAA Western Mariner Assessment
Diver,Western Mariner Preassessment Tissue,2022,4.82,57.2814,-135.5984,Cockle,Clinocardium nuttallii,cockle,Bivalvia,Clams,Post-oil spill assessment,1092-A1-HI004,,ng/g,wet,Provided,Whole Body,1,1,UCALC_016,,,,cockle,NOAA Western Mariner Assessment,NOAA Western Mariner Assessment
Diver,Western Mariner Preassessment Tissue,2022,4.89,57.2814,-135.5984,Cockle,Clinocardium nuttallii,cockle,Bivalvia,Clams,Post-oil spill assessment,1092-A1-HI005,,ng/g,wet,Provided,Whole Body,1,1,UCALC_016,,,,cockle,NOAA Western Mariner Assessment,NOAA Western Mariner Assessment
Diver,Western Mariner Preassessment Tissue,2022,9.15,57.28152,-135.59818,Bay Mussel,Mytilus trossulus,mussel,Bivalvia,Mussels,Post-oil spill assessment,1092-A1-HI006,,ng/g,wet,Provided,Whole Body,1,1,CALC_016,,,,mussel,NOAA Western Mariner Assessment,NOAA Western Mariner Assessment
Diver,Western Mariner Preassessment Tissue,2022,7.32,57.28152,-135.59818,Bay Mussel,Mytilus trossulus,mussel,Bivalvia,Mussels,Post-oil spill assessment,1092-A1-HI007,,ng/g,wet,Provided,Whole Body,1,1,CALC_016,,,,mussel,NOAA Western Mariner Assessment,NOAA Western Mariner Assessment
Diver,Western Mariner Preassessment Tissue,2022,4.71,57.28152,-135.59818,Bay Mussel,Mytilus trossulus,mussel,Bivalvia,Mussels,Post-oil spill assessment,1092-A1-HI008,,ng/g,wet,Provided,Whole Body,1,1,UCALC_016,,,,mussel,NOAA Western Mariner Assessment,NOAA Western Mariner Assessment
Diver,Western Mariner Preassessment Tissue,2022,4.96,57.24195,-135.62268,Bay Mussel,Mytilus trossulus,mussel,Bivalvia,Mussels,Post-oil spill assessment,1092-A1-KS001,,ng/g,wet,Provided,Whole Body,1,1,UCALC_016,,,,mussel,NOAA Western Mariner Assessment,NOAA Western Mariner Assessment
Diver,Western Mariner Preassessment Tissue,2022,4.98,57.24195,-135.62268,Bay Mussel,Mytilus trossulus,mussel,Bivalvia,Mussels,Post-oil spill assessment,1092-A1-KS002,,ng/g,wet,Provided,Whole Body,1,1,UCALC_016,,,,mussel,NOAA Western Mariner Assessment,NOAA Western Mariner Assessment
Diver,Western Mariner Preassessment Tissue,2022,4.87,57.24195,-135.62268,Bay Mussel,Mytilus trossulus,mussel,Bivalvia,Mussels,Post-oil spill assessment,1092-A1-KS003,,ng/g,wet,Provided,Whole Body,1,1,UCALC_016,,,,mussel,NOAA Western Mariner Assessment,NOAA Western Mariner Assessment
Diver,Western Mariner Preassessment Tissue,2022,4.75,57.24195,-135.62268,Butter Clam,Saxidomus gigantea,clam,Bivalvia,Clams,Post-oil spill assessment,1092-A1-KS004,,ng/g,wet,Provided,Whole Body,1,1,UCALC_016,,,,clam,NOAA Western Mariner Assessment,NOAA Western Mariner Assessment
Diver,Western Mariner Preassessment Tissue,2022,4.68,57.24195,-135.62268,Butter Clam,Saxidomus gigantea,clam,Bivalvia,Clams,Post-oil spill assessment,1092-A1-KS005,,ng/g,wet,Provided,Whole Body,1,1,UCALC_016,,,,clam,NOAA Western Mariner Assessment,NOAA Western Mariner Assessment
Diver,Western Mariner Preassessment Tissue,2022,4.56,57.24195,-135.62268,Butter Clam,Saxidomus gigantea,clam,Bivalvia,Clams,Post-oil spill assessment,1092-A1-KS006,,ng/g,wet,Provided,Whole Body,1,1,UCALC_016,,,,clam,NOAA Western Mariner Assessment,NOAA Western Mariner Assessment
Diver,Western Mariner Preassessment Tissue,2022,4.21,57.24195,-135.62268,Cockle,Clinocardium nuttallii,cockle,Bivalvia,Clams,Post-oil spill assessment,1092-A1-KS007,,ng/g,wet,Provided,Whole Body,1,1,UCALC_016,,,,cockle,NOAA Western Mariner Assessment,NOAA Western Mariner Assessment
Diver,Western Mariner Preassessment Tissue,2023,4.89,57.29177667,-135.61568,Bay Mussel,Mytilus trossulus,mussel,Bivalvia,Mussels,Post-oil spill assessment,1092-A1-WMCOMP02,,ng/g,wet,Provided,Other,1,1,UCALC_016,,,,mussel,NOAA Western Mariner Assessment,NOAA Western Mariner Assessment
Diver,Western Mariner Preassessment Tissue,2023,4.42,57.29139,-135.6156,Butter Clam,Saxidomus gigantea,clam,Bivalvia,Clams,Post-oil spill assessment,1092-A1-WM018,,ng/g,wet,Provided,Other,1,1,UCALC_016,,,,clam,NOAA Western Mariner Assessment,NOAA Western Mariner Assessment
Diver,Western Mariner Preassessment Tissue,2023,4.74,57.29139,-135.6156,Cockle,Clinocardium nuttallii,cockle,Bivalvia,Clams,Post-oil spill assessment,1092-A1-WM019,,ng/g,wet,Provided,Other,1,1,UCALC_016,,,,cockle,NOAA Western Mariner Assessment,NOAA Western Mariner Assessment
Diver,Western Mariner Preassessment Tissue,2023,4.99,57.29176,-135.61546,Butter Clam,Saxidomus gigantea,clam,Bivalvia,Clams,Post-oil spill assessment,1092-A1-WM020,,ng/g,wet,Provided,Other,1,1,UCALC_016,,,,clam,NOAA Western Mariner Assessment,NOAA Western Mariner Assessment
Diver,Western Mariner Preassessment Tissue,2023,8.171,57.27015,-135.59343,Butter Clam,Saxidomus gigantea,clam,Bivalvia,Clams,Post-oil spill assessment,1092-A1-WM001,,ng/g,wet,Provided,Other,1,1,CALC_016,,,,clam,NOAA Western Mariner Assessment,NOAA Western Mariner Assessment
Diver,Western Mariner Preassessment Tissue,2023,10.714,57.27017,-135.59385,Bay Mussel,Mytilus trossulus,mussel,Bivalvia,Mussels,Post-oil spill assessment,1092-A1-WM003,,ng/g,wet,Provided,Other,1,1,CALC_016,,,,mussel,NOAA Western Mariner Assessment,NOAA Western Mariner Assessment
Diver,Western Mariner Preassessment Tissue,2023,4.9,57.27028,-135.59331,Cockle,Clinocardium nuttallii,cockle,Bivalvia,Clams,Post-oil spill assessment,1092-A1-WM002,,ng/g,wet,Provided,Other,1,1,UCALC_016,,,,cockle,NOAA Western Mariner Assessment,NOAA Western Mariner Assessment
Diver,Western Mariner Preassessment Tissue,2023,4.929,57.27061,-135.59407,Bay Mussel,Mytilus trossulus,mussel,Bivalvia,Mussels,Post-oil spill assessment,1092-A1-WM006,,ng/g,wet,Provided,Other,1,1,CALC_016,,,,mussel,NOAA Western Mariner Assessment,NOAA Western Mariner Assessment
Diver,Western Mariner Preassessment Tissue,2023,4.65,57.27063,-135.5939,Butter Clam,Saxidomus gigantea,clam,Bivalvia,Clams,Post-oil spill assessment,1092-A1-WM004,,ng/g,wet,Provided,Other,1,1,UCALC_016,,,,clam,NOAA Western Mariner Assessment,NOAA Western Mariner Assessment
Diver,Western Mariner Preassessment Tissue,2023,4.63,57.27063,-135.5939,Cockle,Clinocardium nuttallii,cockle,Bivalvia,Clams,Post-oil spill assessment,1092-A1-WM005,,ng/g,wet,Provided,Other,1,1,UCALC_016,,,,cockle,NOAA Western Mariner Assessment,NOAA Western Mariner Assessment
Diver,Western Mariner Preassessment Tissue,2023,3.933,57.28159,-135.5974167,Bay Mussel,Mytilus trossulus,mussel,Bivalvia,Mussels,Post-oil spill assessment,1092-A1-WMCOMP01,,ng/g,wet,Provided,Other,1,1,CALC_016,,,,mussel,NOAA Western Mariner Assessment,NOAA Western Mariner Assessment
Diver,Western Mariner Preassessment Tissue,2023,7.004,57.28125,-135.59805,Butter Clam,Saxidomus gigantea,clam,Bivalvia,Clams,Post-oil spill assessment,1092-A1-WM010,,ng/g,wet,Provided,Other,1,1,CALC_016,,,,clam,NOAA Western Mariner Assessment,NOAA Western Mariner Assessment
Diver,Western Mariner Preassessment Tissue,2023,2.694,57.28135,-135.59799,Butter Clam,Saxidomus gigantea,clam,Bivalvia,Clams,Post-oil spill assessment,1092-A1-WM011,,ng/g,wet,Provided,Other,1,1,CALC_016,,,,clam,NOAA Western Mariner Assessment,NOAA Western Mariner Assessment
Diver,Western Mariner Preassessment Tissue,2023,4.41,57.28135,-135.59799,Cockle,Clinocardium nuttallii,cockle,Bivalvia,Clams,Post-oil spill assessment,1092-A1-WM012,,ng/g,wet,Provided,Other,1,1,UCALC_016,,,,cockle,NOAA Western Mariner Assessment,NOAA Western Mariner Assessment
Diver,Western Mariner Preassessment Tissue,2023,4.93,57.28148,-135.5977,Butter Clam,Saxidomus gigantea,clam,Bivalvia,Clams,Post-oil spill assessment,1092-A1-WM013,,ng/g,wet,Provided,Other,1,1,UCALC_016,,,,clam,NOAA Western Mariner Assessment,NOAA Western Mariner Assessment
Diver,Western Mariner Preassessment Tissue,2023,4.82,57.28148,-135.5977,Cockle,Clinocardium nuttallii,cockle,Bivalvia,Clams,Post-oil spill assessment,1092-A1-WM014,,ng/g,wet,Provided,Other,1,1,UCALC_016,,,,cockle,NOAA Western Mariner Assessment,NOAA Western Mariner Assessment
Diver,Western Mariner Preassessment Tissue,2023,2.87,57.29452077,-135.6188831,Bay Mussel,Mytilus trossulus,mussel,Bivalvia,Mussels,Post-oil spill assessment,1092-A1-WMCOMP04,,ng/g,wet,Provided,Other,1,1,UCALC_016,,,,mussel,NOAA Western Mariner Assessment,NOAA Western Mariner Assessment
Diver,Western Mariner Preassessment Tissue,2023,4.45,57.30067,-135.637,Bay Mussel,Mytilus trossulus,mussel,Bivalvia,Mussels,Post-oil spill assessment,1092-A1-WMCOMP03,,ng/g,wet,Provided,Other,1,1,UCALC_016,,,,mussel,NOAA Western Mariner Assessment,NOAA Western Mariner Assessment
Diver,Western Mariner Preassessment Tissue,2023,2.94,57.29684333,-135.5877267,Bay Mussel,Mytilus trossulus,mussel,Bivalvia,Mussels,Post-oil spill assessment,1092-A1-WMCOMP05,,ng/g,wet,Provided,Other,1,1,UCALC_016,,,,mussel,NOAA Western Mariner Assessment,NOAA Western Mariner Assessment
Diver,Western Mariner Preassessment Tissue,2023,2.91,57.29006667,-135.5976033,Bay Mussel,Mytilus trossulus,mussel,Bivalvia,Mussels,Post-oil spill assessment,1092-A1-WMCOMP06,,ng/g,wet,Provided,Other,1,1,UCALC_016,,,,mussel,NOAA Western Mariner Assessment,NOAA Western Mariner Assessment
Diver,Western Mariner Preassessment Tissue,2023,3.633,57.26755333,-135.5831267,Bay Mussel,Mytilus trossulus,mussel,Bivalvia,Mussels,Post-oil spill assessment,1092-A1-WMCOMP07,,ng/g,wet,Provided,Other,1,1,CALC_016,,,,mussel,NOAA Western Mariner Assessment,NOAA Western Mariner Assessment
Diver,Western Mariner Preassessment Tissue,2023,4.62,57.22848,-135.5373567,Bay Mussel,Mytilus trossulus,mussel,Bivalvia,Mussels,Post-oil spill assessment,1092-A1-WMCOMP10,,ng/g,wet,Provided,Other,1,1,UCALC_016,,,,mussel,NOAA Western Mariner Assessment,NOAA Western Mariner Assessment
Diver,Western Mariner Preassessment Tissue,2023,3.801,57.19276,-135.4764233,Bay Mussel,Mytilus trossulus,mussel,Bivalvia,Mussels,Post-oil spill assessment,1092-A1-WMCOMP09,,ng/g,wet,Provided,Other,1,1,CALC_016,,,,mussel,NOAA Western Mariner Assessment,NOAA Western Mariner Assessment
Diver,Western Mariner Preassessment Tissue,2023,3.92,57.19261,-135.47606,Cockle,Clinocardium nuttallii,cockle,Bivalvia,Clams,Post-oil spill assessment,1092-A1-WM043,,ng/g,wet,Provided,Other,1,1,CALC_016,,,,cockle,NOAA Western Mariner Assessment,NOAA Western Mariner Assessment
Diver,Western Mariner Preassessment Tissue,2023,4.65,57.19279,-135.47623,Butter Clam,Saxidomus gigantea,clam,Bivalvia,Clams,Post-oil spill assessment,1092-A1-WM045,,ng/g,wet,Provided,Other,1,1,UCALC_016,,,,clam,NOAA Western Mariner Assessment,NOAA Western Mariner Assessment
Diver,Western Mariner Preassessment Tissue,2023,3.381,57.25185,-135.5673133,Bay Mussel,Mytilus trossulus,mussel,Bivalvia,Mussels,Post-oil spill assessment,1092-A1-WMCOMP08,,ng/g,wet,Provided,Other,1,1,CALC_016,,,,mussel,NOAA Western Mariner Assessment,NOAA Western Mariner Assessment
Diver,Western Mariner Preassessment Tissue,2024,5.56,57.292272,-135.615247,Bay Mussel,Mytilus trossulus,mussel,Bivalvia,Mussels,Post-oil spill assessment,1092-A1-17MW001-24,,ng/g,wet,Provided,Other,1,1,CALC_016,,,,mussel,NOAA Western Mariner Assessment,NOAA Western Mariner Assessment
Diver,Western Mariner Preassessment Tissue,2024,5.76,57.29212,-135.615404,Bay Mussel,Mytilus trossulus,mussel,Bivalvia,Mussels,Post-oil spill assessment,1092-A1-17MW002-24,,ng/g,wet,Provided,Other,1,1,CALC_016,,,,mussel,NOAA Western Mariner Assessment,NOAA Western Mariner Assessment
Diver,Western Mariner Preassessment Tissue,2024,7.39,57.291792,-135.615679,Bay Mussel,Mytilus trossulus,mussel,Bivalvia,Mussels,Post-oil spill assessment,1092-A1-17MW003-24,,ng/g,wet,Provided,Other,1,1,CALC_016,,,,mussel,NOAA Western Mariner Assessment,NOAA Western Mariner Assessment
Diver,Western Mariner Preassessment Tissue,2024,5.68,57.2702,-135.593477,Bay Mussel,Mytilus trossulus,mussel,Bivalvia,Mussels,Post-oil spill assessment,1092-A1-GS001-24,,ng/g,wet,Provided,Other,1,1,CALC_016,,,,mussel,NOAA Western Mariner Assessment,NOAA Western Mariner Assessment
Diver,Western Mariner Preassessment Tissue,2024,5.82,57.27021,-135.593783,Bay Mussel,Mytilus trossulus,mussel,Bivalvia,Mussels,Post-oil spill assessment,1092-A1-GS002-24,,ng/g,wet,Provided,Other,1,1,CALC_016,,,,mussel,NOAA Western Mariner Assessment,NOAA Western Mariner Assessment
Diver,Western Mariner Preassessment Tissue,2024,5.64,57.270419,-135.594041,Bay Mussel,Mytilus trossulus,mussel,Bivalvia,Mussels,Post-oil spill assessment,1092-A1-GS003-24,,ng/g,wet,Provided,Other,1,1,CALC_016,,,,mussel,NOAA Western Mariner Assessment,NOAA Western Mariner Assessment
Diver,Western Mariner Preassessment Tissue,2024,5.66,57.270166,-135.593979,Bay Mussel,Mytilus trossulus,mussel,Bivalvia,Mussels,Post-oil spill assessment,1092-A1-GS004-24,,ng/g,wet,Provided,Other,1,1,CALC_016,,,,mussel,NOAA Western Mariner Assessment,NOAA Western Mariner Assessment
Diver,Western Mariner Preassessment Tissue,2024,5.03,57.281612,-135.597631,Bay Mussel,Mytilus trossulus,mussel,Bivalvia,Mussels,Post-oil spill assessment,1092-A1-HI001-24,,ng/g,wet,Provided,Other,1,1,CALC_016,,,,mussel,NOAA Western Mariner Assessment,NOAA Western Mariner Assessment
Diver,Western Mariner Preassessment Tissue,2024,6.2,57.281625,-135.598115,Bay Mussel,Mytilus trossulus,mussel,Bivalvia,Mussels,Post-oil spill assessment,1092-A1-HI002-24,,ng/g,wet,Provided,Other,1,1,CALC_016,,,,mussel,NOAA Western Mariner Assessment,NOAA Western Mariner Assessment
Diver,Western Mariner Preassessment Tissue,2024,6.57,57.281467,-135.598349,Bay Mussel,Mytilus trossulus,mussel,Bivalvia,Mussels,Post-oil spill assessment,1092-A1-HI003-24,,ng/g,wet,Provided,Other,1,1,CALC_016,,,,mussel,NOAA Western Mariner Assessment,NOAA Western Mariner Assessment
Diver,Western Mariner Preassessment Tissue,2024,4.69,57.192933,-135.476669,Bay Mussel,Mytilus trossulus,mussel,Bivalvia,Mussels,Post-oil spill assessment,1092-A1-OS001-24,,ng/g,wet,Provided,Other,1,1,UCALC_016,,,,mussel,NOAA Western Mariner Assessment,NOAA Western Mariner Assessment
Diver,Western Mariner Preassessment Tissue,2024,4.61,57.193109,-135.476938,Bay Mussel,Mytilus trossulus,mussel,Bivalvia,Mussels,Post-oil spill assessment,1092-A1-OS003-24,,ng/g,wet,Provided,Other,1,1,CALC_016,,,,mussel,NOAA Western Mariner Assessment,NOAA Western Mariner Assessment
Shigenaka,"Shigenaka 2008, Exxon Valdez Intertidal monitoring",2007,20.4,60.53,-147.606667,Littleneck Clam,Leukoma staminea,clam,Bivalvia,Clams,Background biomonitoring / Post-oil spill assessment,TC17,,ng/g,dry,Provided,Whole Body,,,,1,,,clam,"Exxon Valdez Intertidal Study, Shigenaka",Other Peer-reviewed Studies
Shigenaka,"Shigenaka 2008, Exxon Valdez Intertidal monitoring",2007,8.3,60.53,-147.606667,Littleneck Clam,Leukoma staminea,clam,Bivalvia,Clams,Background biomonitoring / Post-oil spill assessment,TC 18,,ng/g,dry,Provided,Whole Body,,,,1,,,clam,"Exxon Valdez Intertidal Study, Shigenaka",Other Peer-reviewed Studies
Shigenaka,"Shigenaka 2008, Exxon Valdez Intertidal monitoring",2007,12.6,60.53,-147.606667,Littleneck Clam,Leukoma staminea,clam,Bivalvia,Clams,Background biomonitoring / Post-oil spill assessment,TC 20A,,ng/g,dry,Provided,Whole Body,,,,1,,,clam,"Exxon Valdez Intertidal Study, Shigenaka",Other Peer-reviewed Studies
Shigenaka,"Shigenaka 2008, Exxon Valdez Intertidal monitoring",2007,20.8,60.53,-147.606667,Littleneck Clam,Leukoma staminea,clam,Bivalvia,Clams,Background biomonitoring / Post-oil spill assessment,TC 19,,ng/g,dry,Provided,Whole Body,,,,1,,,clam,"Exxon Valdez Intertidal Study, Shigenaka",Other Peer-reviewed Studies
Shigenaka,"Shigenaka 2008, Exxon Valdez Intertidal monitoring",2007,27.9,60.53,-147.606667,Littleneck Clam,Leukoma staminea,clam,Bivalvia,Clams,Background biomonitoring / Post-oil spill assessment,TC 20,,ng/g,dry,Provided,Whole Body,,,,1,,,clam,"Exxon Valdez Intertidal Study, Shigenaka",Other Peer-reviewed Studies
Shigenaka,"Shigenaka 2008, Exxon Valdez Intertidal monitoring",2007,19.9,60.536111,-147.615556,Littleneck Clam,Leukoma staminea,clam,Bivalvia,Clams,Background biomonitoring / Post-oil spill assessment,TC 15,,ng/g,dry,Provided,Whole Body,,,,1,,,clam,"Exxon Valdez Intertidal Study, Shigenaka",Other Peer-reviewed Studies
Shigenaka,"Shigenaka 2008, Exxon Valdez Intertidal monitoring",2007,363.5,60.536111,-147.615556,Littleneck Clam,Leukoma staminea,clam,Bivalvia,Clams,Background biomonitoring / Post-oil spill assessment,TC 15,,ng/g,dry,Provided,Whole Body,,,,1,,,clam,"Exxon Valdez Intertidal Study, Shigenaka",Other Peer-reviewed Studies
Shigenaka,"Shigenaka 2008, Exxon Valdez Intertidal monitoring",2007,352.7,60.536111,-147.615556,Littleneck Clam,Leukoma staminea,clam,Bivalvia,Clams,Background biomonitoring / Post-oil spill assessment,TC 15,,ng/g,dry,Provided,Whole Body,,,,1,,,clam,"Exxon Valdez Intertidal Study, Shigenaka",Other Peer-reviewed Studies
Shigenaka,"Shigenaka 2008, Exxon Valdez Intertidal monitoring",2007,12.3,60.536111,-147.615556,Littleneck Clam,Leukoma staminea,clam,Bivalvia,Clams,Background biomonitoring / Post-oil spill assessment,TC 16,,ng/g,dry,Provided,Whole Body,,,,1,,,clam,"Exxon Valdez Intertidal Study, Shigenaka",Other Peer-reviewed Studies
Shigenaka,"Shigenaka 2008, Exxon Valdez Intertidal monitoring",2007,43,60.536111,-147.615556,Littleneck Clam,Leukoma staminea,clam,Bivalvia,Clams,Background biomonitoring / Post-oil spill assessment,TC 16A,,ng/g,dry,Provided,Whole Body,,,,1,,,clam,"Exxon Valdez Intertidal Study, Shigenaka",Other Peer-reviewed Studies
Shigenaka,"Shigenaka 2008, Exxon Valdez Intertidal monitoring",2007,14.6,60.261944,-147.765833,Littleneck Clam,Leukoma staminea,clam,Bivalvia,Clams,Background biomonitoring / Post-oil spill assessment,TC 35,,ng/g,dry,Provided,Whole Body,,,,1,,,clam,"Exxon Valdez Intertidal Study, Shigenaka",Other Peer-reviewed Studies
Shigenaka,"Shigenaka 2008, Exxon Valdez Intertidal monitoring",2007,63.5,60.261944,-147.765833,Littleneck Clam,Leukoma staminea,clam,Bivalvia,Clams,Background biomonitoring / Post-oil spill assessment,TC 36,,ng/g,dry,Provided,Whole Body,,,,1,,,clam,"Exxon Valdez Intertidal Study, Shigenaka",Other Peer-reviewed Studies
Shigenaka,"Shigenaka 2008, Exxon Valdez Intertidal monitoring",2007,6.2,60.116389,-148.246667,Littleneck Clam,Leukoma staminea,clam,Bivalvia,Clams,Background biomonitoring / Post-oil spill assessment,TC 41,,ng/g,dry,Provided,Whole Body,,,,1,,,clam,"Exxon Valdez Intertidal Study, Shigenaka",Other Peer-reviewed Studies
Shigenaka,"Shigenaka 2008, Exxon Valdez Intertidal monitoring",2007,44.3,60.116389,-148.246667,Littleneck Clam,Leukoma staminea,clam,Bivalvia,Clams,Background biomonitoring / Post-oil spill assessment,TC 24,,ng/g,dry,Provided,Whole Body,,,,1,,,clam,"Exxon Valdez Intertidal Study, Shigenaka",Other Peer-reviewed Studies
Shigenaka,"Shigenaka 2008, Exxon Valdez Intertidal monitoring",2007,13.1,60.685,-145.939444,Littleneck Clam,Leukoma staminea,clam,Bivalvia,Clams,Background biomonitoring / Post-oil spill assessment,TC 04A,,ng/g,dry,Provided,Whole Body,,,,1,,,clam,"Exxon Valdez Intertidal Study, Shigenaka",Other Peer-reviewed Studies
Shigenaka,"Shigenaka 2008, Exxon Valdez Intertidal monitoring",2007,373,60.685,-145.939444,Littleneck Clam,Leukoma staminea,clam,Bivalvia,Clams,Background biomonitoring / Post-oil spill assessment,TC 04A,,ng/g,dry,Provided,Whole Body,,,,1,,,clam,"Exxon Valdez Intertidal Study, Shigenaka",Other Peer-reviewed Studies
Shigenaka,"Shigenaka 2008, Exxon Valdez Intertidal monitoring",2007,357.1,60.685,-145.939444,Littleneck Clam,Leukoma staminea,clam,Bivalvia,Clams,Background biomonitoring / Post-oil spill assessment,TC 04A,,ng/g,dry,Provided,Whole Body,,,,1,,,clam,"Exxon Valdez Intertidal Study, Shigenaka",Other Peer-reviewed Studies
Shigenaka,"Shigenaka 2008, Exxon Valdez Intertidal monitoring",2007,24.2,60.685,-145.939444,Littleneck Clam,Leukoma staminea,clam,Bivalvia,Clams,Background biomonitoring / Post-oil spill assessment,TC 01,,ng/g,dry,Provided,Whole Body,,,,1,,,clam,"Exxon Valdez Intertidal Study, Shigenaka",Other Peer-reviewed Studies
Shigenaka,"Shigenaka 2008, Exxon Valdez Intertidal monitoring",2007,32,60.685,-145.939444,Littleneck Clam,Leukoma staminea,clam,Bivalvia,Clams,Background biomonitoring / Post-oil spill assessment,TC 02,,ng/g,dry,Provided,Whole Body,,,,1,,,clam,"Exxon Valdez Intertidal Study, Shigenaka",Other Peer-reviewed Studies
Shigenaka,"Shigenaka 2008, Exxon Valdez Intertidal monitoring",2007,22.7,60.685,-145.939444,Littleneck Clam,Leukoma staminea,clam,Bivalvia,Clams,Background biomonitoring / Post-oil spill assessment,TC 03,,ng/g,dry,Provided,Whole Body,,,,1,,,clam,"Exxon Valdez Intertidal Study, Shigenaka",Other Peer-reviewed Studies
Shigenaka,"Shigenaka 2008, Exxon Valdez Intertidal monitoring",2007,22.8,60.543889,-147.6025,Littleneck Clam,Leukoma staminea,clam,Bivalvia,Clams,Background biomonitoring / Post-oil spill assessment,TC 08b,,ng/g,dry,Provided,Whole Body,,,,1,,,clam,"Exxon Valdez Intertidal Study, Shigenaka",Other Peer-reviewed Studies
Shigenaka,"Shigenaka 2008, Exxon Valdez Intertidal monitoring",2007,41.5,60.543889,-147.6025,Littleneck Clam,Leukoma staminea,clam,Bivalvia,Clams,Background biomonitoring / Post-oil spill assessment,TC 07,,ng/g,dry,Provided,Whole Body,,,,1,,,clam,"Exxon Valdez Intertidal Study, Shigenaka",Other Peer-reviewed Studies
Nationwide,Mussel Watch,2012,17.14,60.33995,-147.8348045,Blue Mussel,Mytilus edulis,mussel,Bivalvia,Mussels,Background biomonitoring,WPJB,,ng/g,,Provided,Other,,,,,,,mussel,NOAA Mussel Watch,NOAA Mussel Watch
Nationwide,Mussel Watch,2012,137.8,60.113,-149.374,Blue Mussel,Mytilus edulis,mussel,Bivalvia,Mussels,Background biomonitoring,RBMF,,ng/g,,Provided,Other,,,,,,,mussel,NOAA Mussel Watch,NOAA Mussel Watch
Nationwide,Mussel Watch,2012,46.91,59.46423068,-151.7085,Blue Mussel,Mytilus edulis,mussel,Bivalvia,Mussels,Background biomonitoring,KBOB,,ng/g,,Provided,Other,,,,,,,mussel,NOAA Mussel Watch,NOAA Mussel Watch
Nationwide,Mussel Watch,2012,18.53,60.67212,-145.8840909,Blue Mussel,Mytilus edulis,mussel,Bivalvia,Mussels,Background biomonitoring,EPSB,,ng/g,,Provided,Other,,,,,,,mussel,NOAA Mussel Watch,NOAA Mussel Watch
Nationwide,Mussel Watch,2012,11.98,60.45989,-147.7174887,Blue Mussel,Mytilus edulis,mussel,Bivalvia,Mussels,Background biomonitoring,WPHE,,ng/g,,Provided,Other,,,,,,,mussel,NOAA Mussel Watch,NOAA Mussel Watch
Nationwide,Mussel Watch,2012,8.808,60.20197,-147.7598091,Blue Mussel,Mytilus edulis,mussel,Bivalvia,Mussels,Background biomonitoring,WPHO,,ng/g,,Provided,Other,,,,,,,mussel,NOAA Mussel Watch,NOAA Mussel Watch
Nationwide,Mussel Watch,2012,13.175,60.13004,-147.9982955,Blue Mussel,Mytilus edulis,mussel,Bivalvia,Mussels,Background biomonitoring,WPIB,,ng/g,,Provided,Other,,,,,,,mussel,NOAA Mussel Watch,NOAA Mussel Watch
Nationwide,Mussel Watch,2012,20.65,60.94349,-146.6766955,Blue Mussel,Mytilus edulis,mussel,Bivalvia,Mussels,Background biomonitoring,EPGB,,ng/g,,Provided,Other,,,,,,,mussel,NOAA Mussel Watch,NOAA Mussel Watch
Nationwide,Mussel Watch,2012,14.35,59.53913068,-151.4769113,Blue Mussel,Mytilus edulis,mussel,Bivalvia,Mussels,Background biomonitoring,KBCI,,ng/g,,Provided,Other,,,,,,,mussel,NOAA Mussel Watch,NOAA Mussel Watch
Nationwide,Mussel Watch,2012,74.35,60.59523,-145.7347977,Blue Mussel,Mytilus edulis,mussel,Bivalvia,Mussels,Background biomonitoring,EPOI,,ng/g,,Provided,Other,,,,,,,mussel,NOAA Mussel Watch,NOAA Mussel Watch
Nationwide,Mussel Watch,2012,50.59,60.86214,-146.2443091,Blue Mussel,Mytilus edulis,mussel,Bivalvia,Mussels,Background biomonitoring,EPPF,,ng/g,,Provided,Other,,,,,,,mussel,NOAA Mussel Watch,NOAA Mussel Watch
Nationwide,Mussel Watch,2012,295.5,60.10208,-149.3641895,Blue Mussel,Mytilus edulis,mussel,Bivalvia,Mussels,Background biomonitoring,RBLP,,ng/g,,Provided,Other,,,,,,,mussel,NOAA Mussel Watch,NOAA Mussel Watch
Wetzel,"Dr Wetzel, Mote Marine Database",2024,1409.111143,70.4333,-150.4333,Arctic Cisco,Coregonus autumnalis,anadromous/freshwater fish,Chordata (Actinopterygii),Fish,,182,,ng/g,,Provided,Organ,,,,,,,anadromous/freshwater fish,Mote Marine Laboratory,Mote Marine Laboratory
Wetzel,"Dr Wetzel, Mote Marine Database",2024,1198.787011,70.4333,-150.4333,Arctic Cisco,Coregonus autumnalis,anadromous/freshwater fish,Chordata (Actinopterygii),Fish,,183,,ng/g,,Provided,Organ,,,,,,,anadromous/freshwater fish,Mote Marine Laboratory,Mote Marine Laboratory
Wetzel,"Dr Wetzel, Mote Marine Database",2024,816.4525953,70.4333,-150.4333,Arctic Cisco,Coregonus autumnalis,anadromous/freshwater fish,Chordata (Actinopterygii),Fish,,184,,ng/g,,Provided,Organ,,,,,,,anadromous/freshwater fish,Mote Marine Laboratory,Mote Marine Laboratory
Wetzel,"Dr Wetzel, Mote Marine Database",2024,2474.239199,70.4333,-150.4333,Arctic Cisco,Coregonus autumnalis,anadromous/freshwater fish,Chordata (Actinopterygii),Fish,,185,,ng/g,,Provided,Organ,,,,,,,anadromous/freshwater fish,Mote Marine Laboratory,Mote Marine Laboratory
Wetzel,"Dr Wetzel, Mote Marine Database",2024,1085.325006,70.4333,-150.4333,Arctic Cisco,Coregonus autumnalis,anadromous/freshwater fish,Chordata (Actinopterygii),Fish,,186,,ng/g,,Provided,Organ,,,,,,,anadromous/freshwater fish,Mote Marine Laboratory,Mote Marine Laboratory
Wetzel,"Dr Wetzel, Mote Marine Database",2024,1408.968427,70.4333,-150.4333,Arctic Cisco,Coregonus autumnalis,anadromous/freshwater fish,Chordata (Actinopterygii),Fish,,187,,ng/g,,Provided,Organ,,,,,,,anadromous/freshwater fish,Mote Marine Laboratory,Mote Marine Laboratory
Wetzel,"Dr Wetzel, Mote Marine Database",2024,1705.906408,70.4333,-150.4333,Arctic Cisco,Coregonus autumnalis,anadromous/freshwater fish,Chordata (Actinopterygii),Fish,,188,,ng/g,,Provided,Organ,,,,,,,anadromous/freshwater fish,Mote Marine Laboratory,Mote Marine Laboratory
Wetzel,"Dr Wetzel, Mote Marine Database",2024,1173.924555,70.4333,-150.4333,Arctic Cisco,Coregonus autumnalis,anadromous/freshwater fish,Chordata (Actinopterygii),Fish,,189,,ng/g,,Provided,Organ,,,,,,,anadromous/freshwater fish,Mote Marine Laboratory,Mote Marine Laboratory
Wetzel,"Dr Wetzel, Mote Marine Database",2024,1584.241163,70.4333,-150.4333,Arctic Cisco,Coregonus autumnalis,anadromous/freshwater fish,Chordata (Actinopterygii),Fish,,190,,ng/g,,Provided,Organ,,,,,,,anadromous/freshwater fish,Mote Marine Laboratory,Mote Marine Laboratory
Wetzel,"Dr Wetzel, Mote Marine Database",2024,2295.133707,70.4333,-150.4333,Arctic Cisco,Coregonus autumnalis,anadromous/freshwater fish,Chordata (Actinopterygii),Fish,,191,,ng/g,,Provided,Organ,,,,,,,anadromous/freshwater fish,Mote Marine Laboratory,Mote Marine Laboratory
Wetzel,"Dr Wetzel, Mote Marine Database",2024,722.4591617,70.4333,-150.4333,Arctic Cisco,Coregonus autumnalis,anadromous/freshwater fish,Chordata (Actinopterygii),Fish,,192,,ng/g,,Provided,Organ,,,,,,,anadromous/freshwater fish,Mote Marine Laboratory,Mote Marine Laboratory
Wetzel,"Dr Wetzel, Mote Marine Database",2024,1350.248045,70.4333,-150.4333,Arctic Cisco,Coregonus autumnalis,anadromous/freshwater fish,Chordata (Actinopterygii),Fish,,193,,ng/g,,Provided,Organ,,,,,,,anadromous/freshwater fish,Mote Marine Laboratory,Mote Marine Laboratory
Wetzel,"Dr Wetzel, Mote Marine Database",2024,1165.10707,70.4333,-150.4333,Arctic Cisco,Coregonus autumnalis,anadromous/freshwater fish,Chordata (Actinopterygii),Fish,,194,,ng/g,,Provided,Organ,,,,,,,anadromous/freshwater fish,Mote Marine Laboratory,Mote Marine Laboratory
Wetzel,"Dr Wetzel, Mote Marine Database",2024,1023.732692,70.4333,-150.4333,Arctic Cisco,Coregonus autumnalis,anadromous/freshwater fish,Chordata (Actinopterygii),Fish,,195,,ng/g,,Provided,Organ,,,,,,,anadromous/freshwater fish,Mote Marine Laboratory,Mote Marine Laboratory
Wetzel,"Dr Wetzel, Mote Marine Database",2024,1102.613302,70.4333,-150.4333,Arctic Cisco,Coregonus autumnalis,anadromous/freshwater fish,Chordata (Actinopterygii),Fish,,196,,ng/g,,Provided,Organ,,,,,,,anadromous/freshwater fish,Mote Marine Laboratory,Mote Marine Laboratory
Wetzel,"Dr Wetzel, Mote Marine Database",2024,1031.883849,70.4333,-150.4333,Arctic Cisco,Coregonus autumnalis,anadromous/freshwater fish,Chordata (Actinopterygii),Fish,,197,,ng/g,,Provided,Organ,,,,,,,anadromous/freshwater fish,Mote Marine Laboratory,Mote Marine Laboratory
Wetzel,"Dr Wetzel, Mote Marine Database",2024,1044.399782,70.4333,-150.4333,Arctic Cisco,Coregonus autumnalis,anadromous/freshwater fish,Chordata (Actinopterygii),Fish,,198,,ng/g,,Provided,Organ,,,,,,,anadromous/freshwater fish,Mote Marine Laboratory,Mote Marine Laboratory
Wetzel,"Dr Wetzel, Mote Marine Database",2024,1095.451023,70.4333,-150.4333,Arctic Cisco,Coregonus autumnalis,anadromous/freshwater fish,Chordata (Actinopterygii),Fish,,199,,ng/g,,Provided,Organ,,,,,,,anadromous/freshwater fish,Mote Marine Laboratory,Mote Marine Laboratory
Wetzel,"Dr Wetzel, Mote Marine Database",2024,735.6703429,70.4333,-150.4333,Arctic Cisco,Coregonus autumnalis,anadromous/freshwater fish,Chordata (Actinopterygii),Fish,,200,,ng/g,,Provided,Organ,,,,,,,anadromous/freshwater fish,Mote Marine Laboratory,Mote Marine Laboratory
Wetzel,"Dr Wetzel, Mote Marine Database",2024,794.348999,70.4333,-150.4333,Arctic Cisco,Coregonus autumnalis,anadromous/freshwater fish,Chordata (Actinopterygii),Fish,,201,,ng/g,,Provided,Organ,,,,,,,anadromous/freshwater fish,Mote Marine Laboratory,Mote Marine Laboratory
Wetzel,"Dr Wetzel, Mote Marine Database",2024,1006.262437,70.4333,-150.4333,Arctic Cisco,Coregonus autumnalis,anadromous/freshwater fish,Chordata (Actinopterygii),Fish,,202,,ng/g,,Provided,Organ,,,,,,,anadromous/freshwater fish,Mote Marine Laboratory,Mote Marine Laboratory
Wetzel,"Dr Wetzel, Mote Marine Database",2024,1202.656654,70.4333,-150.4333,Arctic Cisco,Coregonus autumnalis,anadromous/freshwater fish,Chordata (Actinopterygii),Fish,,203,,ng/g,,Provided,Organ,,,,,,,anadromous/freshwater fish,Mote Marine Laboratory,Mote Marine Laboratory
Wetzel,"Dr Wetzel, Mote Marine Database",2024,742.3637389,70.4333,-150.4333,Arctic Cisco,Coregonus autumnalis,anadromous/freshwater fish,Chordata (Actinopterygii),Fish,,204,,ng/g,,Provided,Organ,,,,,,,anadromous/freshwater fish,Mote Marine Laboratory,Mote Marine Laboratory
Wetzel,"Dr Wetzel, Mote Marine Database",2024,1368.35967,70.4333,-150.4333,Arctic Cisco,Coregonus autumnalis,anadromous/freshwater fish,Chordata (Actinopterygii),Fish,,205,,ng/g,,Provided,Organ,,,,,,,anadromous/freshwater fish,Mote Marine Laboratory,Mote Marine Laboratory
Wetzel,"Dr Wetzel, Mote Marine Database",2024,826.5468838,70.4333,-150.4333,Arctic Cisco,Coregonus autumnalis,anadromous/freshwater fish,Chordata (Actinopterygii),Fish,,206,,ng/g,,Provided,Organ,,,,,,,anadromous/freshwater fish,Mote Marine Laboratory,Mote Marine Laboratory
Wetzel,"Dr Wetzel, Mote Marine Database",2024,1013.627363,70.4333,-150.4333,Arctic Cisco,Coregonus autumnalis,anadromous/freshwater fish,Chordata (Actinopterygii),Fish,,207,,ng/g,,Provided,Organ,,,,,,,anadromous/freshwater fish,Mote Marine Laboratory,Mote Marine Laboratory
Wetzel,"Dr Wetzel, Mote Marine Database",2024,1010.818679,70.4333,-150.4333,Arctic Cisco,Coregonus autumnalis,anadromous/freshwater fish,Chordata (Actinopterygii),Fish,,208,,ng/g,,Provided,Organ,,,,,,,anadromous/freshwater fish,Mote Marine Laboratory,Mote Marine Laboratory
Wetzel,"Dr Wetzel, Mote Marine Database",2024,1325.703385,70.4333,-150.4333,Arctic Cisco,Coregonus autumnalis,anadromous/freshwater fish,Chordata (Actinopterygii),Fish,,209,,ng/g,,Provided,Organ,,,,,,,anadromous/freshwater fish,Mote Marine Laboratory,Mote Marine Laboratory
Wetzel,"Dr Wetzel, Mote Marine Database",2024,726.9744109,70.4333,-150.4333,Arctic Cisco,Coregonus autumnalis,anadromous/freshwater fish,Chordata (Actinopterygii),Fish,,210,,ng/g,,Provided,Organ,,,,,,,anadromous/freshwater fish,Mote Marine Laboratory,Mote Marine Laboratory
Wetzel,"Dr Wetzel, Mote Marine Database",2024,681.5365667,70.4333,-150.4333,Arctic Cisco,Coregonus autumnalis,anadromous/freshwater fish,Chordata (Actinopterygii),Fish,,211,,ng/g,,Provided,Organ,,,,,,,anadromous/freshwater fish,Mote Marine Laboratory,Mote Marine Laboratory
Wetzel,"Dr Wetzel, Mote Marine Database",2024,730.0308076,70.4333,-150.4333,Arctic Cisco,Coregonus autumnalis,anadromous/freshwater fish,Chordata (Actinopterygii),Fish,,212,,ng/g,,Provided,Organ,,,,,,,anadromous/freshwater fish,Mote Marine Laboratory,Mote Marine Laboratory
Wetzel,"Dr Wetzel, Mote Marine Database",2024,826.2670115,70.4333,-150.4333,Arctic Cisco,Coregonus autumnalis,anadromous/freshwater fish,Chordata (Actinopterygii),Fish,,213,,ng/g,,Provided,Organ,,,,,,,anadromous/freshwater fish,Mote Marine Laboratory,Mote Marine Laboratory
Wetzel,"Dr Wetzel, Mote Marine Database",2024,870.0433341,70.4333,-150.4333,Arctic Cisco,Coregonus autumnalis,anadromous/freshwater fish,Chordata (Actinopterygii),Fish,,214,,ng/g,,Provided,Organ,,,,,,,anadromous/freshwater fish,Mote Marine Laboratory,Mote Marine Laboratory
Wetzel,"Dr Wetzel, Mote Marine Database",2024,639.3308187,70.4333,-150.4333,Arctic Cisco,Coregonus autumnalis,anadromous/freshwater fish,Chordata (Actinopterygii),Fish,,215,,ng/g,,Provided,Organ,,,,,,,anadromous/freshwater fish,Mote Marine Laboratory,Mote Marine Laboratory
Wetzel,"Dr Wetzel, Mote Marine Database",2024,787.6120319,70.4333,-150.4333,Arctic Cisco,Coregonus autumnalis,anadromous/freshwater fish,Chordata (Actinopterygii),Fish,,216,,ng/g,,Provided,Organ,,,,,,,anadromous/freshwater fish,Mote Marine Laboratory,Mote Marine Laboratory
Wetzel,"Dr Wetzel, Mote Marine Database",2024,711.2981803,70.4333,-150.4333,Arctic Cisco,Coregonus autumnalis,anadromous/freshwater fish,Chordata (Actinopterygii),Fish,,217,,ng/g,,Provided,Organ,,,,,,,anadromous/freshwater fish,Mote Marine Laboratory,Mote Marine Laboratory
Wetzel,"Dr Wetzel, Mote Marine Database",2024,1455.059944,70.4333,-150.4333,Arctic Cisco,Coregonus autumnalis,anadromous/freshwater fish,Chordata (Actinopterygii),Fish,,218,,ng/g,,Provided,Organ,,,,,,,anadromous/freshwater fish,Mote Marine Laboratory,Mote Marine Laboratory
Wetzel,"Dr Wetzel, Mote Marine Database",2024,1441.072523,70.4333,-150.4333,Arctic Cisco,Coregonus autumnalis,anadromous/freshwater fish,Chordata (Actinopterygii),Fish,,219,,ng/g,,Provided,Organ,,,,,,,anadromous/freshwater fish,Mote Marine Laboratory,Mote Marine Laboratory
Wetzel,"Dr Wetzel, Mote Marine Database",2024,1049.744503,70.4333,-150.4333,Arctic Cisco,Coregonus autumnalis,anadromous/freshwater fish,Chordata (Actinopterygii),Fish,,220,,ng/g,,Provided,Organ,,,,,,,anadromous/freshwater fish,Mote Marine Laboratory,Mote Marine Laboratory
Wetzel,"Dr Wetzel, Mote Marine Database",2024,1127.024086,70.4333,-150.4333,Arctic Cisco,Coregonus autumnalis,anadromous/freshwater fish,Chordata (Actinopterygii),Fish,,221,,ng/g,,Provided,Organ,,,,,,,anadromous/freshwater fish,Mote Marine Laboratory,Mote Marine Laboratory
Wetzel,"Dr Wetzel, Mote Marine Database",2024,810.8217066,70.4333,-150.4333,Arctic Cisco,Coregonus autumnalis,anadromous/freshwater fish,Chordata (Actinopterygii),Fish,,222,,ng/g,,Provided,Organ,,,,,,,anadromous/freshwater fish,Mote Marine Laboratory,Mote Marine Laboratory
Wetzel,"Dr Wetzel, Mote Marine Database",2024,977.8624565,70.4333,-150.4333,Arctic Cisco,Coregonus autumnalis,anadromous/freshwater fish,Chordata (Actinopterygii),Fish,,223,,ng/g,,Provided,Organ,,,,,,,anadromous/freshwater fish,Mote Marine Laboratory,Mote Marine Laboratory
Wetzel,"Dr Wetzel, Mote Marine Database",2024,1062.23855,70.4333,-150.4333,Arctic Cisco,Coregonus autumnalis,anadromous/freshwater fish,Chordata (Actinopterygii),Fish,,224,,ng/g,,Provided,Organ,,,,,,,anadromous/freshwater fish,Mote Marine Laboratory,Mote Marine Laboratory
Wetzel,"Dr Wetzel, Mote Marine Database",2024,882.8703668,70.4333,-150.4333,Arctic Cisco,Coregonus autumnalis,anadromous/freshwater fish,Chordata (Actinopterygii),Fish,,225,,ng/g,,Provided,Organ,,,,,,,anadromous/freshwater fish,Mote Marine Laboratory,Mote Marine Laboratory
Wetzel,"Dr Wetzel, Mote Marine Database",2024,1053.626006,70.4333,-150.4333,Arctic Cisco,Coregonus autumnalis,anadromous/freshwater fish,Chordata (Actinopterygii),Fish,,226,,ng/g,,Provided,Organ,,,,,,,anadromous/freshwater fish,Mote Marine Laboratory,Mote Marine Laboratory
Wetzel,"Dr Wetzel, Mote Marine Database",2024,780.5405469,70.4333,-150.4333,Arctic Cisco,Coregonus autumnalis,anadromous/freshwater fish,Chordata (Actinopterygii),Fish,,227,,ng/g,,Provided,Organ,,,,,,,anadromous/freshwater fish,Mote Marine Laboratory,Mote Marine Laboratory
Wetzel,"Dr Wetzel, Mote Marine Database",2024,594.0654127,70.4333,-150.4333,Arctic Cisco,Coregonus autumnalis,anadromous/freshwater fish,Chordata (Actinopterygii),Fish,,252,,ng/g,,Provided,Organ,,,,,,,anadromous/freshwater fish,Mote Marine Laboratory,Mote Marine Laboratory
Wetzel,"Dr Wetzel, Mote Marine Database",2024,592.1961958,70.4333,-150.4333,Arctic Cisco,Coregonus autumnalis,anadromous/freshwater fish,Chordata (Actinopterygii),Fish,,253,,ng/g,,Provided,Organ,,,,,,,anadromous/freshwater fish,Mote Marine Laboratory,Mote Marine Laboratory
Wetzel,"Dr Wetzel, Mote Marine Database",2024,642.0416972,70.4333,-150.4333,Arctic Cisco,Coregonus autumnalis,anadromous/freshwater fish,Chordata (Actinopterygii),Fish,,254,,ng/g,,Provided,Organ,,,,,,,anadromous/freshwater fish,Mote Marine Laboratory,Mote Marine Laboratory
Wetzel,"Dr Wetzel, Mote Marine Database",2024,1192.482207,70.4333,-150.4333,Arctic Cisco,Coregonus autumnalis,anadromous/freshwater fish,Chordata (Actinopterygii),Fish,,255,,ng/g,,Provided,Organ,,,,,,,anadromous/freshwater fish,Mote Marine Laboratory,Mote Marine Laboratory
Wetzel,"Dr Wetzel, Mote Marine Database",2024,620.2610669,70.4333,-150.4333,Arctic Cisco,Coregonus autumnalis,anadromous/freshwater fish,Chordata (Actinopterygii),Fish,,256,,ng/g,,Provided,Organ,,,,,,,anadromous/freshwater fish,Mote Marine Laboratory,Mote Marine Laboratory
Wetzel,"Dr Wetzel, Mote Marine Database",2024,745.9654132,70.4333,-150.4333,Arctic Cisco,Coregonus autumnalis,anadromous/freshwater fish,Chordata (Actinopterygii),Fish,,132,,ng/g,,Provided,Muscle,,,,,,,anadromous/freshwater fish,Mote Marine Laboratory,Mote Marine Laboratory
Wetzel,"Dr Wetzel, Mote Marine Database",2024,841.7753844,70.4333,-150.4333,Arctic Cisco,Coregonus autumnalis,anadromous/freshwater fish,Chordata (Actinopterygii),Fish,,133,,ng/g,,Provided,Muscle,,,,,,,anadromous/freshwater fish,Mote Marine Laboratory,Mote Marine Laboratory
Wetzel,"Dr Wetzel, Mote Marine Database",2024,680.6599794,70.4333,-150.4333,Arctic Cisco,Coregonus autumnalis,anadromous/freshwater fish,Chordata (Actinopterygii),Fish,,134,,ng/g,,Provided,Muscle,,,,,,,anadromous/freshwater fish,Mote Marine Laboratory,Mote Marine Laboratory
Wetzel,"Dr Wetzel, Mote Marine Database",2024,939.1973993,70.4333,-150.4333,Arctic Cisco,Coregonus autumnalis,anadromous/freshwater fish,Chordata (Actinopterygii),Fish,,135,,ng/g,,Provided,Muscle,,,,,,,anadromous/freshwater fish,Mote Marine Laboratory,Mote Marine Laboratory
Wetzel,"Dr Wetzel, Mote Marine Database",2024,584.2277396,70.4333,-150.4333,Arctic Cisco,Coregonus autumnalis,anadromous/freshwater fish,Chordata (Actinopterygii),Fish,,136,,ng/g,,Provided,Muscle,,,,,,,anadromous/freshwater fish,Mote Marine Laboratory,Mote Marine Laboratory
Wetzel,"Dr Wetzel, Mote Marine Database",2024,924.2184871,70.4333,-150.4333,Arctic Cisco,Coregonus autumnalis,anadromous/freshwater fish,Chordata (Actinopterygii),Fish,,137,,ng/g,,Provided,Muscle,,,,,,,anadromous/freshwater fish,Mote Marine Laboratory,Mote Marine Laboratory
Wetzel,"Dr Wetzel, Mote Marine Database",2024,934.8975124,70.4333,-150.4333,Arctic Cisco,Coregonus autumnalis,anadromous/freshwater fish,Chordata (Actinopterygii),Fish,,138,,ng/g,,Provided,Muscle,,,,,,,anadromous/freshwater fish,Mote Marine Laboratory,Mote Marine Laboratory
Wetzel,"Dr Wetzel, Mote Marine Database",2024,975.0475661,70.4333,-150.4333,Arctic Cisco,Coregonus autumnalis,anadromous/freshwater fish,Chordata (Actinopterygii),Fish,,139,,ng/g,,Provided,Muscle,,,,,,,anadromous/freshwater fish,Mote Marine Laboratory,Mote Marine Laboratory
Wetzel,"Dr Wetzel, Mote Marine Database",2024,1109.250682,70.4333,-150.4333,Arctic Cisco,Coregonus autumnalis,anadromous/freshwater fish,Chordata (Actinopterygii),Fish,,140,,ng/g,,Provided,Muscle,,,,,,,anadromous/freshwater fish,Mote Marine Laboratory,Mote Marine Laboratory
Wetzel,"Dr Wetzel, Mote Marine Database",2024,1243.890412,70.4333,-150.4333,Arctic Cisco,Coregonus autumnalis,anadromous/freshwater fish,Chordata (Actinopterygii),Fish,,141,,ng/g,,Provided,Muscle,,,,,,,anadromous/freshwater fish,Mote Marine Laboratory,Mote Marine Laboratory
Wetzel,"Dr Wetzel, Mote Marine Database",2024,607.9919661,70.4333,-150.4333,Arctic Cisco,Coregonus autumnalis,anadromous/freshwater fish,Chordata (Actinopterygii),Fish,,142,,ng/g,,Provided,Muscle,,,,,,,anadromous/freshwater fish,Mote Marine Laboratory,Mote Marine Laboratory
Wetzel,"Dr Wetzel, Mote Marine Database",2024,1071.978911,70.4333,-150.4333,Arctic Cisco,Coregonus autumnalis,anadromous/freshwater fish,Chordata (Actinopterygii),Fish,,143,,ng/g,,Provided,Muscle,,,,,,,anadromous/freshwater fish,Mote Marine Laboratory,Mote Marine Laboratory
Wetzel,"Dr Wetzel, Mote Marine Database",2024,897.4300146,70.4333,-150.4333,Arctic Cisco,Coregonus autumnalis,anadromous/freshwater fish,Chordata (Actinopterygii),Fish,,144,,ng/g,,Provided,Muscle,,,,,,,anadromous/freshwater fish,Mote Marine Laboratory,Mote Marine Laboratory
Wetzel,"Dr Wetzel, Mote Marine Database",2024,705.1913727,70.4333,-150.4333,Arctic Cisco,Coregonus autumnalis,anadromous/freshwater fish,Chordata (Actinopterygii),Fish,,145,,ng/g,,Provided,Muscle,,,,,,,anadromous/freshwater fish,Mote Marine Laboratory,Mote Marine Laboratory
Wetzel,"Dr Wetzel, Mote Marine Database",2024,959.0275016,70.4333,-150.4333,Arctic Cisco,Coregonus autumnalis,anadromous/freshwater fish,Chordata (Actinopterygii),Fish,,146,,ng/g,,Provided,Muscle,,,,,,,anadromous/freshwater fish,Mote Marine Laboratory,Mote Marine Laboratory
Wetzel,"Dr Wetzel, Mote Marine Database",2024,914.5456003,70.4333,-150.4333,Arctic Cisco,Coregonus autumnalis,anadromous/freshwater fish,Chordata (Actinopterygii),Fish,,147,,ng/g,,Provided,Muscle,,,,,,,anadromous/freshwater fish,Mote Marine Laboratory,Mote Marine Laboratory
Wetzel,"Dr Wetzel, Mote Marine Database",2024,667.3532783,70.4333,-150.4333,Arctic Cisco,Coregonus autumnalis,anadromous/freshwater fish,Chordata (Actinopterygii),Fish,,148,,ng/g,,Provided,Muscle,,,,,,,anadromous/freshwater fish,Mote Marine Laboratory,Mote Marine Laboratory
Wetzel,"Dr Wetzel, Mote Marine Database",2024,744.6256167,70.4333,-150.4333,Arctic Cisco,Coregonus autumnalis,anadromous/freshwater fish,Chordata (Actinopterygii),Fish,,149,,ng/g,,Provided,Muscle,,,,,,,anadromous/freshwater fish,Mote Marine Laboratory,Mote Marine Laboratory
Wetzel,"Dr Wetzel, Mote Marine Database",2024,662.2077936,70.4333,-150.4333,Arctic Cisco,Coregonus autumnalis,anadromous/freshwater fish,Chordata (Actinopterygii),Fish,,150,,ng/g,,Provided,Muscle,,,,,,,anadromous/freshwater fish,Mote Marine Laboratory,Mote Marine Laboratory
Wetzel,"Dr Wetzel, Mote Marine Database",2024,649.7723196,70.4333,-150.4333,Arctic Cisco,Coregonus autumnalis,anadromous/freshwater fish,Chordata (Actinopterygii),Fish,,151,,ng/g,,Provided,Muscle,,,,,,,anadromous/freshwater fish,Mote Marine Laboratory,Mote Marine Laboratory
Wetzel,"Dr Wetzel, Mote Marine Database",2024,767.9591241,70.4333,-150.4333,Arctic Cisco,Coregonus autumnalis,anadromous/freshwater fish,Chordata (Actinopterygii),Fish,,152,,ng/g,,Provided,Muscle,,,,,,,anadromous/freshwater fish,Mote Marine Laboratory,Mote Marine Laboratory
Wetzel,"Dr Wetzel, Mote Marine Database",2024,670.2844427,70.4333,-150.4333,Arctic Cisco,Coregonus autumnalis,anadromous/freshwater fish,Chordata (Actinopterygii),Fish,,153,,ng/g,,Provided,Muscle,,,,,,,anadromous/freshwater fish,Mote Marine Laboratory,Mote Marine Laboratory
Wetzel,"Dr Wetzel, Mote Marine Database",2024,540.8598691,70.4333,-150.4333,Arctic Cisco,Coregonus autumnalis,anadromous/freshwater fish,Chordata (Actinopterygii),Fish,,154,,ng/g,,Provided,Muscle,,,,,,,anadromous/freshwater fish,Mote Marine Laboratory,Mote Marine Laboratory
Wetzel,"Dr Wetzel, Mote Marine Database",2024,609.5151649,70.4333,-150.4333,Arctic Cisco,Coregonus autumnalis,anadromous/freshwater fish,Chordata (Actinopterygii),Fish,,155,,ng/g,,Provided,Muscle,,,,,,,anadromous/freshwater fish,Mote Marine Laboratory,Mote Marine Laboratory
Wetzel,"Dr Wetzel, Mote Marine Database",2024,692.021785,70.4333,-150.4333,Arctic Cisco,Coregonus autumnalis,anadromous/freshwater fish,Chordata (Actinopterygii),Fish,,156,,ng/g,,Provided,Muscle,,,,,,,anadromous/freshwater fish,Mote Marine Laboratory,Mote Marine Laboratory
Wetzel,"Dr Wetzel, Mote Marine Database",2024,687.6155152,70.4333,-150.4333,Arctic Cisco,Coregonus autumnalis,anadromous/freshwater fish,Chordata (Actinopterygii),Fish,,157,,ng/g,,Provided,Muscle,,,,,,,anadromous/freshwater fish,Mote Marine Laboratory,Mote Marine Laboratory
Wetzel,"Dr Wetzel, Mote Marine Database",2024,449.6945688,70.4333,-150.4333,Arctic Cisco,Coregonus autumnalis,anadromous/freshwater fish,Chordata (Actinopterygii),Fish,,158,,ng/g,,Provided,Muscle,,,,,,,anadromous/freshwater fish,Mote Marine Laboratory,Mote Marine Laboratory
Wetzel,"Dr Wetzel, Mote Marine Database",2024,670.0604759,70.4333,-150.4333,Arctic Cisco,Coregonus autumnalis,anadromous/freshwater fish,Chordata (Actinopterygii),Fish,,159,,ng/g,,Provided,Muscle,,,,,,,anadromous/freshwater fish,Mote Marine Laboratory,Mote Marine Laboratory
Wetzel,"Dr Wetzel, Mote Marine Database",2024,566.5554223,70.4333,-150.4333,Arctic Cisco,Coregonus autumnalis,anadromous/freshwater fish,Chordata (Actinopterygii),Fish,,160,,ng/g,,Provided,Muscle,,,,,,,anadromous/freshwater fish,Mote Marine Laboratory,Mote Marine Laboratory
Wetzel,"Dr Wetzel, Mote Marine Database",2024,601.239175,70.4333,-150.4333,Arctic Cisco,Coregonus autumnalis,anadromous/freshwater fish,Chordata (Actinopterygii),Fish,,161,,ng/g,,Provided,Muscle,,,,,,,anadromous/freshwater fish,Mote Marine Laboratory,Mote Marine Laboratory
Wetzel,"Dr Wetzel, Mote Marine Database",2024,524.2889187,70.4333,-150.4333,Arctic Cisco,Coregonus autumnalis,anadromous/freshwater fish,Chordata (Actinopterygii),Fish,,162,,ng/g,,Provided,Muscle,,,,,,,anadromous/freshwater fish,Mote Marine Laboratory,Mote Marine Laboratory
Wetzel,"Dr Wetzel, Mote Marine Database",2024,424.1719923,70.4333,-150.4333,Arctic Cisco,Coregonus autumnalis,anadromous/freshwater fish,Chordata (Actinopterygii),Fish,,163,,ng/g,,Provided,Muscle,,,,,,,anadromous/freshwater fish,Mote Marine Laboratory,Mote Marine Laboratory
Wetzel,"Dr Wetzel, Mote Marine Database",2024,535.0844099,70.4333,-150.4333,Arctic Cisco,Coregonus autumnalis,anadromous/freshwater fish,Chordata (Actinopterygii),Fish,,164,,ng/g,,Provided,Muscle,,,,,,,anadromous/freshwater fish,Mote Marine Laboratory,Mote Marine Laboratory
Wetzel,"Dr Wetzel, Mote Marine Database",2024,373.5548617,70.4333,-150.4333,Arctic Cisco,Coregonus autumnalis,anadromous/freshwater fish,Chordata (Actinopterygii),Fish,,165,,ng/g,,Provided,Muscle,,,,,,,anadromous/freshwater fish,Mote Marine Laboratory,Mote Marine Laboratory
Wetzel,"Dr Wetzel, Mote Marine Database",2024,556.1247389,70.4333,-150.4333,Arctic Cisco,Coregonus autumnalis,anadromous/freshwater fish,Chordata (Actinopterygii),Fish,,166,,ng/g,,Provided,Muscle,,,,,,,anadromous/freshwater fish,Mote Marine Laboratory,Mote Marine Laboratory
Wetzel,"Dr Wetzel, Mote Marine Database",2024,579.6105001,70.4333,-150.4333,Arctic Cisco,Coregonus autumnalis,anadromous/freshwater fish,Chordata (Actinopterygii),Fish,,167,,ng/g,,Provided,Muscle,,,,,,,anadromous/freshwater fish,Mote Marine Laboratory,Mote Marine Laboratory
Wetzel,"Dr Wetzel, Mote Marine Database",2024,511.1269695,70.4333,-150.4333,Arctic Cisco,Coregonus autumnalis,anadromous/freshwater fish,Chordata (Actinopterygii),Fish,,168,,ng/g,,Provided,Muscle,,,,,,,anadromous/freshwater fish,Mote Marine Laboratory,Mote Marine Laboratory
Wetzel,"Dr Wetzel, Mote Marine Database",2024,816.6275331,70.4333,-150.4333,Arctic Cisco,Coregonus autumnalis,anadromous/freshwater fish,Chordata (Actinopterygii),Fish,,169,,ng/g,,Provided,Muscle,,,,,,,anadromous/freshwater fish,Mote Marine Laboratory,Mote Marine Laboratory
Wetzel,"Dr Wetzel, Mote Marine Database",2024,363.9011204,70.4333,-150.4333,Arctic Cisco,Coregonus autumnalis,anadromous/freshwater fish,Chordata (Actinopterygii),Fish,,170,,ng/g,,Provided,Muscle,,,,,,,anadromous/freshwater fish,Mote Marine Laboratory,Mote Marine Laboratory
Wetzel,"Dr Wetzel, Mote Marine Database",2024,403.2443301,70.4333,-150.4333,Arctic Cisco,Coregonus autumnalis,anadromous/freshwater fish,Chordata (Actinopterygii),Fish,,171,,ng/g,,Provided,Muscle,,,,,,,anadromous/freshwater fish,Mote Marine Laboratory,Mote Marine Laboratory
Wetzel,"Dr Wetzel, Mote Marine Database",2024,434.3607129,70.4333,-150.4333,Arctic Cisco,Coregonus autumnalis,anadromous/freshwater fish,Chordata (Actinopterygii),Fish,,172,,ng/g,,Provided,Muscle,,,,,,,anadromous/freshwater fish,Mote Marine Laboratory,Mote Marine Laboratory
Wetzel,"Dr Wetzel, Mote Marine Database",2024,330.1739617,70.4333,-150.4333,Arctic Cisco,Coregonus autumnalis,anadromous/freshwater fish,Chordata (Actinopterygii),Fish,,173,,ng/g,,Provided,Muscle,,,,,,,anadromous/freshwater fish,Mote Marine Laboratory,Mote Marine Laboratory
Wetzel,"Dr Wetzel, Mote Marine Database",2024,271.2122777,70.4333,-150.4333,Arctic Cisco,Coregonus autumnalis,anadromous/freshwater fish,Chordata (Actinopterygii),Fish,,174,,ng/g,,Provided,Muscle,,,,,,,anadromous/freshwater fish,Mote Marine Laboratory,Mote Marine Laboratory
Wetzel,"Dr Wetzel, Mote Marine Database",2024,537.582499,70.4333,-150.4333,Arctic Cisco,Coregonus autumnalis,anadromous/freshwater fish,Chordata (Actinopterygii),Fish,,175,,ng/g,,Provided,Muscle,,,,,,,anadromous/freshwater fish,Mote Marine Laboratory,Mote Marine Laboratory
Wetzel,"Dr Wetzel, Mote Marine Database",2024,574.4004264,70.4333,-150.4333,Arctic Cisco,Coregonus autumnalis,anadromous/freshwater fish,Chordata (Actinopterygii),Fish,,176,,ng/g,,Provided,Muscle,,,,,,,anadromous/freshwater fish,Mote Marine Laboratory,Mote Marine Laboratory
Wetzel,"Dr Wetzel, Mote Marine Database",2024,164.8403192,70.4333,-150.4333,Arctic Cisco,Coregonus autumnalis,anadromous/freshwater fish,Chordata (Actinopterygii),Fish,,177,,ng/g,,Provided,Muscle,,,,,,,anadromous/freshwater fish,Mote Marine Laboratory,Mote Marine Laboratory
Wetzel,"Dr Wetzel, Mote Marine Database",2024,442.9587665,70.4333,-150.4333,Arctic Cisco,Coregonus autumnalis,anadromous/freshwater fish,Chordata (Actinopterygii),Fish,,257,,ng/g,,Provided,Muscle,,,,,,,anadromous/freshwater fish,Mote Marine Laboratory,Mote Marine Laboratory
Wetzel,"Dr Wetzel, Mote Marine Database",2024,385.451268,70.4333,-150.4333,Arctic Cisco,Coregonus autumnalis,anadromous/freshwater fish,Chordata (Actinopterygii),Fish,,258,,ng/g,,Provided,Muscle,,,,,,,anadromous/freshwater fish,Mote Marine Laboratory,Mote Marine Laboratory
Wetzel,"Dr Wetzel, Mote Marine Database",2024,402.940458,70.4333,-150.4333,Arctic Cisco,Coregonus autumnalis,anadromous/freshwater fish,Chordata (Actinopterygii),Fish,,259,,ng/g,,Provided,Muscle,,,,,,,anadromous/freshwater fish,Mote Marine Laboratory,Mote Marine Laboratory
Wetzel,"Dr Wetzel, Mote Marine Database",2024,308.7128726,70.4333,-150.4333,Arctic Cisco,Coregonus autumnalis,anadromous/freshwater fish,Chordata (Actinopterygii),Fish,,260,,ng/g,,Provided,Muscle,,,,,,,anadromous/freshwater fish,Mote Marine Laboratory,Mote Marine Laboratory
Wetzel,"Dr Wetzel, Mote Marine Database",2024,398.7407195,70.4333,-150.4333,Arctic Cisco,Coregonus autumnalis,anadromous/freshwater fish,Chordata (Actinopterygii),Fish,,261,,ng/g,,Provided,Muscle,,,,,,,anadromous/freshwater fish,Mote Marine Laboratory,Mote Marine Laboratory
Wetzel,"Dr Wetzel, Mote Marine Database",2008,239.5369185,70.4958,-157.393,Broad Whitefish,Coregonus nasus,anadromous/freshwater fish,Chordata (Actinopterygii),Fish,,NPRA-08-0090,,ng/g,,Provided,Organ,,,,,,,anadromous/freshwater fish,Mote Marine Laboratory,Mote Marine Laboratory
Wetzel,"Dr Wetzel, Mote Marine Database",2008,0,70.4958,-157.393,Broad Whitefish,Coregonus nasus,anadromous/freshwater fish,Chordata (Actinopterygii),Fish,,NPRA-08-0102,,ng/g,,Provided,Organ,,,,,,,anadromous/freshwater fish,Mote Marine Laboratory,Mote Marine Laboratory
Wetzel,"Dr Wetzel, Mote Marine Database",2008,0,70.4958,-157.393,Broad Whitefish,Coregonus nasus,anadromous/freshwater fish,Chordata (Actinopterygii),Fish,,NPRA-08-0106,,ng/g,,Provided,Organ,,,,,,,anadromous/freshwater fish,Mote Marine Laboratory,Mote Marine Laboratory
Wetzel,"Dr Wetzel, Mote Marine Database",2008,0,70.4958,-157.393,Broad Whitefish,Coregonus nasus,anadromous/freshwater fish,Chordata (Actinopterygii),Fish,,NPRA-08-0114,,ng/g,,Provided,Organ,,,,,,,anadromous/freshwater fish,Mote Marine Laboratory,Mote Marine Laboratory
Wetzel,"Dr Wetzel, Mote Marine Database",2008,0,70.4958,-157.393,Broad Whitefish,Coregonus nasus,anadromous/freshwater fish,Chordata (Actinopterygii),Fish,,NPRA-08-0116,,ng/g,,Provided,Organ,,,,,,,anadromous/freshwater fish,Mote Marine Laboratory,Mote Marine Laboratory
Wetzel,"Dr Wetzel, Mote Marine Database",2008,0,70.4958,-157.393,Broad Whitefish,Coregonus nasus,anadromous/freshwater fish,Chordata (Actinopterygii),Fish,,NPRA-08-0120,,ng/g,,Provided,Organ,,,,,,,anadromous/freshwater fish,Mote Marine Laboratory,Mote Marine Laboratory
Wetzel,"Dr Wetzel, Mote Marine Database",2008,54.93992168,70.4958,-157.393,Broad Whitefish,Coregonus nasus,anadromous/freshwater fish,Chordata (Actinopterygii),Fish,,NPRA-08-0122,,ng/g,,Provided,Organ,,,,,,,anadromous/freshwater fish,Mote Marine Laboratory,Mote Marine Laboratory
Wetzel,"Dr Wetzel, Mote Marine Database",2008,0,70.4958,-157.393,Broad Whitefish,Coregonus nasus,anadromous/freshwater fish,Chordata (Actinopterygii),Fish,,NPRA-08-0124,,ng/g,,Provided,Organ,,,,,,,anadromous/freshwater fish,Mote Marine Laboratory,Mote Marine Laboratory
Wetzel,"Dr Wetzel, Mote Marine Database",2022,250.3802136,70.2163,-151.0057,Broad Whitefish,Coregonus nasus,anadromous/freshwater fish,Chordata (Actinopterygii),Fish,,AKN-22-0740,,ng/g,,Provided,Organ,,,,,,,anadromous/freshwater fish,Mote Marine Laboratory,Mote Marine Laboratory
Wetzel,"Dr Wetzel, Mote Marine Database",2006,0,70.09154,-151.09264,Broad Whitefish,Coregonus nasus,anadromous/freshwater fish,Chordata (Actinopterygii),Fish,,NPRA-06-3995,,ng/g,,Provided,Organ,,,,,,,anadromous/freshwater fish,Mote Marine Laboratory,Mote Marine Laboratory
Wetzel,"Dr Wetzel, Mote Marine Database",2006,0,70.09154,-151.09264,Broad Whitefish,Coregonus nasus,anadromous/freshwater fish,Chordata (Actinopterygii),Fish,,NPRA-06-3999,,ng/g,,Provided,Organ,,,,,,,anadromous/freshwater fish,Mote Marine Laboratory,Mote Marine Laboratory
Wetzel,"Dr Wetzel, Mote Marine Database",2006,0,70.09154,-151.09264,Broad Whitefish,Coregonus nasus,anadromous/freshwater fish,Chordata (Actinopterygii),Fish,,NPRA-06-4003,,ng/g,,Provided,Organ,,,,,,,anadromous/freshwater fish,Mote Marine Laboratory,Mote Marine Laboratory
Wetzel,"Dr Wetzel, Mote Marine Database",2006,0,70.09154,-151.09264,Broad Whitefish,Coregonus nasus,anadromous/freshwater fish,Chordata (Actinopterygii),Fish,,NPRA-06-4007,,ng/g,,Provided,Organ,,,,,,,anadromous/freshwater fish,Mote Marine Laboratory,Mote Marine Laboratory
Wetzel,"Dr Wetzel, Mote Marine Database",2006,0,70.09154,-151.09264,Broad Whitefish,Coregonus nasus,anadromous/freshwater fish,Chordata (Actinopterygii),Fish,,NPRA-06-4011,,ng/g,,Provided,Organ,,,,,,,anadromous/freshwater fish,Mote Marine Laboratory,Mote Marine Laboratory
Wetzel,"Dr Wetzel, Mote Marine Database",2006,0,70.09154,-151.09264,Broad Whitefish,Coregonus nasus,anadromous/freshwater fish,Chordata (Actinopterygii),Fish,,NPRA-06-4015,,ng/g,,Provided,Organ,,,,,,,anadromous/freshwater fish,Mote Marine Laboratory,Mote Marine Laboratory
Wetzel,"Dr Wetzel, Mote Marine Database",2006,0,70.09154,-151.09264,Broad Whitefish,Coregonus nasus,anadromous/freshwater fish,Chordata (Actinopterygii),Fish,,NPRA-06-4019,,ng/g,,Provided,Organ,,,,,,,anadromous/freshwater fish,Mote Marine Laboratory,Mote Marine Laboratory
Wetzel,"Dr Wetzel, Mote Marine Database",2006,0,70.09154,-151.09264,Broad Whitefish,Coregonus nasus,anadromous/freshwater fish,Chordata (Actinopterygii),Fish,,NPRA-06-4023,,ng/g,,Provided,Organ,,,,,,,anadromous/freshwater fish,Mote Marine Laboratory,Mote Marine Laboratory
Wetzel,"Dr Wetzel, Mote Marine Database",2006,0,70.09154,-151.09264,Broad Whitefish,Coregonus nasus,anadromous/freshwater fish,Chordata (Actinopterygii),Fish,,NPRA-06-4027,,ng/g,,Provided,Organ,,,,,,,anadromous/freshwater fish,Mote Marine Laboratory,Mote Marine Laboratory
Wetzel,"Dr Wetzel, Mote Marine Database",2006,0,70.09154,-151.09264,Broad Whitefish,Coregonus nasus,anadromous/freshwater fish,Chordata (Actinopterygii),Fish,,NPRA-06-4031,,ng/g,,Provided,Organ,,,,,,,anadromous/freshwater fish,Mote Marine Laboratory,Mote Marine Laboratory
Wetzel,"Dr Wetzel, Mote Marine Database",2006,0,70.09154,-151.09264,Broad Whitefish,Coregonus nasus,anadromous/freshwater fish,Chordata (Actinopterygii),Fish,,NPRA-06-4035,,ng/g,,Provided,Organ,,,,,,,anadromous/freshwater fish,Mote Marine Laboratory,Mote Marine Laboratory
Wetzel,"Dr Wetzel, Mote Marine Database",2006,0,70.09154,-151.09264,Broad Whitefish,Coregonus nasus,anadromous/freshwater fish,Chordata (Actinopterygii),Fish,,NPRA-06-4039,,ng/g,,Provided,Organ,,,,,,,anadromous/freshwater fish,Mote Marine Laboratory,Mote Marine Laboratory
Wetzel,"Dr Wetzel, Mote Marine Database",2006,0,70.09154,-151.09264,Broad Whitefish,Coregonus nasus,anadromous/freshwater fish,Chordata (Actinopterygii),Fish,,NPRA-06-4043,,ng/g,,Provided,Organ,,,,,,,anadromous/freshwater fish,Mote Marine Laboratory,Mote Marine Laboratory
Wetzel,"Dr Wetzel, Mote Marine Database",2006,0,70.09154,-151.09264,Broad Whitefish,Coregonus nasus,anadromous/freshwater fish,Chordata (Actinopterygii),Fish,,NPRA-06-4047,,ng/g,,Provided,Organ,,,,,,,anadromous/freshwater fish,Mote Marine Laboratory,Mote Marine Laboratory
Wetzel,"Dr Wetzel, Mote Marine Database",2006,0,70.33,-150.75,Broad Whitefish,Coregonus nasus,anadromous/freshwater fish,Chordata (Actinopterygii),Fish,,NPRA-06-4051,,ng/g,,Provided,Organ,,,,,,,anadromous/freshwater fish,Mote Marine Laboratory,Mote Marine Laboratory
Wetzel,"Dr Wetzel, Mote Marine Database",2006,0,70.33,-150.75,Broad Whitefish,Coregonus nasus,anadromous/freshwater fish,Chordata (Actinopterygii),Fish,,NPRA-06-4055,,ng/g,,Provided,Organ,,,,,,,anadromous/freshwater fish,Mote Marine Laboratory,Mote Marine Laboratory
Wetzel,"Dr Wetzel, Mote Marine Database",2006,0,70.4333,-150.4333,Broad Whitefish,Coregonus nasus,anadromous/freshwater fish,Chordata (Actinopterygii),Fish,,NPRA-06-4118,,ng/g,,Provided,Organ,,,,,,,anadromous/freshwater fish,Mote Marine Laboratory,Mote Marine Laboratory
Wetzel,"Dr Wetzel, Mote Marine Database",2006,0,70.4333,-150.4333,Broad Whitefish,Coregonus nasus,anadromous/freshwater fish,Chordata (Actinopterygii),Fish,,NPRA-06-4122,,ng/g,,Provided,Organ,,,,,,,anadromous/freshwater fish,Mote Marine Laboratory,Mote Marine Laboratory
Wetzel,"Dr Wetzel, Mote Marine Database",2006,0,70.3421,-150.9304,Broad Whitefish,Coregonus nasus,anadromous/freshwater fish,Chordata (Actinopterygii),Fish,,NPRA-06-4126,,ng/g,,Provided,Organ,,,,,,,anadromous/freshwater fish,Mote Marine Laboratory,Mote Marine Laboratory
Wetzel,"Dr Wetzel, Mote Marine Database",2006,0,70.3421,-150.9304,Broad Whitefish,Coregonus nasus,anadromous/freshwater fish,Chordata (Actinopterygii),Fish,,NPRA-06-4130,,ng/g,,Provided,Organ,,,,,,,anadromous/freshwater fish,Mote Marine Laboratory,Mote Marine Laboratory
Wetzel,"Dr Wetzel, Mote Marine Database",2006,0,70.3421,-150.9304,Broad Whitefish,Coregonus nasus,anadromous/freshwater fish,Chordata (Actinopterygii),Fish,,NPRA-06-4134,,ng/g,,Provided,Organ,,,,,,,anadromous/freshwater fish,Mote Marine Laboratory,Mote Marine Laboratory
Wetzel,"Dr Wetzel, Mote Marine Database",2006,0,70.3421,-150.9304,Broad Whitefish,Coregonus nasus,anadromous/freshwater fish,Chordata (Actinopterygii),Fish,,NPRA-06-4138,,ng/g,,Provided,Organ,,,,,,,anadromous/freshwater fish,Mote Marine Laboratory,Mote Marine Laboratory
Wetzel,"Dr Wetzel, Mote Marine Database",2006,0,70.3421,-150.9304,Broad Whitefish,Coregonus nasus,anadromous/freshwater fish,Chordata (Actinopterygii),Fish,,NPRA-06-4142,,ng/g,,Provided,Organ,,,,,,,anadromous/freshwater fish,Mote Marine Laboratory,Mote Marine Laboratory
Wetzel,"Dr Wetzel, Mote Marine Database",2006,0,70.4333,-150.4333,Broad Whitefish,Coregonus nasus,anadromous/freshwater fish,Chordata (Actinopterygii),Fish,,NPRA-06-4146,,ng/g,,Provided,Organ,,,,,,,anadromous/freshwater fish,Mote Marine Laboratory,Mote Marine Laboratory
Wetzel,"Dr Wetzel, Mote Marine Database",2006,0,70.3421,-150.9304,Broad Whitefish,Coregonus nasus,anadromous/freshwater fish,Chordata (Actinopterygii),Fish,,NPRA-06-4187,,ng/g,,Provided,Organ,,,,,,,anadromous/freshwater fish,Mote Marine Laboratory,Mote Marine Laboratory
Wetzel,"Dr Wetzel, Mote Marine Database",2006,0,70.3421,-150.9304,Broad Whitefish,Coregonus nasus,anadromous/freshwater fish,Chordata (Actinopterygii),Fish,,NPRA-06-4191,,ng/g,,Provided,Organ,,,,,,,anadromous/freshwater fish,Mote Marine Laboratory,Mote Marine Laboratory
Wetzel,"Dr Wetzel, Mote Marine Database",2006,0,70.3421,-150.9304,Broad Whitefish,Coregonus nasus,anadromous/freshwater fish,Chordata (Actinopterygii),Fish,,NPRA-06-4195,,ng/g,,Provided,Organ,,,,,,,anadromous/freshwater fish,Mote Marine Laboratory,Mote Marine Laboratory
Wetzel,"Dr Wetzel, Mote Marine Database",2006,0,70.3421,-150.9304,Broad Whitefish,Coregonus nasus,anadromous/freshwater fish,Chordata (Actinopterygii),Fish,,NPRA-06-4199,,ng/g,,Provided,Organ,,,,,,,anadromous/freshwater fish,Mote Marine Laboratory,Mote Marine Laboratory
Wetzel,"Dr Wetzel, Mote Marine Database",2006,0,70.4333,-150.4333,Broad Whitefish,Coregonus nasus,anadromous/freshwater fish,Chordata (Actinopterygii),Fish,,NPRA-06-4203,,ng/g,,Provided,Organ,,,,,,,anadromous/freshwater fish,Mote Marine Laboratory,Mote Marine Laboratory
Wetzel,"Dr Wetzel, Mote Marine Database",2006,0,70.4333,-150.4333,Broad Whitefish,Coregonus nasus,anadromous/freshwater fish,Chordata (Actinopterygii),Fish,,NPRA-06-4207,,ng/g,,Provided,Organ,,,,,,,anadromous/freshwater fish,Mote Marine Laboratory,Mote Marine Laboratory
Wetzel,"Dr Wetzel, Mote Marine Database",2006,0,70.4333,-150.4333,Broad Whitefish,Coregonus nasus,anadromous/freshwater fish,Chordata (Actinopterygii),Fish,,NPRA-06-4211,,ng/g,,Provided,Organ,,,,,,,anadromous/freshwater fish,Mote Marine Laboratory,Mote Marine Laboratory
Wetzel,"Dr Wetzel, Mote Marine Database",2006,0,70.48743,-153.79658,Broad Whitefish,Coregonus nasus,anadromous/freshwater fish,Chordata (Actinopterygii),Fish,,NPRA-06-4215,,ng/g,,Provided,Organ,,,,,,,anadromous/freshwater fish,Mote Marine Laboratory,Mote Marine Laboratory
Wetzel,"Dr Wetzel, Mote Marine Database",2006,0,70.48743,-153.79658,Broad Whitefish,Coregonus nasus,anadromous/freshwater fish,Chordata (Actinopterygii),Fish,,NPRA-06-4219,,ng/g,,Provided,Organ,,,,,,,anadromous/freshwater fish,Mote Marine Laboratory,Mote Marine Laboratory
Wetzel,"Dr Wetzel, Mote Marine Database",2006,0,70.48743,-153.79658,Broad Whitefish,Coregonus nasus,anadromous/freshwater fish,Chordata (Actinopterygii),Fish,,NPRA-06-4223,,ng/g,,Provided,Organ,,,,,,,anadromous/freshwater fish,Mote Marine Laboratory,Mote Marine Laboratory
Wetzel,"Dr Wetzel, Mote Marine Database",2006,0,70.48743,-153.79658,Broad Whitefish,Coregonus nasus,anadromous/freshwater fish,Chordata (Actinopterygii),Fish,,NPRA-06-4227,,ng/g,,Provided,Organ,,,,,,,anadromous/freshwater fish,Mote Marine Laboratory,Mote Marine Laboratory
Wetzel,"Dr Wetzel, Mote Marine Database",2006,0,70.48743,-153.79658,Broad Whitefish,Coregonus nasus,anadromous/freshwater fish,Chordata (Actinopterygii),Fish,,NPRA-06-4231,,ng/g,,Provided,Organ,,,,,,,anadromous/freshwater fish,Mote Marine Laboratory,Mote Marine Laboratory
Wetzel,"Dr Wetzel, Mote Marine Database",2006,0,70.48743,-153.79658,Broad Whitefish,Coregonus nasus,anadromous/freshwater fish,Chordata (Actinopterygii),Fish,,NPRA-06-4235,,ng/g,,Provided,Organ,,,,,,,anadromous/freshwater fish,Mote Marine Laboratory,Mote Marine Laboratory
Wetzel,"Dr Wetzel, Mote Marine Database",2006,0,70.48743,-153.79658,Broad Whitefish,Coregonus nasus,anadromous/freshwater fish,Chordata (Actinopterygii),Fish,,NPRA-06-4248,,ng/g,,Provided,Organ,,,,,,,anadromous/freshwater fish,Mote Marine Laboratory,Mote Marine Laboratory
Wetzel,"Dr Wetzel, Mote Marine Database",2006,0,70.48743,-153.79658,Broad Whitefish,Coregonus nasus,anadromous/freshwater fish,Chordata (Actinopterygii),Fish,,NPRA-06-4252,,ng/g,,Provided,Organ,,,,,,,anadromous/freshwater fish,Mote Marine Laboratory,Mote Marine Laboratory
Wetzel,"Dr Wetzel, Mote Marine Database",2006,0,70.48743,-153.79658,Broad Whitefish,Coregonus nasus,anadromous/freshwater fish,Chordata (Actinopterygii),Fish,,NPRA-06-4256,,ng/g,,Provided,Organ,,,,,,,anadromous/freshwater fish,Mote Marine Laboratory,Mote Marine Laboratory
Wetzel,"Dr Wetzel, Mote Marine Database",2006,0,70.48743,-153.79658,Broad Whitefish,Coregonus nasus,anadromous/freshwater fish,Chordata (Actinopterygii),Fish,,NPRA-06-4260,,ng/g,,Provided,Organ,,,,,,,anadromous/freshwater fish,Mote Marine Laboratory,Mote Marine Laboratory
Wetzel,"Dr Wetzel, Mote Marine Database",2006,0,70.48743,-153.79658,Broad Whitefish,Coregonus nasus,anadromous/freshwater fish,Chordata (Actinopterygii),Fish,,NPRA-06-4264,,ng/g,,Provided,Organ,,,,,,,anadromous/freshwater fish,Mote Marine Laboratory,Mote Marine Laboratory
Wetzel,"Dr Wetzel, Mote Marine Database",2006,0,70.48743,-153.79658,Broad Whitefish,Coregonus nasus,anadromous/freshwater fish,Chordata (Actinopterygii),Fish,,NPRA-06-4272,,ng/g,,Provided,Organ,,,,,,,anadromous/freshwater fish,Mote Marine Laboratory,Mote Marine Laboratory
Wetzel,"Dr Wetzel, Mote Marine Database",2006,0,70.48743,-153.79658,Broad Whitefish,Coregonus nasus,anadromous/freshwater fish,Chordata (Actinopterygii),Fish,,NPRA-06-4276,,ng/g,,Provided,Organ,,,,,,,anadromous/freshwater fish,Mote Marine Laboratory,Mote Marine Laboratory
Wetzel,"Dr Wetzel, Mote Marine Database",2006,0,70.8236,-154.3025,Broad Whitefish,Coregonus nasus,anadromous/freshwater fish,Chordata (Actinopterygii),Fish,,NPRA-06-4290,,ng/g,,Provided,Organ,,,,,,,anadromous/freshwater fish,Mote Marine Laboratory,Mote Marine Laboratory
Wetzel,"Dr Wetzel, Mote Marine Database",2006,0,70.8236,-154.3025,Broad Whitefish,Coregonus nasus,anadromous/freshwater fish,Chordata (Actinopterygii),Fish,,NPRA-06-4294,,ng/g,,Provided,Organ,,,,,,,anadromous/freshwater fish,Mote Marine Laboratory,Mote Marine Laboratory
Wetzel,"Dr Wetzel, Mote Marine Database",2006,0,70.8236,-154.3025,Broad Whitefish,Coregonus nasus,anadromous/freshwater fish,Chordata (Actinopterygii),Fish,,NPRA-06-4298,,ng/g,,Provided,Organ,,,,,,,anadromous/freshwater fish,Mote Marine Laboratory,Mote Marine Laboratory
Wetzel,"Dr Wetzel, Mote Marine Database",2006,0,70.8236,-154.3025,Broad Whitefish,Coregonus nasus,anadromous/freshwater fish,Chordata (Actinopterygii),Fish,,NPRA-06-4306,,ng/g,,Provided,Organ,,,,,,,anadromous/freshwater fish,Mote Marine Laboratory,Mote Marine Laboratory
Wetzel,"Dr Wetzel, Mote Marine Database",2006,0,70.8236,-154.3025,Broad Whitefish,Coregonus nasus,anadromous/freshwater fish,Chordata (Actinopterygii),Fish,,NPRA-06-4310,,ng/g,,Provided,Organ,,,,,,,anadromous/freshwater fish,Mote Marine Laboratory,Mote Marine Laboratory
Wetzel,"Dr Wetzel, Mote Marine Database",2006,0,70.49447,-153.85656,Broad Whitefish,Coregonus nasus,anadromous/freshwater fish,Chordata (Actinopterygii),Fish,,NPRA-06-4369,,ng/g,,Provided,Organ,,,,,,,anadromous/freshwater fish,Mote Marine Laboratory,Mote Marine Laboratory
Wetzel,"Dr Wetzel, Mote Marine Database",2006,0,70.49447,-153.85656,Broad Whitefish,Coregonus nasus,anadromous/freshwater fish,Chordata (Actinopterygii),Fish,,NPRA-06-4373,,ng/g,,Provided,Organ,,,,,,,anadromous/freshwater fish,Mote Marine Laboratory,Mote Marine Laboratory
Wetzel,"Dr Wetzel, Mote Marine Database",2006,0,70.44987,-153.53802,Broad Whitefish,Coregonus nasus,anadromous/freshwater fish,Chordata (Actinopterygii),Fish,,NPRA-06-4386,,ng/g,,Provided,Organ,,,,,,,anadromous/freshwater fish,Mote Marine Laboratory,Mote Marine Laboratory
Wetzel,"Dr Wetzel, Mote Marine Database",2006,0,70.44987,-153.53802,Broad Whitefish,Coregonus nasus,anadromous/freshwater fish,Chordata (Actinopterygii),Fish,,NPRA-06-4390,,ng/g,,Provided,Organ,,,,,,,anadromous/freshwater fish,Mote Marine Laboratory,Mote Marine Laboratory
Wetzel,"Dr Wetzel, Mote Marine Database",2006,0,70.44987,-153.53802,Broad Whitefish,Coregonus nasus,anadromous/freshwater fish,Chordata (Actinopterygii),Fish,,NPRA-06-4398,,ng/g,,Provided,Organ,,,,,,,anadromous/freshwater fish,Mote Marine Laboratory,Mote Marine Laboratory
Wetzel,"Dr Wetzel, Mote Marine Database",2006,0,70.44987,-153.53802,Broad Whitefish,Coregonus nasus,anadromous/freshwater fish,Chordata (Actinopterygii),Fish,,NPRA-06-4402,,ng/g,,Provided,Organ,,,,,,,anadromous/freshwater fish,Mote Marine Laboratory,Mote Marine Laboratory
Wetzel,"Dr Wetzel, Mote Marine Database",2006,0,70.44987,-153.53802,Broad Whitefish,Coregonus nasus,anadromous/freshwater fish,Chordata (Actinopterygii),Fish,,NPRA-06-4406,,ng/g,,Provided,Organ,,,,,,,anadromous/freshwater fish,Mote Marine Laboratory,Mote Marine Laboratory
Wetzel,"Dr Wetzel, Mote Marine Database",2006,0,70.44987,-153.53802,Broad Whitefish,Coregonus nasus,anadromous/freshwater fish,Chordata (Actinopterygii),Fish,,NPRA-06-4410,,ng/g,,Provided,Organ,,,,,,,anadromous/freshwater fish,Mote Marine Laboratory,Mote Marine Laboratory
Wetzel,"Dr Wetzel, Mote Marine Database",2006,0,70.49447,-153.85656,Broad Whitefish,Coregonus nasus,anadromous/freshwater fish,Chordata (Actinopterygii),Fish,,NPRA-06-4414,,ng/g,,Provided,Organ,,,,,,,anadromous/freshwater fish,Mote Marine Laboratory,Mote Marine Laboratory
Wetzel,"Dr Wetzel, Mote Marine Database",2006,0,70.49447,-153.85656,Broad Whitefish,Coregonus nasus,anadromous/freshwater fish,Chordata (Actinopterygii),Fish,,NPRA-06-4418,,ng/g,,Provided,Organ,,,,,,,anadromous/freshwater fish,Mote Marine Laboratory,Mote Marine Laboratory
Wetzel,"Dr Wetzel, Mote Marine Database",2006,0,70.49447,-153.85656,Broad Whitefish,Coregonus nasus,anadromous/freshwater fish,Chordata (Actinopterygii),Fish,,NPRA-06-4422,,ng/g,,Provided,Organ,,,,,,,anadromous/freshwater fish,Mote Marine Laboratory,Mote Marine Laboratory
Wetzel,"Dr Wetzel, Mote Marine Database",2006,0,70.44987,-153.53802,Broad Whitefish,Coregonus nasus,anadromous/freshwater fish,Chordata (Actinopterygii),Fish,,NPRA-06-4426,,ng/g,,Provided,Organ,,,,,,,anadromous/freshwater fish,Mote Marine Laboratory,Mote Marine Laboratory
Wetzel,"Dr Wetzel, Mote Marine Database",2006,0,70.33376,-150.77203,Broad Whitefish,Coregonus nasus,anadromous/freshwater fish,Chordata (Actinopterygii),Fish,,NPRA-06-4474,,ng/g,,Provided,Organ,,,,,,,anadromous/freshwater fish,Mote Marine Laboratory,Mote Marine Laboratory
Wetzel,"Dr Wetzel, Mote Marine Database",2006,0,70.33376,-150.77203,Broad Whitefish,Coregonus nasus,anadromous/freshwater fish,Chordata (Actinopterygii),Fish,,NPRA-06-4476,,ng/g,,Provided,Organ,,,,,,,anadromous/freshwater fish,Mote Marine Laboratory,Mote Marine Laboratory
Wetzel,"Dr Wetzel, Mote Marine Database",2006,0,70.33376,-150.77203,Broad Whitefish,Coregonus nasus,anadromous/freshwater fish,Chordata (Actinopterygii),Fish,,NPRA-06-4478,,ng/g,,Provided,Organ,,,,,,,anadromous/freshwater fish,Mote Marine Laboratory,Mote Marine Laboratory
Wetzel,"Dr Wetzel, Mote Marine Database",2006,0,70.33376,-150.77203,Broad Whitefish,Coregonus nasus,anadromous/freshwater fish,Chordata (Actinopterygii),Fish,,NPRA-06-4480,,ng/g,,Provided,Organ,,,,,,,anadromous/freshwater fish,Mote Marine Laboratory,Mote Marine Laboratory
Wetzel,"Dr Wetzel, Mote Marine Database",2006,0,70.33376,-150.77203,Broad Whitefish,Coregonus nasus,anadromous/freshwater fish,Chordata (Actinopterygii),Fish,,NPRA-06-4482,,ng/g,,Provided,Organ,,,,,,,anadromous/freshwater fish,Mote Marine Laboratory,Mote Marine Laboratory
Wetzel,"Dr Wetzel, Mote Marine Database",2006,0,70.33376,-150.77203,Broad Whitefish,Coregonus nasus,anadromous/freshwater fish,Chordata (Actinopterygii),Fish,,NPRA-06-4484,,ng/g,,Provided,Organ,,,,,,,anadromous/freshwater fish,Mote Marine Laboratory,Mote Marine Laboratory
Wetzel,"Dr Wetzel, Mote Marine Database",2006,0,70.33376,-150.77203,Broad Whitefish,Coregonus nasus,anadromous/freshwater fish,Chordata (Actinopterygii),Fish,,NPRA-06-4486,,ng/g,,Provided,Organ,,,,,,,anadromous/freshwater fish,Mote Marine Laboratory,Mote Marine Laboratory
Wetzel,"Dr Wetzel, Mote Marine Database",2006,0,70.33376,-150.77203,Broad Whitefish,Coregonus nasus,anadromous/freshwater fish,Chordata (Actinopterygii),Fish,,NPRA-06-4488,,ng/g,,Provided,Organ,,,,,,,anadromous/freshwater fish,Mote Marine Laboratory,Mote Marine Laboratory
Wetzel,"Dr Wetzel, Mote Marine Database",2006,0,70.33376,-150.77203,Broad Whitefish,Coregonus nasus,anadromous/freshwater fish,Chordata (Actinopterygii),Fish,,NPRA-06-4490,,ng/g,,Provided,Organ,,,,,,,anadromous/freshwater fish,Mote Marine Laboratory,Mote Marine Laboratory
Wetzel,"Dr Wetzel, Mote Marine Database",2006,0,70.33376,-150.77203,Broad Whitefish,Coregonus nasus,anadromous/freshwater fish,Chordata (Actinopterygii),Fish,,NPRA-06-4492,,ng/g,,Provided,Organ,,,,,,,anadromous/freshwater fish,Mote Marine Laboratory,Mote Marine Laboratory
Wetzel,"Dr Wetzel, Mote Marine Database",2006,0,70.33376,-150.77203,Broad Whitefish,Coregonus nasus,anadromous/freshwater fish,Chordata (Actinopterygii),Fish,,NPRA-06-4494,,ng/g,,Provided,Organ,,,,,,,anadromous/freshwater fish,Mote Marine Laboratory,Mote Marine Laboratory
Wetzel,"Dr Wetzel, Mote Marine Database",2005,16.66875887,69.7669,-154.661,Broad Whitefish,Coregonus nasus,anadromous/freshwater fish,Chordata (Actinopterygii),Fish,,NPRA-05-1091,,ng/g,,Provided,Organ,,,,,,,anadromous/freshwater fish,Mote Marine Laboratory,Mote Marine Laboratory
Wetzel,"Dr Wetzel, Mote Marine Database",2005,659.2366518,70.65972,-154.34734,Broad Whitefish,Coregonus nasus,anadromous/freshwater fish,Chordata (Actinopterygii),Fish,,NPRA-05-1092,,ng/g,,Provided,Organ,,,,,,,anadromous/freshwater fish,Mote Marine Laboratory,Mote Marine Laboratory
Wetzel,"Dr Wetzel, Mote Marine Database",2005,104.8605542,70.5714,-153.5142,Broad Whitefish,Coregonus nasus,anadromous/freshwater fish,Chordata (Actinopterygii),Fish,,NPRA-05-1093,,ng/g,,Provided,Organ,,,,,,,anadromous/freshwater fish,Mote Marine Laboratory,Mote Marine Laboratory
Wetzel,"Dr Wetzel, Mote Marine Database",2005,44.1210243,69.05,-140.45,Broad Whitefish,Coregonus nasus,anadromous/freshwater fish,Chordata (Actinopterygii),Fish,,NPRA-05-1094,,ng/g,,Provided,Organ,,,,,,,anadromous/freshwater fish,Mote Marine Laboratory,Mote Marine Laboratory
Wetzel,"Dr Wetzel, Mote Marine Database",2005,195.9153654,69.05,-140.45,Broad Whitefish,Coregonus nasus,anadromous/freshwater fish,Chordata (Actinopterygii),Fish,,NPRA-05-1095,,ng/g,,Provided,Organ,,,,,,,anadromous/freshwater fish,Mote Marine Laboratory,Mote Marine Laboratory
Wetzel,"Dr Wetzel, Mote Marine Database",2005,32.79036618,70.5714,-153.5142,Broad Whitefish,Coregonus nasus,anadromous/freshwater fish,Chordata (Actinopterygii),Fish,,NPRA-05-1096,,ng/g,,Provided,Organ,,,,,,,anadromous/freshwater fish,Mote Marine Laboratory,Mote Marine Laboratory
Wetzel,"Dr Wetzel, Mote Marine Database",2005,94.08659478,70.5714,-153.5142,Broad Whitefish,Coregonus nasus,anadromous/freshwater fish,Chordata (Actinopterygii),Fish,,NPRA-05-1097,,ng/g,,Provided,Organ,,,,,,,anadromous/freshwater fish,Mote Marine Laboratory,Mote Marine Laboratory
Wetzel,"Dr Wetzel, Mote Marine Database",2005,60.31836278,70.5714,-153.5142,Broad Whitefish,Coregonus nasus,anadromous/freshwater fish,Chordata (Actinopterygii),Fish,,NPRA-05-1098,,ng/g,,Provided,Organ,,,,,,,anadromous/freshwater fish,Mote Marine Laboratory,Mote Marine Laboratory
Wetzel,"Dr Wetzel, Mote Marine Database",2005,168.457691,70.5714,-153.5142,Broad Whitefish,Coregonus nasus,anadromous/freshwater fish,Chordata (Actinopterygii),Fish,,NPRA-05-1099,,ng/g,,Provided,Organ,,,,,,,anadromous/freshwater fish,Mote Marine Laboratory,Mote Marine Laboratory
Wetzel,"Dr Wetzel, Mote Marine Database",2005,463.7447976,69.05,-140.45,Broad Whitefish,Coregonus nasus,anadromous/freshwater fish,Chordata (Actinopterygii),Fish,,NPRA-05-1103,,ng/g,,Provided,Organ,,,,,,,anadromous/freshwater fish,Mote Marine Laboratory,Mote Marine Laboratory
Wetzel,"Dr Wetzel, Mote Marine Database",2005,198.3830222,69.05,-140.45,Broad Whitefish,Coregonus nasus,anadromous/freshwater fish,Chordata (Actinopterygii),Fish,,NPRA-05-1104,,ng/g,,Provided,Organ,,,,,,,anadromous/freshwater fish,Mote Marine Laboratory,Mote Marine Laboratory
Wetzel,"Dr Wetzel, Mote Marine Database",2005,119.9564933,69.05,-140.45,Broad Whitefish,Coregonus nasus,anadromous/freshwater fish,Chordata (Actinopterygii),Fish,,NPRA-05-1105,,ng/g,,Provided,Organ,,,,,,,anadromous/freshwater fish,Mote Marine Laboratory,Mote Marine Laboratory
Wetzel,"Dr Wetzel, Mote Marine Database",2005,48.33161947,69.05,-140.45,Broad Whitefish,Coregonus nasus,anadromous/freshwater fish,Chordata (Actinopterygii),Fish,,NPRA-05-1106,,ng/g,,Provided,Organ,,,,,,,anadromous/freshwater fish,Mote Marine Laboratory,Mote Marine Laboratory
Wetzel,"Dr Wetzel, Mote Marine Database",2005,298.3612341,69.05,-140.45,Broad Whitefish,Coregonus nasus,anadromous/freshwater fish,Chordata (Actinopterygii),Fish,,NPRA-05-1107,,ng/g,,Provided,Organ,,,,,,,anadromous/freshwater fish,Mote Marine Laboratory,Mote Marine Laboratory
Wetzel,"Dr Wetzel, Mote Marine Database",2005,115.1032785,69.05,-140.45,Broad Whitefish,Coregonus nasus,anadromous/freshwater fish,Chordata (Actinopterygii),Fish,,NPRA-05-1108,,ng/g,,Provided,Organ,,,,,,,anadromous/freshwater fish,Mote Marine Laboratory,Mote Marine Laboratory
Wetzel,"Dr Wetzel, Mote Marine Database",2005,209.8864932,69.05,-140.45,Broad Whitefish,Coregonus nasus,anadromous/freshwater fish,Chordata (Actinopterygii),Fish,,NPRA-05-1109,,ng/g,,Provided,Organ,,,,,,,anadromous/freshwater fish,Mote Marine Laboratory,Mote Marine Laboratory
Wetzel,"Dr Wetzel, Mote Marine Database",2005,120.7841156,69.05,-140.45,Broad Whitefish,Coregonus nasus,anadromous/freshwater fish,Chordata (Actinopterygii),Fish,,NPRA-05-1110,,ng/g,,Provided,Organ,,,,,,,anadromous/freshwater fish,Mote Marine Laboratory,Mote Marine Laboratory
Wetzel,"Dr Wetzel, Mote Marine Database",2005,87.86982966,69.05,-140.45,Broad Whitefish,Coregonus nasus,anadromous/freshwater fish,Chordata (Actinopterygii),Fish,,NPRA-05-1114,,ng/g,,Provided,Organ,,,,,,,anadromous/freshwater fish,Mote Marine Laboratory,Mote Marine Laboratory
Wetzel,"Dr Wetzel, Mote Marine Database",2005,28.82568844,69.05,-140.45,Broad Whitefish,Coregonus nasus,anadromous/freshwater fish,Chordata (Actinopterygii),Fish,,NPRA-05-1116,,ng/g,,Provided,Organ,,,,,,,anadromous/freshwater fish,Mote Marine Laboratory,Mote Marine Laboratory
Wetzel,"Dr Wetzel, Mote Marine Database",2005,484.1977137,70.65972,-154.34734,Broad Whitefish,Coregonus nasus,anadromous/freshwater fish,Chordata (Actinopterygii),Fish,,NPRA-05-1117,,ng/g,,Provided,Organ,,,,,,,anadromous/freshwater fish,Mote Marine Laboratory,Mote Marine Laboratory
Wetzel,"Dr Wetzel, Mote Marine Database",2005,59.84302379,70.65972,-154.34734,Broad Whitefish,Coregonus nasus,anadromous/freshwater fish,Chordata (Actinopterygii),Fish,,NPRA-05-1118,,ng/g,,Provided,Organ,,,,,,,anadromous/freshwater fish,Mote Marine Laboratory,Mote Marine Laboratory
Wetzel,"Dr Wetzel, Mote Marine Database",2005,0,70.65972,-154.34734,Broad Whitefish,Coregonus nasus,anadromous/freshwater fish,Chordata (Actinopterygii),Fish,,NPRA-05-1119,,ng/g,,Provided,Organ,,,,,,,anadromous/freshwater fish,Mote Marine Laboratory,Mote Marine Laboratory
Wetzel,"Dr Wetzel, Mote Marine Database",2005,0,70.65972,-154.34734,Broad Whitefish,Coregonus nasus,anadromous/freshwater fish,Chordata (Actinopterygii),Fish,,NPRA-05-1120,,ng/g,,Provided,Organ,,,,,,,anadromous/freshwater fish,Mote Marine Laboratory,Mote Marine Laboratory
Wetzel,"Dr Wetzel, Mote Marine Database",2005,691.1738563,70.65972,-154.34734,Broad Whitefish,Coregonus nasus,anadromous/freshwater fish,Chordata (Actinopterygii),Fish,,NPRA-05-1121,,ng/g,,Provided,Organ,,,,,,,anadromous/freshwater fish,Mote Marine Laboratory,Mote Marine Laboratory
Wetzel,"Dr Wetzel, Mote Marine Database",2005,425.7913022,70.65972,-154.34734,Broad Whitefish,Coregonus nasus,anadromous/freshwater fish,Chordata (Actinopterygii),Fish,,NPRA-05-1122,,ng/g,,Provided,Organ,,,,,,,anadromous/freshwater fish,Mote Marine Laboratory,Mote Marine Laboratory
Wetzel,"Dr Wetzel, Mote Marine Database",2005,347.9880383,70.65972,-154.34734,Broad Whitefish,Coregonus nasus,anadromous/freshwater fish,Chordata (Actinopterygii),Fish,,NPRA-05-1123,,ng/g,,Provided,Organ,,,,,,,anadromous/freshwater fish,Mote Marine Laboratory,Mote Marine Laboratory
Wetzel,"Dr Wetzel, Mote Marine Database",2005,716.7928553,70.65972,-154.34734,Broad Whitefish,Coregonus nasus,anadromous/freshwater fish,Chordata (Actinopterygii),Fish,,NPRA-05-2093,,ng/g,,Provided,Organ,,,,,,,anadromous/freshwater fish,Mote Marine Laboratory,Mote Marine Laboratory
Wetzel,"Dr Wetzel, Mote Marine Database",2005,162.1331535,70.65972,-154.34734,Broad Whitefish,Coregonus nasus,anadromous/freshwater fish,Chordata (Actinopterygii),Fish,,NPRA-05-2097,,ng/g,,Provided,Organ,,,,,,,anadromous/freshwater fish,Mote Marine Laboratory,Mote Marine Laboratory
Wetzel,"Dr Wetzel, Mote Marine Database",2005,104.1739207,70.65972,-154.34734,Broad Whitefish,Coregonus nasus,anadromous/freshwater fish,Chordata (Actinopterygii),Fish,,NPRA-05-2098,,ng/g,,Provided,Organ,,,,,,,anadromous/freshwater fish,Mote Marine Laboratory,Mote Marine Laboratory
Wetzel,"Dr Wetzel, Mote Marine Database",2005,56.65742584,70.65972,-154.34734,Broad Whitefish,Coregonus nasus,anadromous/freshwater fish,Chordata (Actinopterygii),Fish,,NPRA-05-2121,,ng/g,,Provided,Organ,,,,,,,anadromous/freshwater fish,Mote Marine Laboratory,Mote Marine Laboratory
Wetzel,"Dr Wetzel, Mote Marine Database",2005,0,70.65972,-154.34734,Broad Whitefish,Coregonus nasus,anadromous/freshwater fish,Chordata (Actinopterygii),Fish,,NPRA-05-2122,,ng/g,,Provided,Organ,,,,,,,anadromous/freshwater fish,Mote Marine Laboratory,Mote Marine Laboratory
Wetzel,"Dr Wetzel, Mote Marine Database",2005,211.3266421,70.65972,-154.34734,Broad Whitefish,Coregonus nasus,anadromous/freshwater fish,Chordata (Actinopterygii),Fish,,NPRA-05-2123,,ng/g,,Provided,Organ,,,,,,,anadromous/freshwater fish,Mote Marine Laboratory,Mote Marine Laboratory
Wetzel,"Dr Wetzel, Mote Marine Database",2005,124.9991681,70.65972,-154.34734,Broad Whitefish,Coregonus nasus,anadromous/freshwater fish,Chordata (Actinopterygii),Fish,,NPRA-05-2124,,ng/g,,Provided,Organ,,,,,,,anadromous/freshwater fish,Mote Marine Laboratory,Mote Marine Laboratory
Wetzel,"Dr Wetzel, Mote Marine Database",2006,0,70.09154,-151.09264,Broad Whitefish,Coregonus nasus,anadromous/freshwater fish,Chordata (Actinopterygii),Fish,,NPRA-06-3991,,ng/g,,Provided,Organ,,,,,,,anadromous/freshwater fish,Mote Marine Laboratory,Mote Marine Laboratory
Wetzel,"Dr Wetzel, Mote Marine Database",2008,16.37615208,70.4958,-157.393,Broad Whitefish,Coregonus nasus,anadromous/freshwater fish,Chordata (Actinopterygii),Fish,,NPRA-10-0089,,ng/g,,Provided,Muscle,,,,,,,anadromous/freshwater fish,Mote Marine Laboratory,Mote Marine Laboratory
Wetzel,"Dr Wetzel, Mote Marine Database",2008,0,70.4958,-157.393,Broad Whitefish,Coregonus nasus,anadromous/freshwater fish,Chordata (Actinopterygii),Fish,,NPRA-10-0101,,ng/g,,Provided,Muscle,,,,,,,anadromous/freshwater fish,Mote Marine Laboratory,Mote Marine Laboratory
Wetzel,"Dr Wetzel, Mote Marine Database",2008,0,70.4958,-157.393,Broad Whitefish,Coregonus nasus,anadromous/freshwater fish,Chordata (Actinopterygii),Fish,,NPRA-10-0105,,ng/g,,Provided,Muscle,,,,,,,anadromous/freshwater fish,Mote Marine Laboratory,Mote Marine Laboratory
Wetzel,"Dr Wetzel, Mote Marine Database",2008,0,70.4958,-157.393,Broad Whitefish,Coregonus nasus,anadromous/freshwater fish,Chordata (Actinopterygii),Fish,,NPRA-10-0113,,ng/g,,Provided,Muscle,,,,,,,anadromous/freshwater fish,Mote Marine Laboratory,Mote Marine Laboratory
Wetzel,"Dr Wetzel, Mote Marine Database",2008,0,70.4958,-157.393,Broad Whitefish,Coregonus nasus,anadromous/freshwater fish,Chordata (Actinopterygii),Fish,,NPRA-10-0115,,ng/g,,Provided,Muscle,,,,,,,anadromous/freshwater fish,Mote Marine Laboratory,Mote Marine Laboratory
Wetzel,"Dr Wetzel, Mote Marine Database",2008,0,70.4958,-157.393,Broad Whitefish,Coregonus nasus,anadromous/freshwater fish,Chordata (Actinopterygii),Fish,,NPRA-10-0117,,ng/g,,Provided,Muscle,,,,,,,anadromous/freshwater fish,Mote Marine Laboratory,Mote Marine Laboratory
Wetzel,"Dr Wetzel, Mote Marine Database",2008,42.06797134,70.4958,-157.393,Broad Whitefish,Coregonus nasus,anadromous/freshwater fish,Chordata (Actinopterygii),Fish,,NPRA-10-0119,,ng/g,,Provided,Muscle,,,,,,,anadromous/freshwater fish,Mote Marine Laboratory,Mote Marine Laboratory
Wetzel,"Dr Wetzel, Mote Marine Database",2008,16.28187937,70.4958,-157.393,Broad Whitefish,Coregonus nasus,anadromous/freshwater fish,Chordata (Actinopterygii),Fish,,NPRA-10-0121,,ng/g,,Provided,Muscle,,,,,,,anadromous/freshwater fish,Mote Marine Laboratory,Mote Marine Laboratory
Wetzel,"Dr Wetzel, Mote Marine Database",2008,13.0296602,70.4958,-157.393,Broad Whitefish,Coregonus nasus,anadromous/freshwater fish,Chordata (Actinopterygii),Fish,,NPRA-10-0123,,ng/g,,Provided,Muscle,,,,,,,anadromous/freshwater fish,Mote Marine Laboratory,Mote Marine Laboratory
Wetzel,"Dr Wetzel, Mote Marine Database",2022,69.54800619,70.2163,-151.0057,Broad Whitefish,Coregonus nasus,anadromous/freshwater fish,Chordata (Actinopterygii),Fish,,AKN-22-0980,,ng/g,,Provided,Muscle,,,,,,,anadromous/freshwater fish,Mote Marine Laboratory,Mote Marine Laboratory
Wetzel,"Dr Wetzel, Mote Marine Database",2006,0,70.09154,-151.09264,Broad Whitefish,Coregonus nasus,anadromous/freshwater fish,Chordata (Actinopterygii),Fish,,NPRA-06-3994,,ng/g,,Provided,Muscle,,,,,,,anadromous/freshwater fish,Mote Marine Laboratory,Mote Marine Laboratory
Wetzel,"Dr Wetzel, Mote Marine Database",2006,0,70.09154,-151.09264,Broad Whitefish,Coregonus nasus,anadromous/freshwater fish,Chordata (Actinopterygii),Fish,,NPRA-06-3998,,ng/g,,Provided,Muscle,,,,,,,anadromous/freshwater fish,Mote Marine Laboratory,Mote Marine Laboratory
Wetzel,"Dr Wetzel, Mote Marine Database",2006,0,70.09154,-151.09264,Broad Whitefish,Coregonus nasus,anadromous/freshwater fish,Chordata (Actinopterygii),Fish,,NPRA-06-4002,,ng/g,,Provided,Muscle,,,,,,,anadromous/freshwater fish,Mote Marine Laboratory,Mote Marine Laboratory
Wetzel,"Dr Wetzel, Mote Marine Database",2006,0,70.09154,-151.09264,Broad Whitefish,Coregonus nasus,anadromous/freshwater fish,Chordata (Actinopterygii),Fish,,NPRA-06-4006,,ng/g,,Provided,Muscle,,,,,,,anadromous/freshwater fish,Mote Marine Laboratory,Mote Marine Laboratory
Wetzel,"Dr Wetzel, Mote Marine Database",2006,0,70.09154,-151.09264,Broad Whitefish,Coregonus nasus,anadromous/freshwater fish,Chordata (Actinopterygii),Fish,,NPRA-06-4010,,ng/g,,Provided,Muscle,,,,,,,anadromous/freshwater fish,Mote Marine Laboratory,Mote Marine Laboratory
Wetzel,"Dr Wetzel, Mote Marine Database",2006,0,70.09154,-151.09264,Broad Whitefish,Coregonus nasus,anadromous/freshwater fish,Chordata (Actinopterygii),Fish,,NPRA-06-4014,,ng/g,,Provided,Muscle,,,,,,,anadromous/freshwater fish,Mote Marine Laboratory,Mote Marine Laboratory
Wetzel,"Dr Wetzel, Mote Marine Database",2006,0,70.09154,-151.09264,Broad Whitefish,Coregonus nasus,anadromous/freshwater fish,Chordata (Actinopterygii),Fish,,NPRA-06-4018,,ng/g,,Provided,Muscle,,,,,,,anadromous/freshwater fish,Mote Marine Laboratory,Mote Marine Laboratory
Wetzel,"Dr Wetzel, Mote Marine Database",2006,0,70.09154,-151.09264,Broad Whitefish,Coregonus nasus,anadromous/freshwater fish,Chordata (Actinopterygii),Fish,,NPRA-06-4022,,ng/g,,Provided,Muscle,,,,,,,anadromous/freshwater fish,Mote Marine Laboratory,Mote Marine Laboratory
Wetzel,"Dr Wetzel, Mote Marine Database",2006,0,70.09154,-151.09264,Broad Whitefish,Coregonus nasus,anadromous/freshwater fish,Chordata (Actinopterygii),Fish,,NPRA-06-4026,,ng/g,,Provided,Muscle,,,,,,,anadromous/freshwater fish,Mote Marine Laboratory,Mote Marine Laboratory
Wetzel,"Dr Wetzel, Mote Marine Database",2006,0,70.09154,-151.09264,Broad Whitefish,Coregonus nasus,anadromous/freshwater fish,Chordata (Actinopterygii),Fish,,NPRA-06-4030,,ng/g,,Provided,Muscle,,,,,,,anadromous/freshwater fish,Mote Marine Laboratory,Mote Marine Laboratory
Wetzel,"Dr Wetzel, Mote Marine Database",2006,0,70.09154,-151.09264,Broad Whitefish,Coregonus nasus,anadromous/freshwater fish,Chordata (Actinopterygii),Fish,,NPRA-06-4034,,ng/g,,Provided,Muscle,,,,,,,anadromous/freshwater fish,Mote Marine Laboratory,Mote Marine Laboratory
Wetzel,"Dr Wetzel, Mote Marine Database",2006,0,70.09154,-151.09264,Broad Whitefish,Coregonus nasus,anadromous/freshwater fish,Chordata (Actinopterygii),Fish,,NPRA-06-4038,,ng/g,,Provided,Muscle,,,,,,,anadromous/freshwater fish,Mote Marine Laboratory,Mote Marine Laboratory
Wetzel,"Dr Wetzel, Mote Marine Database",2006,0,70.09154,-151.09264,Broad Whitefish,Coregonus nasus,anadromous/freshwater fish,Chordata (Actinopterygii),Fish,,NPRA-06-4042,,ng/g,,Provided,Muscle,,,,,,,anadromous/freshwater fish,Mote Marine Laboratory,Mote Marine Laboratory
Wetzel,"Dr Wetzel, Mote Marine Database",2006,0,70.09154,-151.09264,Broad Whitefish,Coregonus nasus,anadromous/freshwater fish,Chordata (Actinopterygii),Fish,,NPRA-06-4046,,ng/g,,Provided,Muscle,,,,,,,anadromous/freshwater fish,Mote Marine Laboratory,Mote Marine Laboratory
Wetzel,"Dr Wetzel, Mote Marine Database",2006,0,70.33,-150.75,Broad Whitefish,Coregonus nasus,anadromous/freshwater fish,Chordata (Actinopterygii),Fish,,NPRA-06-4050,,ng/g,,Provided,Muscle,,,,,,,anadromous/freshwater fish,Mote Marine Laboratory,Mote Marine Laboratory
Wetzel,"Dr Wetzel, Mote Marine Database",2006,0,70.4333,-150.4333,Broad Whitefish,Coregonus nasus,anadromous/freshwater fish,Chordata (Actinopterygii),Fish,,NPRA-06-4105,,ng/g,,Provided,Muscle,,,,,,,anadromous/freshwater fish,Mote Marine Laboratory,Mote Marine Laboratory
Wetzel,"Dr Wetzel, Mote Marine Database",2006,0,70.4333,-150.4333,Broad Whitefish,Coregonus nasus,anadromous/freshwater fish,Chordata (Actinopterygii),Fish,,NPRA-06-4113,,ng/g,,Provided,Muscle,,,,,,,anadromous/freshwater fish,Mote Marine Laboratory,Mote Marine Laboratory
Wetzel,"Dr Wetzel, Mote Marine Database",2006,0,70.4333,-150.4333,Broad Whitefish,Coregonus nasus,anadromous/freshwater fish,Chordata (Actinopterygii),Fish,,NPRA-06-4117,,ng/g,,Provided,Muscle,,,,,,,anadromous/freshwater fish,Mote Marine Laboratory,Mote Marine Laboratory
Wetzel,"Dr Wetzel, Mote Marine Database",2006,0,70.4333,-150.4333,Broad Whitefish,Coregonus nasus,anadromous/freshwater fish,Chordata (Actinopterygii),Fish,,NPRA-06-4121,,ng/g,,Provided,Muscle,,,,,,,anadromous/freshwater fish,Mote Marine Laboratory,Mote Marine Laboratory
Wetzel,"Dr Wetzel, Mote Marine Database",2006,0,70.3421,-150.9304,Broad Whitefish,Coregonus nasus,anadromous/freshwater fish,Chordata (Actinopterygii),Fish,,NPRA-06-4125,,ng/g,,Provided,Muscle,,,,,,,anadromous/freshwater fish,Mote Marine Laboratory,Mote Marine Laboratory
Wetzel,"Dr Wetzel, Mote Marine Database",2006,0,70.3421,-150.9304,Broad Whitefish,Coregonus nasus,anadromous/freshwater fish,Chordata (Actinopterygii),Fish,,NPRA-06-4129,,ng/g,,Provided,Muscle,,,,,,,anadromous/freshwater fish,Mote Marine Laboratory,Mote Marine Laboratory
Wetzel,"Dr Wetzel, Mote Marine Database",2006,0,70.3421,-150.9304,Broad Whitefish,Coregonus nasus,anadromous/freshwater fish,Chordata (Actinopterygii),Fish,,NPRA-06-4133,,ng/g,,Provided,Muscle,,,,,,,anadromous/freshwater fish,Mote Marine Laboratory,Mote Marine Laboratory
Wetzel,"Dr Wetzel, Mote Marine Database",2006,0,70.3421,-150.9304,Broad Whitefish,Coregonus nasus,anadromous/freshwater fish,Chordata (Actinopterygii),Fish,,NPRA-06-4137,,ng/g,,Provided,Muscle,,,,,,,anadromous/freshwater fish,Mote Marine Laboratory,Mote Marine Laboratory
Wetzel,"Dr Wetzel, Mote Marine Database",2006,0,70.3421,-150.9304,Broad Whitefish,Coregonus nasus,anadromous/freshwater fish,Chordata (Actinopterygii),Fish,,NPRA-06-4141,,ng/g,,Provided,Muscle,,,,,,,anadromous/freshwater fish,Mote Marine Laboratory,Mote Marine Laboratory
Wetzel,"Dr Wetzel, Mote Marine Database",2006,0,70.4333,-150.4333,Broad Whitefish,Coregonus nasus,anadromous/freshwater fish,Chordata (Actinopterygii),Fish,,NPRA-06-4145,,ng/g,,Provided,Muscle,,,,,,,anadromous/freshwater fish,Mote Marine Laboratory,Mote Marine Laboratory
Wetzel,"Dr Wetzel, Mote Marine Database",2006,0,70.3421,-150.9304,Broad Whitefish,Coregonus nasus,anadromous/freshwater fish,Chordata (Actinopterygii),Fish,,NPRA-06-4186,,ng/g,,Provided,Muscle,,,,,,,anadromous/freshwater fish,Mote Marine Laboratory,Mote Marine Laboratory
Wetzel,"Dr Wetzel, Mote Marine Database",2006,0,70.3421,-150.9304,Broad Whitefish,Coregonus nasus,anadromous/freshwater fish,Chordata (Actinopterygii),Fish,,NPRA-06-4190,,ng/g,,Provided,Muscle,,,,,,,anadromous/freshwater fish,Mote Marine Laboratory,Mote Marine Laboratory
Wetzel,"Dr Wetzel, Mote Marine Database",2006,0,70.3421,-150.9304,Broad Whitefish,Coregonus nasus,anadromous/freshwater fish,Chordata (Actinopterygii),Fish,,NPRA-06-4194,,ng/g,,Provided,Muscle,,,,,,,anadromous/freshwater fish,Mote Marine Laboratory,Mote Marine Laboratory
Wetzel,"Dr Wetzel, Mote Marine Database",2006,0,70.3421,-150.9304,Broad Whitefish,Coregonus nasus,anadromous/freshwater fish,Chordata (Actinopterygii),Fish,,NPRA-06-4198,,ng/g,,Provided,Muscle,,,,,,,anadromous/freshwater fish,Mote Marine Laboratory,Mote Marine Laboratory
Wetzel,"Dr Wetzel, Mote Marine Database",2006,0,70.4333,-150.4333,Broad Whitefish,Coregonus nasus,anadromous/freshwater fish,Chordata (Actinopterygii),Fish,,NPRA-06-4202,,ng/g,,Provided,Muscle,,,,,,,anadromous/freshwater fish,Mote Marine Laboratory,Mote Marine Laboratory
Wetzel,"Dr Wetzel, Mote Marine Database",2006,0,70.4333,-150.4333,Broad Whitefish,Coregonus nasus,anadromous/freshwater fish,Chordata (Actinopterygii),Fish,,NPRA-06-4206,,ng/g,,Provided,Muscle,,,,,,,anadromous/freshwater fish,Mote Marine Laboratory,Mote Marine Laboratory
Wetzel,"Dr Wetzel, Mote Marine Database",2006,0,70.4333,-150.4333,Broad Whitefish,Coregonus nasus,anadromous/freshwater fish,Chordata (Actinopterygii),Fish,,NPRA-06-4210,,ng/g,,Provided,Muscle,,,,,,,anadromous/freshwater fish,Mote Marine Laboratory,Mote Marine Laboratory
Wetzel,"Dr Wetzel, Mote Marine Database",2006,0,70.48743,-153.79658,Broad Whitefish,Coregonus nasus,anadromous/freshwater fish,Chordata (Actinopterygii),Fish,,NPRA-06-4214,,ng/g,,Provided,Muscle,,,,,,,anadromous/freshwater fish,Mote Marine Laboratory,Mote Marine Laboratory
Wetzel,"Dr Wetzel, Mote Marine Database",2006,0,70.48743,-153.79658,Broad Whitefish,Coregonus nasus,anadromous/freshwater fish,Chordata (Actinopterygii),Fish,,NPRA-06-4218,,ng/g,,Provided,Muscle,,,,,,,anadromous/freshwater fish,Mote Marine Laboratory,Mote Marine Laboratory
Wetzel,"Dr Wetzel, Mote Marine Database",2006,0,70.48743,-153.79658,Broad Whitefish,Coregonus nasus,anadromous/freshwater fish,Chordata (Actinopterygii),Fish,,NPRA-06-4222,,ng/g,,Provided,Muscle,,,,,,,anadromous/freshwater fish,Mote Marine Laboratory,Mote Marine Laboratory
Wetzel,"Dr Wetzel, Mote Marine Database",2006,0,70.48743,-153.79658,Broad Whitefish,Coregonus nasus,anadromous/freshwater fish,Chordata (Actinopterygii),Fish,,NPRA-06-4226,,ng/g,,Provided,Muscle,,,,,,,anadromous/freshwater fish,Mote Marine Laboratory,Mote Marine Laboratory
Wetzel,"Dr Wetzel, Mote Marine Database",2006,0,70.48743,-153.79658,Broad Whitefish,Coregonus nasus,anadromous/freshwater fish,Chordata (Actinopterygii),Fish,,NPRA-06-4230,,ng/g,,Provided,Muscle,,,,,,,anadromous/freshwater fish,Mote Marine Laboratory,Mote Marine Laboratory
Wetzel,"Dr Wetzel, Mote Marine Database",2006,0,70.48743,-153.79658,Broad Whitefish,Coregonus nasus,anadromous/freshwater fish,Chordata (Actinopterygii),Fish,,NPRA-06-4234,,ng/g,,Provided,Muscle,,,,,,,anadromous/freshwater fish,Mote Marine Laboratory,Mote Marine Laboratory
Wetzel,"Dr Wetzel, Mote Marine Database",2006,0,70.48743,-153.79658,Broad Whitefish,Coregonus nasus,anadromous/freshwater fish,Chordata (Actinopterygii),Fish,,NPRA-06-4247,,ng/g,,Provided,Muscle,,,,,,,anadromous/freshwater fish,Mote Marine Laboratory,Mote Marine Laboratory
Wetzel,"Dr Wetzel, Mote Marine Database",2006,0,70.48743,-153.79658,Broad Whitefish,Coregonus nasus,anadromous/freshwater fish,Chordata (Actinopterygii),Fish,,NPRA-06-4251,,ng/g,,Provided,Muscle,,,,,,,anadromous/freshwater fish,Mote Marine Laboratory,Mote Marine Laboratory
Wetzel,"Dr Wetzel, Mote Marine Database",2006,0,70.48743,-153.79658,Broad Whitefish,Coregonus nasus,anadromous/freshwater fish,Chordata (Actinopterygii),Fish,,NPRA-06-4255,,ng/g,,Provided,Muscle,,,,,,,anadromous/freshwater fish,Mote Marine Laboratory,Mote Marine Laboratory
Wetzel,"Dr Wetzel, Mote Marine Database",2006,0,70.48743,-153.79658,Broad Whitefish,Coregonus nasus,anadromous/freshwater fish,Chordata (Actinopterygii),Fish,,NPRA-06-4263,,ng/g,,Provided,Muscle,,,,,,,anadromous/freshwater fish,Mote Marine Laboratory,Mote Marine Laboratory
Wetzel,"Dr Wetzel, Mote Marine Database",2006,0,70.48743,-153.79658,Broad Whitefish,Coregonus nasus,anadromous/freshwater fish,Chordata (Actinopterygii),Fish,,NPRA-06-4267,,ng/g,,Provided,Muscle,,,,,,,anadromous/freshwater fish,Mote Marine Laboratory,Mote Marine Laboratory
Wetzel,"Dr Wetzel, Mote Marine Database",2006,0,70.48743,-153.79658,Broad Whitefish,Coregonus nasus,anadromous/freshwater fish,Chordata (Actinopterygii),Fish,,NPRA-06-4271,,ng/g,,Provided,Muscle,,,,,,,anadromous/freshwater fish,Mote Marine Laboratory,Mote Marine Laboratory
Wetzel,"Dr Wetzel, Mote Marine Database",2006,0,70.48743,-153.79658,Broad Whitefish,Coregonus nasus,anadromous/freshwater fish,Chordata (Actinopterygii),Fish,,NPRA-06-4275,,ng/g,,Provided,Muscle,,,,,,,anadromous/freshwater fish,Mote Marine Laboratory,Mote Marine Laboratory
Wetzel,"Dr Wetzel, Mote Marine Database",2006,0,70.8236,-154.3025,Broad Whitefish,Coregonus nasus,anadromous/freshwater fish,Chordata (Actinopterygii),Fish,,NPRA-06-4289,,ng/g,,Provided,Muscle,,,,,,,anadromous/freshwater fish,Mote Marine Laboratory,Mote Marine Laboratory
Wetzel,"Dr Wetzel, Mote Marine Database",2006,0,70.8236,-154.3025,Broad Whitefish,Coregonus nasus,anadromous/freshwater fish,Chordata (Actinopterygii),Fish,,NPRA-06-4293,,ng/g,,Provided,Muscle,,,,,,,anadromous/freshwater fish,Mote Marine Laboratory,Mote Marine Laboratory
Wetzel,"Dr Wetzel, Mote Marine Database",2006,0,70.8236,-154.3025,Broad Whitefish,Coregonus nasus,anadromous/freshwater fish,Chordata (Actinopterygii),Fish,,NPRA-06-4297,,ng/g,,Provided,Muscle,,,,,,,anadromous/freshwater fish,Mote Marine Laboratory,Mote Marine Laboratory
Wetzel,"Dr Wetzel, Mote Marine Database",2006,0,70.8236,-154.3025,Broad Whitefish,Coregonus nasus,anadromous/freshwater fish,Chordata (Actinopterygii),Fish,,NPRA-06-4305,,ng/g,,Provided,Muscle,,,,,,,anadromous/freshwater fish,Mote Marine Laboratory,Mote Marine Laboratory
Wetzel,"Dr Wetzel, Mote Marine Database",2006,0,70.8236,-154.3025,Broad Whitefish,Coregonus nasus,anadromous/freshwater fish,Chordata (Actinopterygii),Fish,,NPRA-06-4309,,ng/g,,Provided,Muscle,,,,,,,anadromous/freshwater fish,Mote Marine Laboratory,Mote Marine Laboratory
Wetzel,"Dr Wetzel, Mote Marine Database",2006,0,70.49447,-153.85656,Broad Whitefish,Coregonus nasus,anadromous/freshwater fish,Chordata (Actinopterygii),Fish,,NPRA-06-4313,,ng/g,,Provided,Muscle,,,,,,,anadromous/freshwater fish,Mote Marine Laboratory,Mote Marine Laboratory
Wetzel,"Dr Wetzel, Mote Marine Database",2006,0,70.49447,-153.85656,Broad Whitefish,Coregonus nasus,anadromous/freshwater fish,Chordata (Actinopterygii),Fish,,NPRA-06-4317,,ng/g,,Provided,Muscle,,,,,,,anadromous/freshwater fish,Mote Marine Laboratory,Mote Marine Laboratory
Wetzel,"Dr Wetzel, Mote Marine Database",2006,0,70.49447,-153.85656,Broad Whitefish,Coregonus nasus,anadromous/freshwater fish,Chordata (Actinopterygii),Fish,,NPRA-06-4321,,ng/g,,Provided,Muscle,,,,,,,anadromous/freshwater fish,Mote Marine Laboratory,Mote Marine Laboratory
Wetzel,"Dr Wetzel, Mote Marine Database",2006,0,70.49447,-153.85656,Broad Whitefish,Coregonus nasus,anadromous/freshwater fish,Chordata (Actinopterygii),Fish,,NPRA-06-4368,,ng/g,,Provided,Muscle,,,,,,,anadromous/freshwater fish,Mote Marine Laboratory,Mote Marine Laboratory
Wetzel,"Dr Wetzel, Mote Marine Database",2006,0,70.49447,-153.85656,Broad Whitefish,Coregonus nasus,anadromous/freshwater fish,Chordata (Actinopterygii),Fish,,NPRA-06-4372,,ng/g,,Provided,Muscle,,,,,,,anadromous/freshwater fish,Mote Marine Laboratory,Mote Marine Laboratory
Wetzel,"Dr Wetzel, Mote Marine Database",2006,0,70.44987,-153.53802,Broad Whitefish,Coregonus nasus,anadromous/freshwater fish,Chordata (Actinopterygii),Fish,,NPRA-06-4385,,ng/g,,Provided,Muscle,,,,,,,anadromous/freshwater fish,Mote Marine Laboratory,Mote Marine Laboratory
Wetzel,"Dr Wetzel, Mote Marine Database",2006,0,70.44987,-153.53802,Broad Whitefish,Coregonus nasus,anadromous/freshwater fish,Chordata (Actinopterygii),Fish,,NPRA-06-4389,,ng/g,,Provided,Muscle,,,,,,,anadromous/freshwater fish,Mote Marine Laboratory,Mote Marine Laboratory
Wetzel,"Dr Wetzel, Mote Marine Database",2006,0,70.44987,-153.53802,Broad Whitefish,Coregonus nasus,anadromous/freshwater fish,Chordata (Actinopterygii),Fish,,NPRA-06-4393,,ng/g,,Provided,Muscle,,,,,,,anadromous/freshwater fish,Mote Marine Laboratory,Mote Marine Laboratory
Wetzel,"Dr Wetzel, Mote Marine Database",2006,0,70.44987,-153.53802,Broad Whitefish,Coregonus nasus,anadromous/freshwater fish,Chordata (Actinopterygii),Fish,,NPRA-06-4397,,ng/g,,Provided,Muscle,,,,,,,anadromous/freshwater fish,Mote Marine Laboratory,Mote Marine Laboratory
Wetzel,"Dr Wetzel, Mote Marine Database",2006,0,70.44987,-153.53802,Broad Whitefish,Coregonus nasus,anadromous/freshwater fish,Chordata (Actinopterygii),Fish,,NPRA-06-4401,,ng/g,,Provided,Muscle,,,,,,,anadromous/freshwater fish,Mote Marine Laboratory,Mote Marine Laboratory
Wetzel,"Dr Wetzel, Mote Marine Database",2006,0,70.44987,-153.53802,Broad Whitefish,Coregonus nasus,anadromous/freshwater fish,Chordata (Actinopterygii),Fish,,NPRA-06-4405,,ng/g,,Provided,Muscle,,,,,,,anadromous/freshwater fish,Mote Marine Laboratory,Mote Marine Laboratory
Wetzel,"Dr Wetzel, Mote Marine Database",2006,0,70.44987,-153.53802,Broad Whitefish,Coregonus nasus,anadromous/freshwater fish,Chordata (Actinopterygii),Fish,,NPRA-06-4409,,ng/g,,Provided,Muscle,,,,,,,anadromous/freshwater fish,Mote Marine Laboratory,Mote Marine Laboratory
Wetzel,"Dr Wetzel, Mote Marine Database",2006,0,70.44987,-153.53802,Broad Whitefish,Coregonus nasus,anadromous/freshwater fish,Chordata (Actinopterygii),Fish,,NPRA-06-4413,,ng/g,,Provided,Muscle,,,,,,,anadromous/freshwater fish,Mote Marine Laboratory,Mote Marine Laboratory
Wetzel,"Dr Wetzel, Mote Marine Database",2006,0,70.44987,-153.53802,Broad Whitefish,Coregonus nasus,anadromous/freshwater fish,Chordata (Actinopterygii),Fish,,NPRA-06-4417,,ng/g,,Provided,Muscle,,,,,,,anadromous/freshwater fish,Mote Marine Laboratory,Mote Marine Laboratory
Wetzel,"Dr Wetzel, Mote Marine Database",2006,0,70.44987,-153.53802,Broad Whitefish,Coregonus nasus,anadromous/freshwater fish,Chordata (Actinopterygii),Fish,,NPRA-06-4421,,ng/g,,Provided,Muscle,,,,,,,anadromous/freshwater fish,Mote Marine Laboratory,Mote Marine Laboratory
Wetzel,"Dr Wetzel, Mote Marine Database",2006,0,70.44987,-153.53802,Broad Whitefish,Coregonus nasus,anadromous/freshwater fish,Chordata (Actinopterygii),Fish,,NPRA-06-4425,,ng/g,,Provided,Muscle,,,,,,,anadromous/freshwater fish,Mote Marine Laboratory,Mote Marine Laboratory
Wetzel,"Dr Wetzel, Mote Marine Database",2006,0,70.33376,-150.77203,Broad Whitefish,Coregonus nasus,anadromous/freshwater fish,Chordata (Actinopterygii),Fish,,NPRA-06-4473,,ng/g,,Provided,Muscle,,,,,,,anadromous/freshwater fish,Mote Marine Laboratory,Mote Marine Laboratory
Wetzel,"Dr Wetzel, Mote Marine Database",2006,0,70.33376,-150.77203,Broad Whitefish,Coregonus nasus,anadromous/freshwater fish,Chordata (Actinopterygii),Fish,,NPRA-06-4475,,ng/g,,Provided,Muscle,,,,,,,anadromous/freshwater fish,Mote Marine Laboratory,Mote Marine Laboratory
Wetzel,"Dr Wetzel, Mote Marine Database",2006,0,70.33376,-150.77203,Broad Whitefish,Coregonus nasus,anadromous/freshwater fish,Chordata (Actinopterygii),Fish,,NPRA-06-4477,,ng/g,,Provided,Muscle,,,,,,,anadromous/freshwater fish,Mote Marine Laboratory,Mote Marine Laboratory
Wetzel,"Dr Wetzel, Mote Marine Database",2006,0,70.33376,-150.77203,Broad Whitefish,Coregonus nasus,anadromous/freshwater fish,Chordata (Actinopterygii),Fish,,NPRA-06-4479,,ng/g,,Provided,Muscle,,,,,,,anadromous/freshwater fish,Mote Marine Laboratory,Mote Marine Laboratory
Wetzel,"Dr Wetzel, Mote Marine Database",2006,0,70.33376,-150.77203,Broad Whitefish,Coregonus nasus,anadromous/freshwater fish,Chordata (Actinopterygii),Fish,,NPRA-06-4481,,ng/g,,Provided,Muscle,,,,,,,anadromous/freshwater fish,Mote Marine Laboratory,Mote Marine Laboratory
Wetzel,"Dr Wetzel, Mote Marine Database",2006,0,70.33376,-150.77203,Broad Whitefish,Coregonus nasus,anadromous/freshwater fish,Chordata (Actinopterygii),Fish,,NPRA-06-4483,,ng/g,,Provided,Muscle,,,,,,,anadromous/freshwater fish,Mote Marine Laboratory,Mote Marine Laboratory
Wetzel,"Dr Wetzel, Mote Marine Database",2006,0,70.33376,-150.77203,Broad Whitefish,Coregonus nasus,anadromous/freshwater fish,Chordata (Actinopterygii),Fish,,NPRA-06-4485,,ng/g,,Provided,Muscle,,,,,,,anadromous/freshwater fish,Mote Marine Laboratory,Mote Marine Laboratory
Wetzel,"Dr Wetzel, Mote Marine Database",2006,0,70.33376,-150.77203,Broad Whitefish,Coregonus nasus,anadromous/freshwater fish,Chordata (Actinopterygii),Fish,,NPRA-06-4487,,ng/g,,Provided,Muscle,,,,,,,anadromous/freshwater fish,Mote Marine Laboratory,Mote Marine Laboratory
Wetzel,"Dr Wetzel, Mote Marine Database",2006,0,70.33376,-150.77203,Broad Whitefish,Coregonus nasus,anadromous/freshwater fish,Chordata (Actinopterygii),Fish,,NPRA-06-4489,,ng/g,,Provided,Muscle,,,,,,,anadromous/freshwater fish,Mote Marine Laboratory,Mote Marine Laboratory
Wetzel,"Dr Wetzel, Mote Marine Database",2006,0,70.33376,-150.77203,Broad Whitefish,Coregonus nasus,anadromous/freshwater fish,Chordata (Actinopterygii),Fish,,NPRA-06-4491,,ng/g,,Provided,Muscle,,,,,,,anadromous/freshwater fish,Mote Marine Laboratory,Mote Marine Laboratory
Wetzel,"Dr Wetzel, Mote Marine Database",2006,0,70.33376,-150.77203,Broad Whitefish,Coregonus nasus,anadromous/freshwater fish,Chordata (Actinopterygii),Fish,,NPRA-06-4493,,ng/g,,Provided,Muscle,,,,,,,anadromous/freshwater fish,Mote Marine Laboratory,Mote Marine Laboratory
Wetzel,"Dr Wetzel, Mote Marine Database",2005,13.38974776,70.65972,-154.34734,Broad Whitefish,Coregonus nasus,anadromous/freshwater fish,Chordata (Actinopterygii),Fish,,NPRA-05-2099,,ng/g,,Provided,Muscle,,,,,,,anadromous/freshwater fish,Mote Marine Laboratory,Mote Marine Laboratory
Wetzel,"Dr Wetzel, Mote Marine Database",2005,63.43703753,70.65972,-154.34734,Broad Whitefish,Coregonus nasus,anadromous/freshwater fish,Chordata (Actinopterygii),Fish,,NPRA-05-2100,,ng/g,,Provided,Muscle,,,,,,,anadromous/freshwater fish,Mote Marine Laboratory,Mote Marine Laboratory
Wetzel,"Dr Wetzel, Mote Marine Database",2005,30.19061388,70.65972,-154.34734,Broad Whitefish,Coregonus nasus,anadromous/freshwater fish,Chordata (Actinopterygii),Fish,,NPRA-05-2101,,ng/g,,Provided,Muscle,,,,,,,anadromous/freshwater fish,Mote Marine Laboratory,Mote Marine Laboratory
Wetzel,"Dr Wetzel, Mote Marine Database",2005,32.16418844,70.65972,-154.34734,Broad Whitefish,Coregonus nasus,anadromous/freshwater fish,Chordata (Actinopterygii),Fish,,NPRA-05-2102,,ng/g,,Provided,Muscle,,,,,,,anadromous/freshwater fish,Mote Marine Laboratory,Mote Marine Laboratory
Wetzel,"Dr Wetzel, Mote Marine Database",2005,51.50386078,70.65972,-154.34734,Broad Whitefish,Coregonus nasus,anadromous/freshwater fish,Chordata (Actinopterygii),Fish,,NPRA-05-2103,,ng/g,,Provided,Muscle,,,,,,,anadromous/freshwater fish,Mote Marine Laboratory,Mote Marine Laboratory
Wetzel,"Dr Wetzel, Mote Marine Database",2005,42.21733472,70.65972,-154.34734,Broad Whitefish,Coregonus nasus,anadromous/freshwater fish,Chordata (Actinopterygii),Fish,,NPRA-05-2104,,ng/g,,Provided,Muscle,,,,,,,anadromous/freshwater fish,Mote Marine Laboratory,Mote Marine Laboratory
Wetzel,"Dr Wetzel, Mote Marine Database",2005,31.08781133,70.65972,-154.34734,Broad Whitefish,Coregonus nasus,anadromous/freshwater fish,Chordata (Actinopterygii),Fish,,NPRA-05-2105,,ng/g,,Provided,Muscle,,,,,,,anadromous/freshwater fish,Mote Marine Laboratory,Mote Marine Laboratory
Wetzel,"Dr Wetzel, Mote Marine Database",2005,38.8225068,70.65972,-154.34734,Broad Whitefish,Coregonus nasus,anadromous/freshwater fish,Chordata (Actinopterygii),Fish,,NPRA-05-2106,,ng/g,,Provided,Muscle,,,,,,,anadromous/freshwater fish,Mote Marine Laboratory,Mote Marine Laboratory
Wetzel,"Dr Wetzel, Mote Marine Database",2005,39.71080722,69.05,-140.45,Broad Whitefish,Coregonus nasus,anadromous/freshwater fish,Chordata (Actinopterygii),Fish,,NPRA-05-2109,,ng/g,,Provided,Muscle,,,,,,,anadromous/freshwater fish,Mote Marine Laboratory,Mote Marine Laboratory
Wetzel,"Dr Wetzel, Mote Marine Database",2005,32.11615998,69.05,-140.45,Broad Whitefish,Coregonus nasus,anadromous/freshwater fish,Chordata (Actinopterygii),Fish,,NPRA-05-2110,,ng/g,,Provided,Muscle,,,,,,,anadromous/freshwater fish,Mote Marine Laboratory,Mote Marine Laboratory
Wetzel,"Dr Wetzel, Mote Marine Database",2005,100.5506894,69.05,-140.45,Broad Whitefish,Coregonus nasus,anadromous/freshwater fish,Chordata (Actinopterygii),Fish,,NPRA-05-2111,,ng/g,,Provided,Muscle,,,,,,,anadromous/freshwater fish,Mote Marine Laboratory,Mote Marine Laboratory
Wetzel,"Dr Wetzel, Mote Marine Database",2005,45.70646909,69.05,-140.45,Broad Whitefish,Coregonus nasus,anadromous/freshwater fish,Chordata (Actinopterygii),Fish,,NPRA-05-2112,,ng/g,,Provided,Muscle,,,,,,,anadromous/freshwater fish,Mote Marine Laboratory,Mote Marine Laboratory
Wetzel,"Dr Wetzel, Mote Marine Database",2005,63.52191953,69.05,-140.45,Broad Whitefish,Coregonus nasus,anadromous/freshwater fish,Chordata (Actinopterygii),Fish,,NPRA-05-2113,,ng/g,,Provided,Muscle,,,,,,,anadromous/freshwater fish,Mote Marine Laboratory,Mote Marine Laboratory
Wetzel,"Dr Wetzel, Mote Marine Database",2005,80.0200715,69.05,-140.45,Broad Whitefish,Coregonus nasus,anadromous/freshwater fish,Chordata (Actinopterygii),Fish,,NPRA-05-2114,,ng/g,,Provided,Muscle,,,,,,,anadromous/freshwater fish,Mote Marine Laboratory,Mote Marine Laboratory
Wetzel,"Dr Wetzel, Mote Marine Database",2005,51.52063122,69.05,-140.45,Broad Whitefish,Coregonus nasus,anadromous/freshwater fish,Chordata (Actinopterygii),Fish,,NPRA-05-2115,,ng/g,,Provided,Muscle,,,,,,,anadromous/freshwater fish,Mote Marine Laboratory,Mote Marine Laboratory
Wetzel,"Dr Wetzel, Mote Marine Database",2005,51.25595368,70.65972,-154.34734,Broad Whitefish,Coregonus nasus,anadromous/freshwater fish,Chordata (Actinopterygii),Fish,,NPRA-05-2116,,ng/g,,Provided,Muscle,,,,,,,anadromous/freshwater fish,Mote Marine Laboratory,Mote Marine Laboratory
Wetzel,"Dr Wetzel, Mote Marine Database",2005,62.80820523,70.65972,-154.34734,Broad Whitefish,Coregonus nasus,anadromous/freshwater fish,Chordata (Actinopterygii),Fish,,NPRA-05-2117,,ng/g,,Provided,Muscle,,,,,,,anadromous/freshwater fish,Mote Marine Laboratory,Mote Marine Laboratory
Wetzel,"Dr Wetzel, Mote Marine Database",2005,65.92283039,69.05,-140.45,Broad Whitefish,Coregonus nasus,anadromous/freshwater fish,Chordata (Actinopterygii),Fish,,NPRA-05-2118,,ng/g,,Provided,Muscle,,,,,,,anadromous/freshwater fish,Mote Marine Laboratory,Mote Marine Laboratory
Wetzel,"Dr Wetzel, Mote Marine Database",2005,258.8289113,69.05,-140.45,Broad Whitefish,Coregonus nasus,anadromous/freshwater fish,Chordata (Actinopterygii),Fish,,NPRA-05-2125,,ng/g,,Provided,Muscle,,,,,,,anadromous/freshwater fish,Mote Marine Laboratory,Mote Marine Laboratory
Wetzel,"Dr Wetzel, Mote Marine Database",2005,0,69.05,-140.45,Broad Whitefish,Coregonus nasus,anadromous/freshwater fish,Chordata (Actinopterygii),Fish,,NPRA-05-2126,,ng/g,,Provided,Muscle,,,,,,,anadromous/freshwater fish,Mote Marine Laboratory,Mote Marine Laboratory
Wetzel,"Dr Wetzel, Mote Marine Database",2005,111.1260357,70.5714,-153.5142,Broad Whitefish,Coregonus nasus,anadromous/freshwater fish,Chordata (Actinopterygii),Fish,,NPRA-05-2127,,ng/g,,Provided,Muscle,,,,,,,anadromous/freshwater fish,Mote Marine Laboratory,Mote Marine Laboratory
Wetzel,"Dr Wetzel, Mote Marine Database",2005,67.0341941,70.5714,-153.5142,Broad Whitefish,Coregonus nasus,anadromous/freshwater fish,Chordata (Actinopterygii),Fish,,NPRA-05-2128,,ng/g,,Provided,Muscle,,,,,,,anadromous/freshwater fish,Mote Marine Laboratory,Mote Marine Laboratory
Wetzel,"Dr Wetzel, Mote Marine Database",2005,0,70.5714,-153.5142,Broad Whitefish,Coregonus nasus,anadromous/freshwater fish,Chordata (Actinopterygii),Fish,,NPRA-05-2129,,ng/g,,Provided,Muscle,,,,,,,anadromous/freshwater fish,Mote Marine Laboratory,Mote Marine Laboratory
Wetzel,"Dr Wetzel, Mote Marine Database",2005,0,70.5714,-153.5142,Broad Whitefish,Coregonus nasus,anadromous/freshwater fish,Chordata (Actinopterygii),Fish,,NPRA-05-2130,,ng/g,,Provided,Muscle,,,,,,,anadromous/freshwater fish,Mote Marine Laboratory,Mote Marine Laboratory
Wetzel,"Dr Wetzel, Mote Marine Database",2005,0,70.5714,-153.5142,Broad Whitefish,Coregonus nasus,anadromous/freshwater fish,Chordata (Actinopterygii),Fish,,NPRA-05-2133,,ng/g,,Provided,Muscle,,,,,,,anadromous/freshwater fish,Mote Marine Laboratory,Mote Marine Laboratory
Wetzel,"Dr Wetzel, Mote Marine Database",2005,0,69.7669,-154.661,Broad Whitefish,Coregonus nasus,anadromous/freshwater fish,Chordata (Actinopterygii),Fish,,NPRA-05-2134,,ng/g,,Provided,Muscle,,,,,,,anadromous/freshwater fish,Mote Marine Laboratory,Mote Marine Laboratory
Wetzel,"Dr Wetzel, Mote Marine Database",2005,0,70.65972,-154.34734,Broad Whitefish,Coregonus nasus,anadromous/freshwater fish,Chordata (Actinopterygii),Fish,,NPRA-05-2135,,ng/g,,Provided,Muscle,,,,,,,anadromous/freshwater fish,Mote Marine Laboratory,Mote Marine Laboratory
Wetzel,"Dr Wetzel, Mote Marine Database",2005,0,70.65972,-154.34734,Broad Whitefish,Coregonus nasus,anadromous/freshwater fish,Chordata (Actinopterygii),Fish,,NPRA-05-2136,,ng/g,,Provided,Muscle,,,,,,,anadromous/freshwater fish,Mote Marine Laboratory,Mote Marine Laboratory
Wetzel,"Dr Wetzel, Mote Marine Database",2005,0,70.65972,-154.34734,Broad Whitefish,Coregonus nasus,anadromous/freshwater fish,Chordata (Actinopterygii),Fish,,NPRA-05-2137,,ng/g,,Provided,Muscle,,,,,,,anadromous/freshwater fish,Mote Marine Laboratory,Mote Marine Laboratory
Wetzel,"Dr Wetzel, Mote Marine Database",2005,0,70.65972,-154.34734,Broad Whitefish,Coregonus nasus,anadromous/freshwater fish,Chordata (Actinopterygii),Fish,,NPRA-05-2138,,ng/g,,Provided,Muscle,,,,,,,anadromous/freshwater fish,Mote Marine Laboratory,Mote Marine Laboratory
Wetzel,"Dr Wetzel, Mote Marine Database",2005,0,70.65972,-154.34734,Broad Whitefish,Coregonus nasus,anadromous/freshwater fish,Chordata (Actinopterygii),Fish,,NPRA-05-2139,,ng/g,,Provided,Muscle,,,,,,,anadromous/freshwater fish,Mote Marine Laboratory,Mote Marine Laboratory
Wetzel,"Dr Wetzel, Mote Marine Database",2005,0,69.05,-140.45,Broad Whitefish,Coregonus nasus,anadromous/freshwater fish,Chordata (Actinopterygii),Fish,,NPRA-05-2140,,ng/g,,Provided,Muscle,,,,,,,anadromous/freshwater fish,Mote Marine Laboratory,Mote Marine Laboratory
Wetzel,"Dr Wetzel, Mote Marine Database",2005,0,69.05,-140.45,Broad Whitefish,Coregonus nasus,anadromous/freshwater fish,Chordata (Actinopterygii),Fish,,NPRA-05-2141,,ng/g,,Provided,Muscle,,,,,,,anadromous/freshwater fish,Mote Marine Laboratory,Mote Marine Laboratory
Wetzel,"Dr Wetzel, Mote Marine Database",2006,0,70.09154,-151.09264,Broad Whitefish,Coregonus nasus,anadromous/freshwater fish,Chordata (Actinopterygii),Fish,,NPRA-06-3990,,ng/g,,Provided,Muscle,,,,,,,anadromous/freshwater fish,Mote Marine Laboratory,Mote Marine Laboratory
Wetzel,"Dr Wetzel, Mote Marine Database",2008,88.83279706,70.4958,-157.393,Burbot,Lota lota,anadromous/freshwater fish,Chordata (Actinopterygii),Fish,,NPRA-10-0112,,ng/g,,Provided,Organ,,,,,,,anadromous/freshwater fish,Mote Marine Laboratory,Mote Marine Laboratory
Wetzel,"Dr Wetzel, Mote Marine Database",2008,0,70.12184,-159.63497,Burbot,Lota lota,anadromous/freshwater fish,Chordata (Actinopterygii),Fish,,NPRA-10-0128,,ng/g,,Provided,Organ,,,,,,,anadromous/freshwater fish,Mote Marine Laboratory,Mote Marine Laboratory
Wetzel,"Dr Wetzel, Mote Marine Database",2008,0,70.12184,-159.63497,Burbot,Lota lota,anadromous/freshwater fish,Chordata (Actinopterygii),Fish,,NPRA-10-0132,,ng/g,,Provided,Organ,,,,,,,anadromous/freshwater fish,Mote Marine Laboratory,Mote Marine Laboratory
Wetzel,"Dr Wetzel, Mote Marine Database",2008,0,70.12184,-159.63497,Burbot,Lota lota,anadromous/freshwater fish,Chordata (Actinopterygii),Fish,,NPRA-10-0134,,ng/g,,Provided,Organ,,,,,,,anadromous/freshwater fish,Mote Marine Laboratory,Mote Marine Laboratory
Wetzel,"Dr Wetzel, Mote Marine Database",2006,0,70.44987,-153.53802,Burbot,Lota lota,anadromous/freshwater fish,Chordata (Actinopterygii),Fish,,NPRA-06-4431,,ng/g,,Provided,Organ,,,,,,,anadromous/freshwater fish,Mote Marine Laboratory,Mote Marine Laboratory
Wetzel,"Dr Wetzel, Mote Marine Database",2006,0,70.7028,-154.52689,Burbot,Lota lota,anadromous/freshwater fish,Chordata (Actinopterygii),Fish,,NPRA-06-4459,,ng/g,,Provided,Organ,,,,,,,anadromous/freshwater fish,Mote Marine Laboratory,Mote Marine Laboratory
Wetzel,"Dr Wetzel, Mote Marine Database",2006,0,70.7028,-154.52689,Burbot,Lota lota,anadromous/freshwater fish,Chordata (Actinopterygii),Fish,,NPRA-06-4463,,ng/g,,Provided,Organ,,,,,,,anadromous/freshwater fish,Mote Marine Laboratory,Mote Marine Laboratory
Wetzel,"Dr Wetzel, Mote Marine Database",2006,0,70.7028,-154.52689,Burbot,Lota lota,anadromous/freshwater fish,Chordata (Actinopterygii),Fish,,NPRA-06-4467,,ng/g,,Provided,Organ,,,,,,,anadromous/freshwater fish,Mote Marine Laboratory,Mote Marine Laboratory
Wetzel,"Dr Wetzel, Mote Marine Database",2008,0,70.4958,-157.393,Burbot,Lota lota,anadromous/freshwater fish,Chordata (Actinopterygii),Fish,,NPRA-10-0111,,ng/g,,Provided,Muscle,,,,,,,anadromous/freshwater fish,Mote Marine Laboratory,Mote Marine Laboratory
Wetzel,"Dr Wetzel, Mote Marine Database",2008,0,70.12184,-159.63497,Burbot,Lota lota,anadromous/freshwater fish,Chordata (Actinopterygii),Fish,,NPRA-10-0125,,ng/g,,Provided,Muscle,,,,,,,anadromous/freshwater fish,Mote Marine Laboratory,Mote Marine Laboratory
Wetzel,"Dr Wetzel, Mote Marine Database",2008,0,70.12184,-159.63497,Burbot,Lota lota,anadromous/freshwater fish,Chordata (Actinopterygii),Fish,,NPRA-10-0127,,ng/g,,Provided,Muscle,,,,,,,anadromous/freshwater fish,Mote Marine Laboratory,Mote Marine Laboratory
Wetzel,"Dr Wetzel, Mote Marine Database",2008,0,70.12184,-159.63497,Burbot,Lota lota,anadromous/freshwater fish,Chordata (Actinopterygii),Fish,,NPRA-10-0129,,ng/g,,Provided,Muscle,,,,,,,anadromous/freshwater fish,Mote Marine Laboratory,Mote Marine Laboratory
Wetzel,"Dr Wetzel, Mote Marine Database",2008,0,70.12184,-159.63497,Burbot,Lota lota,anadromous/freshwater fish,Chordata (Actinopterygii),Fish,,NPRA-10-0131,,ng/g,,Provided,Muscle,,,,,,,anadromous/freshwater fish,Mote Marine Laboratory,Mote Marine Laboratory
Wetzel,"Dr Wetzel, Mote Marine Database",2008,0,70.12184,-159.63497,Burbot,Lota lota,anadromous/freshwater fish,Chordata (Actinopterygii),Fish,,NPRA-10-0133,,ng/g,,Provided,Muscle,,,,,,,anadromous/freshwater fish,Mote Marine Laboratory,Mote Marine Laboratory
Wetzel,"Dr Wetzel, Mote Marine Database",2006,0,70.7028,-154.52689,Burbot,Lota lota,anadromous/freshwater fish,Chordata (Actinopterygii),Fish,,NPRA-06-4458,,ng/g,,Provided,Muscle,,,,,,,anadromous/freshwater fish,Mote Marine Laboratory,Mote Marine Laboratory
Wetzel,"Dr Wetzel, Mote Marine Database",2006,0,70.7028,-154.52689,Burbot,Lota lota,anadromous/freshwater fish,Chordata (Actinopterygii),Fish,,NPRA-06-4462,,ng/g,,Provided,Muscle,,,,,,,anadromous/freshwater fish,Mote Marine Laboratory,Mote Marine Laboratory
Wetzel,"Dr Wetzel, Mote Marine Database",2006,0,70.7028,-154.52689,Burbot,Lota lota,anadromous/freshwater fish,Chordata (Actinopterygii),Fish,,NPRA-06-4466,,ng/g,,Provided,Muscle,,,,,,,anadromous/freshwater fish,Mote Marine Laboratory,Mote Marine Laboratory
Wetzel,"Dr Wetzel, Mote Marine Database",2008,3821.527415,61.2706,-150.5758,Eulachon (Hooligan),Thaleichthys pacificus,forage fish,Chordata (Actinopterygii),Fish,,CIB-08-0161F,,ng/g,,Provided,Whole Body,,,,,,,forage fish,Mote Marine Laboratory,Mote Marine Laboratory
Wetzel,"Dr Wetzel, Mote Marine Database",2008,14779.22967,61.2508,-150.288,Eulachon (Hooligan),Thaleichthys pacificus,forage fish,Chordata (Actinopterygii),Fish,,CIB-08-0166F,,ng/g,,Provided,Whole Body,,,,,,,forage fish,Mote Marine Laboratory,Mote Marine Laboratory
Wetzel,"Dr Wetzel, Mote Marine Database",2008,273.8454837,70.12184,-159.63497,Grayling,Thymallus arcticus,anadromous/freshwater fish,Chordata (Actinopterygii),Fish,,NPRA-06-4458,,ng/g,,Provided,Organ,,,,,,,anadromous/freshwater fish,Mote Marine Laboratory,Mote Marine Laboratory
Wetzel,"Dr Wetzel, Mote Marine Database",2008,229.2048675,70.12184,-159.63497,Grayling,Thymallus arcticus,anadromous/freshwater fish,Chordata (Actinopterygii),Fish,,NPRA-06-4462,,ng/g,,Provided,Organ,,,,,,,anadromous/freshwater fish,Mote Marine Laboratory,Mote Marine Laboratory
Wetzel,"Dr Wetzel, Mote Marine Database",2008,208.5084523,70.12184,-159.63497,Grayling,Thymallus arcticus,anadromous/freshwater fish,Chordata (Actinopterygii),Fish,,NPRA-06-4466,,ng/g,,Provided,Organ,,,,,,,anadromous/freshwater fish,Mote Marine Laboratory,Mote Marine Laboratory
Wetzel,"Dr Wetzel, Mote Marine Database",2010,98.80956981,70.6081,-160.1111,Grayling,Thymallus arcticus,anadromous/freshwater fish,Chordata (Actinopterygii),Fish,,NPRA-06-4458,,ng/g,,Provided,Organ,,,,,,,anadromous/freshwater fish,Mote Marine Laboratory,Mote Marine Laboratory
Wetzel,"Dr Wetzel, Mote Marine Database",2010,0,70.6081,-160.1111,Grayling,Thymallus arcticus,anadromous/freshwater fish,Chordata (Actinopterygii),Fish,,NPRA-06-4462,,ng/g,,Provided,Organ,,,,,,,anadromous/freshwater fish,Mote Marine Laboratory,Mote Marine Laboratory
Wetzel,"Dr Wetzel, Mote Marine Database",2010,0,70.6081,-160.1111,Grayling,Thymallus arcticus,anadromous/freshwater fish,Chordata (Actinopterygii),Fish,,NPRA-06-4466,,ng/g,,Provided,Organ,,,,,,,anadromous/freshwater fish,Mote Marine Laboratory,Mote Marine Laboratory
Wetzel,"Dr Wetzel, Mote Marine Database",2010,0,70.6081,-160.1111,Grayling,Thymallus arcticus,anadromous/freshwater fish,Chordata (Actinopterygii),Fish,,NPRA-06-4458,,ng/g,,Provided,Organ,,,,,,,anadromous/freshwater fish,Mote Marine Laboratory,Mote Marine Laboratory
Wetzel,"Dr Wetzel, Mote Marine Database",2010,0,70.6081,-160.1111,Grayling,Thymallus arcticus,anadromous/freshwater fish,Chordata (Actinopterygii),Fish,,NPRA-06-4462,,ng/g,,Provided,Organ,,,,,,,anadromous/freshwater fish,Mote Marine Laboratory,Mote Marine Laboratory
Wetzel,"Dr Wetzel, Mote Marine Database",2008,73.26204605,70.12184,-159.63497,Grayling,Thymallus arcticus,anadromous/freshwater fish,Chordata (Actinopterygii),Fish,,NPRA-06-4466,,ng/g,,Provided,Muscle,,,,,,,anadromous/freshwater fish,Mote Marine Laboratory,Mote Marine Laboratory
Wetzel,"Dr Wetzel, Mote Marine Database",2008,0,70.12184,-159.63497,Grayling,Thymallus arcticus,anadromous/freshwater fish,Chordata (Actinopterygii),Fish,,NPRA-06-4458,,ng/g,,Provided,Muscle,,,,,,,anadromous/freshwater fish,Mote Marine Laboratory,Mote Marine Laboratory
Wetzel,"Dr Wetzel, Mote Marine Database",2010,0,70.6081,-160.1111,Grayling,Thymallus arcticus,anadromous/freshwater fish,Chordata (Actinopterygii),Fish,,NPRA-06-4462,,ng/g,,Provided,Muscle,,,,,,,anadromous/freshwater fish,Mote Marine Laboratory,Mote Marine Laboratory
Wetzel,"Dr Wetzel, Mote Marine Database",2010,0,70.6081,-160.1111,Grayling,Thymallus arcticus,anadromous/freshwater fish,Chordata (Actinopterygii),Fish,,NPRA-06-4466,,ng/g,,Provided,Muscle,,,,,,,anadromous/freshwater fish,Mote Marine Laboratory,Mote Marine Laboratory
Wetzel,"Dr Wetzel, Mote Marine Database",2010,0,70.6081,-160.1111,Grayling,Thymallus arcticus,anadromous/freshwater fish,Chordata (Actinopterygii),Fish,,NPRA-06-4458,,ng/g,,Provided,Muscle,,,,,,,anadromous/freshwater fish,Mote Marine Laboratory,Mote Marine Laboratory
Wetzel,"Dr Wetzel, Mote Marine Database",2010,0,70.6081,-160.1111,Grayling,Thymallus arcticus,anadromous/freshwater fish,Chordata (Actinopterygii),Fish,,NPRA-06-4462,,ng/g,,Provided,Muscle,,,,,,,anadromous/freshwater fish,Mote Marine Laboratory,Mote Marine Laboratory
Wetzel,"Dr Wetzel, Mote Marine Database",2010,67.34605888,70.6081,-160.1111,Grayling,Thymallus arcticus,anadromous/freshwater fish,Chordata (Actinopterygii),Fish,,NPRA-06-4466,,ng/g,,Provided,Muscle,,,,,,,anadromous/freshwater fish,Mote Marine Laboratory,Mote Marine Laboratory
Wetzel,"Dr Wetzel, Mote Marine Database",2008,8092.272149,61.3461,-149.7317,Chinook Salmon,Oncorhynchus tshawytscha,salmon,Chordata (Actinopterygii),Fish,,CIB-08-0154L,,ng/g,,Provided,Organ,,,,,,,salmon,Mote Marine Laboratory,Mote Marine Laboratory
Wetzel,"Dr Wetzel, Mote Marine Database",2008,11511.05383,61.3293,-149.5681,Chinook Salmon,Oncorhynchus tshawytscha,salmon,Chordata (Actinopterygii),Fish,,CIB-08-0155L,,ng/g,,Provided,Organ,,,,,,,salmon,Mote Marine Laboratory,Mote Marine Laboratory
Wetzel,"Dr Wetzel, Mote Marine Database",2008,8435.912203,61.3293,-149.5681,Chinook Salmon,Oncorhynchus tshawytscha,salmon,Chordata (Actinopterygii),Fish,,CIB-08-0156L,,ng/g,,Provided,Organ,,,,,,,salmon,Mote Marine Laboratory,Mote Marine Laboratory
Wetzel,"Dr Wetzel, Mote Marine Database",2008,1439.578336,61.3293,-149.5681,Chinook Salmon,Oncorhynchus tshawytscha,salmon,Chordata (Actinopterygii),Fish,,CIB-08-0157L,,ng/g,,Provided,Organ,,,,,,,salmon,Mote Marine Laboratory,Mote Marine Laboratory
Wetzel,"Dr Wetzel, Mote Marine Database",2008,15313.76086,61.2508,-150.288,Chinook Salmon,Oncorhynchus tshawytscha,salmon,Chordata (Actinopterygii),Fish,,CIB-08-0168L,,ng/g,,Provided,Organ,,,,,,,salmon,Mote Marine Laboratory,Mote Marine Laboratory
Wetzel,"Dr Wetzel, Mote Marine Database",2008,12550,61.3461,-149.7317,Chinook Salmon,Oncorhynchus tshawytscha,salmon,Chordata (Actinopterygii),Fish,,CIB-08-0155M,,ng/g,,Provided,Muscle,,,,,,,salmon,Mote Marine Laboratory,Mote Marine Laboratory
Wetzel,"Dr Wetzel, Mote Marine Database",2008,20770,61.3461,-149.7317,Chinook Salmon,Oncorhynchus tshawytscha,salmon,Chordata (Actinopterygii),Fish,,CIB-08-0157M,,ng/g,,Provided,Muscle,,,,,,,salmon,Mote Marine Laboratory,Mote Marine Laboratory
Wetzel,"Dr Wetzel, Mote Marine Database",2008,25300,61.2508,-150.288,Chinook Salmon,Oncorhynchus tshawytscha,salmon,Chordata (Actinopterygii),Fish,,CIB-08-0167M,,ng/g,,Provided,Muscle,,,,,,,salmon,Mote Marine Laboratory,Mote Marine Laboratory
Wetzel,"Dr Wetzel, Mote Marine Database",2008,5420,61.2508,-150.288,Chinook Salmon,Oncorhynchus tshawytscha,salmon,Chordata (Actinopterygii),Fish,,CIB-08-0168M,,ng/g,,Provided,Muscle,,,,,,,salmon,Mote Marine Laboratory,Mote Marine Laboratory
Wetzel,"Dr Wetzel, Mote Marine Database",2008,118480,61.2403,-149.8861,Chinook Salmon,Oncorhynchus tshawytscha,salmon,Chordata (Actinopterygii),Fish,,CIB-08-0175M,,ng/g,,Provided,Muscle,,,,,,,salmon,Mote Marine Laboratory,Mote Marine Laboratory
Wetzel,"Dr Wetzel, Mote Marine Database",2008,30400,61.2403,-149.8861,Chinook Salmon,Oncorhynchus tshawytscha,salmon,Chordata (Actinopterygii),Fish,,CIB-08-0176M,,ng/g,,Provided,Muscle,,,,,,,salmon,Mote Marine Laboratory,Mote Marine Laboratory
Wetzel,"Dr Wetzel, Mote Marine Database",2008,3450,61.2403,-149.8861,Chinook Salmon,Oncorhynchus tshawytscha,salmon,Chordata (Actinopterygii),Fish,,CIB-08-0178M,,ng/g,,Provided,Muscle,,,,,,,salmon,Mote Marine Laboratory,Mote Marine Laboratory
Wetzel,"Dr Wetzel, Mote Marine Database",2008,15120,61.2508,-150.288,Chinook Salmon,Oncorhynchus tshawytscha,salmon,Chordata (Actinopterygii),Fish,,CIB-08-0167E,,ng/g,,Provided,Eggs,,,,,,,salmon,Mote Marine Laboratory,Mote Marine Laboratory
Wetzel,"Dr Wetzel, Mote Marine Database",2008,0,61.2508,-150.288,Chinook Salmon,Oncorhynchus tshawytscha,salmon,Chordata (Actinopterygii),Fish,,CIB-08-0168E,,ng/g,,Provided,Eggs,,,,,,,salmon,Mote Marine Laboratory,Mote Marine Laboratory
Wetzel,"Dr Wetzel, Mote Marine Database",2008,8250,61.2261,-149.8925,Chinook Salmon,Oncorhynchus tshawytscha,salmon,Chordata (Actinopterygii),Fish,,CIB-08-0176E,,ng/g,,Provided,Eggs,,,,,,,salmon,Mote Marine Laboratory,Mote Marine Laboratory
Wetzel,"Dr Wetzel, Mote Marine Database",2008,1994.725846,61.3461,-149.7317,Chinook Salmon,Oncorhynchus tshawytscha,salmon,Chordata (Actinopterygii),Fish,,CIB-08-0154F,,ng/g,,Provided,Whole Body,,,,,,,salmon,Mote Marine Laboratory,Mote Marine Laboratory
Wetzel,"Dr Wetzel, Mote Marine Database",2008,2841.948545,61.3461,-149.7317,Chinook Salmon,Oncorhynchus tshawytscha,salmon,Chordata (Actinopterygii),Fish,,CIB-08-0155F,,ng/g,,Provided,Whole Body,,,,,,,salmon,Mote Marine Laboratory,Mote Marine Laboratory
Wetzel,"Dr Wetzel, Mote Marine Database",2008,5344.958446,61.3461,-149.7317,Chinook Salmon,Oncorhynchus tshawytscha,salmon,Chordata (Actinopterygii),Fish,,CIB-08-0156F,,ng/g,,Provided,Whole Body,,,,,,,salmon,Mote Marine Laboratory,Mote Marine Laboratory
Wetzel,"Dr Wetzel, Mote Marine Database",2008,3679.148135,61.3461,-149.7317,Chinook Salmon,Oncorhynchus tshawytscha,salmon,Chordata (Actinopterygii),Fish,,CIB-08-0157F,,ng/g,,Provided,Whole Body,,,,,,,salmon,Mote Marine Laboratory,Mote Marine Laboratory
Wetzel,"Dr Wetzel, Mote Marine Database",2008,3640.810061,61.2508,-150.288,Chinook Salmon,Oncorhynchus tshawytscha,salmon,Chordata (Actinopterygii),Fish,,CIB-08-0167F,,ng/g,,Provided,Whole Body,,,,,,,salmon,Mote Marine Laboratory,Mote Marine Laboratory
Wetzel,"Dr Wetzel, Mote Marine Database",2008,3249.53897,61.2508,-150.288,Chinook Salmon,Oncorhynchus tshawytscha,salmon,Chordata (Actinopterygii),Fish,,CIB-08-0168F,,ng/g,,Provided,Whole Body,,,,,,,salmon,Mote Marine Laboratory,Mote Marine Laboratory
Wetzel,"Dr Wetzel, Mote Marine Database",2008,3080.946166,61.2261,-149.8925,Chinook Salmon,Oncorhynchus tshawytscha,salmon,Chordata (Actinopterygii),Fish,,CIB-08-0175F,,ng/g,,Provided,Whole Body,,,,,,,salmon,Mote Marine Laboratory,Mote Marine Laboratory
Wetzel,"Dr Wetzel, Mote Marine Database",2008,523.8798948,61.2261,-149.8925,Chinook Salmon,Oncorhynchus tshawytscha,salmon,Chordata (Actinopterygii),Fish,,CIB-08-0177F,,ng/g,,Provided,Whole Body,,,,,,,salmon,Mote Marine Laboratory,Mote Marine Laboratory
Wetzel,"Dr Wetzel, Mote Marine Database",2008,465.5984292,61.2261,-149.8925,Chinook Salmon,Oncorhynchus tshawytscha,salmon,Chordata (Actinopterygii),Fish,,CIB-08-0178F,,ng/g,,Provided,Whole Body,,,,,,,salmon,Mote Marine Laboratory,Mote Marine Laboratory
Wetzel,"Dr Wetzel, Mote Marine Database",2006,0,70.48743,-153.79658,Lake Trout,Salvelinus namaycush,salmon,Chordata (Actinopterygii),Fish,,NPRA-06-4354,,ng/g,,Provided,Organ,,,,,,,salmon,Mote Marine Laboratory,Mote Marine Laboratory
Wetzel,"Dr Wetzel, Mote Marine Database",2006,0,70.48743,-153.79658,Lake Trout,Salvelinus namaycush,salmon,Chordata (Actinopterygii),Fish,,NPRA-06-4358,,ng/g,,Provided,Organ,,,,,,,salmon,Mote Marine Laboratory,Mote Marine Laboratory
Wetzel,"Dr Wetzel, Mote Marine Database",2006,0,70.48743,-153.79658,Lake Trout,Salvelinus namaycush,salmon,Chordata (Actinopterygii),Fish,,NPRA-06-4362,,ng/g,,Provided,Organ,,,,,,,salmon,Mote Marine Laboratory,Mote Marine Laboratory
Wetzel,"Dr Wetzel, Mote Marine Database",2006,0,70.55245,-153.82244,Lake Trout,Salvelinus namaycush,salmon,Chordata (Actinopterygii),Fish,,NPRA-06-4435,,ng/g,,Provided,Organ,,,,,,,salmon,Mote Marine Laboratory,Mote Marine Laboratory
Wetzel,"Dr Wetzel, Mote Marine Database",2006,0,70.55245,-153.82244,Lake Trout,Salvelinus namaycush,salmon,Chordata (Actinopterygii),Fish,,NPRA-06-4439,,ng/g,,Provided,Organ,,,,,,,salmon,Mote Marine Laboratory,Mote Marine Laboratory
Wetzel,"Dr Wetzel, Mote Marine Database",2006,0,70.72253,-153.76562,Lake Trout,Salvelinus namaycush,salmon,Chordata (Actinopterygii),Fish,,NPRA-06-4443,,ng/g,,Provided,Organ,,,,,,,salmon,Mote Marine Laboratory,Mote Marine Laboratory
Wetzel,"Dr Wetzel, Mote Marine Database",2006,0,70.72253,-153.76562,Lake Trout,Salvelinus namaycush,salmon,Chordata (Actinopterygii),Fish,,NPRA-06-4447,,ng/g,,Provided,Organ,,,,,,,salmon,Mote Marine Laboratory,Mote Marine Laboratory
Wetzel,"Dr Wetzel, Mote Marine Database",2006,0,70.55245,-153.82244,Lake Trout,Salvelinus namaycush,salmon,Chordata (Actinopterygii),Fish,,NPRA-06-4451,,ng/g,,Provided,Organ,,,,,,,salmon,Mote Marine Laboratory,Mote Marine Laboratory
Wetzel,"Dr Wetzel, Mote Marine Database",2006,0,70.72253,-153.76562,Lake Trout,Salvelinus namaycush,salmon,Chordata (Actinopterygii),Fish,,NPRA-06-4455,,ng/g,,Provided,Organ,,,,,,,salmon,Mote Marine Laboratory,Mote Marine Laboratory
Wetzel,"Dr Wetzel, Mote Marine Database",2006,0,70.48743,-153.79658,Lake Trout,Salvelinus namaycush,salmon,Chordata (Actinopterygii),Fish,,NPRA-06-4353,,ng/g,,Provided,Muscle,,,,,,,salmon,Mote Marine Laboratory,Mote Marine Laboratory
Wetzel,"Dr Wetzel, Mote Marine Database",2006,0,70.48743,-153.79658,Lake Trout,Salvelinus namaycush,salmon,Chordata (Actinopterygii),Fish,,NPRA-06-4357,,ng/g,,Provided,Muscle,,,,,,,salmon,Mote Marine Laboratory,Mote Marine Laboratory
Wetzel,"Dr Wetzel, Mote Marine Database",2006,0,70.48743,-153.79658,Lake Trout,Salvelinus namaycush,salmon,Chordata (Actinopterygii),Fish,,NPRA-06-4361,,ng/g,,Provided,Muscle,,,,,,,salmon,Mote Marine Laboratory,Mote Marine Laboratory
Wetzel,"Dr Wetzel, Mote Marine Database",2006,0,70.55245,-153.82244,Lake Trout,Salvelinus namaycush,salmon,Chordata (Actinopterygii),Fish,,NPRA-06-4434,,ng/g,,Provided,Muscle,,,,,,,salmon,Mote Marine Laboratory,Mote Marine Laboratory
Wetzel,"Dr Wetzel, Mote Marine Database",2006,0,70.55245,-153.82244,Lake Trout,Salvelinus namaycush,salmon,Chordata (Actinopterygii),Fish,,NPRA-06-4438,,ng/g,,Provided,Muscle,,,,,,,salmon,Mote Marine Laboratory,Mote Marine Laboratory
Wetzel,"Dr Wetzel, Mote Marine Database",2006,0,70.72253,-153.76562,Lake Trout,Salvelinus namaycush,salmon,Chordata (Actinopterygii),Fish,,NPRA-06-4442,,ng/g,,Provided,Muscle,,,,,,,salmon,Mote Marine Laboratory,Mote Marine Laboratory
Wetzel,"Dr Wetzel, Mote Marine Database",2006,0,70.72253,-153.76562,Lake Trout,Salvelinus namaycush,salmon,Chordata (Actinopterygii),Fish,,NPRA-06-4446,,ng/g,,Provided,Muscle,,,,,,,salmon,Mote Marine Laboratory,Mote Marine Laboratory
Wetzel,"Dr Wetzel, Mote Marine Database",2006,0,70.55245,-153.82244,Lake Trout,Salvelinus namaycush,salmon,Chordata (Actinopterygii),Fish,,NPRA-06-4450,,ng/g,,Provided,Muscle,,,,,,,salmon,Mote Marine Laboratory,Mote Marine Laboratory
Wetzel,"Dr Wetzel, Mote Marine Database",2006,0,70.72253,-153.76562,Lake Trout,Salvelinus namaycush,salmon,Chordata (Actinopterygii),Fish,,NPRA-06-4454,,ng/g,,Provided,Muscle,,,,,,,salmon,Mote Marine Laboratory,Mote Marine Laboratory
Wetzel,"Dr Wetzel, Mote Marine Database",2024,646.4423359,70.4333,-150.4333,Least Cisco,Coregonus sardinella,anadromous/freshwater fish,Chordata (Actinopterygii),Fish,,228,,ng/g,,Provided,Organ,,,,,,,anadromous/freshwater fish,Mote Marine Laboratory,Mote Marine Laboratory
Wetzel,"Dr Wetzel, Mote Marine Database",2024,586.6515739,70.4333,-150.4333,Least Cisco,Coregonus sardinella,anadromous/freshwater fish,Chordata (Actinopterygii),Fish,,229,,ng/g,,Provided,Organ,,,,,,,anadromous/freshwater fish,Mote Marine Laboratory,Mote Marine Laboratory
Wetzel,"Dr Wetzel, Mote Marine Database",2024,549.4066122,70.4333,-150.4333,Least Cisco,Coregonus sardinella,anadromous/freshwater fish,Chordata (Actinopterygii),Fish,,230,,ng/g,,Provided,Organ,,,,,,,anadromous/freshwater fish,Mote Marine Laboratory,Mote Marine Laboratory
Wetzel,"Dr Wetzel, Mote Marine Database",2024,533.4392384,70.4333,-150.4333,Least Cisco,Coregonus sardinella,anadromous/freshwater fish,Chordata (Actinopterygii),Fish,,231,,ng/g,,Provided,Organ,,,,,,,anadromous/freshwater fish,Mote Marine Laboratory,Mote Marine Laboratory
Wetzel,"Dr Wetzel, Mote Marine Database",2022,327.8392007,70.2163,-151.0057,Least Cisco,Coregonus sardinella,anadromous/freshwater fish,Chordata (Actinopterygii),Fish,,729,,ng/g,,Provided,Organ,,,,,,,anadromous/freshwater fish,Mote Marine Laboratory,Mote Marine Laboratory
Wetzel,"Dr Wetzel, Mote Marine Database",2022,202.3857429,70.2163,-151.0057,Least Cisco,Coregonus sardinella,anadromous/freshwater fish,Chordata (Actinopterygii),Fish,,730,,ng/g,,Provided,Organ,,,,,,,anadromous/freshwater fish,Mote Marine Laboratory,Mote Marine Laboratory
Wetzel,"Dr Wetzel, Mote Marine Database",2022,342.9612283,70.2163,-151.0057,Least Cisco,Coregonus sardinella,anadromous/freshwater fish,Chordata (Actinopterygii),Fish,,731,,ng/g,,Provided,Organ,,,,,,,anadromous/freshwater fish,Mote Marine Laboratory,Mote Marine Laboratory
Wetzel,"Dr Wetzel, Mote Marine Database",2022,655.0835236,70.2163,-151.0057,Least Cisco,Coregonus sardinella,anadromous/freshwater fish,Chordata (Actinopterygii),Fish,,732,,ng/g,,Provided,Organ,,,,,,,anadromous/freshwater fish,Mote Marine Laboratory,Mote Marine Laboratory
Wetzel,"Dr Wetzel, Mote Marine Database",2022,543.8074217,70.2163,-151.0057,Least Cisco,Coregonus sardinella,anadromous/freshwater fish,Chordata (Actinopterygii),Fish,,733,,ng/g,,Provided,Organ,,,,,,,anadromous/freshwater fish,Mote Marine Laboratory,Mote Marine Laboratory
Wetzel,"Dr Wetzel, Mote Marine Database",2022,427.2426369,70.2163,-151.0057,Least Cisco,Coregonus sardinella,anadromous/freshwater fish,Chordata (Actinopterygii),Fish,,734,,ng/g,,Provided,Organ,,,,,,,anadromous/freshwater fish,Mote Marine Laboratory,Mote Marine Laboratory
Wetzel,"Dr Wetzel, Mote Marine Database",2022,696.4666164,70.2163,-151.0057,Least Cisco,Coregonus sardinella,anadromous/freshwater fish,Chordata (Actinopterygii),Fish,,735,,ng/g,,Provided,Organ,,,,,,,anadromous/freshwater fish,Mote Marine Laboratory,Mote Marine Laboratory
Wetzel,"Dr Wetzel, Mote Marine Database",2022,325.5735063,70.2163,-151.0057,Least Cisco,Coregonus sardinella,anadromous/freshwater fish,Chordata (Actinopterygii),Fish,,736,,ng/g,,Provided,Organ,,,,,,,anadromous/freshwater fish,Mote Marine Laboratory,Mote Marine Laboratory
Wetzel,"Dr Wetzel, Mote Marine Database",2022,508.9949268,70.2163,-151.0057,Least Cisco,Coregonus sardinella,anadromous/freshwater fish,Chordata (Actinopterygii),Fish,,737,,ng/g,,Provided,Organ,,,,,,,anadromous/freshwater fish,Mote Marine Laboratory,Mote Marine Laboratory
Wetzel,"Dr Wetzel, Mote Marine Database",2022,813.4672888,70.2163,-151.0057,Least Cisco,Coregonus sardinella,anadromous/freshwater fish,Chordata (Actinopterygii),Fish,,738,,ng/g,,Provided,Organ,,,,,,,anadromous/freshwater fish,Mote Marine Laboratory,Mote Marine Laboratory
Wetzel,"Dr Wetzel, Mote Marine Database",2022,468.1508701,70.2163,-151.0057,Least Cisco,Coregonus sardinella,anadromous/freshwater fish,Chordata (Actinopterygii),Fish,,739,,ng/g,,Provided,Organ,,,,,,,anadromous/freshwater fish,Mote Marine Laboratory,Mote Marine Laboratory
Wetzel,"Dr Wetzel, Mote Marine Database",2024,154.6786491,70.4333,-150.4333,Least Cisco,Coregonus sardinella,anadromous/freshwater fish,Chordata (Actinopterygii),Fish,,178,,ng/g,,Provided,Muscle,,,,,,,anadromous/freshwater fish,Mote Marine Laboratory,Mote Marine Laboratory
Wetzel,"Dr Wetzel, Mote Marine Database",2024,198.051997,70.4333,-150.4333,Least Cisco,Coregonus sardinella,anadromous/freshwater fish,Chordata (Actinopterygii),Fish,,179,,ng/g,,Provided,Muscle,,,,,,,anadromous/freshwater fish,Mote Marine Laboratory,Mote Marine Laboratory
Wetzel,"Dr Wetzel, Mote Marine Database",2024,245.9917127,70.4333,-150.4333,Least Cisco,Coregonus sardinella,anadromous/freshwater fish,Chordata (Actinopterygii),Fish,,180,,ng/g,,Provided,Muscle,,,,,,,anadromous/freshwater fish,Mote Marine Laboratory,Mote Marine Laboratory
Wetzel,"Dr Wetzel, Mote Marine Database",2024,436.8271246,70.4333,-150.4333,Least Cisco,Coregonus sardinella,anadromous/freshwater fish,Chordata (Actinopterygii),Fish,,181,,ng/g,,Provided,Muscle,,,,,,,anadromous/freshwater fish,Mote Marine Laboratory,Mote Marine Laboratory
Wetzel,"Dr Wetzel, Mote Marine Database",2022,144.1484766,70.2163,-151.0057,Least Cisco,Coregonus sardinella,anadromous/freshwater fish,Chordata (Actinopterygii),Fish,,969,,ng/g,,Provided,Muscle,,,,,,,anadromous/freshwater fish,Mote Marine Laboratory,Mote Marine Laboratory
Wetzel,"Dr Wetzel, Mote Marine Database",2022,108.6939029,70.2163,-151.0057,Least Cisco,Coregonus sardinella,anadromous/freshwater fish,Chordata (Actinopterygii),Fish,,970,,ng/g,,Provided,Muscle,,,,,,,anadromous/freshwater fish,Mote Marine Laboratory,Mote Marine Laboratory
Wetzel,"Dr Wetzel, Mote Marine Database",2022,65.89388042,70.2163,-151.0057,Least Cisco,Coregonus sardinella,anadromous/freshwater fish,Chordata (Actinopterygii),Fish,,971,,ng/g,,Provided,Muscle,,,,,,,anadromous/freshwater fish,Mote Marine Laboratory,Mote Marine Laboratory
Wetzel,"Dr Wetzel, Mote Marine Database",2022,76.46166275,70.2163,-151.0057,Least Cisco,Coregonus sardinella,anadromous/freshwater fish,Chordata (Actinopterygii),Fish,,972,,ng/g,,Provided,Muscle,,,,,,,anadromous/freshwater fish,Mote Marine Laboratory,Mote Marine Laboratory
Wetzel,"Dr Wetzel, Mote Marine Database",2022,186.1875094,70.2163,-151.0057,Least Cisco,Coregonus sardinella,anadromous/freshwater fish,Chordata (Actinopterygii),Fish,,973,,ng/g,,Provided,Muscle,,,,,,,anadromous/freshwater fish,Mote Marine Laboratory,Mote Marine Laboratory
Wetzel,"Dr Wetzel, Mote Marine Database",2022,108.7054054,70.2163,-151.0057,Least Cisco,Coregonus sardinella,anadromous/freshwater fish,Chordata (Actinopterygii),Fish,,974,,ng/g,,Provided,Muscle,,,,,,,anadromous/freshwater fish,Mote Marine Laboratory,Mote Marine Laboratory
Wetzel,"Dr Wetzel, Mote Marine Database",2022,84.45186649,70.2163,-151.0057,Least Cisco,Coregonus sardinella,anadromous/freshwater fish,Chordata (Actinopterygii),Fish,,975,,ng/g,,Provided,Muscle,,,,,,,anadromous/freshwater fish,Mote Marine Laboratory,Mote Marine Laboratory
Wetzel,"Dr Wetzel, Mote Marine Database",2022,123.5351089,70.2163,-151.0057,Least Cisco,Coregonus sardinella,anadromous/freshwater fish,Chordata (Actinopterygii),Fish,,976,,ng/g,,Provided,Muscle,,,,,,,anadromous/freshwater fish,Mote Marine Laboratory,Mote Marine Laboratory
Wetzel,"Dr Wetzel, Mote Marine Database",2022,123.3074268,70.2163,-151.0057,Least Cisco,Coregonus sardinella,anadromous/freshwater fish,Chordata (Actinopterygii),Fish,,977,,ng/g,,Provided,Muscle,,,,,,,anadromous/freshwater fish,Mote Marine Laboratory,Mote Marine Laboratory
Wetzel,"Dr Wetzel, Mote Marine Database",2022,71.79006844,70.2163,-151.0057,Least Cisco,Coregonus sardinella,anadromous/freshwater fish,Chordata (Actinopterygii),Fish,,978,,ng/g,,Provided,Muscle,,,,,,,anadromous/freshwater fish,Mote Marine Laboratory,Mote Marine Laboratory
Wetzel,"Dr Wetzel, Mote Marine Database",2022,128.1384357,70.2163,-151.0057,Least Cisco,Coregonus sardinella,anadromous/freshwater fish,Chordata (Actinopterygii),Fish,,979,,ng/g,,Provided,Muscle,,,,,,,anadromous/freshwater fish,Mote Marine Laboratory,Mote Marine Laboratory
Wetzel,"Dr Wetzel, Mote Marine Database",2009,13840,61.2261,-149.8925,Pink Salmon,Oncorhynchus gorbuscha,salmon,Chordata (Actinopterygii),Fish,,CIB-09-0457M,,ng/g,,Provided,Muscle,,,,,,,salmon,Mote Marine Laboratory,Mote Marine Laboratory
Wetzel,"Dr Wetzel, Mote Marine Database",2009,3230.52191,61.2261,-149.8925,Pink Salmon,Oncorhynchus gorbuscha,salmon,Chordata (Actinopterygii),Fish,,CIB-09-0482F,,ng/g,,Provided,Whole Body,,,,,,,salmon,Mote Marine Laboratory,Mote Marine Laboratory
Wetzel,"Dr Wetzel, Mote Marine Database",2009,86.54181068,61.2508,-150.288,Pink Salmon,Oncorhynchus gorbuscha,salmon,Chordata (Actinopterygii),Fish,,CIB-09-0476L,,ng/g,,Provided,Organ,,,,,,,salmon,Mote Marine Laboratory,Mote Marine Laboratory
Wetzel,"Dr Wetzel, Mote Marine Database",2008,37.46789078,70.4958,-157.393,Round Whitefish,Prosopium cylindraceum,anadromous/freshwater fish,Chordata (Actinopterygii),Fish,,NPRA-10-0091,,ng/g,,Provided,Muscle,,,,,,,anadromous/freshwater fish,Mote Marine Laboratory,Mote Marine Laboratory
Wetzel,"Dr Wetzel, Mote Marine Database",2008,19.83558221,70.4958,-157.393,Round Whitefish,Prosopium cylindraceum,anadromous/freshwater fish,Chordata (Actinopterygii),Fish,,NPRA-10-0095,,ng/g,,Provided,Muscle,,,,,,,anadromous/freshwater fish,Mote Marine Laboratory,Mote Marine Laboratory
Wetzel,"Dr Wetzel, Mote Marine Database",2008,20.93552439,70.4958,-157.393,Round Whitefish,Prosopium cylindraceum,anadromous/freshwater fish,Chordata (Actinopterygii),Fish,,NPRA-10-0099,,ng/g,,Provided,Muscle,,,,,,,anadromous/freshwater fish,Mote Marine Laboratory,Mote Marine Laboratory
Wetzel,"Dr Wetzel, Mote Marine Database",2009,109890,61.2403,-149.8861,Coho Salmon,Oncorhynchus kisutch,salmon,Chordata (Actinopterygii),Fish,,CIB-09-0453E,,ng/g,,Provided,Eggs,,,,,,,salmon,Mote Marine Laboratory,Mote Marine Laboratory
Wetzel,"Dr Wetzel, Mote Marine Database",2008,229.3997601,70.6,-160.13,Longfin Smelt,Spirinchus thaleichthys,forage fish,Chordata (Actinopterygii),Fish,,154,,ng/g,,Provided,Organ,,,,,,,forage fish,Mote Marine Laboratory,Mote Marine Laboratory
Wetzel,"Dr Wetzel, Mote Marine Database",2008,182.2970948,70.6,-160.13,Longfin Smelt,Spirinchus thaleichthys,forage fish,Chordata (Actinopterygii),Fish,,170,,ng/g,,Provided,Organ,,,,,,,forage fish,Mote Marine Laboratory,Mote Marine Laboratory
Wetzel,"Dr Wetzel, Mote Marine Database",2008,14.1292095,70.6,-160.13,Longfin Smelt,Spirinchus thaleichthys,forage fish,Chordata (Actinopterygii),Fish,,137,,ng/g,,Provided,Muscle,,,,,,,forage fish,Mote Marine Laboratory,Mote Marine Laboratory
Wetzel,"Dr Wetzel, Mote Marine Database",2008,6.455858696,70.6,-160.13,Longfin Smelt,Spirinchus thaleichthys,forage fish,Chordata (Actinopterygii),Fish,,151,,ng/g,,Provided,Muscle,,,,,,,forage fish,Mote Marine Laboratory,Mote Marine Laboratory
Wetzel,"Dr Wetzel, Mote Marine Database",2008,479.2971769,70.6,-160.13,Longfin Smelt,Spirinchus thaleichthys,forage fish,Chordata (Actinopterygii),Fish,,177,,ng/g,,Provided,Muscle,,,,,,,forage fish,Mote Marine Laboratory,Mote Marine Laboratory
Wetzel,"Dr Wetzel, Mote Marine Database",2009,34.38829584,61.2261,-149.8925,Kokanee,Oncorhynchus nerka,salmon,Chordata (Actinopterygii),Fish,,CIB-09-0460L,,ng/g,,Provided,Organ,,,,,,,salmon,Mote Marine Laboratory,Mote Marine Laboratory
Wetzel,"Dr Wetzel, Mote Marine Database",2009,81.40003497,61.2261,-149.8925,Kokanee,Oncorhynchus nerka,salmon,Chordata (Actinopterygii),Fish,,CIB-09-0462L,,ng/g,,Provided,Organ,,,,,,,salmon,Mote Marine Laboratory,Mote Marine Laboratory
Wetzel,"Dr Wetzel, Mote Marine Database",2009,1700.708531,61.2403,-149.8861,Kokanee,Oncorhynchus nerka,salmon,Chordata (Actinopterygii),Fish,,CIB-09-0483L,,ng/g,,Provided,Organ,,,,,,,salmon,Mote Marine Laboratory,Mote Marine Laboratory
Wetzel,"Dr Wetzel, Mote Marine Database",2009,3900,61.2403,-149.8861,Kokanee,Oncorhynchus nerka,salmon,Chordata (Actinopterygii),Fish,,CIB-09-0467M,,ng/g,,Provided,Muscle,,,,,,,salmon,Mote Marine Laboratory,Mote Marine Laboratory
Wetzel,"Dr Wetzel, Mote Marine Database",2009,2433.435444,61.2261,-149.8925,Kokanee,Oncorhynchus nerka,salmon,Chordata (Actinopterygii),Fish,,CIB-09-0483F,,ng/g,,Provided,Whole Body,,,,,,,salmon,Mote Marine Laboratory,Mote Marine Laboratory
Wetzel,"Dr Wetzel, Mote Marine Database",2001,164.5762566,60.3378,-151.875,Beluga,Delphinapterus leucas,whale,Chordata (Mammalia),Seals/ Whales,,,,ng/g,,Provided,Fat,,,,,,,whale,Mote Marine Laboratory,Mote Marine Laboratory
Wetzel,"Dr Wetzel, Mote Marine Database",2001,304.857535,60.3378,-151.875,Beluga,Delphinapterus leucas,whale,Chordata (Mammalia),Seals/ Whales,,,,ng/g,,Provided,Fat,,,,,,,whale,Mote Marine Laboratory,Mote Marine Laboratory
Wetzel,"Dr Wetzel, Mote Marine Database",2002,62.61715713,60.3378,-151.875,Beluga,Delphinapterus leucas,whale,Chordata (Mammalia),Seals/ Whales,,,,ng/g,,Provided,Fat,,,,,,,whale,Mote Marine Laboratory,Mote Marine Laboratory
Wetzel,"Dr Wetzel, Mote Marine Database",2003,172.96975,60.3378,-151.875,Beluga,Delphinapterus leucas,whale,Chordata (Mammalia),Seals/ Whales,,,,ng/g,,Provided,Fat,,,,,,,whale,Mote Marine Laboratory,Mote Marine Laboratory
Wetzel,"Dr Wetzel, Mote Marine Database",2003,209.7158504,60.3378,-151.875,Beluga,Delphinapterus leucas,whale,Chordata (Mammalia),Seals/ Whales,,,,ng/g,,Provided,Fat,,,,,,,whale,Mote Marine Laboratory,Mote Marine Laboratory
Wetzel,"Dr Wetzel, Mote Marine Database",2005,258.7516087,60.3378,-151.875,Beluga,Delphinapterus leucas,whale,Chordata (Mammalia),Seals/ Whales,,,,ng/g,,Provided,Fat,,,,,,,whale,Mote Marine Laboratory,Mote Marine Laboratory
Wetzel,"Dr Wetzel, Mote Marine Database",2011,15201.50499,69.7411,-162.8656,Beluga,Delphinapterus leucas,whale,Chordata (Mammalia),Seals/ Whales,,LDL-1-11,,ng/g,,Provided,Fat,,,,,,,whale,Mote Marine Laboratory,Mote Marine Laboratory
Wetzel,"Dr Wetzel, Mote Marine Database",2011,16182.1711,69.7411,-162.8656,Beluga,Delphinapterus leucas,whale,Chordata (Mammalia),Seals/ Whales,,LDL-18-11,,ng/g,,Provided,Fat,,,,,,,whale,Mote Marine Laboratory,Mote Marine Laboratory
Wetzel,"Dr Wetzel, Mote Marine Database",2011,24329.77302,69.7411,-162.8656,Beluga,Delphinapterus leucas,whale,Chordata (Mammalia),Seals/ Whales,,LDL-2-11,,ng/g,,Provided,Fat,,,,,,,whale,Mote Marine Laboratory,Mote Marine Laboratory
Wetzel,"Dr Wetzel, Mote Marine Database",2011,9827.721505,69.7411,-162.8656,Beluga,Delphinapterus leucas,whale,Chordata (Mammalia),Seals/ Whales,,LDL-22-11,,ng/g,,Provided,Fat,,,,,,,whale,Mote Marine Laboratory,Mote Marine Laboratory
Wetzel,"Dr Wetzel, Mote Marine Database",2011,15438.51205,69.7411,-162.8656,Beluga,Delphinapterus leucas,whale,Chordata (Mammalia),Seals/ Whales,,LDL-3-11,,ng/g,,Provided,Fat,,,,,,,whale,Mote Marine Laboratory,Mote Marine Laboratory
Wetzel,"Dr Wetzel, Mote Marine Database",2011,11529.42281,69.7411,-162.8656,Beluga,Delphinapterus leucas,whale,Chordata (Mammalia),Seals/ Whales,,LDL-4-11,,ng/g,,Provided,Fat,,,,,,,whale,Mote Marine Laboratory,Mote Marine Laboratory
Wetzel,"Dr Wetzel, Mote Marine Database",2011,9029.342319,69.7411,-162.8656,Beluga,Delphinapterus leucas,whale,Chordata (Mammalia),Seals/ Whales,,LDL-5-11,,ng/g,,Provided,Fat,,,,,,,whale,Mote Marine Laboratory,Mote Marine Laboratory
Wetzel,"Dr Wetzel, Mote Marine Database",2011,14149.61123,69.7411,-162.8656,Beluga,Delphinapterus leucas,whale,Chordata (Mammalia),Seals/ Whales,,LDL-6-11,,ng/g,,Provided,Fat,,,,,,,whale,Mote Marine Laboratory,Mote Marine Laboratory
Wetzel,"Dr Wetzel, Mote Marine Database",2011,21133.23185,69.7411,-162.8656,Beluga,Delphinapterus leucas,whale,Chordata (Mammalia),Seals/ Whales,,LDL-8-11,,ng/g,,Provided,Fat,,,,,,,whale,Mote Marine Laboratory,Mote Marine Laboratory
Wetzel,"Dr Wetzel, Mote Marine Database",2012,13896.06101,69.7411,-162.8656,Beluga,Delphinapterus leucas,whale,Chordata (Mammalia),Seals/ Whales,,BDL-1-12,,ng/g,,Provided,Fat,,,,,,,whale,Mote Marine Laboratory,Mote Marine Laboratory
Wetzel,"Dr Wetzel, Mote Marine Database",2012,5515.697439,69.7411,-162.8656,Beluga,Delphinapterus leucas,whale,Chordata (Mammalia),Seals/ Whales,,BDL-2-12,,ng/g,,Provided,Fat,,,,,,,whale,Mote Marine Laboratory,Mote Marine Laboratory
Wetzel,"Dr Wetzel, Mote Marine Database",2012,9061.376006,69.7411,-162.8656,Beluga,Delphinapterus leucas,whale,Chordata (Mammalia),Seals/ Whales,,LDL_1_12,,ng/g,,Provided,Fat,,,,,,,whale,Mote Marine Laboratory,Mote Marine Laboratory
Wetzel,"Dr Wetzel, Mote Marine Database",2012,7245.92136,69.7411,-162.8656,Beluga,Delphinapterus leucas,whale,Chordata (Mammalia),Seals/ Whales,,LDL-10-12,,ng/g,,Provided,Fat,,,,,,,whale,Mote Marine Laboratory,Mote Marine Laboratory
Wetzel,"Dr Wetzel, Mote Marine Database",2012,16684.46055,69.7411,-162.8656,Beluga,Delphinapterus leucas,whale,Chordata (Mammalia),Seals/ Whales,,LDL-2-12,,ng/g,,Provided,Fat,,,,,,,whale,Mote Marine Laboratory,Mote Marine Laboratory
Wetzel,"Dr Wetzel, Mote Marine Database",2012,10026.60032,69.7411,-162.8656,Beluga,Delphinapterus leucas,whale,Chordata (Mammalia),Seals/ Whales,,LDL-3-12,,ng/g,,Provided,Fat,,,,,,,whale,Mote Marine Laboratory,Mote Marine Laboratory
Wetzel,"Dr Wetzel, Mote Marine Database",2012,4458.748218,69.7411,-162.8656,Beluga,Delphinapterus leucas,whale,Chordata (Mammalia),Seals/ Whales,,LDL-4-12,,ng/g,,Provided,Fat,,,,,,,whale,Mote Marine Laboratory,Mote Marine Laboratory
Wetzel,"Dr Wetzel, Mote Marine Database",2012,21885.23265,69.7411,-162.8656,Beluga,Delphinapterus leucas,whale,Chordata (Mammalia),Seals/ Whales,,LDL-5-12,,ng/g,,Provided,Fat,,,,,,,whale,Mote Marine Laboratory,Mote Marine Laboratory
Wetzel,"Dr Wetzel, Mote Marine Database",2012,13252.13207,69.7411,-162.8656,Beluga,Delphinapterus leucas,whale,Chordata (Mammalia),Seals/ Whales,,LDL-6-12,,ng/g,,Provided,Fat,,,,,,,whale,Mote Marine Laboratory,Mote Marine Laboratory
Wetzel,"Dr Wetzel, Mote Marine Database",2012,14141.5743,69.7411,-162.8656,Beluga,Delphinapterus leucas,whale,Chordata (Mammalia),Seals/ Whales,,LDL-7-12,,ng/g,,Provided,Fat,,,,,,,whale,Mote Marine Laboratory,Mote Marine Laboratory
Wetzel,"Dr Wetzel, Mote Marine Database",2012,24194.16004,69.7411,-162.8656,Beluga,Delphinapterus leucas,whale,Chordata (Mammalia),Seals/ Whales,,LDL-8-12,,ng/g,,Provided,Fat,,,,,,,whale,Mote Marine Laboratory,Mote Marine Laboratory
Wetzel,"Dr Wetzel, Mote Marine Database",2012,9498.877102,69.7411,-162.8656,Beluga,Delphinapterus leucas,whale,Chordata (Mammalia),Seals/ Whales,,LDL-9-12,,ng/g,,Provided,Fat,,,,,,,whale,Mote Marine Laboratory,Mote Marine Laboratory
Wetzel,"Dr Wetzel, Mote Marine Database",2016,81.64321553,61.0681,-151.137,Beluga,Delphinapterus leucas,whale,Chordata (Mammalia),Seals/ Whales,,,,ng/g,,Provided,Fat,,,,,,,whale,Mote Marine Laboratory,Mote Marine Laboratory
Wetzel,"Dr Wetzel, Mote Marine Database",2002,809.220378,60.3378,-151.875,Beluga,Delphinapterus leucas,whale,Chordata (Mammalia),Seals/ Whales,,,,ng/g,,Provided,Organ,,,,,,,whale,Mote Marine Laboratory,Mote Marine Laboratory
Wetzel,"Dr Wetzel, Mote Marine Database",2003,683.8252787,60.3378,-151.875,Beluga,Delphinapterus leucas,whale,Chordata (Mammalia),Seals/ Whales,,,,ng/g,,Provided,Organ,,,,,,,whale,Mote Marine Laboratory,Mote Marine Laboratory
Wetzel,"Dr Wetzel, Mote Marine Database",2003,366.0802022,60.3378,-151.875,Beluga,Delphinapterus leucas,whale,Chordata (Mammalia),Seals/ Whales,,,,ng/g,,Provided,Organ,,,,,,,whale,Mote Marine Laboratory,Mote Marine Laboratory
Wetzel,"Dr Wetzel, Mote Marine Database",2016,48.4190774,61.0681,-151.137,Beluga,Delphinapterus leucas,whale,Chordata (Mammalia),Seals/ Whales,,,,ng/g,,Provided,Organ,,,,,,,whale,Mote Marine Laboratory,Mote Marine Laboratory
Stimmelmayr,Stimmelmayr et al 2018,2012,36,66.25674,-166.06247,Spotted Seal,Phoca largha,seal,Chordata (Mammalia),Seals/ Whales,Unknown oiling observed,N52-2012,,ng/g,wet,Provided,Fat,,,met,,,,seal,"Oil Fouling of Seals, Stimmelmayr",Other Peer-reviewed Studies
Stimmelmayr,Stimmelmayr et al 2018,2012,48,63.77836,-171.72921,Spotted Seal,Phoca largha,seal,Chordata (Mammalia),Seals/ Whales,Unknown oiling observed,2012-166,,ng/g,wet,Provided,Fat,,,met,,,,seal,"Oil Fouling of Seals, Stimmelmayr",Other Peer-reviewed Studies
Stimmelmayr,Stimmelmayr et al 2018,2012,12,63.77836,-171.72921,Ringed Seal,Pusa hispida,seal,Chordata (Mammalia),Seals/ Whales,Unknown oiling observed,N55-2012,,ng/g,wet,Provided,Fat,,,met,,,,seal,"Oil Fouling of Seals, Stimmelmayr",Other Peer-reviewed Studies
Stimmelmayr,Stimmelmayr et al 2018,2012,25,63.77836,-171.72921,Ringed Seal,Pusa hispida,seal,Chordata (Mammalia),Seals/ Whales,Unknown oiling observed,N55-2012,,ng/g,wet,Provided,Fat,,,met,,,,seal,"Oil Fouling of Seals, Stimmelmayr",Other Peer-reviewed Studies
Stimmelmayr,Stimmelmayr et al 2018,2012,20,66.25674,-166.06247,Spotted Seal,Phoca largha,seal,Chordata (Mammalia),Seals/ Whales,Unknown oiling observed,N52-2012,,ng/g,wet,Provided,Digestive,,,met,,,,seal,"Oil Fouling of Seals, Stimmelmayr",Other Peer-reviewed Studies
Stimmelmayr,Stimmelmayr et al 2018,2012,40,63.77836,-171.72921,Ringed Seal,Pusa hispida,seal,Chordata (Mammalia),Seals/ Whales,Unknown oiling observed,N55-2012,,ng/g,wet,Provided,Skin,,,met,,,,seal,"Oil Fouling of Seals, Stimmelmayr",Other Peer-reviewed Studies
Stimmelmayr,Stimmelmayr et al 2018,2012,3.7,66.25674,-166.06247,Spotted Seal,Phoca largha,seal,Chordata (Mammalia),Seals/ Whales,Unknown oiling observed,N52-2012,,ng/g,wet,Provided,Organ,,,met,,,,seal,"Oil Fouling of Seals, Stimmelmayr",Other Peer-reviewed Studies
Stimmelmayr,Stimmelmayr et al 2018,2012,0.7,63.77836,-171.72921,Spotted Seal,Phoca largha,seal,Chordata (Mammalia),Seals/ Whales,Unknown oiling observed,2012-166,,ng/g,wet,Provided,Organ,,,met,,,,seal,"Oil Fouling of Seals, Stimmelmayr",Other Peer-reviewed Studies
Stimmelmayr,Stimmelmayr et al 2018,2012,18,66.25674,-166.06247,Spotted Seal,Phoca largha,seal,Chordata (Mammalia),Seals/ Whales,Unknown oiling observed,N52-2012,,ng/g,wet,Provided,Organ,,,met,,,,seal,"Oil Fouling of Seals, Stimmelmayr",Other Peer-reviewed Studies
Stimmelmayr,Stimmelmayr et al 2018,2012,7.3,63.77836,-171.72921,Spotted Seal,Phoca largha,seal,Chordata (Mammalia),Seals/ Whales,Unknown oiling observed,2012-166,,ng/g,wet,Provided,Organ,,,met,,,,seal,"Oil Fouling of Seals, Stimmelmayr",Other Peer-reviewed Studies
Stimmelmayr,Stimmelmayr et al 2018,2012,0.4,63.77836,-171.72921,Ringed Seal,Pusa hispida,seal,Chordata (Mammalia),Seals/ Whales,Unknown oiling observed,N55-2012,,ng/g,wet,Provided,Organ,,,met,,,,seal,"Oil Fouling of Seals, Stimmelmayr",Other Peer-reviewed Studies
Stimmelmayr,Stimmelmayr et al 2018,2012,5.8,66.25674,-166.06247,Spotted Seal,Phoca largha,seal,Chordata (Mammalia),Seals/ Whales,Unknown oiling observed,N52-2012,,ng/g,wet,Provided,Organ,,,met,,,,seal,"Oil Fouling of Seals, Stimmelmayr",Other Peer-reviewed Studies
Stimmelmayr,Stimmelmayr et al 2018,2012,21,66.25674,-166.06247,Spotted Seal,Phoca largha,seal,Chordata (Mammalia),Seals/ Whales,Unknown oiling observed,N52-2012,,ng/g,wet,Provided,Organ,,,met,,,,seal,"Oil Fouling of Seals, Stimmelmayr",Other Peer-reviewed Studies
Stimmelmayr,Stimmelmayr et al 2018,2012,280,66.25674,-166.06247,Spotted Seal,Phoca largha,seal,Chordata (Mammalia),Seals/ Whales,Unknown oiling observed,N52-2012,,ng/g,wet,Provided,Skin,,,met,,,,seal,"Oil Fouling of Seals, Stimmelmayr",Other Peer-reviewed Studies
Stimmelmayr,Stimmelmayr et al 2018,2012,44,63.77836,-171.72921,Ringed Seal,Pusa hispida,seal,Chordata (Mammalia),Seals/ Whales,Unknown oiling observed,N55-2012,,ng/g,wet,Provided,Skin,,,met,,,,seal,"Oil Fouling of Seals, Stimmelmayr",Other Peer-reviewed Studies
Stimmelmayr,Stimmelmayr et al 2018,2012,10,63.77836,-171.72921,Ringed Seal,Pusa hispida,seal,Chordata (Mammalia),Seals/ Whales,Unknown oiling observed,N55-2012,,ng/g,wet,Provided,Skin,,,met,,,,seal,"Oil Fouling of Seals, Stimmelmayr",Other Peer-reviewed Studies
Stimmelmayr,Stimmelmayr et al 2018,2012,30,63.77836,-171.72921,Ringed Seal,Pusa hispida,seal,Chordata (Mammalia),Seals/ Whales,Unknown oiling observed,N55-2012,,ng/g,wet,Provided,Skin,,,met,,,,seal,"Oil Fouling of Seals, Stimmelmayr",Other Peer-reviewed Studies
Stimmelmayr,Stimmelmayr et al 2018,2012,8.7,66.25674,-166.06247,Spotted Seal,Phoca largha,seal,Chordata (Mammalia),Seals/ Whales,Unknown oiling observed,N52-2012,,ng/g,wet,Provided,Other,,,met,,,,seal,"Oil Fouling of Seals, Stimmelmayr",Other Peer-reviewed Studies
Stimmelmayr,Stimmelmayr et al 2018,2012,12,63.77836,-171.72921,Ringed Seal,Pusa hispida,seal,Chordata (Mammalia),Seals/ Whales,Unknown oiling observed,N55-2012,,ng/g,wet,Provided,Other,,,met,,,,seal,"Oil Fouling of Seals, Stimmelmayr",Other Peer-reviewed Studies
Stimmelmayr,Stimmelmayr et al 2018,2012,3.3,66.25674,-166.06247,Spotted Seal,Phoca largha,seal,Chordata (Mammalia),Seals/ Whales,Unknown oiling observed,N52-2012,,ng/g,wet,Provided,Other,,,met,,,,seal,"Oil Fouling of Seals, Stimmelmayr",Other Peer-reviewed Studies
Arnold,"Arnold 2006- Public Health Evaluation of Subsistence
Resources Collected During 2005
",2005,36,53.8602778,-166.5780556,Black Chiton,Katharina tunicata,chiton,Gastropoda,Snails,,CH-CBW01-06-25-05-01,,ng/g,,Provided,Other,,,,,,,chiton,"Public Health Evaluation of Subsistence Resources, Arnold","Public Health Evaluation of Subsistence Resources, Arnold"
Arnold,"Arnold 2006- Public Health Evaluation of Subsistence
Resources Collected During 2005
",2005,836,53.919583,-166.434158,Black Chiton,Katharina tunicata,chiton,Gastropoda,Snails,,CH-SMB7-062305-01-rep,,ng/g,,Provided,Other,,,,,,,chiton,"Public Health Evaluation of Subsistence Resources, Arnold","Public Health Evaluation of Subsistence Resources, Arnold"
Arnold,"Arnold 2006- Public Health Evaluation of Subsistence
Resources Collected During 2005
",2005,791,53.919583,-166.434158,Black Chiton,Katharina tunicata,chiton,Gastropoda,Snails,,CH-SMB7-062305-01-rep,,ng/g,,Provided,Other,,,,,,,chiton,"Public Health Evaluation of Subsistence Resources, Arnold","Public Health Evaluation of Subsistence Resources, Arnold"
Arnold,"Arnold 2006- Public Health Evaluation of Subsistence
Resources Collected During 2005
",2005,1882,53.919583,-166.434158,Black Chiton,Katharina tunicata,chiton,Gastropoda,Snails,,CH-SMB7-062305-01-rep,,ng/g,,Provided,Other,,,,,,,chiton,"Public Health Evaluation of Subsistence Resources, Arnold","Public Health Evaluation of Subsistence Resources, Arnold"
Arnold,"Arnold 2006- Public Health Evaluation of Subsistence
Resources Collected During 2005
",2005,13.8,53.919583,-166.434158,Black Chiton,Katharina tunicata,chiton,Gastropoda,Snails,,CH-SMB7-062305-02,,ng/g,,Provided,Other,,,,,,,chiton,"Public Health Evaluation of Subsistence Resources, Arnold","Public Health Evaluation of Subsistence Resources, Arnold"
Arnold,"Arnold 2006- Public Health Evaluation of Subsistence
Resources Collected During 2005
",2005,7.5,53.919583,-166.434158,Black Chiton,Katharina tunicata,chiton,Gastropoda,Snails,,CH-SMB7-062305-03,,ng/g,,Provided,Other,,,,,,,chiton,"Public Health Evaluation of Subsistence Resources, Arnold","Public Health Evaluation of Subsistence Resources, Arnold"
Arnold,"Arnold 2006- Public Health Evaluation of Subsistence
Resources Collected During 2005
",2005,8.6,53.919583,-166.434158,Black Chiton,Katharina tunicata,chiton,Gastropoda,Snails,,CH-SMB-07-9-25-05,,ng/g,,Provided,Other,,,,,,,chiton,"Public Health Evaluation of Subsistence Resources, Arnold","Public Health Evaluation of Subsistence Resources, Arnold"
Arnold,"Arnold 2006- Public Health Evaluation of Subsistence
Resources Collected During 2005
",2005,48,53.919583,-166.434158,Black Chiton,Katharina tunicata,chiton,Gastropoda,Snails,,CH-SMB6/7-7-20-05,,ng/g,,Provided,Other,,,,,,,chiton,"Public Health Evaluation of Subsistence Resources, Arnold","Public Health Evaluation of Subsistence Resources, Arnold"
Arnold,"Arnold 2006- Public Health Evaluation of Subsistence
Resources Collected During 2005
",2005,11,53.8927778,-166.5102778,Black Chiton,Katharina tunicata,chiton,Gastropoda,Snails,,CH-SMB1-7-21-05,,ng/g,,Provided,Other,,,,,,,chiton,"Public Health Evaluation of Subsistence Resources, Arnold","Public Health Evaluation of Subsistence Resources, Arnold"
Arnold,"Arnold 2006- Public Health Evaluation of Subsistence
Resources Collected During 2005
",2005,16,53.8927778,-166.5102778,Black Chiton,Katharina tunicata,chiton,Gastropoda,Snails,,CH-DTE37-7-21-05,,ng/g,,Provided,Other,,,,,,,chiton,"Public Health Evaluation of Subsistence Resources, Arnold","Public Health Evaluation of Subsistence Resources, Arnold"
Arnold,"Arnold 2006- Public Health Evaluation of Subsistence
Resources Collected During 2005
",2005,17,53.9138889,-166.4347222,Black Chiton,Katharina tunicata,chiton,Gastropoda,Snails,,CH-SMB10-7-20-05,,ng/g,,Provided,Other,,,,,,,chiton,"Public Health Evaluation of Subsistence Resources, Arnold","Public Health Evaluation of Subsistence Resources, Arnold"
Arnold,"Arnold 2006- Public Health Evaluation of Subsistence
Resources Collected During 2005
",2005,16,53.9119444,-166.4547222,Black Chiton,Katharina tunicata,chiton,Gastropoda,Snails,,CH-SMB3-7-21-05,,ng/g,,Provided,Other,,,,,,,chiton,"Public Health Evaluation of Subsistence Resources, Arnold","Public Health Evaluation of Subsistence Resources, Arnold"
Arnold,"Arnold 2006- Public Health Evaluation of Subsistence
Resources Collected During 2005
",2005,254,53.8602778,-166.5780556,Blue Mussel,Mytilus edulis,mussel,Bivalvia,Mussels,,MU-CBW01-06-25-05-01,,ng/g,,Provided,Other,,,,,,,mussel,"Public Health Evaluation of Subsistence Resources, Arnold","Public Health Evaluation of Subsistence Resources, Arnold"
Arnold,"Arnold 2006- Public Health Evaluation of Subsistence
Resources Collected During 2005
",2005,34,53.919583,-166.434158,Blue Mussel,Mytilus edulis,mussel,Bivalvia,Mussels,,MU-SMB07-06-26-05-01,,ng/g,,Provided,Other,,,,,,,mussel,"Public Health Evaluation of Subsistence Resources, Arnold","Public Health Evaluation of Subsistence Resources, Arnold"
Arnold,"Arnold 2006- Public Health Evaluation of Subsistence
Resources Collected During 2005
",2005,12,53.919583,-166.434158,Blue Mussel,Mytilus edulis,mussel,Bivalvia,Mussels,,MU-SMB-07-9-25-05,,ng/g,,Provided,Other,,,,,,,mussel,"Public Health Evaluation of Subsistence Resources, Arnold","Public Health Evaluation of Subsistence Resources, Arnold"
Arnold,"Arnold 2006- Public Health Evaluation of Subsistence
Resources Collected During 2005
",2005,29,53.919583,-166.434158,Blue Mussel,Mytilus edulis,mussel,Bivalvia,Mussels,,ML-SMB6/7-7-20-05,,ng/g,,Provided,Other,,,,,,,mussel,"Public Health Evaluation of Subsistence Resources, Arnold","Public Health Evaluation of Subsistence Resources, Arnold"
Arnold,"Arnold 2006- Public Health Evaluation of Subsistence
Resources Collected During 2005
",2005,24,53.8927778,-166.5102778,Blue Mussel,Mytilus edulis,mussel,Bivalvia,Mussels,,ML-SMB1-7-21-05,,ng/g,,Provided,Other,,,,,,,mussel,"Public Health Evaluation of Subsistence Resources, Arnold","Public Health Evaluation of Subsistence Resources, Arnold"
Arnold,"Arnold 2006- Public Health Evaluation of Subsistence
Resources Collected During 2005
",2005,79,53.8927778,-166.5102778,Blue Mussel,Mytilus edulis,mussel,Bivalvia,Mussels,,ML-DTE37-7-21-05,,ng/g,,Provided,Other,,,,,,,mussel,"Public Health Evaluation of Subsistence Resources, Arnold","Public Health Evaluation of Subsistence Resources, Arnold"
Arnold,"Arnold 2006- Public Health Evaluation of Subsistence
Resources Collected During 2005
",2005,9,53.9138889,-166.4347222,Blue Mussel,Mytilus edulis,mussel,Bivalvia,Mussels,,ML-SMB10-7-20-05,,ng/g,,Provided,Other,,,,,,,mussel,"Public Health Evaluation of Subsistence Resources, Arnold","Public Health Evaluation of Subsistence Resources, Arnold"
Arnold,"Arnold 2006- Public Health Evaluation of Subsistence
Resources Collected During 2005
",2005,15,53.9138889,-166.4347222,Blue Mussel,Mytilus edulis,mussel,Bivalvia,Mussels,,MU-SMB-10-9-25-05-01,,ng/g,,Provided,Other,,,,,,,mussel,"Public Health Evaluation of Subsistence Resources, Arnold","Public Health Evaluation of Subsistence Resources, Arnold"
Arnold,"Arnold 2006- Public Health Evaluation of Subsistence
Resources Collected During 2005
",2005,108,53.9119444,-166.4547222,Blue Mussel,Mytilus edulis,mussel,Bivalvia,Mussels,,ML-SMB3-7-21-05-rep,,ng/g,,Provided,Other,,,,,,,mussel,"Public Health Evaluation of Subsistence Resources, Arnold","Public Health Evaluation of Subsistence Resources, Arnold"
Arnold,"Arnold 2006- Public Health Evaluation of Subsistence
Resources Collected During 2005
",2005,180,53.9119444,-166.4547222,Blue Mussel,Mytilus edulis,mussel,Bivalvia,Mussels,,ML-SMB3-7-21-05-rep,,ng/g,,Provided,Other,,,,,,,mussel,"Public Health Evaluation of Subsistence Resources, Arnold","Public Health Evaluation of Subsistence Resources, Arnold"
Arnold,"Arnold 2006- Public Health Evaluation of Subsistence
Resources Collected During 2005
",2005,13,53.9119444,-166.4547222,Blue Mussel,Mytilus edulis,mussel,Bivalvia,Mussels,,MU-SMB-01-9-25-05-01,,ng/g,,Provided,Other,,,,,,,mussel,"Public Health Evaluation of Subsistence Resources, Arnold","Public Health Evaluation of Subsistence Resources, Arnold"
Arnold,"Arnold 2006- Public Health Evaluation of Subsistence
Resources Collected During 2005
",2005,116,53.8602778,-166.5780556,Green Sea Urchin,Strongylocentrotus droebachiensis,urchin,Echinodermata,Urchins/ Starfish,,UR-CBW01-06-25-05-01,,ng/g,,Provided,Eggs,,,,,,,urchin,"Public Health Evaluation of Subsistence Resources, Arnold","Public Health Evaluation of Subsistence Resources, Arnold"
Arnold,"Arnold 2006- Public Health Evaluation of Subsistence
Resources Collected During 2005
",2005,120,53.919583,-166.434158,Green Sea Urchin,Strongylocentrotus droebachiensis,urchin,Echinodermata,Urchins/ Starfish,,UR-SMB7-062305-01,,ng/g,,Provided,Eggs,,,,,,,urchin,"Public Health Evaluation of Subsistence Resources, Arnold","Public Health Evaluation of Subsistence Resources, Arnold"
Arnold,"Arnold 2006- Public Health Evaluation of Subsistence
Resources Collected During 2005
",2005,14,53.919583,-166.434158,Green Sea Urchin,Strongylocentrotus droebachiensis,urchin,Echinodermata,Urchins/ Starfish,,UR-SMB6/7-7-20-05,,ng/g,,Provided,Eggs,,,,,,,urchin,"Public Health Evaluation of Subsistence Resources, Arnold","Public Health Evaluation of Subsistence Resources, Arnold"
Arnold,"Arnold 2006- Public Health Evaluation of Subsistence
Resources Collected During 2005
",2005,52,53.8927778,-166.5102778,Green Sea Urchin,Strongylocentrotus droebachiensis,urchin,Echinodermata,Urchins/ Starfish,,UR-SMB1-7-21-05-rep,,ng/g,,Provided,Eggs,,,,,,,urchin,"Public Health Evaluation of Subsistence Resources, Arnold","Public Health Evaluation of Subsistence Resources, Arnold"
Arnold,"Arnold 2006- Public Health Evaluation of Subsistence
Resources Collected During 2005
",2005,9,53.8927778,-166.5102778,Green Sea Urchin,Strongylocentrotus droebachiensis,urchin,Echinodermata,Urchins/ Starfish,,UR-SMB1-7-21-05-rep,,ng/g,,Provided,Eggs,,,,,,,urchin,"Public Health Evaluation of Subsistence Resources, Arnold","Public Health Evaluation of Subsistence Resources, Arnold"
Arnold,"Arnold 2006- Public Health Evaluation of Subsistence
Resources Collected During 2005
",2005,22,53.8927778,-166.5102778,Green Sea Urchin,Strongylocentrotus droebachiensis,urchin,Echinodermata,Urchins/ Starfish,,UR-DTE37-7-21-05,,ng/g,,Provided,Eggs,,,,,,,urchin,"Public Health Evaluation of Subsistence Resources, Arnold","Public Health Evaluation of Subsistence Resources, Arnold"
Arnold,"Arnold 2006- Public Health Evaluation of Subsistence
Resources Collected During 2005
",2005,6,53.9138889,-166.4347222,Green Sea Urchin,Strongylocentrotus droebachiensis,urchin,Echinodermata,Urchins/ Starfish,,UR-SMB10-7-20-05,,ng/g,,Provided,Eggs,,,,,,,urchin,"Public Health Evaluation of Subsistence Resources, Arnold","Public Health Evaluation of Subsistence Resources, Arnold"
Arnold,"Arnold 2006- Public Health Evaluation of Subsistence
Resources Collected During 2005
",2005,9,53.9119444,-166.4547222,Green Sea Urchin,Strongylocentrotus droebachiensis,urchin,Echinodermata,Urchins/ Starfish,,UR-SMB3-7-21-05-rep,,ng/g,,Provided,Eggs,,,,,,,urchin,"Public Health Evaluation of Subsistence Resources, Arnold","Public Health Evaluation of Subsistence Resources, Arnold"
Arnold,"Arnold 2006- Public Health Evaluation of Subsistence
Resources Collected During 2005
",2005,7,53.9119444,-166.4547222,Green Sea Urchin,Strongylocentrotus droebachiensis,urchin,Echinodermata,Urchins/ Starfish,,UR-SMB3-7-21-05-rep,,ng/g,,Provided,Eggs,,,,,,,urchin,"Public Health Evaluation of Subsistence Resources, Arnold","Public Health Evaluation of Subsistence Resources, Arnold"
Arnold,"Arnold 2006- Public Health Evaluation of Subsistence
Resources Collected During 2005
",2005,18,53.9494444,-166.6158333,Harbor Seal,Phoca vitulina,seal,Chordata (Mammalia),Seals/ Whales,,SL-EIDER-8-5-05,,ng/g,,Provided,Fat,,,,,,,seal,"Public Health Evaluation of Subsistence Resources, Arnold","Public Health Evaluation of Subsistence Resources, Arnold"
Arnold,"Arnold 2006- Public Health Evaluation of Subsistence
Resources Collected During 2005
",2005,17,53.919583,-166.434158,Pink Salmon,Oncorhynchus gorbuscha,salmon,Chordata (Actinopterygii),Fish,,SMB7-PNK-8-02-05-01,,ng/g,,Provided,Other,,,,,,,salmon,"Public Health Evaluation of Subsistence Resources, Arnold","Public Health Evaluation of Subsistence Resources, Arnold"
Arnold,"Arnold 2006- Public Health Evaluation of Subsistence
Resources Collected During 2005
",2005,6.8,53.919583,-166.434158,Pink Salmon,Oncorhynchus gorbuscha,salmon,Chordata (Actinopterygii),Fish,,SMB7-PNK-8-02-05-02,,ng/g,,Provided,Other,,,,,,,salmon,"Public Health Evaluation of Subsistence Resources, Arnold","Public Health Evaluation of Subsistence Resources, Arnold"
Arnold,"Arnold 2006- Public Health Evaluation of Subsistence
Resources Collected During 2005
",2005,13,53.919583,-166.434158,Pink Salmon,Oncorhynchus gorbuscha,salmon,Chordata (Actinopterygii),Fish,,SMB7-PNK-8-02-05-03,,ng/g,,Provided,Other,,,,,,,salmon,"Public Health Evaluation of Subsistence Resources, Arnold","Public Health Evaluation of Subsistence Resources, Arnold"
Arnold,"Arnold 2006- Public Health Evaluation of Subsistence
Resources Collected During 2005
",2005,7.8,53.6838889,-166.8469444,Black Chiton,Katharina tunicata,chiton,Gastropoda,Snails,,CH-AND3-8-29-05,,ng/g,,Provided,Other,,,,,,,chiton,"Public Health Evaluation of Subsistence Resources, Arnold","Public Health Evaluation of Subsistence Resources, Arnold"
Arnold,"Arnold 2006- Public Health Evaluation of Subsistence
Resources Collected During 2005
",2005,36,53.4566667,-167.3066667,Black Chiton,Katharina tunicata,chiton,Gastropoda,Snails,,CH-KMK28-8-31-05,,ng/g,,Provided,Other,,,,,,,chiton,"Public Health Evaluation of Subsistence Resources, Arnold","Public Health Evaluation of Subsistence Resources, Arnold"
Arnold,"Arnold 2006- Public Health Evaluation of Subsistence
Resources Collected During 2005
",2005,32,53.4566667,-167.3066667,Black Chiton,Katharina tunicata,chiton,Gastropoda,Snails,,CH-KMK32-8-31-05,,ng/g,,Provided,Other,,,,,,,chiton,"Public Health Evaluation of Subsistence Resources, Arnold","Public Health Evaluation of Subsistence Resources, Arnold"
Arnold,"Arnold 2006- Public Health Evaluation of Subsistence
Resources Collected During 2005
",2005,12,53.61,-167.045,Black Chiton,Katharina tunicata,chiton,Gastropoda,Snails,,CH-SKS06-8-28-05,,ng/g,,Provided,Other,,,,,,,chiton,"Public Health Evaluation of Subsistence Resources, Arnold","Public Health Evaluation of Subsistence Resources, Arnold"
Arnold,"Arnold 2006- Public Health Evaluation of Subsistence
Resources Collected During 2005
",2005,7.1,53.61,-167.045,Black Chiton,Katharina tunicata,chiton,Gastropoda,Snails,,CH-SKS17-8-28-05,,ng/g,,Provided,Other,,,,,,,chiton,"Public Health Evaluation of Subsistence Resources, Arnold","Public Health Evaluation of Subsistence Resources, Arnold"
Arnold,"Arnold 2006- Public Health Evaluation of Subsistence
Resources Collected During 2005
",2005,7.1,53.6838889,-166.8469444,Blue Mussel,Mytilus edulis,mussel,Bivalvia,Mussels,,MU-AND2-8-29-05-01,,ng/g,,Provided,Other,,,,,,,mussel,"Public Health Evaluation of Subsistence Resources, Arnold","Public Health Evaluation of Subsistence Resources, Arnold"
Arnold,"Arnold 2006- Public Health Evaluation of Subsistence
Resources Collected During 2005
",2005,8.4,53.7002778,-166.7852778,Blue Mussel,Mytilus edulis,mussel,Bivalvia,Mussels,,MU-CNB17-8-29-05-01,,ng/g,,Provided,Other,,,,,,,mussel,"Public Health Evaluation of Subsistence Resources, Arnold","Public Health Evaluation of Subsistence Resources, Arnold"
Arnold,"Arnold 2006- Public Health Evaluation of Subsistence
Resources Collected During 2005
",2005,86,53.7002778,-166.7852778,Blue Mussel,Mytilus edulis,mussel,Bivalvia,Mussels,,MU-CNB-19-9-23-05-01,,ng/g,,Provided,Other,,,,,,,mussel,"Public Health Evaluation of Subsistence Resources, Arnold","Public Health Evaluation of Subsistence Resources, Arnold"
Arnold,"Arnold 2006- Public Health Evaluation of Subsistence
Resources Collected During 2005
",2005,9.4,53.7002778,-166.7852778,Blue Mussel,Mytilus edulis,mussel,Bivalvia,Mussels,,MU-CNB-19-9-23-05-02,,ng/g,,Provided,Other,,,,,,,mussel,"Public Health Evaluation of Subsistence Resources, Arnold","Public Health Evaluation of Subsistence Resources, Arnold"
Arnold,"Arnold 2006- Public Health Evaluation of Subsistence
Resources Collected During 2005
",2005,19,53.4667,-167.1667,Blue Mussel,Mytilus edulis,mussel,Bivalvia,Mussels,,MU-KSB7-8-31-05,,ng/g,,Provided,Other,,,,,,,mussel,"Public Health Evaluation of Subsistence Resources, Arnold","Public Health Evaluation of Subsistence Resources, Arnold"
Arnold,"Arnold 2006- Public Health Evaluation of Subsistence
Resources Collected During 2005
",2005,70,53.4566667,-167.3066667,Blue Mussel,Mytilus edulis,mussel,Bivalvia,Mussels,,MU-KMK7-8-31-05,,ng/g,,Provided,Other,,,,,,,mussel,"Public Health Evaluation of Subsistence Resources, Arnold","Public Health Evaluation of Subsistence Resources, Arnold"
Arnold,"Arnold 2006- Public Health Evaluation of Subsistence
Resources Collected During 2005
",2005,18,53.7358333,-166.9611111,Blue Mussel,Mytilus edulis,mussel,Bivalvia,Mussels,,MU-MKS11-8-28-05-01,,ng/g,,Provided,Other,,,,,,,mussel,"Public Health Evaluation of Subsistence Resources, Arnold","Public Health Evaluation of Subsistence Resources, Arnold"
Arnold,"Arnold 2006- Public Health Evaluation of Subsistence
Resources Collected During 2005
",2005,91,53.7358333,-166.9611111,Blue Mussel,Mytilus edulis,mussel,Bivalvia,Mussels,,MU-MKS-11-9-23-05,,ng/g,,Provided,Other,,,,,,,mussel,"Public Health Evaluation of Subsistence Resources, Arnold","Public Health Evaluation of Subsistence Resources, Arnold"
Arnold,"Arnold 2006- Public Health Evaluation of Subsistence
Resources Collected During 2005
",2005,18.8,53.6458333,-167.0561111,Blue Mussel,Mytilus edulis,mussel,Bivalvia,Mussels,,SKN-11(North)-rep,,ng/g,,Provided,Other,,,,,,,mussel,"Public Health Evaluation of Subsistence Resources, Arnold","Public Health Evaluation of Subsistence Resources, Arnold"
Arnold,"Arnold 2006- Public Health Evaluation of Subsistence
Resources Collected During 2005
",2005,18.8,53.6458333,-167.0561111,Blue Mussel,Mytilus edulis,mussel,Bivalvia,Mussels,,SKN-11(North)-rep,,ng/g,,Provided,Other,,,,,,,mussel,"Public Health Evaluation of Subsistence Resources, Arnold","Public Health Evaluation of Subsistence Resources, Arnold"
Arnold,"Arnold 2006- Public Health Evaluation of Subsistence
Resources Collected During 2005
",2005,7759,53.6458333,-167.0561111,Blue Mussel,Mytilus edulis,mussel,Bivalvia,Mussels,,SKN-11(South),,ng/g,,Provided,Other,,,,,,,mussel,"Public Health Evaluation of Subsistence Resources, Arnold","Public Health Evaluation of Subsistence Resources, Arnold"
Arnold,"Arnold 2006- Public Health Evaluation of Subsistence
Resources Collected During 2005
",2005,6079,53.6458333,-167.0561111,Blue Mussel,Mytilus edulis,mussel,Bivalvia,Mussels,,MU-SKN-11-9-23-05,,ng/g,,Provided,Other,,,,,,,mussel,"Public Health Evaluation of Subsistence Resources, Arnold","Public Health Evaluation of Subsistence Resources, Arnold"
Arnold,"Arnold 2006- Public Health Evaluation of Subsistence
Resources Collected During 2005
",2005,1009,53.61,-167.045,Blue Mussel,Mytilus edulis,mussel,Bivalvia,Mussels,,SKS-4(North),,ng/g,,Provided,Other,,,,,,,mussel,"Public Health Evaluation of Subsistence Resources, Arnold","Public Health Evaluation of Subsistence Resources, Arnold"
Arnold,"Arnold 2006- Public Health Evaluation of Subsistence
Resources Collected During 2005
",2005,1692,53.61,-167.045,Blue Mussel,Mytilus edulis,mussel,Bivalvia,Mussels,,SKS-4N,,ng/g,,Provided,Other,,,,,,,mussel,"Public Health Evaluation of Subsistence Resources, Arnold","Public Health Evaluation of Subsistence Resources, Arnold"
Arnold,"Arnold 2006- Public Health Evaluation of Subsistence
Resources Collected During 2005
",2005,642,53.61,-167.045,Blue Mussel,Mytilus edulis,mussel,Bivalvia,Mussels,,SKS-4(South),,ng/g,,Provided,Other,,,,,,,mussel,"Public Health Evaluation of Subsistence Resources, Arnold","Public Health Evaluation of Subsistence Resources, Arnold"
Arnold,"Arnold 2006- Public Health Evaluation of Subsistence
Resources Collected During 2005
",2005,257,53.61,-167.045,Blue Mussel,Mytilus edulis,mussel,Bivalvia,Mussels,,MU-SKS06-8-27-05-01,,ng/g,,Provided,Other,,,,,,,mussel,"Public Health Evaluation of Subsistence Resources, Arnold","Public Health Evaluation of Subsistence Resources, Arnold"
Arnold,"Arnold 2006- Public Health Evaluation of Subsistence
Resources Collected During 2005
",2005,537,53.61,-167.045,Blue Mussel,Mytilus edulis,mussel,Bivalvia,Mussels,,MU-SKS17-8-28-05-01,,ng/g,,Provided,Other,,,,,,,mussel,"Public Health Evaluation of Subsistence Resources, Arnold","Public Health Evaluation of Subsistence Resources, Arnold"
Arnold,"Arnold 2006- Public Health Evaluation of Subsistence
Resources Collected During 2005
",2005,479,53.61,-167.045,Blue Mussel,Mytilus edulis,mussel,Bivalvia,Mussels,,MU-SKS-04-9-23-05-01,,ng/g,,Provided,Other,,,,,,,mussel,"Public Health Evaluation of Subsistence Resources, Arnold","Public Health Evaluation of Subsistence Resources, Arnold"
Arnold,"Arnold 2006- Public Health Evaluation of Subsistence
Resources Collected During 2005
",2005,800,53.61,-167.045,Blue Mussel,Mytilus edulis,mussel,Bivalvia,Mussels,,MU-SKS-04-9-23-05-02,,ng/g,,Provided,Other,,,,,,,mussel,"Public Health Evaluation of Subsistence Resources, Arnold","Public Health Evaluation of Subsistence Resources, Arnold"
Arnold,"Arnold 2006- Public Health Evaluation of Subsistence
Resources Collected During 2005
",2005,13,53.7002778,-166.7852778,Green Sea Urchin,Strongylocentrotus droebachiensis,urchin,Echinodermata,Urchins/ Starfish,,UR-CNB17-8-29-05-01,,ng/g,,Provided,Eggs,,,,,,,urchin,"Public Health Evaluation of Subsistence Resources, Arnold","Public Health Evaluation of Subsistence Resources, Arnold"
Arnold,"Arnold 2006- Public Health Evaluation of Subsistence
Resources Collected During 2005
",2005,9.9,53.7002778,-166.7852778,Green Sea Urchin,Strongylocentrotus droebachiensis,urchin,Echinodermata,Urchins/ Starfish,,UR-CNB17-8-29-05-02,,ng/g,,Provided,Eggs,,,,,,,urchin,"Public Health Evaluation of Subsistence Resources, Arnold","Public Health Evaluation of Subsistence Resources, Arnold"
Arnold,"Arnold 2006- Public Health Evaluation of Subsistence
Resources Collected During 2005
",2005,92,53.61,-167.045,Green Sea Urchin,Strongylocentrotus droebachiensis,urchin,Echinodermata,Urchins/ Starfish,,UR-SKS10-8-28-05,,ng/g,,Provided,Eggs,,,,,,,urchin,"Public Health Evaluation of Subsistence Resources, Arnold","Public Health Evaluation of Subsistence Resources, Arnold"
Arnold,"Arnold 2006- Public Health Evaluation of Subsistence
Resources Collected During 2005
",2005,4.9,53.6511111,-166.8497222,Pacific Cod,Gadus macrocephalus,cod,Chordata (Actinopterygii),Fish,,CD-NGE7-8-28-05,,ng/g,,Provided,Other,,,,,,,cod,"Public Health Evaluation of Subsistence Resources, Arnold","Public Health Evaluation of Subsistence Resources, Arnold"
Arnold,"Arnold 2006- Public Health Evaluation of Subsistence
Resources Collected During 2005
",2005,7.3,53.6458333,-167.0561111,Pink Salmon,Oncorhynchus gorbuscha,salmon,Chordata (Actinopterygii),Fish,,PNK-SKN4-8-28-05-01,,ng/g,,Provided,Other,,,,,,,salmon,"Public Health Evaluation of Subsistence Resources, Arnold","Public Health Evaluation of Subsistence Resources, Arnold"
Arnold,"Arnold 2006- Public Health Evaluation of Subsistence
Resources Collected During 2005
",2005,7.1,53.6458333,-167.0561111,Pink Salmon,Oncorhynchus gorbuscha,salmon,Chordata (Actinopterygii),Fish,,PNK-SKN4-8-28-05-02,,ng/g,,Provided,Other,,,,,,,salmon,"Public Health Evaluation of Subsistence Resources, Arnold","Public Health Evaluation of Subsistence Resources, Arnold"
Arnold,"Arnold 2006- Public Health Evaluation of Subsistence
Resources Collected During 2005
",2005,4.8,53.6458333,-167.0561111,Pink Salmon,Oncorhynchus gorbuscha,salmon,Chordata (Actinopterygii),Fish,,PNK-SKN4-8-28-05-03,,ng/g,,Provided,Other,,,,,,,salmon,"Public Health Evaluation of Subsistence Resources, Arnold","Public Health Evaluation of Subsistence Resources, Arnold"
Harvey,Harvey et al 2014 - COMIDA,2009,10.7,70.4687,-166.0861,Heros Neptune,Neptunea heros,snail,Gastropoda,Snails,Background biomonitoring,Whelk1,,ng/g,wet,Provided,Muscle,,,Blank Corrected,,,,snail,"Chukchi Sea Whelks, Harvey",Other Peer-reviewed Studies
Harvey,Harvey et al 2014 - COMIDA,2009,5.17,70.4687,-166.0861,Heros Neptune,Neptunea heros,snail,Gastropoda,Snails,Background biomonitoring,Whelk2,,ng/g,wet,Provided,Muscle,,,Blank Corrected,,,,snail,"Chukchi Sea Whelks, Harvey",Other Peer-reviewed Studies
Harvey,Harvey et al 2014 - COMIDA,2009,4.47,70.4687,-166.0861,Heros Neptune,Neptunea heros,snail,Gastropoda,Snails,Background biomonitoring,Whelk3,,ng/g,wet,Provided,Muscle,,,Blank Corrected,,,,snail,"Chukchi Sea Whelks, Harvey",Other Peer-reviewed Studies
Nationwide,Mussel Watch,2012,17.14,60.33995,-147.8348045,Blue Mussel,Mytilus edulis,mussel,Bivalvia,Mussels,Background biomonitoring,WPJB,,ng/g,,Provided,Other,,,,,,,mussel,NOAA Mussel Watch,NOAA Mussel Watch
Nationwide,Mussel Watch,2012,137.8,60.113,-149.374,Blue Mussel,Mytilus edulis,mussel,Bivalvia,Mussels,Background biomonitoring,RBMF,,ng/g,,Provided,Other,,,,,,,mussel,NOAA Mussel Watch,NOAA Mussel Watch
Nationwide,Mussel Watch,2012,46.91,59.46423068,-151.7085,Blue Mussel,Mytilus edulis,mussel,Bivalvia,Mussels,Background biomonitoring,KBOB,,ng/g,,Provided,Other,,,,,,,mussel,NOAA Mussel Watch,NOAA Mussel Watch
Nationwide,Mussel Watch,2012,18.53,60.67212,-145.8840909,Blue Mussel,Mytilus edulis,mussel,Bivalvia,Mussels,Background biomonitoring,EPSB,,ng/g,,Provided,Other,,,,,,,mussel,NOAA Mussel Watch,NOAA Mussel Watch
Nationwide,Mussel Watch,2012,11.98,60.45989,-147.7174887,Blue Mussel,Mytilus edulis,mussel,Bivalvia,Mussels,Background biomonitoring,WPHE,,ng/g,,Provided,Other,,,,,,,mussel,NOAA Mussel Watch,NOAA Mussel Watch
Nationwide,Mussel Watch,2012,8.808,60.20197,-147.7598091,Blue Mussel,Mytilus edulis,mussel,Bivalvia,Mussels,Background biomonitoring,WPHO,,ng/g,,Provided,Other,,,,,,,mussel,NOAA Mussel Watch,NOAA Mussel Watch
Nationwide,Mussel Watch,2012,13.175,60.13004,-147.9982955,Blue Mussel,Mytilus edulis,mussel,Bivalvia,Mussels,Background biomonitoring,WPIB,,ng/g,,Provided,Other,,,,,,,mussel,NOAA Mussel Watch,NOAA Mussel Watch
Nationwide,Mussel Watch,2012,20.65,60.94349,-146.6766955,Blue Mussel,Mytilus edulis,mussel,Bivalvia,Mussels,Background biomonitoring,EPGB,,ng/g,,Provided,Other,,,,,,,mussel,NOAA Mussel Watch,NOAA Mussel Watch
Nationwide,Mussel Watch,2012,14.35,59.53913068,-151.4769113,Blue Mussel,Mytilus edulis,mussel,Bivalvia,Mussels,Background biomonitoring,KBCI,,ng/g,,Provided,Other,,,,,,,mussel,NOAA Mussel Watch,NOAA Mussel Watch
Nationwide,Mussel Watch,2012,74.35,60.59523,-145.7347977,Blue Mussel,Mytilus edulis,mussel,Bivalvia,Mussels,Background biomonitoring,EPOI,,ng/g,,Provided,Other,,,,,,,mussel,NOAA Mussel Watch,NOAA Mussel Watch
Nationwide,Mussel Watch,2012,50.59,60.86214,-146.2443091,Blue Mussel,Mytilus edulis,mussel,Bivalvia,Mussels,Background biomonitoring,EPPF,,ng/g,,Provided,Other,,,,,,,mussel,NOAA Mussel Watch,NOAA Mussel Watch
Nationwide,Mussel Watch,2012,295.5,60.10208,-149.3641895,Blue Mussel,Mytilus edulis,mussel,Bivalvia,Mussels,Background biomonitoring,RBLP,,ng/g,,Provided,Other,,,,,,,mussel,NOAA Mussel Watch,NOAA Mussel Watch
Wetzel,"Dr Wetzel, Mote Marine Database",2008,,70.12184,-159.63497,Burbot,Lota lota,anadromous/freshwater fish,Chordata (Actinopterygii),Fish,,NPRA-10-0126,,ng/g,,Provided,Organ,,,,,,,anadromous/freshwater fish,Mote Marine Laboratory,Mote Marine Laboratory
Wetzel,"Dr Wetzel, Mote Marine Database",2008,,70.12184,-159.63497,Burbot,Lota lota,anadromous/freshwater fish,Chordata (Actinopterygii),Fish,,NPRA-10-0130,,ng/g,,Provided,Organ,,,,,,,anadromous/freshwater fish,Mote Marine Laboratory,Mote Marine Laboratory
Wetzel,"Dr Wetzel, Mote Marine Database",2012,,60.3378,-151.875,Butter Sole,Isopsetta isolepis,flatfish,Chordata (Actinopterygii),Fish,,CIR-13-1394,,ng/g,,Provided,Whole Body,,,BDL,,,,flatfish,Mote Marine Laboratory,Mote Marine Laboratory
Wetzel,"Dr Wetzel, Mote Marine Database",2012,,60.3378,-151.875,Butter Sole,Isopsetta isolepis,flatfish,Chordata (Actinopterygii),Fish,,CIR-13-1407,,ng/g,,Provided,Whole Body,,,BDL,,,,flatfish,Mote Marine Laboratory,Mote Marine Laboratory
Wetzel,"Dr Wetzel, Mote Marine Database",2012,,60.3378,-151.875,Dover Sole,Microstomus pacificus,flatfish,Chordata (Actinopterygii),Fish,,CIR-13-1413,,ng/g,,Provided,Whole Body,,,BDL,,,,flatfish,Mote Marine Laboratory,Mote Marine Laboratory
Wetzel,"Dr Wetzel, Mote Marine Database",2012,,60.3378,-151.875,Eulachon (Hooligan),Thaleichthys pacificus,forage fish,Chordata (Actinopterygii),Fish,,CIR-13-1380,,ng/g,,Provided,Whole Body,,,BDL,,,,forage fish,Mote Marine Laboratory,Mote Marine Laboratory
Wetzel,"Dr Wetzel, Mote Marine Database",2012,,60.3378,-151.875,Eulachon (Hooligan),Thaleichthys pacificus,forage fish,Chordata (Actinopterygii),Fish,,CIR-13-1410A,,ng/g,,Provided,Whole Body,,,BDL,,,,forage fish,Mote Marine Laboratory,Mote Marine Laboratory
Wetzel,"Dr Wetzel, Mote Marine Database",2012,,60.3378,-151.875,Eulachon (Hooligan),Thaleichthys pacificus,forage fish,Chordata (Actinopterygii),Fish,,CIR-13-1410B,,ng/g,,Provided,Whole Body,,,BDL,,,,forage fish,Mote Marine Laboratory,Mote Marine Laboratory
Wetzel,"Dr Wetzel, Mote Marine Database",2012,,60.3378,-151.875,Eulachon (Hooligan),Thaleichthys pacificus,forage fish,Chordata (Actinopterygii),Fish,,CIR-13-1412A,,ng/g,,Provided,Whole Body,,,BDL,,,,forage fish,Mote Marine Laboratory,Mote Marine Laboratory
Wetzel,"Dr Wetzel, Mote Marine Database",2012,,60.3378,-151.875,Eulachon (Hooligan),Thaleichthys pacificus,forage fish,Chordata (Actinopterygii),Fish,,CIR-13-1412B,,ng/g,,Provided,Whole Body,,,BDL,,,,forage fish,Mote Marine Laboratory,Mote Marine Laboratory
Wetzel,"Dr Wetzel, Mote Marine Database",2012,,60.3378,-151.875,Eulachon (Hooligan),Thaleichthys pacificus,forage fish,Chordata (Actinopterygii),Fish,,CIR-13-1415,,ng/g,,Provided,Whole Body,,,BDL,,,,forage fish,Mote Marine Laboratory,Mote Marine Laboratory
Wetzel,"Dr Wetzel, Mote Marine Database",2012,,60.3378,-151.875,Eulachon (Hooligan),Thaleichthys pacificus,forage fish,Chordata (Actinopterygii),Fish,,CIR-13-1420A,,ng/g,,Provided,Whole Body,,,BDL,,,,forage fish,Mote Marine Laboratory,Mote Marine Laboratory
Wetzel,"Dr Wetzel, Mote Marine Database",2012,,60.3378,-151.875,Eulachon (Hooligan),Thaleichthys pacificus,forage fish,Chordata (Actinopterygii),Fish,,CIR-13-1420B,,ng/g,,Provided,Whole Body,,,BDL,,,,forage fish,Mote Marine Laboratory,Mote Marine Laboratory
Wetzel,"Dr Wetzel, Mote Marine Database",2012,,60.3378,-151.875,Flathead Sole,Hippoglossoides elassodon,flatfish,Chordata (Actinopterygii),Fish,,CIR-13-1393,,ng/g,,Provided,Whole Body,,,BDL,,,,flatfish,Mote Marine Laboratory,Mote Marine Laboratory
Wetzel,"Dr Wetzel, Mote Marine Database",2012,,60.3378,-151.875,Pacific Cod,Gadus macrocephalus,cod,Chordata (Actinopterygii),Fish,,CIR-13-1381A,,ng/g,,Provided,Whole Body,,,BDL,,,,cod,Mote Marine Laboratory,Mote Marine Laboratory
Wetzel,"Dr Wetzel, Mote Marine Database",2012,,60.3378,-151.875,Pacific Cod,Gadus macrocephalus,cod,Chordata (Actinopterygii),Fish,,CIR-13-1381B,,ng/g,,Provided,Whole Body,,,BDL,,,,cod,Mote Marine Laboratory,Mote Marine Laboratory
Wetzel,"Dr Wetzel, Mote Marine Database",2012,,60.3378,-151.875,Pacific Cod,Gadus macrocephalus,cod,Chordata (Actinopterygii),Fish,,CIR-13-1395A,,ng/g,,Provided,Whole Body,,,BDL,,,,cod,Mote Marine Laboratory,Mote Marine Laboratory
Wetzel,"Dr Wetzel, Mote Marine Database",2012,,60.3378,-151.875,Pacific Cod,Gadus macrocephalus,cod,Chordata (Actinopterygii),Fish,,CIR-13-1395B,,ng/g,,Provided,Whole Body,,,BDL,,,,cod,Mote Marine Laboratory,Mote Marine Laboratory
Wetzel,"Dr Wetzel, Mote Marine Database",2012,,60.3378,-151.875,Pacific Sandfish,Trichodon trichodon,forage fish,Chordata (Actinopterygii),Fish,,CIR-13-1409,,ng/g,,Provided,Whole Body,,,BDL,,,,forage fish,Mote Marine Laboratory,Mote Marine Laboratory
Wetzel,"Dr Wetzel, Mote Marine Database",2012,,60.3378,-151.875,Pacific Tom Cod,Microgadus proximus,cod,Chordata (Actinopterygii),Fish,,CIR-13-1371,,ng/g,,Provided,Whole Body,,,BDL,,,,cod,Mote Marine Laboratory,Mote Marine Laboratory
Wetzel,"Dr Wetzel, Mote Marine Database",2012,,60.3378,-151.875,Pacific Tom Cod,Microgadus proximus,cod,Chordata (Actinopterygii),Fish,,CIR-13-1386A,,ng/g,,Provided,Whole Body,,,BDL,,,,cod,Mote Marine Laboratory,Mote Marine Laboratory
Wetzel,"Dr Wetzel, Mote Marine Database",2012,,60.3378,-151.875,Pacific Tom Cod,Microgadus proximus,cod,Chordata (Actinopterygii),Fish,,CIR-13-1386B,,ng/g,,Provided,Whole Body,,,BDL,,,,cod,Mote Marine Laboratory,Mote Marine Laboratory
Wetzel,"Dr Wetzel, Mote Marine Database",2012,,60.3378,-151.875,Pacific Tom Cod,Microgadus proximus,cod,Chordata (Actinopterygii),Fish,,CIR-13-1396A,,ng/g,,Provided,Whole Body,,,BDL,,,,cod,Mote Marine Laboratory,Mote Marine Laboratory
Wetzel,"Dr Wetzel, Mote Marine Database",2012,,60.3378,-151.875,Pacific Tom Cod,Microgadus proximus,cod,Chordata (Actinopterygii),Fish,,CIR-13-1396B,,ng/g,,Provided,Whole Body,,,BDL,,,,cod,Mote Marine Laboratory,Mote Marine Laboratory
Wetzel,"Dr Wetzel, Mote Marine Database",2012,,60.3378,-151.875,Pacific Tom Cod,Microgadus proximus,cod,Chordata (Actinopterygii),Fish,,CIR-13-1400,,ng/g,,Provided,Whole Body,,,BDL,,,,cod,Mote Marine Laboratory,Mote Marine Laboratory
Wetzel,"Dr Wetzel, Mote Marine Database",2012,,60.3378,-151.875,Pacific Tom Cod,Microgadus proximus,cod,Chordata (Actinopterygii),Fish,,CIR-13-1418,,ng/g,,Provided,Whole Body,,,BDL,,,,cod,Mote Marine Laboratory,Mote Marine Laboratory
Wetzel,"Dr Wetzel, Mote Marine Database",2009,,61.2261,-149.8925,Pink Salmon,Oncorhynchus gorbuscha,salmon,Chordata (Actinopterygii),Fish,,CIB-09-0482L,,ng/g,,Provided,Organ,,,BDL,,,,salmon,Mote Marine Laboratory,Mote Marine Laboratory
Wetzel,"Dr Wetzel, Mote Marine Database",2008,,70.4958,-157.393,Round Whitefish,Prosopium cylindraceum,anadromous/freshwater fish,Chordata (Actinopterygii),Fish,,NPRA-08-0092,,ng/g,,Provided,Organ,,,BDL,,,,anadromous/freshwater fish,Mote Marine Laboratory,Mote Marine Laboratory
Wetzel,"Dr Wetzel, Mote Marine Database",2008,,70.4958,-157.393,Round Whitefish,Prosopium cylindraceum,anadromous/freshwater fish,Chordata (Actinopterygii),Fish,,NPRA-08-0094,,ng/g,,Provided,Organ,,,BDL,,,,anadromous/freshwater fish,Mote Marine Laboratory,Mote Marine Laboratory
Wetzel,"Dr Wetzel, Mote Marine Database",2008,,70.4958,-157.393,Round Whitefish,Prosopium cylindraceum,anadromous/freshwater fish,Chordata (Actinopterygii),Fish,,NPRA-08-0096,,ng/g,,Provided,Organ,,,BDL,,,,anadromous/freshwater fish,Mote Marine Laboratory,Mote Marine Laboratory
Wetzel,"Dr Wetzel, Mote Marine Database",2008,,70.4958,-157.393,Round Whitefish,Prosopium cylindraceum,anadromous/freshwater fish,Chordata (Actinopterygii),Fish,,NPRA-08-0098,,ng/g,,Provided,Organ,,,BDL,,,,anadromous/freshwater fish,Mote Marine Laboratory,Mote Marine Laboratory
Wetzel,"Dr Wetzel, Mote Marine Database",2008,,70.4958,-157.393,Round Whitefish,Prosopium cylindraceum,anadromous/freshwater fish,Chordata (Actinopterygii),Fish,,NPRA-08-0100,,ng/g,,Provided,Organ,,,BDL,,,,anadromous/freshwater fish,Mote Marine Laboratory,Mote Marine Laboratory
Wetzel,"Dr Wetzel, Mote Marine Database",2008,,70.4958,-157.393,Round Whitefish,Prosopium cylindraceum,anadromous/freshwater fish,Chordata (Actinopterygii),Fish,,NPRA-08-0104,,ng/g,,Provided,Organ,,,BDL,,,,anadromous/freshwater fish,Mote Marine Laboratory,Mote Marine Laboratory
Wetzel,"Dr Wetzel, Mote Marine Database",2008,,70.4958,-157.393,Round Whitefish,Prosopium cylindraceum,anadromous/freshwater fish,Chordata (Actinopterygii),Fish,,NPRA-08-0108,,ng/g,,Provided,Organ,,,BDL,,,,anadromous/freshwater fish,Mote Marine Laboratory,Mote Marine Laboratory
Wetzel,"Dr Wetzel, Mote Marine Database",2008,,70.4958,-157.393,Round Whitefish,Prosopium cylindraceum,anadromous/freshwater fish,Chordata (Actinopterygii),Fish,,NPRA-08-0110,,ng/g,,Provided,Organ,,,BDL,,,,anadromous/freshwater fish,Mote Marine Laboratory,Mote Marine Laboratory
Wetzel,"Dr Wetzel, Mote Marine Database",2006,,70.8236,-154.3025,Round Whitefish,Prosopium cylindraceum,anadromous/freshwater fish,Chordata (Actinopterygii),Fish,,NPRA-06-4286,,ng/g,,Provided,Organ,,,BDL,,,,anadromous/freshwater fish,Mote Marine Laboratory,Mote Marine Laboratory
Wetzel,"Dr Wetzel, Mote Marine Database",2006,,70.8236,-154.3025,Round Whitefish,Prosopium cylindraceum,anadromous/freshwater fish,Chordata (Actinopterygii),Fish,,NPRA-06-4302,,ng/g,,Provided,Organ,,,BDL,,,,anadromous/freshwater fish,Mote Marine Laboratory,Mote Marine Laboratory
Wetzel,"Dr Wetzel, Mote Marine Database",2008,,70.4958,-157.393,Round Whitefish,Prosopium cylindraceum,anadromous/freshwater fish,Chordata (Actinopterygii),Fish,,NPRA-10-0093,,ng/g,,Provided,Muscle,,,BDL,,,,anadromous/freshwater fish,Mote Marine Laboratory,Mote Marine Laboratory
Wetzel,"Dr Wetzel, Mote Marine Database",2008,,70.4958,-157.393,Round Whitefish,Prosopium cylindraceum,anadromous/freshwater fish,Chordata (Actinopterygii),Fish,,NPRA-10-0097,,ng/g,,Provided,Muscle,,,BDL,,,,anadromous/freshwater fish,Mote Marine Laboratory,Mote Marine Laboratory
Wetzel,"Dr Wetzel, Mote Marine Database",2008,,70.4958,-157.393,Round Whitefish,Prosopium cylindraceum,anadromous/freshwater fish,Chordata (Actinopterygii),Fish,,NPRA-10-0103,,ng/g,,Provided,Muscle,,,BDL,,,,anadromous/freshwater fish,Mote Marine Laboratory,Mote Marine Laboratory
Wetzel,"Dr Wetzel, Mote Marine Database",2008,,70.4958,-157.393,Round Whitefish,Prosopium cylindraceum,anadromous/freshwater fish,Chordata (Actinopterygii),Fish,,NPRA-10-0107,,ng/g,,Provided,Muscle,,,BDL,,,,anadromous/freshwater fish,Mote Marine Laboratory,Mote Marine Laboratory
Wetzel,"Dr Wetzel, Mote Marine Database",2008,,70.4958,-157.393,Round Whitefish,Prosopium cylindraceum,anadromous/freshwater fish,Chordata (Actinopterygii),Fish,,NPRA-10-0109,,ng/g,,Provided,Muscle,,,BDL,,,,anadromous/freshwater fish,Mote Marine Laboratory,Mote Marine Laboratory
Wetzel,"Dr Wetzel, Mote Marine Database",2006,,70.8236,-154.3025,Round Whitefish,Prosopium cylindraceum,anadromous/freshwater fish,Chordata (Actinopterygii),Fish,,NPRA-06-4285,,ng/g,,Provided,Muscle,,,BDL,,,,anadromous/freshwater fish,Mote Marine Laboratory,Mote Marine Laboratory
Wetzel,"Dr Wetzel, Mote Marine Database",2006,,70.8236,-154.3025,Round Whitefish,Prosopium cylindraceum,anadromous/freshwater fish,Chordata (Actinopterygii),Fish,,NPRA-06-4301,,ng/g,,Provided,Muscle,,,BDL,,,,anadromous/freshwater fish,Mote Marine Laboratory,Mote Marine Laboratory
Wetzel,"Dr Wetzel, Mote Marine Database",2012,,60.3378,-151.875,Pacific Sandfish,Trichodon trichodon,forage fish,Chordata (Actinopterygii),Fish,,CIR-13-1383,,ng/g,,Provided,Whole Body,,,BDL,,,,forage fish,Mote Marine Laboratory,Mote Marine Laboratory
Wetzel,"Dr Wetzel, Mote Marine Database",2012,,60.3378,-151.875,Pacific Sandfish,Trichodon trichodon,forage fish,Chordata (Actinopterygii),Fish,,CIR-13-1390,,ng/g,,Provided,Whole Body,,,BDL,,,,forage fish,Mote Marine Laboratory,Mote Marine Laboratory
Wetzel,"Dr Wetzel, Mote Marine Database",2012,,60.3378,-151.875,Pacific Sandfish,Trichodon trichodon,forage fish,Chordata (Actinopterygii),Fish,,CIR-13-1403,,ng/g,,Provided,Whole Body,,,BDL,,,,forage fish,Mote Marine Laboratory,Mote Marine Laboratory
Wetzel,"Dr Wetzel, Mote Marine Database",2012,,60.3378,-151.875,Pacific Sandfish,Trichodon trichodon,forage fish,Chordata (Actinopterygii),Fish,,CIR-13-1406,,ng/g,,Provided,Whole Body,,,BDL,,,,forage fish,Mote Marine Laboratory,Mote Marine Laboratory
Wetzel,"Dr Wetzel, Mote Marine Database",2012,,60.3378,-151.875,Pacific Sandfish,Trichodon trichodon,forage fish,Chordata (Actinopterygii),Fish,,CIR-13-1414,,ng/g,,Provided,Whole Body,,,BDL,,,,forage fish,Mote Marine Laboratory,Mote Marine Laboratory
Wetzel,"Dr Wetzel, Mote Marine Database",2012,,60.3378,-151.875,Pacific Sandfish,Trichodon trichodon,forage fish,Chordata (Actinopterygii),Fish,,CIR-13-1421,,ng/g,,Provided,Whole Body,,,BDL,,,,forage fish,Mote Marine Laboratory,Mote Marine Laboratory
Wetzel,"Dr Wetzel, Mote Marine Database",2008,,70.12184,-159.63497,Sculpin,Cottidae,other fish,Chordata (Actinopterygii),Fish,,NPRA-08-0164,,ng/g,,Provided,Organ,,,BDL,,,,other fish,Mote Marine Laboratory,Mote Marine Laboratory
Wetzel,"Dr Wetzel, Mote Marine Database",2012,,60.3378,-151.875,Snailfish,Liparidae,other fish,Chordata (Actinopterygii),Fish,,CIR-13-1372A,,ng/g,,Provided,Whole Body,,,BDL,,,,other fish,Mote Marine Laboratory,Mote Marine Laboratory
Wetzel,"Dr Wetzel, Mote Marine Database",2012,,60.3378,-151.875,Snailfish,Liparidae,other fish,Chordata (Actinopterygii),Fish,,CIR-13-1372B,,ng/g,,Provided,Whole Body,,,BDL,,,,other fish,Mote Marine Laboratory,Mote Marine Laboratory
Wetzel,"Dr Wetzel, Mote Marine Database",2012,,60.3378,-151.875,Snailfish,Liparidae,other fish,Chordata (Actinopterygii),Fish,,CIR-13-1377,,ng/g,,Provided,Whole Body,,,BDL,,,,other fish,Mote Marine Laboratory,Mote Marine Laboratory
Wetzel,"Dr Wetzel, Mote Marine Database",2012,,60.3378,-151.875,Snailfish,Liparidae,other fish,Chordata (Actinopterygii),Fish,,CIR-13-1389A,,ng/g,,Provided,Whole Body,,,BDL,,,,other fish,Mote Marine Laboratory,Mote Marine Laboratory
Wetzel,"Dr Wetzel, Mote Marine Database",2012,,60.3378,-151.875,Snailfish,Liparidae,other fish,Chordata (Actinopterygii),Fish,,CIR-13-1389B,,ng/g,,Provided,Whole Body,,,BDL,,,,other fish,Mote Marine Laboratory,Mote Marine Laboratory
Wetzel,"Dr Wetzel, Mote Marine Database",2012,,60.3378,-151.875,Starry Flounder,Platichthys stellatus,flatfish,Chordata (Actinopterygii),Fish,,CIR-13-1385,,ng/g,,Provided,Whole Body,,,BDL,,,,flatfish,Mote Marine Laboratory,Mote Marine Laboratory
Wetzel,"Dr Wetzel, Mote Marine Database",2012,,60.3378,-151.875,Starry Flounder,Platichthys stellatus,flatfish,Chordata (Actinopterygii),Fish,,CIR-13-1398,,ng/g,,Provided,Whole Body,,,BDL,,,,flatfish,Mote Marine Laboratory,Mote Marine Laboratory
Wetzel,"Dr Wetzel, Mote Marine Database",2012,,60.3378,-151.875,Starry Flounder,Platichthys stellatus,flatfish,Chordata (Actinopterygii),Fish,,CIR-13-1408,,ng/g,,Provided,Whole Body,,,BDL,,,,flatfish,Mote Marine Laboratory,Mote Marine Laboratory
Wetzel,"Dr Wetzel, Mote Marine Database",2012,,60.3378,-151.875,Walleye Pollock,Gadus chalcogrammus,cod,Chordata (Actinopterygii),Fish,,CIR-13-1384A,,ng/g,,Provided,Whole Body,,,BDL,,,,cod,Mote Marine Laboratory,Mote Marine Laboratory
Wetzel,"Dr Wetzel, Mote Marine Database",2012,,60.3378,-151.875,Walleye Pollock,Gadus chalcogrammus,cod,Chordata (Actinopterygii),Fish,,CIR-13-1384B,,ng/g,,Provided,Whole Body,,,BDL,,,,cod,Mote Marine Laboratory,Mote Marine Laboratory
Wetzel,"Dr Wetzel, Mote Marine Database",2012,,60.3378,-151.875,Walleye Pollock,Gadus chalcogrammus,cod,Chordata (Actinopterygii),Fish,,CIR-13-1387A,,ng/g,,Provided,Whole Body,,,BDL,,,,cod,Mote Marine Laboratory,Mote Marine Laboratory
Wetzel,"Dr Wetzel, Mote Marine Database",2012,,60.3378,-151.875,Walleye Pollock,Gadus chalcogrammus,cod,Chordata (Actinopterygii),Fish,,CIR-13-1387B,,ng/g,,Provided,Whole Body,,,BDL,,,,cod,Mote Marine Laboratory,Mote Marine Laboratory
Wetzel,"Dr Wetzel, Mote Marine Database",2012,,60.3378,-151.875,Walleye Pollock,Gadus chalcogrammus,cod,Chordata (Actinopterygii),Fish,,CIR-13-1392A,,ng/g,,Provided,Whole Body,,,BDL,,,,cod,Mote Marine Laboratory,Mote Marine Laboratory
Wetzel,"Dr Wetzel, Mote Marine Database",2012,,60.3378,-151.875,Walleye Pollock,Gadus chalcogrammus,cod,Chordata (Actinopterygii),Fish,,CIR-13-1392B,,ng/g,,Provided,Whole Body,,,BDL,,,,cod,Mote Marine Laboratory,Mote Marine Laboratory
Wetzel,"Dr Wetzel, Mote Marine Database",2012,,60.3378,-151.875,Sandshrimp,Crangon septemspinosa,shrimp,Decapoda,Crabs/ Shrimp,,CIR-13-1376A,,ng/g,,Provided,Whole Body,,,BDL,,,,shrimp,Mote Marine Laboratory,Mote Marine Laboratory
Wetzel,"Dr Wetzel, Mote Marine Database",2012,,60.3378,-151.875,Sandshrimp,Crangon septemspinosa,shrimp,Decapoda,Crabs/ Shrimp,,CIR-13-1376B,,ng/g,,Provided,Whole Body,,,BDL,,,,shrimp,Mote Marine Laboratory,Mote Marine Laboratory
Wetzel,"Dr Wetzel, Mote Marine Database",2012,,60.3378,-151.875,Sandshrimp,Crangon septemspinosa,shrimp,Decapoda,Crabs/ Shrimp,,CIR-13-1378,,ng/g,,Provided,Whole Body,,,BDL,,,,shrimp,Mote Marine Laboratory,Mote Marine Laboratory
Wetzel,"Dr Wetzel, Mote Marine Database",2012,,60.3378,-151.875,Sandshrimp,Crangon septemspinosa,shrimp,Decapoda,Crabs/ Shrimp,,CIR-13-1391A,,ng/g,,Provided,Whole Body,,,BDL,,,,shrimp,Mote Marine Laboratory,Mote Marine Laboratory
Wetzel,"Dr Wetzel, Mote Marine Database",2012,,60.3378,-151.875,Sandshrimp,Crangon septemspinosa,shrimp,Decapoda,Crabs/ Shrimp,,CIR-13-1391B,,ng/g,,Provided,Whole Body,,,BDL,,,,shrimp,Mote Marine Laboratory,Mote Marine Laboratory
Wetzel,"Dr Wetzel, Mote Marine Database",2012,,60.3378,-151.875,Sandshrimp,Crangon septemspinosa,shrimp,Decapoda,Crabs/ Shrimp,,CIR-13-1402,,ng/g,,Provided,Whole Body,,,BDL,,,,shrimp,Mote Marine Laboratory,Mote Marine Laboratory
Wetzel,"Dr Wetzel, Mote Marine Database",2012,,60.3378,-151.875,Sandshrimp,Crangon septemspinosa,shrimp,Decapoda,Crabs/ Shrimp,,CIR-13-1411A,,ng/g,,Provided,Whole Body,,,BDL,,,,shrimp,Mote Marine Laboratory,Mote Marine Laboratory
Wetzel,"Dr Wetzel, Mote Marine Database",2012,,60.3378,-151.875,Sandshrimp,Crangon septemspinosa,shrimp,Decapoda,Crabs/ Shrimp,,CIR-13-1411B,,ng/g,,Provided,Whole Body,,,BDL,,,,shrimp,Mote Marine Laboratory,Mote Marine Laboratory
Wetzel,"Dr Wetzel, Mote Marine Database",2012,,60.3378,-151.875,Sandshrimp,Crangon septemspinosa,shrimp,Decapoda,Crabs/ Shrimp,,CIR-13-1416,,ng/g,,Provided,Whole Body,,,BDL,,,,shrimp,Mote Marine Laboratory,Mote Marine Laboratory
Wetzel,"Dr Wetzel, Mote Marine Database",2012,,60.3378,-151.875,Sandshrimp,Crangon septemspinosa,shrimp,Decapoda,Crabs/ Shrimp,,CIR-13-1419,,ng/g,,Provided,Whole Body,,,BDL,,,,shrimp,Mote Marine Laboratory,Mote Marine Laboratory
Wetzel,"Dr Wetzel, Mote Marine Database",2005,,64.5039,-165.3994,Seal,Phocidae,pinnipeds,Chordata (Mammalia),Seals/ Whales,,PBFA-05-4703,,ng/g,,Provided,Fat,,,,,,,pinnipeds,Mote Marine Laboratory,Mote Marine Laboratory
Wetzel,"Dr Wetzel, Mote Marine Database",2005,,64.5039,-165.3994,Ringed Seal,Pusa hispida,seal,Chordata (Mammalia),Seals/ Whales,,PBFA-05-4700,,ng/g,,Provided,Fat,,,,,,,seal,Mote Marine Laboratory,Mote Marine Laboratory
Wetzel,"Dr Wetzel, Mote Marine Database",2005,,64.5039,-165.3994,Ringed Seal,Pusa hispida,seal,Chordata (Mammalia),Seals/ Whales,,PBFA-05-4701,,ng/g,,Provided,Fat,,,,,,,seal,Mote Marine Laboratory,Mote Marine Laboratory
Wetzel,"Dr Wetzel, Mote Marine Database",2005,,71.2906,-156.7886,Ringed Seal,Pusa hispida,seal,Chordata (Mammalia),Seals/ Whales,,PBFA-07-0001,,ng/g,,Provided,Fat,,,,,,,seal,Mote Marine Laboratory,Mote Marine Laboratory
Wetzel,"Dr Wetzel, Mote Marine Database",2005,,71.2906,-156.7886,Ringed Seal,Pusa hispida,seal,Chordata (Mammalia),Seals/ Whales,,PBFA-07-0002,,ng/g,,Provided,Fat,,,,,,,seal,Mote Marine Laboratory,Mote Marine Laboratory
Wetzel,"Dr Wetzel, Mote Marine Database",2005,,71.2906,-156.7886,Ringed Seal,Pusa hispida,seal,Chordata (Mammalia),Seals/ Whales,,PBFA-07-0003,,ng/g,,Provided,Fat,,,,,,,seal,Mote Marine Laboratory,Mote Marine Laboratory
Wetzel,"Dr Wetzel, Mote Marine Database",2005,,64.5039,-165.3994,Bearded Seal,Erignathus barbatus,seal,Chordata (Mammalia),Seals/ Whales,,PBFA-05-4702,,ng/g,,Provided,Fat,,,,,,,seal,Mote Marine Laboratory,Mote Marine Laboratory
Wetzel,"Dr Wetzel, Mote Marine Database",2005,,71.2906,-156.7886,Bearded Seal,Erignathus barbatus,seal,Chordata (Mammalia),Seals/ Whales,,PBFA-05-4704,,ng/g,,Provided,Fat,,,,,,,seal,Mote Marine Laboratory,Mote Marine Laboratory
Wetzel,"Dr Wetzel, Mote Marine Database",2005,,71.2906,-156.7886,Bearded Seal,Erignathus barbatus,seal,Chordata (Mammalia),Seals/ Whales,,PBFA-05-4705,,ng/g,,Provided,Fat,,,,,,,seal,Mote Marine Laboratory,Mote Marine Laboratory
Wetzel,"Dr Wetzel, Mote Marine Database",2005,,71.2906,-156.7886,Bearded Seal,Erignathus barbatus,seal,Chordata (Mammalia),Seals/ Whales,,PBFA-05-4706,,ng/g,,Provided,Fat,,,,,,,seal,Mote Marine Laboratory,Mote Marine Laboratory
Wetzel,"Dr Wetzel, Mote Marine Database",2002,,71.2906,-156.7886,Bowhead,Balaena mysticetus,whale,Chordata (Mammalia),Seals/ Whales,,02B1,,ng/g,,Provided,Other,,,BDL,,,,whale,Mote Marine Laboratory,Mote Marine Laboratory
Wetzel,"Dr Wetzel, Mote Marine Database",2003,,71.2906,-156.7886,Bowhead,Balaena mysticetus,whale,Chordata (Mammalia),Seals/ Whales,,03B11,,ng/g,,Provided,Other,,,BDL,,,,whale,Mote Marine Laboratory,Mote Marine Laboratory
Wetzel,"Dr Wetzel, Mote Marine Database",2003,,71.2906,-156.7886,Bowhead,Balaena mysticetus,whale,Chordata (Mammalia),Seals/ Whales,,03B12,,ng/g,,Provided,Other,,,BDL,,,,whale,Mote Marine Laboratory,Mote Marine Laboratory
Wetzel,"Dr Wetzel, Mote Marine Database",2003,,71.2906,-156.7886,Bowhead,Balaena mysticetus,whale,Chordata (Mammalia),Seals/ Whales,,03B15,,ng/g,,Provided,Other,,,BDL,,,,whale,Mote Marine Laboratory,Mote Marine Laboratory
Wetzel,"Dr Wetzel, Mote Marine Database",2003,,71.2906,-156.7886,Bowhead,Balaena mysticetus,whale,Chordata (Mammalia),Seals/ Whales,,03B2,,ng/g,,Provided,Other,,,BDL,,,,whale,Mote Marine Laboratory,Mote Marine Laboratory
Wetzel,"Dr Wetzel, Mote Marine Database",2003,,71.2906,-156.7886,Bowhead,Balaena mysticetus,whale,Chordata (Mammalia),Seals/ Whales,,03B3,,ng/g,,Provided,Other,,,BDL,,,,whale,Mote Marine Laboratory,Mote Marine Laboratory
Wetzel,"Dr Wetzel, Mote Marine Database",2003,,71.2906,-156.7886,Bowhead,Balaena mysticetus,whale,Chordata (Mammalia),Seals/ Whales,,03B4,,ng/g,,Provided,Other,,,BDL,,,,whale,Mote Marine Laboratory,Mote Marine Laboratory
Wetzel,"Dr Wetzel, Mote Marine Database",2003,,71.2906,-156.7886,Bowhead,Balaena mysticetus,whale,Chordata (Mammalia),Seals/ Whales,,03B5,,ng/g,,Provided,Other,,,BDL,,,,whale,Mote Marine Laboratory,Mote Marine Laboratory
Wetzel,"Dr Wetzel, Mote Marine Database",2003,,71.2906,-156.7886,Bowhead,Balaena mysticetus,whale,Chordata (Mammalia),Seals/ Whales,,03B6,,ng/g,,Provided,Other,,,BDL,,,,whale,Mote Marine Laboratory,Mote Marine Laboratory
Wetzel,"Dr Wetzel, Mote Marine Database",2003,,71.2906,-156.7886,Bowhead,Balaena mysticetus,whale,Chordata (Mammalia),Seals/ Whales,,03B7,,ng/g,,Provided,Other,,,BDL,,,,whale,Mote Marine Laboratory,Mote Marine Laboratory
Wetzel,"Dr Wetzel, Mote Marine Database",2003,,71.2906,-156.7886,Bowhead,Balaena mysticetus,whale,Chordata (Mammalia),Seals/ Whales,,03B8,,ng/g,,Provided,Other,,,BDL,,,,whale,Mote Marine Laboratory,Mote Marine Laboratory
Wetzel,"Dr Wetzel, Mote Marine Database",2004,,71.2906,-156.7886,Bowhead,Balaena mysticetus,whale,Chordata (Mammalia),Seals/ Whales,,04B?,,ng/g,,Provided,Other,,,BDL,,,,whale,Mote Marine Laboratory,Mote Marine Laboratory
Wetzel,"Dr Wetzel, Mote Marine Database",2005,,71.2906,-156.7886,Bowhead,Balaena mysticetus,whale,Chordata (Mammalia),Seals/ Whales,,05B1,,ng/g,,Provided,Other,,,BDL,,,,whale,Mote Marine Laboratory,Mote Marine Laboratory
Wetzel,"Dr Wetzel, Mote Marine Database",2005,,71.2906,-156.7886,Bowhead,Balaena mysticetus,whale,Chordata (Mammalia),Seals/ Whales,,05B12,,ng/g,,Provided,Other,,,BDL,,,,whale,Mote Marine Laboratory,Mote Marine Laboratory
Wetzel,"Dr Wetzel, Mote Marine Database",2005,,71.2906,-156.7886,Bowhead,Balaena mysticetus,whale,Chordata (Mammalia),Seals/ Whales,,05B19,,ng/g,,Provided,Other,,,BDL,,,,whale,Mote Marine Laboratory,Mote Marine Laboratory
Wetzel,"Dr Wetzel, Mote Marine Database",2005,,71.2906,-156.7886,Bowhead,Balaena mysticetus,whale,Chordata (Mammalia),Seals/ Whales,,05B2,,ng/g,,Provided,Other,,,BDL,,,,whale,Mote Marine Laboratory,Mote Marine Laboratory
Wetzel,"Dr Wetzel, Mote Marine Database",2005,,71.2906,-156.7886,Bowhead,Balaena mysticetus,whale,Chordata (Mammalia),Seals/ Whales,,05B29,,ng/g,,Provided,Other,,,BDL,,,,whale,Mote Marine Laboratory,Mote Marine Laboratory
Wetzel,"Dr Wetzel, Mote Marine Database",2006,,71.2906,-156.7886,Bowhead,Balaena mysticetus,whale,Chordata (Mammalia),Seals/ Whales,,06-B1,,ng/g,,Provided,Other,,,BDL,,,,whale,Mote Marine Laboratory,Mote Marine Laboratory
Wetzel,"Dr Wetzel, Mote Marine Database",2006,,71.2906,-156.7886,Bowhead,Balaena mysticetus,whale,Chordata (Mammalia),Seals/ Whales,,06B16,,ng/g,,Provided,Other,,,BDL,,,,whale,Mote Marine Laboratory,Mote Marine Laboratory
Wetzel,"Dr Wetzel, Mote Marine Database",2006,,71.2906,-156.7886,Bowhead,Balaena mysticetus,whale,Chordata (Mammalia),Seals/ Whales,,06B17,,ng/g,,Provided,Other,,,BDL,,,,whale,Mote Marine Laboratory,Mote Marine Laboratory
Wetzel,"Dr Wetzel, Mote Marine Database",2006,,71.2906,-156.7886,Bowhead,Balaena mysticetus,whale,Chordata (Mammalia),Seals/ Whales,,06B19,,ng/g,,Provided,Other,,,BDL,,,,whale,Mote Marine Laboratory,Mote Marine Laboratory
Wetzel,"Dr Wetzel, Mote Marine Database",2006,,71.2906,-156.7886,Bowhead,Balaena mysticetus,whale,Chordata (Mammalia),Seals/ Whales,,06B20,,ng/g,,Provided,Other,,,BDL,,,,whale,Mote Marine Laboratory,Mote Marine Laboratory
Wetzel,"Dr Wetzel, Mote Marine Database",2006,,71.2906,-156.7886,Bowhead,Balaena mysticetus,whale,Chordata (Mammalia),Seals/ Whales,,06B21,,ng/g,,Provided,Other,,,BDL,,,,whale,Mote Marine Laboratory,Mote Marine Laboratory
Wetzel,"Dr Wetzel, Mote Marine Database",2002,,71.2906,-156.7886,Bowhead,Balaena mysticetus,whale,Chordata (Mammalia),Seals/ Whales,,02B1,,ng/g,,Provided,Fat,,,BDL,,,,whale,Mote Marine Laboratory,Mote Marine Laboratory
Wetzel,"Dr Wetzel, Mote Marine Database",2002,,71.2906,-156.7886,Bowhead,Balaena mysticetus,whale,Chordata (Mammalia),Seals/ Whales,,02B2,,ng/g,,Provided,Fat,,,BDL,,,,whale,Mote Marine Laboratory,Mote Marine Laboratory
Wetzel,"Dr Wetzel, Mote Marine Database",2002,,71.2906,-156.7886,Bowhead,Balaena mysticetus,whale,Chordata (Mammalia),Seals/ Whales,,02B3,,ng/g,,Provided,Fat,,,BDL,,,,whale,Mote Marine Laboratory,Mote Marine Laboratory
Wetzel,"Dr Wetzel, Mote Marine Database",2002,,71.2906,-156.7886,Bowhead,Balaena mysticetus,whale,Chordata (Mammalia),Seals/ Whales,,02B4,,ng/g,,Provided,Fat,,,BDL,,,,whale,Mote Marine Laboratory,Mote Marine Laboratory
Wetzel,"Dr Wetzel, Mote Marine Database",2002,,71.2906,-156.7886,Bowhead,Balaena mysticetus,whale,Chordata (Mammalia),Seals/ Whales,,02B5,,ng/g,,Provided,Fat,,,BDL,,,,whale,Mote Marine Laboratory,Mote Marine Laboratory
Wetzel,"Dr Wetzel, Mote Marine Database",2003,,71.2906,-156.7886,Bowhead,Balaena mysticetus,whale,Chordata (Mammalia),Seals/ Whales,,03B11,,ng/g,,Provided,Fat,,,BDL,,,,whale,Mote Marine Laboratory,Mote Marine Laboratory
Wetzel,"Dr Wetzel, Mote Marine Database",2003,,71.2906,-156.7886,Bowhead,Balaena mysticetus,whale,Chordata (Mammalia),Seals/ Whales,,03B12,,ng/g,,Provided,Fat,,,BDL,,,,whale,Mote Marine Laboratory,Mote Marine Laboratory
Wetzel,"Dr Wetzel, Mote Marine Database",2003,,71.2906,-156.7886,Bowhead,Balaena mysticetus,whale,Chordata (Mammalia),Seals/ Whales,,03B13,,ng/g,,Provided,Fat,,,BDL,,,,whale,Mote Marine Laboratory,Mote Marine Laboratory
Wetzel,"Dr Wetzel, Mote Marine Database",2003,,71.2906,-156.7886,Bowhead,Balaena mysticetus,whale,Chordata (Mammalia),Seals/ Whales,,03B15,,ng/g,,Provided,Fat,,,BDL,,,,whale,Mote Marine Laboratory,Mote Marine Laboratory
Wetzel,"Dr Wetzel, Mote Marine Database",2003,,71.2906,-156.7886,Bowhead,Balaena mysticetus,whale,Chordata (Mammalia),Seals/ Whales,,03B2,,ng/g,,Provided,Fat,,,BDL,,,,whale,Mote Marine Laboratory,Mote Marine Laboratory
Wetzel,"Dr Wetzel, Mote Marine Database",2003,,71.2906,-156.7886,Bowhead,Balaena mysticetus,whale,Chordata (Mammalia),Seals/ Whales,,03B3,,ng/g,,Provided,Fat,,,BDL,,,,whale,Mote Marine Laboratory,Mote Marine Laboratory
Wetzel,"Dr Wetzel, Mote Marine Database",2003,,71.2906,-156.7886,Bowhead,Balaena mysticetus,whale,Chordata (Mammalia),Seals/ Whales,,03B4,,ng/g,,Provided,Fat,,,BDL,,,,whale,Mote Marine Laboratory,Mote Marine Laboratory
Wetzel,"Dr Wetzel, Mote Marine Database",2003,,71.2906,-156.7886,Bowhead,Balaena mysticetus,whale,Chordata (Mammalia),Seals/ Whales,,03B5,,ng/g,,Provided,Fat,,,BDL,,,,whale,Mote Marine Laboratory,Mote Marine Laboratory
Wetzel,"Dr Wetzel, Mote Marine Database",2003,,71.2906,-156.7886,Bowhead,Balaena mysticetus,whale,Chordata (Mammalia),Seals/ Whales,,03B6,,ng/g,,Provided,Fat,,,BDL,,,,whale,Mote Marine Laboratory,Mote Marine Laboratory
Wetzel,"Dr Wetzel, Mote Marine Database",2003,,71.2906,-156.7886,Bowhead,Balaena mysticetus,whale,Chordata (Mammalia),Seals/ Whales,,03B7,,ng/g,,Provided,Fat,,,BDL,,,,whale,Mote Marine Laboratory,Mote Marine Laboratory
Wetzel,"Dr Wetzel, Mote Marine Database",2003,,71.2906,-156.7886,Bowhead,Balaena mysticetus,whale,Chordata (Mammalia),Seals/ Whales,,03B8,,ng/g,,Provided,Fat,,,BDL,,,,whale,Mote Marine Laboratory,Mote Marine Laboratory
Wetzel,"Dr Wetzel, Mote Marine Database",2003,,71.2906,-156.7886,Bowhead,Balaena mysticetus,whale,Chordata (Mammalia),Seals/ Whales,,03B9,,ng/g,,Provided,Fat,,,BDL,,,,whale,Mote Marine Laboratory,Mote Marine Laboratory
Wetzel,"Dr Wetzel, Mote Marine Database",2004,,71.2906,-156.7886,Bowhead,Balaena mysticetus,whale,Chordata (Mammalia),Seals/ Whales,,04B?,,ng/g,,Provided,Fat,,,BDL,,,,whale,Mote Marine Laboratory,Mote Marine Laboratory
Wetzel,"Dr Wetzel, Mote Marine Database",2004,,71.2906,-156.7886,Bowhead,Balaena mysticetus,whale,Chordata (Mammalia),Seals/ Whales,,04b14,,ng/g,,Provided,Fat,,,BDL,,,,whale,Mote Marine Laboratory,Mote Marine Laboratory
Wetzel,"Dr Wetzel, Mote Marine Database",2005,,71.2906,-156.7886,Bowhead,Balaena mysticetus,whale,Chordata (Mammalia),Seals/ Whales,,05B1,,ng/g,,Provided,Fat,,,BDL,,,,whale,Mote Marine Laboratory,Mote Marine Laboratory
Wetzel,"Dr Wetzel, Mote Marine Database",2005,,71.2906,-156.7886,Bowhead,Balaena mysticetus,whale,Chordata (Mammalia),Seals/ Whales,,05B12,,ng/g,,Provided,Fat,,,BDL,,,,whale,Mote Marine Laboratory,Mote Marine Laboratory
Wetzel,"Dr Wetzel, Mote Marine Database",2005,,71.2906,-156.7886,Bowhead,Balaena mysticetus,whale,Chordata (Mammalia),Seals/ Whales,,05B19,,ng/g,,Provided,Fat,,,BDL,,,,whale,Mote Marine Laboratory,Mote Marine Laboratory
Wetzel,"Dr Wetzel, Mote Marine Database",2005,,71.2906,-156.7886,Bowhead,Balaena mysticetus,whale,Chordata (Mammalia),Seals/ Whales,,05B2,,ng/g,,Provided,Fat,,,BDL,,,,whale,Mote Marine Laboratory,Mote Marine Laboratory
Wetzel,"Dr Wetzel, Mote Marine Database",2005,,71.2906,-156.7886,Bowhead,Balaena mysticetus,whale,Chordata (Mammalia),Seals/ Whales,,05B29,,ng/g,,Provided,Fat,,,BDL,,,,whale,Mote Marine Laboratory,Mote Marine Laboratory
Wetzel,"Dr Wetzel, Mote Marine Database",2006,,71.2906,-156.7886,Bowhead,Balaena mysticetus,whale,Chordata (Mammalia),Seals/ Whales,,06-B1,,ng/g,,Provided,Fat,,,BDL,,,,whale,Mote Marine Laboratory,Mote Marine Laboratory
Wetzel,"Dr Wetzel, Mote Marine Database",2006,,71.2906,-156.7886,Bowhead,Balaena mysticetus,whale,Chordata (Mammalia),Seals/ Whales,,06B16,,ng/g,,Provided,Fat,,,BDL,,,,whale,Mote Marine Laboratory,Mote Marine Laboratory
Wetzel,"Dr Wetzel, Mote Marine Database",2006,,71.2906,-156.7886,Bowhead,Balaena mysticetus,whale,Chordata (Mammalia),Seals/ Whales,,06B17,,ng/g,,Provided,Fat,,,BDL,,,,whale,Mote Marine Laboratory,Mote Marine Laboratory
Wetzel,"Dr Wetzel, Mote Marine Database",2006,,71.2906,-156.7886,Bowhead,Balaena mysticetus,whale,Chordata (Mammalia),Seals/ Whales,,06B19,,ng/g,,Provided,Fat,,,BDL,,,,whale,Mote Marine Laboratory,Mote Marine Laboratory
Wetzel,"Dr Wetzel, Mote Marine Database",2006,,71.2906,-156.7886,Bowhead,Balaena mysticetus,whale,Chordata (Mammalia),Seals/ Whales,,06B20,,ng/g,,Provided,Fat,,,BDL,,,,whale,Mote Marine Laboratory,Mote Marine Laboratory
Wetzel,"Dr Wetzel, Mote Marine Database",2006,,71.2906,-156.7886,Bowhead,Balaena mysticetus,whale,Chordata (Mammalia),Seals/ Whales,,06B21,,ng/g,,Provided,Fat,,,BDL,,,,whale,Mote Marine Laboratory,Mote Marine Laboratory
Wetzel,"Dr Wetzel, Mote Marine Database",2007,,71.2906,-156.7886,Bowhead,Balaena mysticetus,whale,Chordata (Mammalia),Seals/ Whales,,07B2,,ng/g,,Provided,Fat,,,BDL,,,,whale,Mote Marine Laboratory,Mote Marine Laboratory
Wetzel,"Dr Wetzel, Mote Marine Database",2007,,71.2906,-156.7886,Bowhead,Balaena mysticetus,whale,Chordata (Mammalia),Seals/ Whales,,07B3,,ng/g,,Provided,Fat,,,BDL,,,,whale,Mote Marine Laboratory,Mote Marine Laboratory
Wetzel,"Dr Wetzel, Mote Marine Database",2007,,71.2906,-156.7886,Bowhead,Balaena mysticetus,whale,Chordata (Mammalia),Seals/ Whales,,07B3,,ng/g,,Provided,Fat,,,BDL,,,,whale,Mote Marine Laboratory,Mote Marine Laboratory
Wetzel,"Dr Wetzel, Mote Marine Database",2007,,71.2906,-156.7886,Bowhead,Balaena mysticetus,whale,Chordata (Mammalia),Seals/ Whales,,07B4,,ng/g,,Provided,Fat,,,BDL,,,,whale,Mote Marine Laboratory,Mote Marine Laboratory
Wetzel,"Dr Wetzel, Mote Marine Database",2002,,71.2906,-156.7886,Bowhead,Balaena mysticetus,whale,Chordata (Mammalia),Seals/ Whales,,02B1,,ng/g,,Provided,Skin,,,BDL,,,,whale,Mote Marine Laboratory,Mote Marine Laboratory
Wetzel,"Dr Wetzel, Mote Marine Database",2002,,71.2906,-156.7886,Bowhead,Balaena mysticetus,whale,Chordata (Mammalia),Seals/ Whales,,02B2,,ng/g,,Provided,Skin,,,BDL,,,,whale,Mote Marine Laboratory,Mote Marine Laboratory
Wetzel,"Dr Wetzel, Mote Marine Database",2002,,71.2906,-156.7886,Bowhead,Balaena mysticetus,whale,Chordata (Mammalia),Seals/ Whales,,02B3,,ng/g,,Provided,Skin,,,BDL,,,,whale,Mote Marine Laboratory,Mote Marine Laboratory
Wetzel,"Dr Wetzel, Mote Marine Database",2002,,71.2906,-156.7886,Bowhead,Balaena mysticetus,whale,Chordata (Mammalia),Seals/ Whales,,02B4,,ng/g,,Provided,Skin,,,BDL,,,,whale,Mote Marine Laboratory,Mote Marine Laboratory
Wetzel,"Dr Wetzel, Mote Marine Database",2002,,71.2906,-156.7886,Bowhead,Balaena mysticetus,whale,Chordata (Mammalia),Seals/ Whales,,02B5,,ng/g,,Provided,Skin,,,BDL,,,,whale,Mote Marine Laboratory,Mote Marine Laboratory
Wetzel,"Dr Wetzel, Mote Marine Database",2003,,71.2906,-156.7886,Bowhead,Balaena mysticetus,whale,Chordata (Mammalia),Seals/ Whales,,03B11,,ng/g,,Provided,Skin,,,BDL,,,,whale,Mote Marine Laboratory,Mote Marine Laboratory
Wetzel,"Dr Wetzel, Mote Marine Database",2003,,71.2906,-156.7886,Bowhead,Balaena mysticetus,whale,Chordata (Mammalia),Seals/ Whales,,03B12,,ng/g,,Provided,Skin,,,BDL,,,,whale,Mote Marine Laboratory,Mote Marine Laboratory
Wetzel,"Dr Wetzel, Mote Marine Database",2003,,71.2906,-156.7886,Bowhead,Balaena mysticetus,whale,Chordata (Mammalia),Seals/ Whales,,03B13,,ng/g,,Provided,Skin,,,BDL,,,,whale,Mote Marine Laboratory,Mote Marine Laboratory
Wetzel,"Dr Wetzel, Mote Marine Database",2003,,71.2906,-156.7886,Bowhead,Balaena mysticetus,whale,Chordata (Mammalia),Seals/ Whales,,03B15,,ng/g,,Provided,Skin,,,BDL,,,,whale,Mote Marine Laboratory,Mote Marine Laboratory
Wetzel,"Dr Wetzel, Mote Marine Database",2003,,71.2906,-156.7886,Bowhead,Balaena mysticetus,whale,Chordata (Mammalia),Seals/ Whales,,03B2,,ng/g,,Provided,Skin,,,BDL,,,,whale,Mote Marine Laboratory,Mote Marine Laboratory
Wetzel,"Dr Wetzel, Mote Marine Database",2003,,71.2906,-156.7886,Bowhead,Balaena mysticetus,whale,Chordata (Mammalia),Seals/ Whales,,03B3,,ng/g,,Provided,Skin,,,BDL,,,,whale,Mote Marine Laboratory,Mote Marine Laboratory
Wetzel,"Dr Wetzel, Mote Marine Database",2003,,71.2906,-156.7886,Bowhead,Balaena mysticetus,whale,Chordata (Mammalia),Seals/ Whales,,03B4,,ng/g,,Provided,Skin,,,BDL,,,,whale,Mote Marine Laboratory,Mote Marine Laboratory
Wetzel,"Dr Wetzel, Mote Marine Database",2003,,71.2906,-156.7886,Bowhead,Balaena mysticetus,whale,Chordata (Mammalia),Seals/ Whales,,03B5,,ng/g,,Provided,Skin,,,BDL,,,,whale,Mote Marine Laboratory,Mote Marine Laboratory
Wetzel,"Dr Wetzel, Mote Marine Database",2003,,71.2906,-156.7886,Bowhead,Balaena mysticetus,whale,Chordata (Mammalia),Seals/ Whales,,03B6,,ng/g,,Provided,Skin,,,BDL,,,,whale,Mote Marine Laboratory,Mote Marine Laboratory
Wetzel,"Dr Wetzel, Mote Marine Database",2003,,71.2906,-156.7886,Bowhead,Balaena mysticetus,whale,Chordata (Mammalia),Seals/ Whales,,03B7,,ng/g,,Provided,Skin,,,BDL,,,,whale,Mote Marine Laboratory,Mote Marine Laboratory
Wetzel,"Dr Wetzel, Mote Marine Database",2003,,71.2906,-156.7886,Bowhead,Balaena mysticetus,whale,Chordata (Mammalia),Seals/ Whales,,03B8,,ng/g,,Provided,Skin,,,BDL,,,,whale,Mote Marine Laboratory,Mote Marine Laboratory
Wetzel,"Dr Wetzel, Mote Marine Database",2003,,71.2906,-156.7886,Bowhead,Balaena mysticetus,whale,Chordata (Mammalia),Seals/ Whales,,03B9,,ng/g,,Provided,Skin,,,BDL,,,,whale,Mote Marine Laboratory,Mote Marine Laboratory
Wetzel,"Dr Wetzel, Mote Marine Database",2004,,71.2906,-156.7886,Bowhead,Balaena mysticetus,whale,Chordata (Mammalia),Seals/ Whales,,04B?,,ng/g,,Provided,Skin,,,BDL,,,,whale,Mote Marine Laboratory,Mote Marine Laboratory
Wetzel,"Dr Wetzel, Mote Marine Database",2004,,71.2906,-156.7886,Bowhead,Balaena mysticetus,whale,Chordata (Mammalia),Seals/ Whales,,04B3,,ng/g,,Provided,Skin,,,BDL,,,,whale,Mote Marine Laboratory,Mote Marine Laboratory
Wetzel,"Dr Wetzel, Mote Marine Database",2005,,71.2906,-156.7886,Bowhead,Balaena mysticetus,whale,Chordata (Mammalia),Seals/ Whales,,05B1,,ng/g,,Provided,Skin,,,BDL,,,,whale,Mote Marine Laboratory,Mote Marine Laboratory
Wetzel,"Dr Wetzel, Mote Marine Database",2005,,71.2906,-156.7886,Bowhead,Balaena mysticetus,whale,Chordata (Mammalia),Seals/ Whales,,05B12,,ng/g,,Provided,Skin,,,BDL,,,,whale,Mote Marine Laboratory,Mote Marine Laboratory
Wetzel,"Dr Wetzel, Mote Marine Database",2005,,71.2906,-156.7886,Bowhead,Balaena mysticetus,whale,Chordata (Mammalia),Seals/ Whales,,05B19,,ng/g,,Provided,Skin,,,BDL,,,,whale,Mote Marine Laboratory,Mote Marine Laboratory
Wetzel,"Dr Wetzel, Mote Marine Database",2005,,71.2906,-156.7886,Bowhead,Balaena mysticetus,whale,Chordata (Mammalia),Seals/ Whales,,05B2,,ng/g,,Provided,Skin,,,BDL,,,,whale,Mote Marine Laboratory,Mote Marine Laboratory
Wetzel,"Dr Wetzel, Mote Marine Database",2005,,71.2906,-156.7886,Bowhead,Balaena mysticetus,whale,Chordata (Mammalia),Seals/ Whales,,05B29,,ng/g,,Provided,Skin,,,BDL,,,,whale,Mote Marine Laboratory,Mote Marine Laboratory
Wetzel,"Dr Wetzel, Mote Marine Database",2006,,71.2906,-156.7886,Bowhead,Balaena mysticetus,whale,Chordata (Mammalia),Seals/ Whales,,06-B1,,ng/g,,Provided,Skin,,,BDL,,,,whale,Mote Marine Laboratory,Mote Marine Laboratory
Wetzel,"Dr Wetzel, Mote Marine Database",2006,,71.2906,-156.7886,Bowhead,Balaena mysticetus,whale,Chordata (Mammalia),Seals/ Whales,,06B16,,ng/g,,Provided,Skin,,,BDL,,,,whale,Mote Marine Laboratory,Mote Marine Laboratory
Wetzel,"Dr Wetzel, Mote Marine Database",2006,,71.2906,-156.7886,Bowhead,Balaena mysticetus,whale,Chordata (Mammalia),Seals/ Whales,,06B17,,ng/g,,Provided,Skin,,,BDL,,,,whale,Mote Marine Laboratory,Mote Marine Laboratory
Wetzel,"Dr Wetzel, Mote Marine Database",2006,,71.2906,-156.7886,Bowhead,Balaena mysticetus,whale,Chordata (Mammalia),Seals/ Whales,,06B19,,ng/g,,Provided,Skin,,,BDL,,,,whale,Mote Marine Laboratory,Mote Marine Laboratory
Wetzel,"Dr Wetzel, Mote Marine Database",2006,,71.2906,-156.7886,Bowhead,Balaena mysticetus,whale,Chordata (Mammalia),Seals/ Whales,,06B20,,ng/g,,Provided,Skin,,,BDL,,,,whale,Mote Marine Laboratory,Mote Marine Laboratory
Wetzel,"Dr Wetzel, Mote Marine Database",2006,,71.2906,-156.7886,Bowhead,Balaena mysticetus,whale,Chordata (Mammalia),Seals/ Whales,,06B21,,ng/g,,Provided,Skin,,,BDL,,,,whale,Mote Marine Laboratory,Mote Marine Laboratory
Wetzel,"Dr Wetzel, Mote Marine Database",2007,,71.2906,-156.7886,Bowhead,Balaena mysticetus,whale,Chordata (Mammalia),Seals/ Whales,,07B2,,ng/g,,Provided,Skin,,,BDL,,,,whale,Mote Marine Laboratory,Mote Marine Laboratory
Wetzel,"Dr Wetzel, Mote Marine Database",2007,,71.2906,-156.7886,Bowhead,Balaena mysticetus,whale,Chordata (Mammalia),Seals/ Whales,,07B3,,ng/g,,Provided,Skin,,,BDL,,,,whale,Mote Marine Laboratory,Mote Marine Laboratory
Wetzel,"Dr Wetzel, Mote Marine Database",2007,,71.2906,-156.7886,Bowhead,Balaena mysticetus,whale,Chordata (Mammalia),Seals/ Whales,,07B4,,ng/g,,Provided,Skin,,,BDL,,,,whale,Mote Marine Laboratory,Mote Marine Laboratory
Wetzel,"Dr Wetzel, Mote Marine Database",2002,,71.2906,-156.7886,Bowhead,Balaena mysticetus,whale,Chordata (Mammalia),Seals/ Whales,,02B1,,ng/g,,Provided,Digestive,,,BDL,,,,whale,Mote Marine Laboratory,Mote Marine Laboratory
Wetzel,"Dr Wetzel, Mote Marine Database",2002,,71.2906,-156.7886,Bowhead,Balaena mysticetus,whale,Chordata (Mammalia),Seals/ Whales,,02B3,,ng/g,,Provided,Digestive,,,BDL,,,,whale,Mote Marine Laboratory,Mote Marine Laboratory
Wetzel,"Dr Wetzel, Mote Marine Database",2002,,71.2906,-156.7886,Bowhead,Balaena mysticetus,whale,Chordata (Mammalia),Seals/ Whales,,02B4,,ng/g,,Provided,Digestive,,,BDL,,,,whale,Mote Marine Laboratory,Mote Marine Laboratory
Wetzel,"Dr Wetzel, Mote Marine Database",2002,,71.2906,-156.7886,Bowhead,Balaena mysticetus,whale,Chordata (Mammalia),Seals/ Whales,,02B5,,ng/g,,Provided,Digestive,,,BDL,,,,whale,Mote Marine Laboratory,Mote Marine Laboratory
Wetzel,"Dr Wetzel, Mote Marine Database",2003,,71.2906,-156.7886,Bowhead,Balaena mysticetus,whale,Chordata (Mammalia),Seals/ Whales,,03B11,,ng/g,,Provided,Digestive,,,BDL,,,,whale,Mote Marine Laboratory,Mote Marine Laboratory
Wetzel,"Dr Wetzel, Mote Marine Database",2003,,71.2906,-156.7886,Bowhead,Balaena mysticetus,whale,Chordata (Mammalia),Seals/ Whales,,03B12,,ng/g,,Provided,Digestive,,,BDL,,,,whale,Mote Marine Laboratory,Mote Marine Laboratory
Wetzel,"Dr Wetzel, Mote Marine Database",2003,,71.2906,-156.7886,Bowhead,Balaena mysticetus,whale,Chordata (Mammalia),Seals/ Whales,,03B15,,ng/g,,Provided,Digestive,,,BDL,,,,whale,Mote Marine Laboratory,Mote Marine Laboratory
Wetzel,"Dr Wetzel, Mote Marine Database",2003,,71.2906,-156.7886,Bowhead,Balaena mysticetus,whale,Chordata (Mammalia),Seals/ Whales,,03B2,,ng/g,,Provided,Digestive,,,BDL,,,,whale,Mote Marine Laboratory,Mote Marine Laboratory
Wetzel,"Dr Wetzel, Mote Marine Database",2003,,71.2906,-156.7886,Bowhead,Balaena mysticetus,whale,Chordata (Mammalia),Seals/ Whales,,03B3,,ng/g,,Provided,Digestive,,,BDL,,,,whale,Mote Marine Laboratory,Mote Marine Laboratory
Wetzel,"Dr Wetzel, Mote Marine Database",2003,,71.2906,-156.7886,Bowhead,Balaena mysticetus,whale,Chordata (Mammalia),Seals/ Whales,,03B4,,ng/g,,Provided,Digestive,,,BDL,,,,whale,Mote Marine Laboratory,Mote Marine Laboratory
Wetzel,"Dr Wetzel, Mote Marine Database",2003,,71.2906,-156.7886,Bowhead,Balaena mysticetus,whale,Chordata (Mammalia),Seals/ Whales,,03B5,,ng/g,,Provided,Digestive,,,BDL,,,,whale,Mote Marine Laboratory,Mote Marine Laboratory
Wetzel,"Dr Wetzel, Mote Marine Database",2003,,71.2906,-156.7886,Bowhead,Balaena mysticetus,whale,Chordata (Mammalia),Seals/ Whales,,03B6,,ng/g,,Provided,Digestive,,,BDL,,,,whale,Mote Marine Laboratory,Mote Marine Laboratory
Wetzel,"Dr Wetzel, Mote Marine Database",2003,,71.2906,-156.7886,Bowhead,Balaena mysticetus,whale,Chordata (Mammalia),Seals/ Whales,,03B7,,ng/g,,Provided,Digestive,,,BDL,,,,whale,Mote Marine Laboratory,Mote Marine Laboratory
Wetzel,"Dr Wetzel, Mote Marine Database",2003,,71.2906,-156.7886,Bowhead,Balaena mysticetus,whale,Chordata (Mammalia),Seals/ Whales,,03B9,,ng/g,,Provided,Digestive,,,BDL,,,,whale,Mote Marine Laboratory,Mote Marine Laboratory
Wetzel,"Dr Wetzel, Mote Marine Database",2005,,71.2906,-156.7886,Bowhead,Balaena mysticetus,whale,Chordata (Mammalia),Seals/ Whales,,05B1,,ng/g,,Provided,Digestive,,,BDL,,,,whale,Mote Marine Laboratory,Mote Marine Laboratory
Wetzel,"Dr Wetzel, Mote Marine Database",2005,,71.2906,-156.7886,Bowhead,Balaena mysticetus,whale,Chordata (Mammalia),Seals/ Whales,,05B19,,ng/g,,Provided,Digestive,,,BDL,,,,whale,Mote Marine Laboratory,Mote Marine Laboratory
Wetzel,"Dr Wetzel, Mote Marine Database",2005,,71.2906,-156.7886,Bowhead,Balaena mysticetus,whale,Chordata (Mammalia),Seals/ Whales,,05B2,,ng/g,,Provided,Digestive,,,BDL,,,,whale,Mote Marine Laboratory,Mote Marine Laboratory
Wetzel,"Dr Wetzel, Mote Marine Database",2005,,71.2906,-156.7886,Bowhead,Balaena mysticetus,whale,Chordata (Mammalia),Seals/ Whales,,05B29,,ng/g,,Provided,Digestive,,,BDL,,,,whale,Mote Marine Laboratory,Mote Marine Laboratory
Wetzel,"Dr Wetzel, Mote Marine Database",2006,,71.2906,-156.7886,Bowhead,Balaena mysticetus,whale,Chordata (Mammalia),Seals/ Whales,,06-B1,,ng/g,,Provided,Digestive,,,BDL,,,,whale,Mote Marine Laboratory,Mote Marine Laboratory
Wetzel,"Dr Wetzel, Mote Marine Database",2006,,71.2906,-156.7886,Bowhead,Balaena mysticetus,whale,Chordata (Mammalia),Seals/ Whales,,06B16,,ng/g,,Provided,Digestive,,,BDL,,,,whale,Mote Marine Laboratory,Mote Marine Laboratory
Wetzel,"Dr Wetzel, Mote Marine Database",2006,,71.2906,-156.7886,Bowhead,Balaena mysticetus,whale,Chordata (Mammalia),Seals/ Whales,,06B17,,ng/g,,Provided,Digestive,,,BDL,,,,whale,Mote Marine Laboratory,Mote Marine Laboratory
Wetzel,"Dr Wetzel, Mote Marine Database",2006,,71.2906,-156.7886,Bowhead,Balaena mysticetus,whale,Chordata (Mammalia),Seals/ Whales,,06B19,,ng/g,,Provided,Digestive,,,BDL,,,,whale,Mote Marine Laboratory,Mote Marine Laboratory
Wetzel,"Dr Wetzel, Mote Marine Database",2006,,71.2906,-156.7886,Bowhead,Balaena mysticetus,whale,Chordata (Mammalia),Seals/ Whales,,06B20,,ng/g,,Provided,Digestive,,,BDL,,,,whale,Mote Marine Laboratory,Mote Marine Laboratory
Wetzel,"Dr Wetzel, Mote Marine Database",2006,,71.2906,-156.7886,Bowhead,Balaena mysticetus,whale,Chordata (Mammalia),Seals/ Whales,,06B21,,ng/g,,Provided,Digestive,,,BDL,,,,whale,Mote Marine Laboratory,Mote Marine Laboratory
Wetzel,"Dr Wetzel, Mote Marine Database",2007,,71.2906,-156.7886,Bowhead,Balaena mysticetus,whale,Chordata (Mammalia),Seals/ Whales,,07B2,,ng/g,,Provided,Digestive,,,BDL,,,,whale,Mote Marine Laboratory,Mote Marine Laboratory
Wetzel,"Dr Wetzel, Mote Marine Database",2007,,71.2906,-156.7886,Bowhead,Balaena mysticetus,whale,Chordata (Mammalia),Seals/ Whales,,07B3,,ng/g,,Provided,Digestive,,,BDL,,,,whale,Mote Marine Laboratory,Mote Marine Laboratory
Wetzel,"Dr Wetzel, Mote Marine Database",2007,,71.2906,-156.7886,Bowhead,Balaena mysticetus,whale,Chordata (Mammalia),Seals/ Whales,,07B4,,ng/g,,Provided,Digestive,,,BDL,,,,whale,Mote Marine Laboratory,Mote Marine Laboratory
Wetzel,"Dr Wetzel, Mote Marine Database",2002,,71.2906,-156.7886,Bowhead,Balaena mysticetus,whale,Chordata (Mammalia),Seals/ Whales,,02B1,,ng/g,,Provided,Other,,,BDL,,,,whale,Mote Marine Laboratory,Mote Marine Laboratory
Wetzel,"Dr Wetzel, Mote Marine Database",2002,,71.2906,-156.7886,Bowhead,Balaena mysticetus,whale,Chordata (Mammalia),Seals/ Whales,,02B4,,ng/g,,Provided,Other,,,BDL,,,,whale,Mote Marine Laboratory,Mote Marine Laboratory
Wetzel,"Dr Wetzel, Mote Marine Database",2002,,71.2906,-156.7886,Bowhead,Balaena mysticetus,whale,Chordata (Mammalia),Seals/ Whales,,02B5,,ng/g,,Provided,Other,,,BDL,,,,whale,Mote Marine Laboratory,Mote Marine Laboratory
Wetzel,"Dr Wetzel, Mote Marine Database",2003,,71.2906,-156.7886,Bowhead,Balaena mysticetus,whale,Chordata (Mammalia),Seals/ Whales,,03B11,,ng/g,,Provided,Other,,,BDL,,,,whale,Mote Marine Laboratory,Mote Marine Laboratory
Wetzel,"Dr Wetzel, Mote Marine Database",2003,,71.2906,-156.7886,Bowhead,Balaena mysticetus,whale,Chordata (Mammalia),Seals/ Whales,,03B12,,ng/g,,Provided,Other,,,BDL,,,,whale,Mote Marine Laboratory,Mote Marine Laboratory
Wetzel,"Dr Wetzel, Mote Marine Database",2003,,71.2906,-156.7886,Bowhead,Balaena mysticetus,whale,Chordata (Mammalia),Seals/ Whales,,03B15,,ng/g,,Provided,Other,,,BDL,,,,whale,Mote Marine Laboratory,Mote Marine Laboratory
Wetzel,"Dr Wetzel, Mote Marine Database",2003,,71.2906,-156.7886,Bowhead,Balaena mysticetus,whale,Chordata (Mammalia),Seals/ Whales,,03B2,,ng/g,,Provided,Other,,,BDL,,,,whale,Mote Marine Laboratory,Mote Marine Laboratory
Wetzel,"Dr Wetzel, Mote Marine Database",2003,,71.2906,-156.7886,Bowhead,Balaena mysticetus,whale,Chordata (Mammalia),Seals/ Whales,,03B3,,ng/g,,Provided,Other,,,BDL,,,,whale,Mote Marine Laboratory,Mote Marine Laboratory
Wetzel,"Dr Wetzel, Mote Marine Database",2003,,71.2906,-156.7886,Bowhead,Balaena mysticetus,whale,Chordata (Mammalia),Seals/ Whales,,03B5,,ng/g,,Provided,Other,,,BDL,,,,whale,Mote Marine Laboratory,Mote Marine Laboratory
Wetzel,"Dr Wetzel, Mote Marine Database",2003,,71.2906,-156.7886,Bowhead,Balaena mysticetus,whale,Chordata (Mammalia),Seals/ Whales,,03B6,,ng/g,,Provided,Other,,,BDL,,,,whale,Mote Marine Laboratory,Mote Marine Laboratory
Wetzel,"Dr Wetzel, Mote Marine Database",2003,,71.2906,-156.7886,Bowhead,Balaena mysticetus,whale,Chordata (Mammalia),Seals/ Whales,,03B7,,ng/g,,Provided,Other,,,BDL,,,,whale,Mote Marine Laboratory,Mote Marine Laboratory
Wetzel,"Dr Wetzel, Mote Marine Database",2003,,71.2906,-156.7886,Bowhead,Balaena mysticetus,whale,Chordata (Mammalia),Seals/ Whales,,03B8,,ng/g,,Provided,Other,,,BDL,,,,whale,Mote Marine Laboratory,Mote Marine Laboratory
Wetzel,"Dr Wetzel, Mote Marine Database",2003,,71.2906,-156.7886,Bowhead,Balaena mysticetus,whale,Chordata (Mammalia),Seals/ Whales,,03B9,,ng/g,,Provided,Other,,,BDL,,,,whale,Mote Marine Laboratory,Mote Marine Laboratory
Wetzel,"Dr Wetzel, Mote Marine Database",2004,,71.2906,-156.7886,Bowhead,Balaena mysticetus,whale,Chordata (Mammalia),Seals/ Whales,,04B?,,ng/g,,Provided,Other,,,BDL,,,,whale,Mote Marine Laboratory,Mote Marine Laboratory
Wetzel,"Dr Wetzel, Mote Marine Database",2005,,71.2906,-156.7886,Bowhead,Balaena mysticetus,whale,Chordata (Mammalia),Seals/ Whales,,05B1,,ng/g,,Provided,Other,,,BDL,,,,whale,Mote Marine Laboratory,Mote Marine Laboratory
Wetzel,"Dr Wetzel, Mote Marine Database",2005,,71.2906,-156.7886,Bowhead,Balaena mysticetus,whale,Chordata (Mammalia),Seals/ Whales,,05B19,,ng/g,,Provided,Other,,,BDL,,,,whale,Mote Marine Laboratory,Mote Marine Laboratory
Wetzel,"Dr Wetzel, Mote Marine Database",2005,,71.2906,-156.7886,Bowhead,Balaena mysticetus,whale,Chordata (Mammalia),Seals/ Whales,,05B2,,ng/g,,Provided,Other,,,BDL,,,,whale,Mote Marine Laboratory,Mote Marine Laboratory
Wetzel,"Dr Wetzel, Mote Marine Database",2005,,71.2906,-156.7886,Bowhead,Balaena mysticetus,whale,Chordata (Mammalia),Seals/ Whales,,05B29,,ng/g,,Provided,Other,,,BDL,,,,whale,Mote Marine Laboratory,Mote Marine Laboratory
Wetzel,"Dr Wetzel, Mote Marine Database",2006,,71.2906,-156.7886,Bowhead,Balaena mysticetus,whale,Chordata (Mammalia),Seals/ Whales,,06-B1,,ng/g,,Provided,Other,,,BDL,,,,whale,Mote Marine Laboratory,Mote Marine Laboratory
Wetzel,"Dr Wetzel, Mote Marine Database",2006,,71.2906,-156.7886,Bowhead,Balaena mysticetus,whale,Chordata (Mammalia),Seals/ Whales,,06B16,,ng/g,,Provided,Other,,,BDL,,,,whale,Mote Marine Laboratory,Mote Marine Laboratory
Wetzel,"Dr Wetzel, Mote Marine Database",2006,,71.2906,-156.7886,Bowhead,Balaena mysticetus,whale,Chordata (Mammalia),Seals/ Whales,,06B17,,ng/g,,Provided,Other,,,BDL,,,,whale,Mote Marine Laboratory,Mote Marine Laboratory
Wetzel,"Dr Wetzel, Mote Marine Database",2006,,71.2906,-156.7886,Bowhead,Balaena mysticetus,whale,Chordata (Mammalia),Seals/ Whales,,06B19,,ng/g,,Provided,Other,,,BDL,,,,whale,Mote Marine Laboratory,Mote Marine Laboratory
Wetzel,"Dr Wetzel, Mote Marine Database",2006,,71.2906,-156.7886,Bowhead,Balaena mysticetus,whale,Chordata (Mammalia),Seals/ Whales,,06B20,,ng/g,,Provided,Other,,,BDL,,,,whale,Mote Marine Laboratory,Mote Marine Laboratory
Wetzel,"Dr Wetzel, Mote Marine Database",2006,,71.2906,-156.7886,Bowhead,Balaena mysticetus,whale,Chordata (Mammalia),Seals/ Whales,,06B21,,ng/g,,Provided,Other,,,BDL,,,,whale,Mote Marine Laboratory,Mote Marine Laboratory
Wetzel,"Dr Wetzel, Mote Marine Database",2007,,71.2906,-156.7886,Bowhead,Balaena mysticetus,whale,Chordata (Mammalia),Seals/ Whales,,07B2,,ng/g,,Provided,Other,,,BDL,,,,whale,Mote Marine Laboratory,Mote Marine Laboratory
Wetzel,"Dr Wetzel, Mote Marine Database",2007,,71.2906,-156.7886,Bowhead,Balaena mysticetus,whale,Chordata (Mammalia),Seals/ Whales,,07B3,,ng/g,,Provided,Other,,,BDL,,,,whale,Mote Marine Laboratory,Mote Marine Laboratory
Wetzel,"Dr Wetzel, Mote Marine Database",2007,,71.2906,-156.7886,Bowhead,Balaena mysticetus,whale,Chordata (Mammalia),Seals/ Whales,,07B4,,ng/g,,Provided,Other,,,BDL,,,,whale,Mote Marine Laboratory,Mote Marine Laboratory
Wetzel,"Dr Wetzel, Mote Marine Database",2004,,71.2906,-156.7886,Bowhead,Balaena mysticetus,whale,Chordata (Mammalia),Seals/ Whales,,04b14,,ng/g,,Provided,Organ,,,BDL,,,,whale,Mote Marine Laboratory,Mote Marine Laboratory
Wetzel,"Dr Wetzel, Mote Marine Database",2004,,71.2906,-156.7886,Bowhead,Balaena mysticetus,whale,Chordata (Mammalia),Seals/ Whales,,04B3,,ng/g,,Provided,Organ,,,BDL,,,,whale,Mote Marine Laboratory,Mote Marine Laboratory
Wetzel,"Dr Wetzel, Mote Marine Database",2002,,71.2906,-156.7886,Bowhead,Balaena mysticetus,whale,Chordata (Mammalia),Seals/ Whales,,02B1,,ng/g,,Provided,Organ,,,BDL,,,,whale,Mote Marine Laboratory,Mote Marine Laboratory
Wetzel,"Dr Wetzel, Mote Marine Database",2002,,71.2906,-156.7886,Bowhead,Balaena mysticetus,whale,Chordata (Mammalia),Seals/ Whales,,02B2,,ng/g,,Provided,Organ,,,BDL,,,,whale,Mote Marine Laboratory,Mote Marine Laboratory
Wetzel,"Dr Wetzel, Mote Marine Database",2002,,71.2906,-156.7886,Bowhead,Balaena mysticetus,whale,Chordata (Mammalia),Seals/ Whales,,02B3,,ng/g,,Provided,Organ,,,BDL,,,,whale,Mote Marine Laboratory,Mote Marine Laboratory
Wetzel,"Dr Wetzel, Mote Marine Database",2002,,71.2906,-156.7886,Bowhead,Balaena mysticetus,whale,Chordata (Mammalia),Seals/ Whales,,02B4,,ng/g,,Provided,Organ,,,BDL,,,,whale,Mote Marine Laboratory,Mote Marine Laboratory
Wetzel,"Dr Wetzel, Mote Marine Database",2002,,71.2906,-156.7886,Bowhead,Balaena mysticetus,whale,Chordata (Mammalia),Seals/ Whales,,02B5,,ng/g,,Provided,Organ,,,BDL,,,,whale,Mote Marine Laboratory,Mote Marine Laboratory
Wetzel,"Dr Wetzel, Mote Marine Database",2003,,71.2906,-156.7886,Bowhead,Balaena mysticetus,whale,Chordata (Mammalia),Seals/ Whales,,03B11,,ng/g,,Provided,Organ,,,BDL,,,,whale,Mote Marine Laboratory,Mote Marine Laboratory
Wetzel,"Dr Wetzel, Mote Marine Database",2003,,71.2906,-156.7886,Bowhead,Balaena mysticetus,whale,Chordata (Mammalia),Seals/ Whales,,03B12,,ng/g,,Provided,Organ,,,BDL,,,,whale,Mote Marine Laboratory,Mote Marine Laboratory
Wetzel,"Dr Wetzel, Mote Marine Database",2003,,71.2906,-156.7886,Bowhead,Balaena mysticetus,whale,Chordata (Mammalia),Seals/ Whales,,03B15,,ng/g,,Provided,Organ,,,BDL,,,,whale,Mote Marine Laboratory,Mote Marine Laboratory
Wetzel,"Dr Wetzel, Mote Marine Database",2003,,71.2906,-156.7886,Bowhead,Balaena mysticetus,whale,Chordata (Mammalia),Seals/ Whales,,03B2,,ng/g,,Provided,Organ,,,BDL,,,,whale,Mote Marine Laboratory,Mote Marine Laboratory
Wetzel,"Dr Wetzel, Mote Marine Database",2003,,71.2906,-156.7886,Bowhead,Balaena mysticetus,whale,Chordata (Mammalia),Seals/ Whales,,03B3,,ng/g,,Provided,Organ,,,BDL,,,,whale,Mote Marine Laboratory,Mote Marine Laboratory
Wetzel,"Dr Wetzel, Mote Marine Database",2003,,71.2906,-156.7886,Bowhead,Balaena mysticetus,whale,Chordata (Mammalia),Seals/ Whales,,03B4,,ng/g,,Provided,Organ,,,BDL,,,,whale,Mote Marine Laboratory,Mote Marine Laboratory
Wetzel,"Dr Wetzel, Mote Marine Database",2003,,71.2906,-156.7886,Bowhead,Balaena mysticetus,whale,Chordata (Mammalia),Seals/ Whales,,03B5,,ng/g,,Provided,Organ,,,BDL,,,,whale,Mote Marine Laboratory,Mote Marine Laboratory
Wetzel,"Dr Wetzel, Mote Marine Database",2003,,71.2906,-156.7886,Bowhead,Balaena mysticetus,whale,Chordata (Mammalia),Seals/ Whales,,03B6,,ng/g,,Provided,Organ,,,BDL,,,,whale,Mote Marine Laboratory,Mote Marine Laboratory
Wetzel,"Dr Wetzel, Mote Marine Database",2003,,71.2906,-156.7886,Bowhead,Balaena mysticetus,whale,Chordata (Mammalia),Seals/ Whales,,03B7,,ng/g,,Provided,Organ,,,BDL,,,,whale,Mote Marine Laboratory,Mote Marine Laboratory
Wetzel,"Dr Wetzel, Mote Marine Database",2003,,71.2906,-156.7886,Bowhead,Balaena mysticetus,whale,Chordata (Mammalia),Seals/ Whales,,03B8,,ng/g,,Provided,Organ,,,BDL,,,,whale,Mote Marine Laboratory,Mote Marine Laboratory
Wetzel,"Dr Wetzel, Mote Marine Database",2003,,71.2906,-156.7886,Bowhead,Balaena mysticetus,whale,Chordata (Mammalia),Seals/ Whales,,03B9,,ng/g,,Provided,Organ,,,BDL,,,,whale,Mote Marine Laboratory,Mote Marine Laboratory
Wetzel,"Dr Wetzel, Mote Marine Database",2004,,71.2906,-156.7886,Bowhead,Balaena mysticetus,whale,Chordata (Mammalia),Seals/ Whales,,04B?,,ng/g,,Provided,Organ,,,BDL,,,,whale,Mote Marine Laboratory,Mote Marine Laboratory
Wetzel,"Dr Wetzel, Mote Marine Database",2004,,71.2906,-156.7886,Bowhead,Balaena mysticetus,whale,Chordata (Mammalia),Seals/ Whales,,04B3,,ng/g,,Provided,Organ,,,BDL,,,,whale,Mote Marine Laboratory,Mote Marine Laboratory
Wetzel,"Dr Wetzel, Mote Marine Database",2005,,71.2906,-156.7886,Bowhead,Balaena mysticetus,whale,Chordata (Mammalia),Seals/ Whales,,05B1,,ng/g,,Provided,Organ,,,BDL,,,,whale,Mote Marine Laboratory,Mote Marine Laboratory
Wetzel,"Dr Wetzel, Mote Marine Database",2005,,71.2906,-156.7886,Bowhead,Balaena mysticetus,whale,Chordata (Mammalia),Seals/ Whales,,05B19,,ng/g,,Provided,Organ,,,BDL,,,,whale,Mote Marine Laboratory,Mote Marine Laboratory
Wetzel,"Dr Wetzel, Mote Marine Database",2005,,71.2906,-156.7886,Bowhead,Balaena mysticetus,whale,Chordata (Mammalia),Seals/ Whales,,05B2,,ng/g,,Provided,Organ,,,BDL,,,,whale,Mote Marine Laboratory,Mote Marine Laboratory
Wetzel,"Dr Wetzel, Mote Marine Database",2005,,71.2906,-156.7886,Bowhead,Balaena mysticetus,whale,Chordata (Mammalia),Seals/ Whales,,05B29,,ng/g,,Provided,Organ,,,BDL,,,,whale,Mote Marine Laboratory,Mote Marine Laboratory
Wetzel,"Dr Wetzel, Mote Marine Database",2003,,71.2906,-156.7886,Bowhead,Balaena mysticetus,whale,Chordata (Mammalia),Seals/ Whales,,03B11,,ng/g,,Provided,Organ,,,BDL,,,,whale,Mote Marine Laboratory,Mote Marine Laboratory
Wetzel,"Dr Wetzel, Mote Marine Database",2004,,71.2906,-156.7886,Bowhead,Balaena mysticetus,whale,Chordata (Mammalia),Seals/ Whales,,04B3,,ng/g,,Provided,Organ,,,BDL,,,,whale,Mote Marine Laboratory,Mote Marine Laboratory
Wetzel,"Dr Wetzel, Mote Marine Database",2004,,71.2906,-156.7886,Bowhead,Balaena mysticetus,whale,Chordata (Mammalia),Seals/ Whales,,04B3,,ng/g,,Provided,Organ,,,BDL,,,,whale,Mote Marine Laboratory,Mote Marine Laboratory
Wetzel,"Dr Wetzel, Mote Marine Database",2003,,71.2906,-156.7886,Bowhead,Balaena mysticetus,whale,Chordata (Mammalia),Seals/ Whales,,03B11,,ng/g,,Provided,Organ,,,BDL,,,,whale,Mote Marine Laboratory,Mote Marine Laboratory
Wetzel,"Dr Wetzel, Mote Marine Database",2004,,71.2906,-156.7886,Bowhead,Balaena mysticetus,whale,Chordata (Mammalia),Seals/ Whales,,04B3,,ng/g,,Provided,Organ,,,BDL,,,,whale,Mote Marine Laboratory,Mote Marine Laboratory
Wetzel,"Dr Wetzel, Mote Marine Database",2003,,71.2906,-156.7886,Bowhead,Balaena mysticetus,whale,Chordata (Mammalia),Seals/ Whales,,03B10,,ng/g,,Provided,Organ,,,BDL,,,,whale,Mote Marine Laboratory,Mote Marine Laboratory
Wetzel,"Dr Wetzel, Mote Marine Database",2004,,71.2906,-156.7886,Bowhead,Balaena mysticetus,whale,Chordata (Mammalia),Seals/ Whales,,04B3,,ng/g,,Provided,Organ,,,BDL,,,,whale,Mote Marine Laboratory,Mote Marine Laboratory
Wetzel,"Dr Wetzel, Mote Marine Database",2001,,71.2906,-156.7886,Grey,Eschrichtius robustus,whale,Chordata (Mammalia),Seals/ Whales,,01Lor01,,ng/g,,Provided,Fat,,,BDL,,,,whale,Mote Marine Laboratory,Mote Marine Laboratory
Wetzel,"Dr Wetzel, Mote Marine Database",2001,,71.2906,-156.7886,Grey,Eschrichtius robustus,whale,Chordata (Mammalia),Seals/ Whales,,01Lor10,,ng/g,,Provided,Fat,,,BDL,,,,whale,Mote Marine Laboratory,Mote Marine Laboratory
Wetzel,"Dr Wetzel, Mote Marine Database",2001,,71.2906,-156.7886,Grey,Eschrichtius robustus,whale,Chordata (Mammalia),Seals/ Whales,,01Lor3,,ng/g,,Provided,Fat,,,BDL,,,,whale,Mote Marine Laboratory,Mote Marine Laboratory
Wetzel,"Dr Wetzel, Mote Marine Database",2001,,71.2906,-156.7886,Grey,Eschrichtius robustus,whale,Chordata (Mammalia),Seals/ Whales,,01Lor5,,ng/g,,Provided,Fat,,,BDL,,,,whale,Mote Marine Laboratory,Mote Marine Laboratory
